<TEI xmlns="http://www.tei-c.org/ns/1.0">
  <teiHeader xml:lang="en">
    <fileDesc>
      <titleStmt>
        <title xml:id="NC-2011-H750">Stormwater Best Mgmt. Responsibility/Asscs.</title>
        <author>Representative McComas (Primary Sponsor). </author>
      </titleStmt>
      <editionStmt>
        <edition>v1</edition>
      </editionStmt>
      <publicationStmt>
        <pubPlace>North Carolina</pubPlace>
        <idno>NC-2011-H750</idno>
        <date>2011</date>
      </publicationStmt>
      <sourceDesc>
        <bibl>www.ncleg.net\Sessions\2011\Bills\House\HTML\H750v1.html</bibl>
      </sourceDesc>
    </fileDesc>
  </teiHeader>
  <text xml:lang="en">
    <front>
      <div1 type="abstract">
        <head>A bill to be entitled an act to authorize the department of environment and natural resources to transfer a permit for a stormwater best management practice from a declarant of a condominium or planned community to an owners' association upon request of the declarant and submission of documentation that declarant control for the community has terminated.</head>
      </div1>
    </front>
    <body>
      <div1>
        <opener>
          <salute>The <term type="NE" subtype="ORGANIZATION"> General Assembly of North Carolina </term> enacts:</salute>
        </opener>
        <div2 type="section" n="1">
          <head>SECTION 1. G.S.143-214.</head>
          <p>
            <hi rend="underlined">(c2)</hi>
            <hi rend="underlined">Upon request of a declarant of a condominium governed by Chapter 47C of the General Statutes or a planned community governed by Chapter 47F of the General Statutes, the Department shall transfer a permit issued under this section for a stormwater best management practice from the declarant to the unit owners' association, owner's association, or other management entity identified in the condominium or planned community's declaration if the <term type="NE" subtype="ORGANIZATION"> Department </term> finds that the stormwater best management practice is in substantial compliance with the stormwater permit issued to the declarant by the <term type="NE" subtype="ORGANIZATION"> Department </term> and the period of declarant control of the condominium or planned community has terminated. For purposes of this subsection, declarant control shall be deemed to terminate no later than the earlier of (i)<term type="NE" subtype="DURATION"> 120 days </term> after conveyance of <term type="NE" subtype="PERCENT"> seventy-five percent </term> (<term type="NE" subtype="PERCENT"> 75 % </term>)of the units or lots to owners other than a declarant; (ii)<term type="NE" subtype="DURATION"> two years </term> after all declarants have ceased to offer units or lots for sale in the ordinary course of business; or (iii)<term type="NE" subtype="DURATION"> two years </term> after any development right to add new units or lots was last exercised. In support of a request made pursuant to this subsection, a declarant shall submit documentation to the Department sufficient to demonstrate that the period of declarant control has terminated.</hi>
          </p>
        </div2>
        <div2 type="section" n="2">
          <head>SECTION 2. This act is effective when it becomes law.</head>
        </div2>
      </div1>
    </body>
  </text>
</TEI>
