<TEI xmlns="http://www.tei-c.org/ns/1.0">
  <teiHeader xml:lang="en">
    <fileDesc>
      <titleStmt>
        <title xml:id="NC-2011-S849">Amend Officer Salary Continuation.</title>
        <author/>
      </titleStmt>
      <editionStmt>
        <edition>v1</edition>
      </editionStmt>
      <publicationStmt>
        <pubPlace>North Carolina</pubPlace>
        <idno>NC-2011-S849</idno>
        <date>2011</date>
      </publicationStmt>
      <sourceDesc>
        <bibl>www.ncleg.net\Sessions\2011\Bills\Senate\HTML\S849v1.html</bibl>
      </sourceDesc>
    </fileDesc>
  </teiHeader>
  <text xml:lang="en">
    <front>
      <div1 type="abstract">
        <head>A bill to be entitled an act to amend the salary continuation laws to provide that only officers injured and incapacitated as the result of extreme activity in the course of performing their official duties receive a higher compensation rate for the<term type="NE" subtype="DURATION"><term type="NE" subtype="DURATION"> two-year </term></term>period before reverting to the rates provided under the workers' compensation laws, as recommended by the joint legislative oversight committee on justice and public safety.</head>
      </div1>
    </front>
    <body>
      <div1>
        <opener>
          <salute>The <term type="NE" subtype="ORGANIZATION"> General Assembly of North Carolina </term> enacts:</salute>
        </opener>
        <div2 type="section" n="1">
          <head>SECTION 1. G.S.143-166.</head>
          <p>&#167; 143-166. 14. Payment of salary notwithstanding incapacity; Workers' Compensation Act applicable after <term type="NE" subtype="DURATION"> two years </term>; duration of payment.</p>
          <p>The salary of any of the above listed persons shall be paid as long as his employment in that position continues, notwithstanding his total or partial incapacity to perform any duties to which he may be lawfully assigned, if that incapacity is the result of<hi rend="strikethrough">an injury by accident injuries</hi><hi rend="underlined">an injury or injuries due to extreme activity which occurred in the course and scope of his official duty or duties,</hi><hi rend="strikethrough">or an occupational disease arising out of and in the course of the performance by him of his official duties,</hi>except if that incapacity continues for more than two years from its inception, the person shall, during the further continuance of that incapacity, be subject to the provisions of Chapter 97 of the General Statutes pertaining to workers' compensation. Salary paid to a person pursuant to this Article shall cease upon the resumption of his regularly assigned duties, retirement, resignation, or death, whichever first occurs, except that temporary return to duty shall not prohibit payment of salary for a subsequent period of incapacity which can be shown to be directly related to the original injury.</p>
        </div2>
        <div2 type="section" n="2">
          <head>SECTION 2. This act becomes effective <term type="NE" subtype="DATE"> October 1, 2012 </term>, and applies to incapacity commencing on or after that date.</head>
        </div2>
      </div1>
    </body>
  </text>
</TEI>
