<TEI xmlns="http://www.tei-c.org/ns/1.0">
  <teiHeader xml:lang="en">
    <fileDesc>
      <titleStmt>
        <title xml:id="NC-2015-H237">Repeal Personal Ed Plans/Modify Trans Plans.</title>
        <author/>
      </titleStmt>
      <editionStmt>
        <edition>v3</edition>
      </editionStmt>
      <publicationStmt>
        <pubPlace>North Carolina</pubPlace>
        <idno>NC-2015-H237</idno>
        <date>2015</date>
      </publicationStmt>
      <sourceDesc>
        <bibl>www.ncleg.net\Sessions\2015\Bills\House\HTML\H237v3.html</bibl>
      </sourceDesc>
    </fileDesc>
  </teiHeader>
  <text xml:lang="en">
    <front>
      <div1 type="abstract">
        <head>A bill to be entitled an act to repeal personal education plans and modify transition plans.</head>
      </div1>
    </front>
    <body>
      <div1>
        <opener>
          <salute>The <term type="NE" subtype="ORGANIZATION"> General Assembly of North Carolina </term> enacts:</salute>
        </opener>
        <div2 type="section" n="1">
          <head>SECTION 1. G.S.115C-105.</head>
          <p>&#167; 115C-105. 41.<hi rend="strikethrough">failure; personal education plans; transition teams</hi><hi rend="underlined">failure</hi>and transition plans.</p>
          <p>(a)In order to implement Part 1A of Article 8 of this Chapter, local school administrative units shall identify students who are at risk for academic failure and who are not successfully progressing toward grade promotion and graduation, beginning in kindergarten. Identification shall occur as early as can reasonably be done and can be based on grades, observations, diagnostic and formative assessments, State assessments, and other factors, including reading on grade level, that impact student performance that teachers and administrators consider appropriate, without having to await the results of end-of-grade or end-of-course tests.<hi rend="strikethrough">No later than <term type="NE" subtype="DATE"> the end of the first quarter </term>, or after a teacher has had <term type="NE" subtype="DURATION"> up to nine weeks </term> of instructional time with a student, a personal education plan for academic improvement with focused intervention and performance benchmarks shall be developed or updated for any student at risk of academic failure who is not performing at least at grade level, as identified by the State end-of-grade test and other factors noted above. Focused instructional supports and services, reading interventions, and accelerated activities should include evidence-based practices that meet the needs of students and may include coaching, mentoring, tutoring, <term type="NE" subtype="DATE"> summer </term> school, <term type="NE" subtype="DATE"> Saturday </term> school, and extended <term type="NE" subtype="DURATION"> days </term>. Local school administrative units shall provide these activities free of charge to students. Local school administrative units shall also provide transportation free of charge to all students for whom transportation is necessary for participation in these activities.</hi></p>
          <p>
            <hi rend="strikethrough">Local school administrative units shall give notice of the personal education plan and a copy of the personal education plan to the student's parent or guardian. Parents should be included in the implementation and ongoing review of personal education plans. If a student's school report card provides all the information required in a personal education plan, then no further personal education plan is mandated for the student.</hi>
          </p>
          <p>
            <hi rend="strikethrough">No cause of action for monetary damages shall arise from the failure to provide or implement a personal education plan under this section.</hi>
          </p>
          <p>(b)Local boards of education shall adopt and implement<hi rend="underlined">rules that direct school improvement teams to consider</hi><hi rend="strikethrough">plans for the creation of transition teams and</hi>transition plans for students at risk, as defined by the State Board of<hi rend="strikethrough">Education,</hi><hi rend="underlined">Education.</hi>to assist<hi rend="strikethrough">them</hi><hi rend="underlined">at risk students</hi>in making a successful transition between the elementary<hi rend="strikethrough">school</hi>and middle school years and between the middle<hi rend="strikethrough">school</hi>and high school years.</p>
        </div2>
        <div2 type="section" n="2">
          <head>SECTION 2. G.S.115C-83.</head>
          <p>(c)The superintendent shall determine whether a student may be exempt from mandatory retention on the basis of a good cause exemption.</p>
          <p>(1)The teacher of a student eligible for a good cause exemption shall submit documentation of the relevant exemption and evidence that promotion of the student is appropriate based on the student's academic record to the principal.<hi rend="strikethrough">personal education plan,</hi>individual education program, if applicable, alternative assessment, or student reading portfolio.</p>
          <p>(2)The principal shall review the documentation and make an initial determination whether the student should be promoted. If the principal determines the student should be promoted, the principal shall make a written recommendation of promotion to the superintendent for final determination. The superintendent's acceptance or rejection of the recommendation shall be in writing.</p>
        </div2>
        <div2 type="section" n="3">
          <head>SECTION 3. G.S.115C-83.</head>
          <p>(a)Parents or guardians shall be notified in writing, and in a timely manner, that the student shall be retained, unless he or she is exempt from mandatory retention for good cause, if the student is not demonstrating reading proficiency by the end of <term type="NE" subtype="ORDINAL"> third </term> grade.<hi rend="underlined">or</hi>(ii) is not reading at grade<hi rend="strikethrough">level; or (iii)has a personal education plan under G.S.115C-105. 41.</hi><hi rend="underlined">level.</hi></p>
        </div2>
        <div2 type="section" n="4">
          <head>SECTION 4. This act is effective when it becomes law and applies beginning with the 2015-2016 school <term type="NE" subtype="DURATION"> year </term>.</head>
        </div2>
      </div1>
    </body>
  </text>
</TEI>
