<TEI xmlns="http://www.tei-c.org/ns/1.0">
  <teiHeader xml:lang="en">
    <fileDesc>
      <titleStmt>
        <title xml:id="NC-2015-H188"/>
        <author>                                                                         Presiding Officer of the House of Representatives</author>
      </titleStmt>
      <editionStmt>
        <edition>v5</edition>
      </editionStmt>
      <publicationStmt>
        <pubPlace>North Carolina</pubPlace>
        <idno>NC-2015-H188</idno>
        <date>2015</date>
      </publicationStmt>
      <sourceDesc>
        <bibl>www.ncleg.net\Sessions\2015\Bills\House\HTML\H188v5.html</bibl>
      </sourceDesc>
    </fileDesc>
  </teiHeader>
  <text xml:lang="en">
    <front>
      <div1 type="abstract">
        <head>A bill to be entitled an act to change the manner of selection of certain members of the board of trustees of isothermal community college.</head>
      </div1>
    </front>
    <body>
      <div1>
        <opener>
          <salute>The <term type="NE" subtype="ORGANIZATION"> General Assembly of North Carolina </term> enacts:</salute>
        </opener>
        <div2 type="section" n="1">
          <head>SECTION 1. G.S.</head>
          <p>(a)Each community college established or operated pursuant to this Chapter shall be governed by a board of trustees consisting of<hi rend="strikethrough">13 members, or of additional members if selected according to the special procedure prescribed by the <term type="NE" subtype="ORDINAL"> third </term> paragraph of this subsection,</hi><hi rend="underlined">15 members,</hi>who shall be selected by the following agencies. No member of the General Assembly may be appointed to a local board of trustees for a community college.</p>
          <p>
            <hi rend="strikethrough">Group One -- four trustees, elected by the board of education of the public school administrative unit located in the administrative area of the institution. If there are two or more public school administrative units, whether city or county units, or both, located within the administrative area, the trustees shall be elected jointly by all of the boards of education of those units, each board having one vote in the election of each trustee, except as provided in G.S.115D-59. No board of education shall elect a member of the board of education or any person employed by the board of education to serve as a trustee, however, any such person <term type="NE" subtype="DATE"> currently </term> serving on a board of trustees shall be permitted to fulfill the unexpired portion of the trustee's <term type="NE" subtype="DATE"> current </term> term.</hi>
          </p>
          <p>Group Two --<hi rend="strikethrough">four</hi><hi rend="underlined">10</hi>trustees, elected<hi rend="underlined">as follows:</hi></p>
          <p>
            <hi rend="underlined">(1)</hi>
            <hi rend="underlined">Seven members elected by the <term type="NE" subtype="ORGANIZATION"> Rutherford County Commissioners </term> as follows:</hi>
          </p>
          <p>
            <hi rend="underlined">a.</hi>
            <hi rend="underlined">The appointment of two trustees for terms commencing <term type="NE" subtype="DATE"> July 1, 2016 </term>, and quadrennially thereafter.</hi>
          </p>
          <p>
            <hi rend="underlined">b.</hi>
            <hi rend="underlined">The appointment of two trustees for terms commencing <term type="NE" subtype="DATE"> July 1, 2017 </term>, and quadrennially thereafter.</hi>
          </p>
          <p>
            <hi rend="underlined">c.</hi>
            <hi rend="underlined">The appointment of one trustee for a term commencing <term type="NE" subtype="DATE"> July 1, 2018 </term>, and quadrennially thereafter.</hi>
          </p>
          <p>
            <hi rend="underlined">d.</hi>
            <hi rend="underlined">The appointment of two trustees for a term commencing <term type="NE" subtype="DATE"> July 1, 2019 </term>, and quadrennially thereafter.</hi>
          </p>
          <p>
            <hi rend="underlined">The Rutherford County Commissioners shall ensure that among the members elected, at least one trustee has experience in a small business, one trustee has private sector experience in accounting or budgeting, and one trustee has private sector experience in building maintenance or equipment.</hi>
          </p>
          <p>
            <hi rend="underlined">(2)</hi>
            <hi rend="underlined">Three members elected by the <term type="NE" subtype="ORGANIZATION"> Polk County Commissioners </term>, as follows:</hi>
          </p>
          <p>
            <hi rend="underlined">a.</hi>
            <hi rend="underlined">The appointment of one trustee for a term commencing <term type="NE" subtype="DATE"> July 1, 2017 </term>, and quadrennially thereafter.</hi>
          </p>
          <p>
            <hi rend="underlined">b.</hi>
            <hi rend="underlined">The appointment of one trustee for a term commencing <term type="NE" subtype="DATE"> July 1, 2018 </term>, and quadrennially thereafter.</hi>
          </p>
          <p>
            <hi rend="underlined">c.</hi>
            <hi rend="underlined">The appointment of one trustee for a term commencing <term type="NE" subtype="DATE"> July 1, 2019 </term>, and quadrennially thereafter.</hi>
          </p>
          <p>
            <hi rend="underlined">The <term type="NE" subtype="LOCATION"> Polk County </term> Commissioners shall ensure that among the members elected, at least one trustee has experience in a small business.</hi>
          </p>
          <p><hi rend="strikethrough">by the board of commissioners of the county in which the institution is located. Provided, however, if the administrative area of the institution is composed of two or more counties, the trustees shall be elected jointly by the boards of commissioners of all those counties, each board having one vote in the election of each trustee. Provided, also, the county commissioners of the county in which the community college has established a satellite campus may elect an additional two members if the board of trustees of the community college agrees.</hi>No more than one trustee from Group Two may be a member of a board of county commissioners. Should<hi rend="strikethrough">the boards of education or</hi>the boards of commissioners involved be unable to agree on one or more trustees the senior resident superior court judge in the superior court district or set of districts as defined in G.S.7A-41.1 where the institution is located shall fill the position or positions by appointment.</p>
          <p>Group Three -- four trustees, appointed by the Governor.</p>
          <p>Group Four -- the president of the student government or the chairman of the executive board of the student body of each community college established pursuant to this Chapter shall be an ex officio nonvoting member of the board of trustees of each said institution.</p>
        </div2>
        <div2 type="section" n="2">
          <head>SECTION 2. This act applies only to <term type="NE" subtype="ORGANIZATION"> Isothermal Community College </term>.</head>
        </div2>
        <div2 type="section" n="3">
          <head>SECTION 3. This act is effective when it becomes law and applies to appointments to terms beginning on or after <term type="NE" subtype="DATE"> July 1, 2016 </term>. The <term type="NE" subtype="ORGANIZATION"> Rutherford County Commissioners </term> and <term type="NE" subtype="ORGANIZATION"> Polk County Commissioners </term> shall ensure that members with the required experiential backgrounds, as required by G.S.115D-12 (a), as enacted in this act, are elected to the board of trustees of <term type="NE" subtype="ORGANIZATION"> Isothermal Community College </term> no later than <term type="NE" subtype="DATE"> July 1, 2019 </term>.</head>
          <p>In the <term type="NE" subtype="ORGANIZATION"> General Assembly </term> read three times and ratified <term type="NE" subtype="DATE"> this the 21st day of September, 2015 </term>.</p>
          <p>s/<term type="NE" subtype="PERSON"> Tom Apodaca </term></p>
          <p>Presiding Officer of the <term type="NE" subtype="ORGANIZATION"> Senate </term></p>
          <p>s/<term type="NE" subtype="PERSON"> Paul Stam </term></p>
          <p>Presiding Officer of the <term type="NE" subtype="ORGANIZATION"> House of Representatives </term></p>
        </div2>
      </div1>
    </body>
  </text>
</TEI>
