<TEI xmlns="http://www.tei-c.org/ns/1.0">
  <teiHeader xml:lang="en">
    <fileDesc>
      <titleStmt>
        <title xml:id="NC-2013-H357">Retirement Governance Changes Act of <term type="NE" subtype="DATE"> 2013 </term>.</title>
        <author>Representatives Moffitt, Howard, W.Brawley, and  Collins (Primary Sponsors). </author>
      </titleStmt>
      <editionStmt>
        <edition>v1</edition>
      </editionStmt>
      <publicationStmt>
        <pubPlace>North Carolina</pubPlace>
        <idno>NC-2013-H357</idno>
        <date>2013</date>
      </publicationStmt>
      <sourceDesc>
        <bibl>www.ncleg.net\Sessions\2013\Bills\House\HTML\H357v1.html</bibl>
      </sourceDesc>
    </fileDesc>
  </teiHeader>
  <text xml:lang="en">
    <front>
      <div1 type="abstract">
        <head>A bill to be entitled an act to increase citizen oversight and to make other consolidations and improvements in the governance of the state retirement systems, and to improve transparency by ensuring that all retirement plans administered by the department of state treasurer are overseen by a board of trustees.</head>
      </div1>
    </front>
    <body>
      <div1>
        <opener>
          <salute>The <term type="NE" subtype="ORGANIZATION"> General Assembly of North Carolina </term> enacts:</salute>
        </opener>
        <div2 type="section" n="1">
          <head>SECTION 1. G.S.</head>
          <p>&#167; 135-96. <term type="NE" subtype="ORGANIZATION"> Supplemental Retirement Board of Trustees </term>.</p>
          <p>(a)The <term type="NE" subtype="ORGANIZATION"> Supplemental Retirement Board of Trustees </term> is established to administer the Supplemental Retirement Income Plan established under the provisions of this Article and the <term type="NE" subtype="ORGANIZATION"> North Carolina Public Employee Deferred Compensation Plan </term> established under<hi rend="strikethrough">G.S.143B-426. 24.</hi><hi rend="underlined">G.S.143B-426. 24, and the <term type="NE" subtype="ORGANIZATION"> North Carolina Public School Teachers </term>' and <term type="NE" subtype="ORGANIZATION"> Professional Educators' Investment Plan </term> established under G.S.115C-341. 2.</hi></p>
          <p>&#8230;</p>
          <p>
            <hi rend="underlined">(e)</hi>
            <hi rend="underlined">The <term type="NE" subtype="ORGANIZATION"> Board </term> may retain the services of independent appraisers, auditors, actuaries, attorneys, investment counseling firms, statisticians, custodians, or other persons or firms possessing specialized skills or knowledge necessary for the proper administration of investment programs that the <term type="NE" subtype="ORGANIZATION"> Board </term> administers pursuant to this section.</hi>
          </p>
        </div2>
        <div2 type="section" n="2">
          <head>SECTION 2. G.S.161-50.</head>
          <p>(b)The<hi rend="strikethrough"><term type="NE" subtype="ORGANIZATION"> North Carolina Department </term> of State Treasurer</hi><hi rend="underlined">Board of Trustees of the Local Governmental Employees' Retirement System</hi>shall administer the provisions of this Article.</p>
        </div2>
        <div2 type="section" n="3">
          <head>SECTION 3. G.S.</head>
          <p>(f)<hi rend="underlined">The <term type="NE" subtype="ORGANIZATION"> Board of Trustees </term> of the Teachers' and <term type="NE" subtype="ORGANIZATION"> State Employees' Retirement System </term> shall administer the provisions of this section.</hi>The Secretary of Public Safety shall determine the eligibility of North Carolina National Guard members for the benefits provided in this section and shall certify those eligible to the<hi rend="strikethrough">State Treasurer.</hi><hi rend="underlined"><term type="NE" subtype="ORGANIZATION"> Board of Trustees </term>.</hi>In addition, the Department of Public Safety shall, on and after July 1, 1983, provide the<hi rend="strikethrough">Department of State Treasurer</hi><hi rend="underlined">Board of Trustees</hi>with an annual census population, by age and the number of years of creditable service, for all former members of the North Carolina National Guard in receipt of a pension as well as for all active members of the North Carolina National Guard who are not in receipt of a pension and who have seven and more years of creditable service. The Department of Public Safety shall also provide the<hi rend="strikethrough">State Treasurer a</hi><hi rend="underlined">Board of Trustees an <term type="NE" subtype="SET"> annual </term></hi>census population of all former members of the North Carolina National Guard who are not in receipt of a pension and who have 15 and more years of creditable service. The Department of State Treasurer shall make pension payments to those persons certified from the North Carolina National Guard Pension Fund, which shall include general fund appropriations made to the Department of State Treasurer. The<hi rend="strikethrough">Department of State Treasurer</hi><hi rend="underlined">Board of Trustees</hi>shall have performed an annual actuarial valuation of the fund and shall have the financial responsibility for maintaining the fund on a generally accepted actuarial basis. The Department of Public Safety shall provide the Department of State Treasurer with whatever assistance is required by the State Treasurer in carrying out the State Treasurer's<hi rend="underlined">and the <term type="NE" subtype="ORGANIZATION"> Board of Trustees </term>'</hi>financial responsibilities.</p>
        </div2>
        <div2 type="section" n="4">
          <head>SECTION 4. G.S.</head>
          <p>(b)Membership of Board; Terms.</p>
          <p>&#8230;</p>
          <p>(3)Ten members to be appointed by the Governor and confirmed by the <term type="NE" subtype="ORGANIZATION"> Senate </term> of <term type="NE" subtype="LOCATION"> North Carolina </term>.<hi rend="strikethrough">employees;</hi><hi rend="underlined">employees, one of whom may be an active or retired member of the <term type="NE" subtype="ORGANIZATION"> National Guard </term> and one of whom may be an active or retired member of the Firemen's and <term type="NE" subtype="ORGANIZATION"> Rescue Squad Workers </term>' Pension Fund;</hi>two to be appointed for a term of two years, two for a term of three years and one for a term of four years; one appointive member shall be a law-enforcement officer employed by the State, appointed by the Governor, for a term of four years commencing April 1, 1985. At the expiration of these terms of office the appointment shall be for a term of four years;</p>
          <p>.&#8230;</p>
        </div2>
        <div2 type="section" n="5">
          <head>SECTION 5.</head>
          <p>
            <hi rend="underlined">&#167; 135-97. Immunity.</hi>
          </p>
          <p>
            <hi rend="underlined">A person serving on the <term type="NE" subtype="ORGANIZATION"> Supplemental Retirement Board of Trustees </term> shall be immune individually from civil liability for monetary damages, except to the extent covered by insurance, for any act or failure to act arising out of that service, except where the person:</hi>
          </p>
          <p>
            <hi rend="underlined">(1)</hi>
            <hi rend="underlined">Was not acting within the scope of that person's official duties.</hi>
          </p>
          <p>
            <hi rend="underlined">(2)</hi>
            <hi rend="underlined">Was not acting in good faith.</hi>
          </p>
          <p>
            <hi rend="underlined">(3)</hi>
            <hi rend="underlined">Committed gross negligence or willful or wanton misconduct that resulted in the damages or injury.</hi>
          </p>
          <p>
            <hi rend="underlined">(4)</hi>
            <hi rend="underlined">Derived an improper personal financial benefit, either directly or indirectly, from the transaction.</hi>
          </p>
          <p>
            <hi rend="underlined">(5)</hi>
            <hi rend="underlined">Incurred the liability from the operation of a motor vehicle.</hi>
          </p>
        </div2>
        <div2 type="section" n="6">
          <head>SECTION 7. G.S.120-4.</head>
          <p>&#167; 120-4. 9. Retirement system established.</p>
          <p>A Retirement System is established and placed under the <term type="NE" subtype="ORGANIZATION"> Board of Trustees of the Teachers </term>' and <term type="NE" subtype="ORGANIZATION"> State Employees </term>' Retirement System for administrative purposes. This Retirement System is a governmental plan, within the meaning of Section 414 (d)of the Internal Revenue Code. Therefore, the nondiscrimination rules of Sections 401 (a)(5)and 401 (a)(26)of the <term type="NE" subtype="MISC"> Code </term> do not apply.</p>
          <p>The Retirement System shall have all the power and privileges of a corporation and shall be known as the <term type="NE" subtype="ORGANIZATION"> Legislative Retirement System of North Carolina </term>. By this name all of its business shall be transacted, all of its funds invested and all of its cash and securities and other property held.<hi rend="strikethrough"><term type="NE" subtype="ORGANIZATION"> Legislative Services Commission </term>.</hi><hi rend="underlined"><term type="NE" subtype="ORGANIZATION"> Board of Trustees </term>.</hi></p>
          <p>Consistent with Section 401 (a)(1)of the Internal Revenue Code, all member employee and employer contributions to this Retirement System shall be made to funds held in trust through trust instruments that have the purposes of distributing trust principal and income to retired members and their beneficiaries and of paying other definitely determinable benefits under this Chapter, after meeting the necessary expenses of administering this Retirement System. Neither the trust corpus nor income from this trust can be used for purposes other than the exclusive benefit of members or their beneficiaries, except that employer contributions made to the trust under a good faith mistake of fact may be returned to an employer, where the refund can occur within <term type="NE" subtype="DURATION"> less than one year </term> after the mistaken contribution was made, consistent with the rule adopted by the <term type="NE" subtype="ORGANIZATION"> Board of Trustees </term>. The Retirement System shall have a consolidated Plan document, consisting of relevant statutory provisions in this Chapter, associated regulations in the <term type="NE" subtype="LOCATION"> North Carolina </term> Administrative Code, substantive and procedural information on the official forms used by the Retirement System, and policies and <term type="NE" subtype="DURATION"> minutes </term> of the <term type="NE" subtype="ORGANIZATION"> Board of Trustees </term>.</p>
        </div2>
        <div2 type="section" n="7">
          <head>SECTION 8. G.S.120-4.</head>
          <p>&#167; 120-4. 10. Administration of retirement system.</p>
          <p>The <term type="NE" subtype="ORGANIZATION"> Board of Trustees </term> of the Teachers' and <term type="NE" subtype="ORGANIZATION"> State Employees </term>' Retirement System shall be the trustee of the Retirement<hi rend="strikethrough">System, under the direction of the <term type="NE" subtype="ORGANIZATION"> Legislative Services Commission </term>.</hi><hi rend="underlined">System.</hi>The provisions of this Article shall be administered by the Board of<hi rend="strikethrough">Trustees, under the direction of the <term type="NE" subtype="ORGANIZATION"> Legislative Services Commission </term>.</hi><hi rend="underlined">Trustees.</hi></p>
        </div2>
        <div2 type="section" n="8">
          <head>SECTION 9. This act becomes effective <term type="NE" subtype="DATE"> July 1, 2013 </term>.</head>
        </div2>
      </div1>
    </body>
  </text>
</TEI>
