<TEI xmlns="http://www.tei-c.org/ns/1.0">
  <teiHeader xml:lang="en">
    <fileDesc>
      <titleStmt>
        <title xml:id="NC-2011-H159"/>
        <author> Speaker of the House of Representatives</author>
      </titleStmt>
      <editionStmt>
        <edition>v5</edition>
      </editionStmt>
      <publicationStmt>
        <pubPlace>North Carolina</pubPlace>
        <idno>NC-2011-H159</idno>
        <date>2011</date>
      </publicationStmt>
      <sourceDesc>
        <bibl>www.ncleg.net\Sessions\2011\Bills\House\HTML\H159v5.html</bibl>
      </sourceDesc>
    </fileDesc>
  </teiHeader>
  <text xml:lang="en">
    <front>
      <div1 type="abstract">
        <head>A bill to be entitled an act to authorize the division of motor vehicles to make a notation on a north carolina drivers license showing a license holder's military veteran status.</head>
      </div1>
    </front>
    <body>
      <div1>
        <opener>
          <salute>The <term type="NE" subtype="ORGANIZATION"> General Assembly of North Carolina </term> enacts:</salute>
        </opener>
        <div2 type="section" n="1">
          <head>SECTION 1. G.S.</head>
          <p>(q)<hi rend="underlined">Active Duty</hi>Military Designation. - The Division shall develop a military designation for drivers licenses that may, upon request, be granted to North Carolina residents on active duty and to their spouses and dependent children. A drivers license with a military designation on it may be renewed by mail no more than two times during the license holder's lifetime. A license renewed by mail under this subsection is a permanent license and does not expire when the license holder returns to the State. A drivers license with a military designation on it issued to a person on active duty may be renewed up to one year prior to its expiration upon presentation of military or Department of Defense credentials.</p>
        </div2>
        <div2 type="section" n="2">
          <head>SECTION 2.</head>
          <p>
            <hi rend="underlined">(q1)</hi>
            <hi rend="underlined">Veteran Military Designation. - The Division shall develop a military designation for drivers licenses and identification cards that may, upon request, be granted to <term type="NE" subtype="LOCATION"> North Carolina </term> residents who are honorably discharged from military service in the <term type="NE" subtype="ORGANIZATION"> United States Armed Forces </term>. An applicant requesting this designation must produce a <term type="NE" subtype="MISC"> Form DD-214 </term> showing the applicant has been honorably discharged from the <term type="NE" subtype="ORGANIZATION"> United States Armed Forces </term>.</hi>
          </p>
        </div2>
        <div2 type="section" n="3">
          <head>SECTION 3. This act becomes effective when the <term type="NE" subtype="ORGANIZATION"> Division of Motor Vehicles </term> has completed the implementation of the Division's Next Generation Secure Driver License System or <term type="NE" subtype="DATE"> July 1, 2012 </term>, whichever occurs <term type="NE" subtype="ORDINAL"> first </term>, and applies to drivers licenses issued on or after that date.</head>
          <p>In the <term type="NE" subtype="ORGANIZATION"> General Assembly </term> read three times and ratified <term type="NE" subtype="DATE"> this the 5th day of April, 2011 </term>.</p>
          <p>s/<term type="NE" subtype="PERSON"> Walter H </term>.</p>
          <p>President of the <term type="NE" subtype="ORGANIZATION"> Senate </term></p>
          <p>s/<term type="NE" subtype="PERSON"> Thom Tillis </term></p>
          <p>Speaker of the House of Representatives</p>
          <p>s/Beverly E.</p>
          <p>Governor</p>
          <p>Approved <term type="NE" subtype="TIME"> 4:05 </term> p. m.</p>
        </div2>
      </div1>
    </body>
  </text>
</TEI>
