<TEI xmlns="http://www.tei-c.org/ns/1.0">
  <teiHeader xml:lang="en">
    <fileDesc>
      <titleStmt>
        <title xml:id="NC-2015-H112">Stanly Co Bd of Ed Election Method.</title>
        <author>Representative Burr. </author>
      </titleStmt>
      <editionStmt>
        <edition>v0</edition>
      </editionStmt>
      <publicationStmt>
        <pubPlace>North Carolina</pubPlace>
        <idno>NC-2015-H112</idno>
        <date>2015</date>
      </publicationStmt>
      <sourceDesc>
        <bibl>www.ncleg.net\Sessions\2015\Bills\House\HTML\H112v0.html</bibl>
      </sourceDesc>
    </fileDesc>
  </teiHeader>
  <text xml:lang="en">
    <front>
      <div1 type="abstract">
        <head>A bill to be entitled an act to provide for the partisan election of the members of the stanly county board of education.</head>
      </div1>
    </front>
    <body>
      <div1>
        <opener>
          <salute>The <term type="NE" subtype="ORGANIZATION"> General Assembly of North Carolina </term> enacts:</salute>
        </opener>
        <div2 type="section" n="1">
          <head>SECTION 1. Notwithstanding the Plan for the Merger of the <term type="NE" subtype="LOCATION"> Stanly County </term> and <term type="NE" subtype="LOCATION"> Albemarle City </term> Schools or any other provision of law, <term type="NE" subtype="DATE"> beginning in 2016 </term>, the members of <term type="NE" subtype="ORGANIZATION"> Stanly County Board of Education </term> shall be elected on a partisan basis at the <term type="NE" subtype="DATE"> time </term> of the general election in each even-numbered <term type="NE" subtype="DURATION"> year </term> as terms expire. Candidates for election to the <term type="NE" subtype="ORGANIZATION"> Stanly County Board of Education </term> shall be nominated at the same time and manner as other county officers. Vacancies on the <term type="NE" subtype="ORGANIZATION"> Stanly County Board of Education </term> for positions elected on a partisan basis shall be filled in accordance with G.S.115C-37. 1.</head>
        </div2>
        <div2 type="section" n="2">
          <head>SECTION 2. Effective <term type="NE" subtype="DATE"> the first Monday in December of 2016 </term>, G.S.115C-37.</head>
          <p>(d)This section shall apply only in the following counties: <term type="NE" subtype="ORGANIZATION"> Alleghany </term>, <term type="NE" subtype="LOCATION"> Brunswick </term>, <term type="NE" subtype="PERSON"> Graham </term>, <term type="NE" subtype="PERSON"> Guilford </term>, <term type="NE" subtype="PERSON"> Harnett </term>, <term type="NE" subtype="PERSON"> Lee </term>, <term type="NE" subtype="LOCATION"> New Hanover </term>,<hi rend="underlined">Stanly,</hi>Vance, and Washington.</p>
        </div2>
        <div2 type="section" n="3">
          <head>SECTION 3. This act does not affect the terms of office of any person elected in <term type="NE" subtype="DATE"> 2012 </term> or <term type="NE" subtype="DATE"> 2014 </term> to the <term type="NE" subtype="ORGANIZATION"> Stanly County Board of Education </term>. Any vacancy occurring in the <term type="NE" subtype="ORGANIZATION"> Stanly County Board of Education </term> by death, resignation, or otherwise for positions elected on a nonpartisan basis in <term type="NE" subtype="DATE"> 2012 </term> or <term type="NE" subtype="DATE"> 2014 </term> shall be filled by the remaining members of the <term type="NE" subtype="ORGANIZATION"> Board of Education </term>, and the person chosen shall serve for the unexpired term and until his or her successor is elected and qualified.</head>
        </div2>
        <div2 type="section" n="4">
          <head>SECTION 4. All laws and clauses of laws in conflict with this act are repealed to the extent of the conflict.</head>
        </div2>
        <div2 type="section" n="5">
          <head>SECTION 5. Except as otherwise provided, this act is effective when it becomes law.</head>
        </div2>
      </div1>
    </body>
  </text>
</TEI>
