<TEI xmlns="http://www.tei-c.org/ns/1.0">
  <teiHeader xml:lang="en">
    <fileDesc>
      <titleStmt>
        <title xml:id="NC-2011-S82">Town of Atkinson/Charter Amendment.</title>
        <author/>
      </titleStmt>
      <editionStmt>
        <edition>v0</edition>
      </editionStmt>
      <publicationStmt>
        <pubPlace>North Carolina</pubPlace>
        <idno>NC-2011-S82</idno>
        <date>2011</date>
      </publicationStmt>
      <sourceDesc>
        <bibl>www.ncleg.net\Sessions\2011\Bills\Senate\HTML\S82v0.html</bibl>
      </sourceDesc>
    </fileDesc>
  </teiHeader>
  <text xml:lang="en">
    <front>
      <div1 type="abstract">
        <head>A bill to be entitled an act amending the charter of the town of atkinson to allow the qualified voters of the entire town to elect the town officers, to change the name of the governing body, and to extend the term of office of the members of the governing body from<term type="NE" subtype="DURATION"><term type="NE" subtype="DURATION"> two to four years </term></term>and staggering those terms.</head>
      </div1>
    </front>
    <body>
      <div1>
        <opener>
          <salute>The <term type="NE" subtype="ORGANIZATION"> General Assembly of North Carolina </term> enacts:</salute>
        </opener>
        <div2 type="section" n="1">
          <head>SECTION 1.</head>
          <p>Section 1.<hi rend="strikethrough">town</hi><hi rend="underlined">Town</hi>of Atkinson shall be and continue as they have been heretofore, a body politic and corporate, and the corporation shall bear the name and style of 'The Town of Atkinson, and under such name it may sue and be sued, plead and be impleaded, vested with the rights of property which may now belong or hereafter belong to the<hi rend="strikethrough">said town</hi><hi rend="underlined">Town</hi>or possessed by it under any corporate name, and may acquire, hold for the purpose of its government and the welfare of its people and its improvement or otherwise all such estates as may be devised, bequeathed, conveyed or purchased with the power to contract and be contracted with and to convey or purchase both real and personal property, and shall have all powers and rights appertaining to the municipal welfare.</p>
          <p><term type="NE" subtype="DURATION"> Sec </term>. 2.<hi rend="strikethrough">town</hi><hi rend="underlined">Town</hi>of Atkinson shall have the same<hi rend="strikethrough">town</hi><hi rend="underlined">Town</hi>limits as laid out in its original charter, chapter one hundred and twenty-five, Private Laws of one thousand nine hundred and<hi rend="strikethrough">nine, except that the said town shall be divided up into four wards denominated, <term type="NE" subtype="ORDINAL"> first </term>, <term type="NE" subtype="ORDINAL"> second </term>, <term type="NE" subtype="ORDINAL"> third </term>, <term type="NE" subtype="ORDINAL"> and fourth </term> located as follows:</hi></p>
          <p>
            <hi rend="strikethrough"><term type="NE" subtype="ORDINAL"> First </term> Ward -- All that section of the town lying and being east of the <term type="NE" subtype="LOCATION"> Atlantic Coast Line Railroad </term> and south of Church Street.</hi>
          </p>
          <p>
            <hi rend="strikethrough"><term type="NE" subtype="ORDINAL"> Second </term> Ward -- All that section of the town lying and being situated east of the <term type="NE" subtype="LOCATION"> Atlantic Coast Line Railroad </term> and north of Church Street.</hi>
          </p>
          <p>
            <hi rend="strikethrough"><term type="NE" subtype="ORDINAL"> Third </term> Ward -- All that section of the town lying, and being situated west of the <term type="NE" subtype="LOCATION"> Atlantic Coast Line Railroad </term> and south of Church Street.</hi>
          </p>
          <p>
            <hi rend="strikethrough"><term type="NE" subtype="ORDINAL"> Fourth </term> Ward -- All that section of the town lying and being west of the <term type="NE" subtype="LOCATION"> Atlantic Coast Line Railroad </term> and north of Church Street.</hi>
            <hi rend="underlined">nine.</hi>
          </p>
          <p><term type="NE" subtype="DURATION"> Sec </term> 3.<hi rend="strikethrough">That the officers of said town shall consist of four aldermen, a mayor and a town marshal, one alderman to be elected from each ward by the qualified voters of their respective wards or by a general election for all aldermen and mayor by the qualified voters of all wards at a general election, and that such election shall be held on <term type="NE" subtype="DATE"> the first Tuesday after the first Monday in May, one thousand nine hundred and twenty-one </term>, and <term type="NE" subtype="SET"> every two years </term> thereafter, and that all elections held in the town of Atkinson shall be held in compliance with the prevailing election laws governing Municipal Elections.</hi><hi rend="underlined">The officers of the Town shall be four Commissioners and the Mayor, who shall be elected according to the nonpartisan plurality method of election, as provided in G.S.163-292. The Commissioners shall be elected in a multiseat contest, and the Mayor shall be elected separately. Except as provided in Section 3. 1 of this Charter, regular municipal elections shall be held in the Town <term type="NE" subtype="SET"> every two years </term> and shall be conducted in accordance with the uniform municipal elections laws of <term type="NE" subtype="LOCATION"> North Carolina </term>.</hi></p>
          <p>
            <hi rend="underlined"><term type="NE" subtype="DURATION"> Sec </term>. 3. 1. Except as provided otherwise in this section, the Commissioners shall be elected to <term type="NE" subtype="DURATION"> four-year </term> terms by the qualified voters of the entire Town, and the Mayor shall be elected to a <term type="NE" subtype="DURATION"> two-year </term> term by the qualified voters of the entire Town. In <term type="NE" subtype="DATE"> 2011 </term>, and biennially thereafter, a Mayor shall be elected separately from the Commissioners to a <term type="NE" subtype="DURATION"> two-year </term> term. In <term type="NE" subtype="DATE"> 2011 </term>, for the position of Commissioner, the two persons receiving the highest numbers of votes in a multiseat contest shall be elected to <term type="NE" subtype="DURATION"> four-year </term> terms, and the two persons receiving the next highest number of votes shall be elected to <term type="NE" subtype="DURATION"> two-year </term> terms. In <term type="NE" subtype="DATE"> 2013 </term>, and quadrennially thereafter, two persons shall be elected to <term type="NE" subtype="DURATION"> four-year </term> terms. In <term type="NE" subtype="DATE"> 2015 </term>, and quadrennially thereafter, two persons shall be elected to <term type="NE" subtype="DURATION"> four-year </term> terms.</hi>
          </p>
          <p><term type="NE" subtype="DURATION"> Sec </term> 4.<hi rend="strikethrough">aldermen</hi><hi rend="underlined">commissioners</hi>of<hi rend="strikethrough">said town</hi><hi rend="underlined">the Town</hi>to make laws and ordinances for the regulation and government of<hi rend="strikethrough">said town.</hi><hi rend="underlined">the Town.</hi></p>
          <p><term type="NE" subtype="DURATION"> Sec </term> 5.<hi rend="strikethrough">said town</hi><hi rend="underlined">the Town</hi>to make such laws as necessary that will improve the well-being of the inhabitants of the<hi rend="strikethrough">said town</hi><hi rend="underlined">Town</hi>and to make laws, and to raise revenue for the necessary expense of the<hi rend="strikethrough">said town</hi><hi rend="underlined">Town</hi>and for the improvement of its streets and sidewalks and public buildings, to call elections when necessary to raise special revenue from the sale of bonds to meet the requirements and expenditures of the<hi rend="strikethrough">said town</hi><hi rend="underlined">Town</hi>for any and all purposes.</p>
          <p><term type="NE" subtype="DURATION"> Sec </term> 6.<hi rend="strikethrough">town</hi><hi rend="underlined">Town</hi>of Atkinson shall have the power and authority to own and control, purchase or sell, operate and contract in, all modern utilities such as electric power plants, public play-grounds, parks, hospitals, water-works, and to levy special taxes or sell bonds taxable against the property of the inhabitants of<hi rend="strikethrough">said town,</hi><hi rend="underlined">the Town,</hi>to improve streets, extend streets, condemn land of private persons for the purpose of street and sidewalk improvement, raise revenue for such purposes, to buy, take over and sell any telephone system for the benefit and convenience of the inhabitants of<hi rend="strikethrough">said town.</hi><hi rend="underlined">the Town.</hi></p>
          <p><term type="NE" subtype="DURATION"> Sec </term> 7.<hi rend="strikethrough">said town</hi><hi rend="underlined">Town</hi>shall have the right to call elections and hold elections at any regular meeting of the mayor and board of<hi rend="strikethrough">aldermen</hi><hi rend="underlined">commissioners</hi>for the purpose of the sale of bonds to raise revenue to purchase electric power plants, telephone systems, water-works, public play-grounds and parks when necessary for the welfare and improvement of the<hi rend="strikethrough">said town.</hi><hi rend="underlined">Town.</hi></p>
          <p><term type="NE" subtype="DURATION"> Sec </term> 8.<hi rend="strikethrough">town</hi><hi rend="underlined">Town</hi>of Atkinson is repealed or destroyed by this act, but the same is by this amendment amended and revised.</p>
          <p><term type="NE" subtype="DURATION"> Sec </term> 9.<hi rend="strikethrough">said town</hi><hi rend="underlined">Town</hi>shall have all the rights, privileges and immunities conferred or hereafter to be conferred on towns and cities by chapter seventy-three of Revisal of North Carolina, and all acts amendatory or supplemental thereto, and by such acts as may hereafter be passed by the General Assembly with reference to towns and cities when the same is not inconsistent with this charter or within its provisions.</p>
          <p><term type="NE" subtype="DURATION"> Sec </term> 10. That all laws inconsistent or coming in conflict with the provisions of this act be and the same is hereby rescinded and repealed.</p>
          <p><term type="NE" subtype="DURATION"> Sec </term> 11. This act shall be in force and effect from and after its ratification.</p>
        </div2>
        <div2 type="section" n="2">
          <head>SECTION 2. This act is effective when it becomes law.</head>
        </div2>
      </div1>
    </body>
  </text>
</TEI>
