<TEI xmlns="http://www.tei-c.org/ns/1.0">
  <teiHeader xml:lang="en">
    <fileDesc>
      <titleStmt>
        <title xml:id="NC-2009-H391">Comm. <term type="NE" subtype="PERSON"> Coll </term>. <term type="NE" subtype="DATE"> May </term> Offer Safety Driving Course.</title>
        <author>Representative Daughtry. </author>
      </titleStmt>
      <editionStmt>
        <edition>v0</edition>
      </editionStmt>
      <publicationStmt>
        <pubPlace>North Carolina</pubPlace>
        <idno>NC-2009-H391</idno>
        <date>2009</date>
      </publicationStmt>
      <sourceDesc>
        <bibl>www.ncleg.net\Sessions\2009\Bills\House\HTML\H391v0.html</bibl>
      </sourceDesc>
    </fileDesc>
  </teiHeader>
  <text xml:lang="en">
    <front>
      <div1 type="abstract">
        <head>A bill to be entitled an act authorizing community colleges to offer noncredit courses in safe driving to high school students during the school<term type="NE" subtype="DURATION"><term type="NE" subtype="DURATION"> year </term></term >.</head>
      </div1>
    </front>
    <body>
      <div1>
        <opener>
          <salute>The <term type="NE" subtype="ORGANIZATION"> General Assembly of North Carolina </term> enacts:</salute>
        </opener>
        <div2 type="section" n="1">
          <head>SECTION 1. G.S.</head>
          <p>&#167; 115D-20. Powers and duties of trustees.</p>
          <p>The trustees of each institution shall constitute the local administrative board of such institution, with such powers and duties as are provided in this Chapter and as are delegated to it by the <term type="NE" subtype="ORGANIZATION"> State Board of Community Colleges </term>.</p>
          <p>...</p>
          <p>(4)To apply the standards and requirements for admission and graduation of students and other standards established by the <term type="NE" subtype="ORGANIZATION"> State Board of Community Colleges </term>. Provided, notwithstanding any law or administrative rule to the contrary, local administrative boards and local school boards may establish cooperative programs in the areas they serve to provide for college courses to be offered to qualified high school students with college credits to be awarded to those high school students upon the successful completion of the courses. Provided, further, that during the <term type="NE" subtype="DATE"> summer quarter </term>, persons <term type="NE" subtype="DATE"> less than 16 years old may </term> be permitted to take noncredit courses on a self-supporting basis, subject to rules of the <term type="NE" subtype="ORGANIZATION"> State Board of Community Colleges </term>.<hi rend="underlined">Provided, further, that high school students may be permitted to take noncredit courses in safe driving on a self-supporting basis during <term type="NE" subtype="DATE"> the academic year </term> or the <term type="NE" subtype="DATE"> summer </term>, subject to rules of the <term type="NE" subtype="ORGANIZATION"> State Board of Community Colleges </term>.</hi></p>
        </div2>
        <div2 type="section" n="2">
          <head>SECTION 2. This act is effective when it becomes law.</head>
        </div2>
      </div1>
    </body>
  </text>
</TEI>
