<TEI xmlns="http://www.tei-c.org/ns/1.0">
  <teiHeader xml:lang="en">
    <fileDesc>
      <titleStmt>
        <title xml:id="NC-2009-S1248"/>
        <author> Speaker of the House of Representatives</author>
      </titleStmt>
      <editionStmt>
        <edition>v5</edition>
      </editionStmt>
      <publicationStmt>
        <pubPlace>North Carolina</pubPlace>
        <idno>NC-2009-S1248</idno>
        <date>2009</date>
      </publicationStmt>
      <sourceDesc>
        <bibl>www.ncleg.net\Sessions\2009\Bills\Senate\HTML\S1248v5.html</bibl>
      </sourceDesc>
    </fileDesc>
  </teiHeader>
  <text xml:lang="en">
    <front>
      <div1 type="abstract">
        <head>A bill to be entitled an act to require local school administrative units to identify students at risk of academic failure and not successfully progressing toward graduation no later than the <term type="NE" subtype="ORDINAL"> fourth </term> grade, to provide personal education plans for those students,</head>
      </div1>
    </front>
    <body>
      <div1>
        <opener>
          <salute>The <term type="NE" subtype="ORGANIZATION"> General Assembly of North Carolina </term> enacts:</salute>
        </opener>
        <div2 type="section" n="1">
          <head>SECTION 1. G.S.115C-105.</head>
          <p>&#167; 115C-105. 41. Students who have been placed at risk of academic failure; personal education plans.</p>
          <p>Local school administrative units shall identify students who are at risk for academic<hi rend="strikethrough">failure.</hi><hi rend="underlined">failure and who are not successfully progressing toward grade promotion and graduation, beginning no later than the <term type="NE" subtype="ORDINAL"> fourth </term> grade.</hi>Identification shall occur as early as can reasonably be done and can be based on grades, observations, State assessments, and other factors<hi rend="underlined">, including reading on grade level,</hi>that impact student performance that teachers and administrators consider appropriate, without having to await the results of end-of-grade or end-of-course tests. No later than the end of the first quarter, or after a teacher has had up to nine weeks of instructional time with a student, a personal education plan for academic improvement with focused intervention and performance benchmarks shall be developed or updated for any student at risk of academic failure who is not performing at least at grade level, as identified by the State end-of-grade test and other factors noted above. Focused intervention and accelerated activities should include research-based best practices that meet the needs of students and may include coaching, mentoring, tutoring, summer school, Saturday school, and extended days. Local school administrative units shall provide these activities free of charge to students. Local school administrative units shall also provide transportation free of charge to all students for whom transportation is necessary for participation in these activities.</p>
          <p>Local school administrative units shall give notice of the personal education plan and a copy of the personal education plan to the student's parent or guardian. Parents should be included in the implementation and ongoing review of personal education plans.</p>
          <p>
            <hi rend="underlined">Local school administrative units shall certify that they have complied with this section <term type="NE" subtype="SET"> annually </term> to the <term type="NE" subtype="ORGANIZATION"> State Board of Education </term>. The <term type="NE" subtype="ORGANIZATION"> State Board of Education </term> shall periodically review data on the progress of identified students and report to the <term type="NE" subtype="ORGANIZATION"> Joint Legislative Education Oversight Committee </term>.</hi>
          </p>
          <p>No cause of action for monetary damages shall arise from the failure to provide or implement a personal education plan under this section.</p>
        </div2>
        <div2 type="section" n="2">
          <head>SECTION 2. This act is effective when it becomes law.</head>
          <p>In the <term type="NE" subtype="ORGANIZATION"> General Assembly </term> read three times and ratified <term type="NE" subtype="DATE"> this the 9th day of July, 2010 </term>.</p>
          <p>s/<term type="NE" subtype="PERSON"> Walter H </term>.</p>
          <p>President of the <term type="NE" subtype="ORGANIZATION"> Senate </term></p>
          <p>s/<term type="NE" subtype="PERSON"> Joe Hackney </term></p>
          <p>Speaker of the House of Representatives</p>
          <p>s/Beverly E.</p>
          <p>Governor</p>
          <p>Approved <term type="NE" subtype="TIME"> 1:50 </term> p. m.</p>
        </div2>
      </div1>
    </body>
  </text>
</TEI>
