<TEI xmlns="http://www.tei-c.org/ns/1.0">
  <teiHeader xml:lang="en">
    <fileDesc>
      <titleStmt>
        <title xml:id="NC-2009-H420"><term type="NE" subtype="ORGANIZATION"> Community College Equipment Funds </term>.</title>
        <author>Representatives Rapp, McLawhorn, Glazier, Tolson  (Primary Sponsors); Blackwood, Bryant, Coates, Dockham, Faison, Farmer-Butterfield,  E.Floyd, Frye, Howard, Hurley, Jones, Langdon, Pierce, Tarleton,  E.Warren, Weiss, and Wray. </author>
      </titleStmt>
      <editionStmt>
        <edition>v1</edition>
      </editionStmt>
      <publicationStmt>
        <pubPlace>North Carolina</pubPlace>
        <idno>NC-2009-H420</idno>
        <date>2009</date>
      </publicationStmt>
      <sourceDesc>
        <bibl>www.ncleg.net\Sessions\2009\Bills\House\HTML\H420v1.html</bibl>
      </sourceDesc>
    </fileDesc>
  </teiHeader>
  <text xml:lang="en">
    <front>
      <div1 type="abstract">
        <head>A bill to be entitled an act to appropriate funds for community college equipment.</head>
      </div1>
    </front>
    <body>
      <div1>
        <opener>
          <salute>The <term type="NE" subtype="ORGANIZATION"> General Assembly of North Carolina </term> enacts:</salute>
        </opener>
        <div2 type="section" n="1">
          <head>SECTION 1. There is appropriated from the General Fund to the <term type="NE" subtype="ORGANIZATION"> Community Colleges System Office </term> the sum of <term type="NE" subtype="MONEY"> eighteen million seven hundred thousand dollars </term> (<term type="NE" subtype="MONEY"> $ 18,700,000 </term>)for the <term type="NE" subtype="DURATION"> 2009-2010 </term> fiscal <term type="NE" subtype="DURATION"> year </term> and the sum of <term type="NE" subtype="MONEY"> twenty-one million four hundred thousand dollars </term> (<term type="NE" subtype="MONEY"> $ 21,400,000 </term>)for the <term type="NE" subtype="DURATION"> 2010-2011 </term> fiscal <term type="NE" subtype="DURATION"> year </term> to implement a <term type="NE" subtype="DURATION"> six to seven year </term> replacement schedule for community college technology and equipment.</head>
        </div2>
        <div2 type="section" n="2">
          <head>SECTION 2. This act becomes effective <term type="NE" subtype="DATE"> July 1, 2009 </term>.</head>
        </div2>
      </div1>
    </body>
  </text>
</TEI>
