<TEI xmlns="http://www.tei-c.org/ns/1.0">
  <teiHeader xml:lang="en">
    <fileDesc>
      <titleStmt>
        <title xml:id="NC-2007-H2360">Brd. <term type="NE" subtype="PERSON"> Cert </term>. Tchrs. Serve as Full-Time Mentors.</title>
        <author/>
      </titleStmt>
      <editionStmt>
        <edition>v2</edition>
      </editionStmt>
      <publicationStmt>
        <pubPlace>North Carolina</pubPlace>
        <idno>NC-2007-H2360</idno>
        <date>2007</date>
      </publicationStmt>
      <sourceDesc>
        <bibl>www.ncleg.net\Sessions\2007\Bills\House\HTML\H2360v2.html</bibl>
      </sourceDesc>
    </fileDesc>
  </teiHeader>
  <text xml:lang="en">
    <front>
      <div1 type="abstract">
        <head>A bill to be entitled an act to permit national board certified teachers to serve as full-time mentors, as recommended by the joint legislative education oversight committee.</head>
      </div1>
    </front>
    <body>
      <div1>
        <opener>
          <salute>The <term type="NE" subtype="ORGANIZATION"> General Assembly of North Carolina </term> enacts:</salute>
        </opener>
        <div2 type="section" n="1">
          <head>SECTION 1. G.S.115C-296.</head>
          <p>&#167; 115C-296. 2. <term type="NE" subtype="ORGANIZATION"> National Board for Professional Teaching Standards Certification </term>.</p>
          <p>&#8230;</p>
          <p>(b)Definitions.</p>
          <p>&#8230;</p>
          <p>(2)A teacher is a person who:</p>
          <p>a.</p>
          <p>1.</p>
          <p>2.</p>
          <p>b.</p>
          <p>c.</p>
          <p>d.<hi rend="strikethrough">Spends at least <term type="NE" subtype="PERCENT"> seventy percent </term> (<term type="NE" subtype="PERCENT"> 70 % </term>)of his or her work time:</hi><hi rend="underlined">Fulfills one of the following:</hi></p>
          <p>1.<hi rend="strikethrough">In</hi><hi rend="underlined">Spends at least <term type="NE" subtype="PERCENT"> seventy percent </term> (<term type="NE" subtype="PERCENT"> 70 % </term>)of his or her work time in</hi>classroom instruction, if the employee is employed as a teacher. Most of the teacher's remaining time shall be spent in one or more of the following: mentoring teachers, doing demonstration lessons for teachers, writing curricula, developing and leading staff development programs for teachers;<hi rend="strikethrough">or</hi></p>
          <p>2.<hi rend="strikethrough">In</hi><hi rend="underlined">Spends at least <term type="NE" subtype="PERCENT"> seventy percent </term> (<term type="NE" subtype="PERCENT"> 70 % </term>)of his or her work time in</hi>work within the employee's area of certification or licensure, if the employee is employed in an area of NBPTS certification other than direct classroom<hi rend="strikethrough">instruction.</hi><hi rend="underlined">instruction; or</hi></p>
          <p>
            <hi rend="underlined">3.</hi>
            <hi rend="underlined">Is serving as a full-time mentor under subsection (e1)of this section.</hi>
          </p>
          <p>&#8230;</p>
          <p>
            <hi rend="underlined">(e1)</hi>
            <hi rend="underlined">Assignment of Teachers With NBPTS Certification to Serve as Full-Time Mentors.</hi>
          </p>
          <p>
            <hi rend="underlined">(1)</hi>
            <hi rend="underlined">The maximum number of teachers with NBPTS certification that a local board of education may assign to serve as full-time mentors is the greater of (i)five or (ii)<term type="NE" subtype="PERCENT"> five percent </term> (<term type="NE" subtype="PERCENT"> 5 % </term>)of the number of teachers with NBPTS certification it has employed during the school <term type="NE" subtype="DURATION"> year </term> immediately preceding the assignment of teachers as full-time mentors.</hi>
          </p>
          <p>
            <hi rend="underlined">(2)</hi>
            <hi rend="underlined">A teacher must teach in a classroom for <term type="NE" subtype="DURATION"> at least two years </term> after receiving NBPTS certification to be eligible for assignment as a full-time mentor.</hi>
          </p>
          <p>
            <hi rend="underlined">(3)</hi>
            <hi rend="underlined">A teacher may serve as a full-time mentor for up to three consecutive <term type="NE" subtype="DURATION"> years </term>.</hi>
          </p>
          <p>
            <hi rend="underlined">(4)</hi>
            <hi rend="underlined">After service as a full-time mentor, a teacher must teach in a classroom for <term type="NE" subtype="DURATION"> at least three years </term> to be eligible for reassignment as a full-time mentor.</hi>
          </p>
          <p>
            <hi rend="underlined">(5)</hi>
            <hi rend="underlined">A teacher serving as a full-time mentor shall be school-based, work at one or more schools, and mentor at least 15 newly hired teachers per <term type="NE" subtype="DURATION"> year </term> who are in their <term type="NE" subtype="ORDINAL"> first </term> through <term type="NE" subtype="DATE"> third year </term> of teaching.</hi>
          </p>
        </div2>
        <div2 type="section" n="2">
          <head>SECTION 2. Teachers with NBPTS certification serving as full-time mentors under G.S.115C-296. 2 (b)(2)(e1)shall remain on the NBPTS teacher salary schedule.</head>
        </div2>
        <div2 type="section" n="3">
          <head>SECTION 3. The <term type="NE" subtype="ORGANIZATION"> State Board of Education </term> shall monitor and assess the effectiveness and impact of allowing teachers with NBPTS certification to serve as full-time mentors and shall report its findings to the <term type="NE" subtype="ORGANIZATION"> Joint Legislative Education Oversight Committee </term> prior to <term type="NE" subtype="DATE"> April 15, 2010 </term>.</head>
        </div2>
        <div2 type="section" n="4">
          <head>SECTION 4. This act becomes effective <term type="NE" subtype="DATE"> July 1, 2008 </term>.</head>
        </div2>
      </div1>
    </body>
  </text>
</TEI>
