<TEI xmlns="http://www.tei-c.org/ns/1.0">
  <teiHeader xml:lang="en">
    <fileDesc>
      <titleStmt>
        <title xml:id="NC-2015-H390"><term type="NE" subtype="ORGANIZATION"> Beaufort Co </term>. <term type="NE" subtype="ORGANIZATION"> CC/Washington Co </term>.</title>
        <author>Representative Tine (Primary Sponsor). </author>
      </titleStmt>
      <editionStmt>
        <edition>v1</edition>
      </editionStmt>
      <publicationStmt>
        <pubPlace>North Carolina</pubPlace>
        <idno>NC-2015-H390</idno>
        <date>2015</date>
      </publicationStmt>
      <sourceDesc>
        <bibl>www.ncleg.net\Sessions\2015\Bills\House\HTML\H390v1.html</bibl>
      </sourceDesc>
    </fileDesc>
  </teiHeader>
  <text xml:lang="en">
    <front>
      <div1 type="abstract">
        <head>A bill to be entitled an act to authorize the expansion of the board of trustees of beaufort county community college and to provide that beaufort county community college shall serve all of washington county.</head>
      </div1>
    </front>
    <body>
      <div1>
        <opener>
          <salute>The <term type="NE" subtype="ORGANIZATION"> General Assembly of North Carolina </term> enacts:</salute>
        </opener>
        <div2 type="section" n="1">
          <head>SECTION 1. (a)G.S.</head>
          <p>(a)Each community college established or operated pursuant to this Chapter shall be governed by a board of trustees consisting of 13 members, or of additional members if selected according to the special procedure prescribed by the <term type="NE" subtype="ORDINAL"> third </term> paragraph of this subsection, who shall be selected by the following agencies. No member of the <term type="NE" subtype="ORGANIZATION"> General Assembly </term> may be appointed to a local board of trustees for a community college.</p>
          <p>Group One -- four trustees, elected by the board of education of the public school administrative unit located in the administrative area of the institution. If there are two or more public school administrative units, whether city or county units, or both, located within the administrative area, the trustees shall be elected jointly by all of the boards of education of those units, each board having one vote in the election of each trustee, except as provided in G.S.115D-59. No board of education shall elect a member of the board of education or any person employed by the board of education to serve as a trustee, however, any such person <term type="NE" subtype="DATE"> currently </term> serving on a board of trustees shall be permitted to fulfill the unexpired portion of the trustee's <term type="NE" subtype="DATE"> current </term> term.</p>
          <p>Group Two -- four trustees, elected by the board of commissioners of the county in which the institution is located. Provided, however, if the administrative area of the institution is composed of two or more counties, the trustees shall be elected jointly by the boards of commissioners of all those counties, each board having one vote in the election of each trustee.<hi rend="underlined">Provided, also, if the administrative area of the institution is composed of two or more counties, the board of trustees of the institution may authorize the county commissioners of one or more of each of those counties to elect an additional board member.</hi>Provided, also, the county commissioners of the county in which the community college has established a satellite campus may elect an additional two members if the board of trustees of the community college agrees. No more than one trustee from Group Two may be a member of a board of county commissioners. Should the boards of education or the boards of commissioners involved be unable to agree on one or more trustees the senior resident superior court judge in the superior court district or set of districts as defined in G.S.7A-41.1 where the institution is located shall fill the position or positions by appointment.</p>
          <p>Group Three -- four trustees, appointed by the Governor.</p>
          <p>Group Four -- the president of the student government or the chairman of the executive board of the student body of each community college established pursuant to this Chapter shall be an ex officio nonvoting member of the board of trustees of each said institution.</p>
        </div2>
        <div2 type="section" n="2">
          <head>SECTION 1. (b)This section applies only to <term type="NE" subtype="ORGANIZATION"> Beaufort County Community College </term>.</head>
        </div2>
        <div2 type="section" n="3">
          <head>SECTION 2. The <term type="NE" subtype="ORGANIZATION"> State Board of Community Colleges </term> shall designate all of <term type="NE" subtype="LOCATION"> Washington County </term> in the service area of <term type="NE" subtype="LOCATION"> Beaufort County Community College </term>.</head>
        </div2>
        <div2 type="section" n="4">
          <head>SECTION 3. Section 2 of this act is effective <term type="NE" subtype="DATE"> July 1, 2015 </term>. The remainder of this act is effective when it becomes law.</head>
        </div2>
      </div1>
    </body>
  </text>
</TEI>
