<TEI xmlns="http://www.tei-c.org/ns/1.0">
  <teiHeader xml:lang="en">
    <fileDesc>
      <titleStmt>
        <title xml:id="NC-2011-S815"/>
        <author>(2) Eight members of the House of Representatives appointed by the Speaker of the House of Representatives, at least two of whom are members of the minority party and at least one cochair of each of the following committees:</author>
      </titleStmt>
      <editionStmt>
        <edition>v2</edition>
      </editionStmt>
      <publicationStmt>
        <pubPlace>North Carolina</pubPlace>
        <idno>NC-2011-S815</idno>
        <date>2011</date>
      </publicationStmt>
      <sourceDesc>
        <bibl>www.ncleg.net\Sessions\2011\Bills\Senate\HTML\S815v2.html</bibl>
      </sourceDesc>
    </fileDesc>
  </teiHeader>
  <text xml:lang="en">
    <front>
      <div1 type="abstract">
        <head>A bill to be entitled an act initiating reform of the workforce development laws of north carolina, modifying the composition of the north carolina commission on workforce development, and establishing the joint legislative workforce development system reform committee, as recommended by the joint legislative program evaluation oversight committee based on recommendations from the program evaluation division.</head>
      </div1>
    </front>
    <body>
      <div1>
        <opener>
          <salute>The <term type="NE" subtype="ORGANIZATION"> General Assembly of North Carolina </term> enacts:</salute>
        </opener>
        <p>AN act initiating reform of the workforce development laws of north carolina, modifying the composition of the north carolina commission on workforce development, AND ESTABLISHING THE JOINT LEGISLATIVE WORKFORCE DEVELOPMENT SYSTEM REFORM COMMITTEE, AS RECOMMENDED BY the JOINT LEGISLATIVE PROGRAM EVALUATION OVERSIGHT COMMITTEE BASED ON RECOMMENDATIONS FROM THE PROGRAM EVALUATION DIVISION.</p>
        <div2 type="section" n="1">
          <head>SECTION 1. (a)G.S.143B-438.</head>
          <p>&#167; 143B-438. 10. Commission on <term type="NE" subtype="ORGANIZATION"> Workforce Development </term>.</p>
          <p>(a)Creation and Duties. - There is created within the <term type="NE" subtype="ORGANIZATION"> Department of Commerce the North Carolina Commission on Workforce Development </term>.</p>
          <p>(1)To develop strategies to produce a skilled, competitive workforce that meets the needs of the State's changing economy.</p>
          <p>(2)To advise the Governor, the <term type="NE" subtype="ORGANIZATION"> General Assembly </term>, <term type="NE" subtype="ORGANIZATION"> State </term> and local agencies, and the business sector regarding policies and programs to enhance the State's<hi rend="strikethrough">workforce.</hi><hi rend="underlined">workforce by submitting <term type="NE" subtype="SET"> annually </term> a comprehensive report on workforce development initiatives in the State.</hi></p>
          <p>(3)To coordinate and develop strategies for cooperation between the academic, governmental, and business sectors.</p>
          <p>(4)To establish, develop, and provide ongoing oversight of the <term type="NE" subtype="MISC"> One-Stop Delivery System </term> for employment and training services in the State.</p>
          <p>(5)To develop a unified State plan for workforce training and development.</p>
          <p>(6)To review<hi rend="underlined">and evaluate</hi>the plans and programs of agencies, boards, and organizations operating federally funded or State-funded workforce development programs for effectiveness, duplication, fiscal accountability, and coordination.</p>
          <p>(7)To develop and continuously improve performance measures to assess the effectiveness of workforce training and employment in the State.<hi rend="underlined">The Commission shall assess and report on the performance of workforce development programs administered by the <term type="NE" subtype="ORGANIZATION"> Department of Commerce </term>, the <term type="NE" subtype="ORGANIZATION"> Department of Health and Human Services </term>, the <term type="NE" subtype="ORGANIZATION"> Community Colleges System Office </term>, the <term type="NE" subtype="ORGANIZATION"> Department of Administration </term>, and the <term type="NE" subtype="ORGANIZATION"> Department of Public Instruction </term> in a manner that addresses at least all of the following:</hi></p>
          <p>
            <hi rend="underlined">a.</hi>
            <hi rend="underlined">Actual performance and costs of State and local workforce development programs.</hi>
          </p>
          <p>
            <hi rend="underlined">b.</hi>
            <hi rend="underlined">Expected performance levels for State and local workforce development programs based on attainment of program goals and objectives.</hi>
          </p>
          <p>
            <hi rend="underlined">c.</hi>
            <hi rend="underlined">Program outcomes, levels of employer participation, and satisfaction with employment and training services.</hi>
          </p>
          <p>
            <hi rend="underlined">d.</hi>
            <hi rend="underlined">Information already tracked through the common follow-up information management system created pursuant to G.S.96-32, such as demographics, program enrollment, and program completion.</hi>
          </p>
          <p>
            <hi rend="underlined">(7a)</hi>
            <hi rend="underlined">To issue <term type="NE" subtype="SET"> annual </term> reports that, at a minimum, include the information listed in sub-subdivisions a. through d. of subdivision (7)of this section on the performance of workforce development programs administered by the entities listed in that subdivision. The <term type="NE" subtype="ORDINAL"> first </term> <term type="NE" subtype="SET"> annual </term> report shall be delivered to the <term type="NE" subtype="ORGANIZATION"> General Assembly </term> by <term type="NE" subtype="DATE"> January 15, 2014 </term>.</hi>
          </p>
          <p>(8)To submit to the Governor and to the <term type="NE" subtype="ORGANIZATION"> General Assembly </term> by <term type="NE" subtype="DATE"> April 1, 2000 </term>, and biennially thereafter, a comprehensive Workforce Development Plan that shall include at least the following:</p>
          <p>a. Goals and objectives for the biennium.</p>
          <p>b. An assessment of <term type="NE" subtype="DATE"> current </term> workforce programs and policies.</p>
          <p>c. An assessment of the delivery of employment and training services to special populations, such as youth and dislocated workers.</p>
          <p>d. Recommendations for policy, program, or funding changes.</p>
          <p>(9)To serve as the State's <term type="NE" subtype="ORGANIZATION"> Workforce Investment Board </term> for purposes of the federal Workforce Investment Act of <term type="NE" subtype="DATE"> 1998 </term>.</p>
          <p>
            <hi rend="underlined">(10)</hi>
            <hi rend="underlined">To take the lead role in developing the memorandum of understanding for workforce development programs with the <term type="NE" subtype="ORGANIZATION"> Department of Commerce </term>, the <term type="NE" subtype="ORGANIZATION"> Department of Health and Human Services </term>, the <term type="NE" subtype="ORGANIZATION"> Community Colleges System Office </term>, and the <term type="NE" subtype="ORGANIZATION"> Department of Administration </term>. The memorandum of understanding must be reviewed at least <term type="NE" subtype="SET"> every five years </term>.</hi>
          </p>
          <p>
            <hi rend="underlined">(11)</hi>
            <hi rend="underlined">To coordinate the activities of workforce development work groups formed under this Part.</hi>
          </p>
          <p>
            <hi rend="underlined">(12)</hi>
            <hi rend="underlined">To collaborate with the <term type="NE" subtype="ORGANIZATION"> Department of Commerce </term> on the common follow-up information management system.</hi>
          </p>
          <p>(b)Membership; Terms.<hi rend="strikethrough">The</hi><hi rend="underlined">Effective <term type="NE" subtype="DATE"> January 1, 2013 </term>, the</hi>Commission on Workforce Development shall consist of<hi rend="strikethrough">38</hi><hi rend="underlined">25</hi>members appointed as follows:</p>
          <p>(1)By virtue of their offices, the following department and agency heads or their respective designees shall serve on the Commission:<hi rend="underlined">the Secretary of the <term type="NE" subtype="ORGANIZATION"> Department of Administration </term>,</hi>the Secretary of the Department of Health and Human Services,<hi rend="strikethrough">the Assistant Secretary of <term type="NE" subtype="ORGANIZATION"> Commerce </term> in charge of the Division of Employment Security,</hi>the Superintendent of Public Instruction, the President of the Community Colleges System Office, the Commissioner of the Department of Labor, and the Secretary of the Department of Commerce.</p>
          <p>(2)The Governor shall appoint<hi rend="strikethrough">32</hi><hi rend="underlined">19</hi>members as follows:</p>
          <p>a.<hi rend="strikethrough">Six</hi><hi rend="underlined">Two</hi>members representing public, postsecondary, and vocational education.</p>
          <p>b.<hi rend="strikethrough">Two members</hi><hi rend="underlined">One member</hi>representing community-based organizations.</p>
          <p>c.<hi rend="strikethrough">Six</hi><hi rend="underlined">Three</hi>members representing labor.</p>
          <p>d.<hi rend="strikethrough">Eighteen</hi><hi rend="underlined">Thirteen</hi>members representing business and industry.</p>
          <p>(3)The terms of the members appointed by the Governor shall be for <term type="NE" subtype="DURATION"> four years </term>.</p>
          <p>(c)Appointment of Chair; Meetings. - The Governor shall appoint the Chair of the <term type="NE" subtype="ORGANIZATION"> Commission </term> from among the business and industry members, and that person shall serve at the pleasure of the Governor. The Commission shall meet at least <term type="NE" subtype="SET"> quarterly </term> upon the call of the Chair.</p>
          <p>(d)Staff; Funding. - The clerical and professional staff to the Commission shall be provided by the <term type="NE" subtype="ORGANIZATION"> Department of Commerce </term>. Funding for the <term type="NE" subtype="ORGANIZATION"> Commission </term> shall derive from State and federal resources as allowable and from the partner agencies to the <term type="NE" subtype="ORGANIZATION"> Commission </term>. Members of the <term type="NE" subtype="ORGANIZATION"> Commission </term> shall receive necessary travel and subsistence in accordance with State law.</p>
          <p>
            <hi rend="underlined">(e)</hi>
            <hi rend="underlined">Agency Cooperation; Reporting. - Each State agency, department, institution, local political subdivision of the <term type="NE" subtype="ORGANIZATION"> State </term>, and any other <term type="NE" subtype="MISC"> State-supported </term> entity identified by or subject to review by the <term type="NE" subtype="ORGANIZATION"> Commission </term> in carrying out its duties under subdivision (6)of subsection (a)of this section must participate fully in the development of performance measures for workforce development programs and shall provide to the <term type="NE" subtype="ORGANIZATION"> Commission </term> all data and information available to or within the agency or entity's possession that is requested by the <term type="NE" subtype="ORGANIZATION"> Commission </term> for its review. Further, each agency or entity required to report information and data to the <term type="NE" subtype="ORGANIZATION"> Commission </term> under this section shall maintain true and accurate records of the information and data requested by the <term type="NE" subtype="ORGANIZATION"> Commission </term>. The records shall be open to the <term type="NE" subtype="ORGANIZATION"> Commission </term>'s inspection and copying at reasonable times and as often as necessary.</hi>
          </p>
          <p>
            <hi rend="underlined">(f)</hi>
            <hi rend="underlined">Confidentiality. - At the request of the <term type="NE" subtype="ORGANIZATION"> Commission </term>, each agency or entity subject to this section shall provide it with sworn or unsworn reports with respect to persons employed or trained by the agency or entity, as deemed necessary by the <term type="NE" subtype="ORGANIZATION"> Commission </term> to carry out its duties pursuant to this section. The information obtained from an agency or entity pursuant to this subsection (i)is not a public record subject to the provisions of Chapter 132 of the General Statutes and (ii)shall be held by the <term type="NE" subtype="ORGANIZATION"> Commission </term> as confidential, unless it is released in a manner that protects the identity and privacy of individual persons and employers referenced in the information.</hi>
          </p>
          <p>
            <hi rend="underlined">(g)</hi>
            <hi rend="underlined"><term type="NE" subtype="ORGANIZATION"> Advisory Work Group </term>. - The <term type="NE" subtype="ORGANIZATION"> Commission </term> shall appoint an <term type="NE" subtype="ORGANIZATION"> Advisory Work Group </term> composed of representatives from the State and local entities engaged in workforce development activities to assist the <term type="NE" subtype="ORGANIZATION"> Commission </term> with the development of performance measures.</hi>
          </p>
        </div2>
        <div2 type="section" n="2">
          <head>SECTION 1. (b)The terms of the <term type="NE" subtype="DATE"> current </term> members of the <term type="NE" subtype="ORGANIZATION"> North Carolina Commission on Workforce Development </term> appointed pursuant to G.S.143B-438. 10 (b)(2)expire on <term type="NE" subtype="DATE"> December 31, 2012 </term>.</head>
        </div2>
        <div2 type="section" n="3">
          <head>SECTION 1. (c)<term type="NE" subtype="DATE"> Beginning October 1, 2012 </term>, and <term type="NE" subtype="SET"> quarterly </term> thereafter, the <term type="NE" subtype="ORGANIZATION"> Commission </term> shall make periodic progress reports to the <term type="NE" subtype="ORGANIZATION"> Joint Legislative Workforce Development System Reform Oversight Committee </term> on development and implementation of the workforce development performance measurement system.</head>
        </div2>
        <div2 type="section" n="4">
          <head>SECTION 2. (a)The Commission on <term type="NE" subtype="ORGANIZATION"> Workforce Development </term> shall be the lead agency in collaboration with the <term type="NE" subtype="ORGANIZATION"> Department of Commerce </term>, the <term type="NE" subtype="ORGANIZATION"> Department of Health and Human Services </term>, the <term type="NE" subtype="ORGANIZATION"> Community Colleges System Office </term>, and the <term type="NE" subtype="ORGANIZATION"> Department of Administration </term> in providing an effective, integrated workforce development system.</head>
        </div2>
        <div2 type="section" n="5">
          <head>SECTION 2. (b)To provide for effective local services for workforce development in this State, the <term type="NE" subtype="ORGANIZATION"> Commission on Workforce Development </term> shall set criteria and standards for <term type="NE" subtype="ORGANIZATION"> JobLink Career Centers </term>.</head>
          <p>(1)The Commission on <term type="NE" subtype="ORGANIZATION"> Workforce Development </term> shall strengthen <term type="NE" subtype="ORGANIZATION"> JobLink Career Center </term> requirements to require center staff to engage in cross-education or cross-training to ensure all staff is familiar with the <term type="NE" subtype="ORGANIZATION"> State </term>, federal, and local programs offered at the center and the full range of beneficial programs and services available to center customers.</p>
          <p>(2)<term type="NE" subtype="ORGANIZATION"> JobLink Career Centers </term> shall use technology to integrate programs and to improve access to services. Distance learning tools and electronic solutions should be employed to provide remote access for customers and a virtual presence for partner workforce development agencies that can not offer on-site staff.</p>
          <p>(3)Each center shall provide cross-education or cross-training for staff to provide seamless services to customers when the usual program service provider is unavailable to provide services.</p>
          <p>(4)Each center shall demonstrate partnership with the community college or colleges in its service area.</p>
          <p>(5)Each center must have an online presence on the <term type="NE" subtype="MISC"> Internet </term> that provides information about its location, operating <term type="NE" subtype="DURATION"> hours </term>, services, and contact information.</p>
          <p>(6)<term type="NE" subtype="ORGANIZATION"> JobLink Career Centers </term> and the <term type="NE" subtype="ORGANIZATION"> Commission on Workforce Development </term> should encourage participation of career development coordinators from local education agencies.</p>
        </div2>
        <div2 type="section" n="6">
          <head>SECTION 2. (c)The Commission on <term type="NE" subtype="ORGANIZATION"> Workforce Development </term>, in collaboration with the <term type="NE" subtype="ORGANIZATION"> Department of Commerce </term>, the <term type="NE" subtype="ORGANIZATION"> Department of Health and Human Services </term>, the <term type="NE" subtype="ORGANIZATION"> Community Colleges System Office </term>, and the <term type="NE" subtype="ORGANIZATION"> Department of Administration </term>, shall conduct a review and revision of the memorandum of understanding for <term type="NE" subtype="ORGANIZATION"> JobLink Career Centers </term> in accordance with the requirements of this subsection and any policies adopted by the <term type="NE" subtype="ORGANIZATION"> Commission on Workforce Development </term>.</head>
          <p>(1)Commitments to provide staff to the centers and use of technology to provide a virtual presence for partner workforce development agencies that can not provide on-site staff.</p>
          <p>(2)Development of coordinated local job development and placement processes.</p>
          <p>(3)Integration of job placement with job training provided by community colleges.</p>
          <p>(4)Establishment of cross-education and cross-training of center staff.</p>
          <p>(5)Participation in cost - and resource-sharing arrangements.</p>
          <p>(6)Mandated participation of locally administered programs such as county departments of social services.</p>
          <p>(7)Use of technology to improve center efficiencies, such as a common <term type="NE" subtype="MISC"> Web-based </term> intake system.</p>
        </div2>
        <div2 type="section" n="7">
          <head>SECTION 2. (d)The <term type="NE" subtype="ORGANIZATION"> Department of Commerce </term>, the <term type="NE" subtype="ORGANIZATION"> Department of Health and Human Services </term>, the <term type="NE" subtype="ORGANIZATION"> Community Colleges System Office </term>, the <term type="NE" subtype="ORGANIZATION"> Department of Administration </term>, the <term type="NE" subtype="ORGANIZATION"> Department of Labor </term>, the <term type="NE" subtype="ORGANIZATION"> Department of Public Instruction </term>, and the <term type="NE" subtype="ORGANIZATION"> North Carolina Rural Economic Development Center, Inc </term>., shall appoint a work group that includes representation from their respective workforce development programs to assist in the review and revision of the memorandum of understanding for the <term type="NE" subtype="ORGANIZATION"> JobLink Career Center </term> system, as required in subsection (c)of this section.</head>
        </div2>
        <div2 type="section" n="8">
          <head>SECTION 2. (e)The work group established by subsection (d)of this section shall complete its work on the memorandum of understanding for the <term type="NE" subtype="ORGANIZATION"> JobLink Career Center </term> system by <term type="NE" subtype="DATE"> May 15, 2013 </term>, so that the revised memorandum becomes effective <term type="NE" subtype="DATE"> July 1, 2013 </term>. The revisions shall be reported to the <term type="NE" subtype="ORGANIZATION"> Joint Legislative Workforce Development System Reform Oversight Committee </term> by no later than <term type="NE" subtype="DATE"> May 15, 2013 </term>. The work group shall issue a final report on the implementation of the revised memorandum of understanding that describes the effect of the revisions on the <term type="NE" subtype="ORGANIZATION"> JobLink Career Center </term> system by no later than <term type="NE" subtype="DATE"> December 15, 2014 </term>. The work group shall dissolve upon the issuance of this final report.</head>
        </div2>
        <div2 type="section" n="9">
          <head>SECTION 2. (f)The Commission on <term type="NE" subtype="ORGANIZATION"> Workforce Development </term> shall complete its work on <term type="NE" subtype="ORGANIZATION"> JobLink Career Center </term> requirements by <term type="NE" subtype="DATE"> May 15, 2013 </term>, so that all <term type="NE" subtype="ORGANIZATION"> JobLink Career Centers </term> must utilize the final criteria during the <term type="NE" subtype="DURATION"> 2013-2014 </term> fiscal <term type="NE" subtype="DURATION"> year </term>. The Commission shall report on the development of final requirements to the <term type="NE" subtype="ORGANIZATION"> Joint Legislative Workforce Development System Reform Oversight Committee </term> no later than <term type="NE" subtype="DATE"> May 15, 2013 </term>. The <term type="NE" subtype="ORGANIZATION"> Commission </term> should issue its final report on the implementation of requirements no later than <term type="NE" subtype="DATE"> December 15, 2014 </term>.</head>
        </div2>
        <div2 type="section" n="10">
          <head>SECTION 3. (a)G.S.143B-438.</head>
          <p>&#167; 143B-438. 11. Local Workforce Development Boards.</p>
          <p>(a)Duties.</p>
          <p>(1)To develop policy and act as the governing body for local workforce development.</p>
          <p>(2)To provide planning, oversight, and evaluation of local workforce development programs, including the local <term type="NE" subtype="MISC"> One-Stop Delivery System </term>.</p>
          <p>(3)To provide advice regarding workforce policy and programs to local elected officials, employers, education and employment training agencies, and citizens.</p>
          <p>(4)To develop a local plan in coordination with the appropriate community partners to address the workforce development needs of the service area.</p>
          <p>(5)To develop linkages with economic development efforts and activities in the service area and promote cooperation and coordination among public organizations, education agencies, and private businesses.</p>
          <p>(6)To review local agency plans and grant applications for workforce development programs for coordination and achievement of local goals and needs.</p>
          <p>(7)To serve as the <term type="NE" subtype="ORGANIZATION"> Workforce Investment Board </term> for the designated substate area for the purpose of the federal Workforce Investment Act of <term type="NE" subtype="DATE"> 1998 </term>.</p>
          <p>(8)To provide the appropriate guidance and information to Workforce Investment Act consumers to ensure that they are prepared and positioned to make informed choices in selecting a training provider.<hi rend="strikethrough">workforce development board</hi><hi rend="underlined"><term type="NE" subtype="ORGANIZATION"> Workforce Development Board </term></hi>shall ensure that consumer choice is properly maintained in the one-stop centers and that consumers are provided the full array of public and private training provider information.</p>
          <p>
            <hi rend="underlined">(9)</hi>
            <hi rend="underlined">To provide coordinated regional workforce development planning and labor market data sharing.</hi>
          </p>
          <p>(b)Members. - Members of local Workforce Development Boards shall be appointed by local elected officials in accordance with criteria established by the Governor and with provisions of the federal Workforce Investment Act. The local Workforce Development Boards shall have a majority of business members and shall also include representation of workforce and education providers, labor organizations, community-based organizations, and economic development boards as determined by local elected officials. The Chairs of the local Workforce Development Boards shall be selected from among the business members.</p>
          <p>
            <hi rend="underlined">(c)</hi>
            <hi rend="underlined">Assistance. - The <term type="NE" subtype="ORGANIZATION"> North Carolina Commission on Workforce Development </term> and the <term type="NE" subtype="ORGANIZATION"> Department of Commerce </term> shall provide programmatic, technical, and other assistance to any local <term type="NE" subtype="ORGANIZATION"> Workforce Development Board </term> that realigns its service area with the boundaries of a local regional council of governments established pursuant to G.S.160A-470.</hi>
          </p>
        </div2>
        <div2 type="section" n="11">
          <head>SECTION 3. (b)<term type="NE" subtype="DATE"> Beginning March 15, 2013 </term>, and then <term type="NE" subtype="SET"> quarterly </term> until <term type="NE" subtype="DATE"> December 15, 2014 </term>, the <term type="NE" subtype="ORGANIZATION"> Department of Commerce </term> shall report to the <term type="NE" subtype="ORGANIZATION"> Joint Legislative Workforce Development System Reform Oversight Committee </term> on the status of any realignment of local <term type="NE" subtype="ORGANIZATION"> Workforce Development Board </term> service areas and any regional planning and cooperation required by this act.</head>
        </div2>
        <div2 type="section" n="12">
          <head>SECTION 4. (a)Effective <term type="NE" subtype="DATE"> July 1, 2012 </term>, G.S.</head>
          <p>&#167; <term type="NE" subtype="DATE"> 96-32 </term>. Common follow-up information management system created.</p>
          <p>(a)The<hi rend="strikethrough">DES</hi><hi rend="underlined"><term type="NE" subtype="ORGANIZATION"> Department of Commerce, Division of Labor and Economic Analysis </term> (DLEA),</hi>shall develop, implement, and maintain a common follow-up information management system for tracking the<hi rend="strikethrough">employment status of</hi><hi rend="underlined">performance measures related to</hi>current and former participants in State job training, education, and placement programs. The system shall provide for the automated collection, organization, dissemination, and analysis of data obtained from State-funded programs that provide job training and education and job placement services to program participants. In developing the system, the<hi rend="strikethrough">DES</hi><hi rend="underlined"><term type="NE" subtype="PERSON"> DLEA </term></hi>shall ensure that data and information collected from State agencies is confidential, not open for general public inspection, and maintained and disseminated in a manner that protects the identity of individual persons from general public disclosure.</p>
          <p>(b)The<hi rend="strikethrough">DES</hi><hi rend="underlined"><term type="NE" subtype="PERSON"> DLEA </term></hi>shall adopt procedures and guidelines for the development and implementation of the CFS authorized under this section.</p>
          <p>(c)Based on data collected under the <term type="NE" subtype="MISC"> CFS </term>, the<hi rend="strikethrough">DES</hi><hi rend="underlined"><term type="NE" subtype="PERSON"> DLEA </term></hi>shall evaluate the effectiveness of job training, education, and placement programs to determine if specific program goals and objectives are attained, to determine placement and completion rates for each program, and to make recommendations regarding the continuation of State funding for programs evaluated.</p>
          <p>
            <hi rend="underlined">(d)</hi>
            <hi rend="underlined">The DLEA shall do the following:</hi>
          </p>
          <p>
            <hi rend="underlined">(1)</hi>
            <hi rend="underlined">Collaborate with the <term type="NE" subtype="ORGANIZATION"> Commission on Workforce Development </term> to develop common performance measures across workforce programs in the <term type="NE" subtype="ORGANIZATION"> Department of Commerce </term>, the <term type="NE" subtype="ORGANIZATION"> Department of Health and Human Services </term>, the <term type="NE" subtype="ORGANIZATION"> Community Colleges System Office </term>, the <term type="NE" subtype="ORGANIZATION"> Department of Administration </term>, and the <term type="NE" subtype="ORGANIZATION"> Department of Public Instruction </term> that can be tracked through the <term type="NE" subtype="MISC"> CFS </term> in order to assess and report on workforce development program performance.</hi>
          </p>
          <p>
            <hi rend="underlined">(2)</hi>
            <hi rend="underlined">Determine whether other workforce development programs not participating in <term type="NE" subtype="MISC"> CFS </term> should be required to report information and data.</hi>
          </p>
          <p>
            <hi rend="underlined">(3)</hi>
            <hi rend="underlined">Provide information from <term type="NE" subtype="MISC"> CFS </term> to reporting agencies <term type="NE" subtype="SET"> annually </term>.</hi>
          </p>
          <p>
            <hi rend="underlined">(4)</hi>
            <hi rend="underlined">Provide training for participating agencies to ensure data quality and consistency.</hi>
          </p>
          <p>
            <hi rend="underlined">(5)</hi>
            <hi rend="underlined">Develop common data definitions that are shared across agencies contributing information to the system.</hi>
          </p>
          <p>
            <hi rend="underlined">(e)</hi>
            <hi rend="underlined">The <term type="NE" subtype="ORGANIZATION"> Department of Commerce </term> shall ensure that funding and staff resources for the CFS are not diverted to other programs or systems managed by the <term type="NE" subtype="ORGANIZATION"> Department of Commerce </term>.</hi>
          </p>
        </div2>
        <div2 type="section" n="13">
          <head>SECTION 4. (b)<term type="NE" subtype="DATE"> Beginning March 15, 2013 </term>, the <term type="NE" subtype="ORGANIZATION"> Department of Commerce </term> shall report <term type="NE" subtype="SET"> quarterly </term> to the <term type="NE" subtype="ORGANIZATION"> Joint Legislative Workforce Development System Reform Oversight Committee </term> on its efforts to strengthen the common follow-up information management system, with a final report due by <term type="NE" subtype="DATE"> December 15, 2014 </term>.</head>
        </div2>
        <div2 type="section" n="14">
          <head>SECTION 5. (a)The <term type="NE" subtype="ORGANIZATION"> Department of Commerce </term> shall convene a group of program administrators to develop a plan for a common <term type="NE" subtype="MISC"> Internet-based </term> intake system for the State's workforce development efforts, including <term type="NE" subtype="ORGANIZATION"> JobLink Career Centers </term>. To that end, the <term type="NE" subtype="ORGANIZATION"> Department of Commerce </term>, the <term type="NE" subtype="ORGANIZATION"> Department of Health and Human Services </term>, and the <term type="NE" subtype="ORGANIZATION"> Department of Administration </term> shall develop jointly a plan that expands the <term type="NE" subtype="ORGANIZATION"> Department of Commerce </term> intake system to include workforce development programs administered by all three State agencies. The plan should include how the database will work, an implementation time line, estimated costs, and a method to pay for the up-front and ongoing costs of the system. The <term type="NE" subtype="ORGANIZATION"> Department of Commerce </term> should <term type="NE" subtype="DATE"> present </term> the plan to the <term type="NE" subtype="ORGANIZATION"> Joint Legislative Workforce Development System Reform Oversight Committee </term> no later than <term type="NE" subtype="DATE"> July 1, 2013 </term>.</head>
        </div2>
        <div2 type="section" n="15">
          <head>SECTION 5.</head>
          <p>(1)All workforce development programs.</p>
          <p>(2)The location and operating <term type="NE" subtype="DURATION"> hours </term> of service providers and community colleges.</p>
          <p>(3)Training opportunities and programs.</p>
          <p>(4)The <term type="NE" subtype="ORGANIZATION"> State </term>'s job matching system.</p>
          <p>(5)The <term type="NE" subtype="ORGANIZATION"> State </term>'s unemployment insurance filing system.</p>
          <p>The unified <term type="NE" subtype="MISC"> Web </term> portal shall be completed by <term type="NE" subtype="DATE"> July 1, 2013 </term>. The <term type="NE" subtype="ORGANIZATION"> Department of Commerce </term> should <term type="NE" subtype="DATE"> present </term> and demonstrate the unified Web portal to the <term type="NE" subtype="ORGANIZATION"> Joint Legislative Workforce Development System Reform Oversight Committee </term> by <term type="NE" subtype="DATE"> September 15, 2013 </term>.</p>
        </div2>
        <div2 type="section" n="16">
          <head>SECTION 6. The <term type="NE" subtype="ORGANIZATION"> North Carolina Community Colleges System Office </term> shall cease operation of the <term type="NE" subtype="ORGANIZATION"> Workforce Initiatives </term> program funded through grants from the <term type="NE" subtype="ORGANIZATION"> Department of Commerce </term>, and the <term type="NE" subtype="ORGANIZATION"> Department of Commerce </term> may reallocate any remaining funds <term type="NE" subtype="DATE"> previously </term> appropriated for that purpose.</head>
        </div2>
        <div2 type="section" n="17">
          <head>SECTION 7. (a)The <term type="NE" subtype="ORGANIZATION"> Joint Legislative Workforce Development System Reform Oversight Committee </term> is created.</head>
          <p>(1)Eight members of the <term type="NE" subtype="ORGANIZATION"> Senate </term> appointed by the President Pro Tempore of the <term type="NE" subtype="ORGANIZATION"> Senate </term>, at least two of whom are members of the minority party and at least one cochair of each of the following committees:</p>
          <p>a. <term type="NE" subtype="ORGANIZATION"> Senate Appropriations Committee on Education and Higher Education </term>.</p>
          <p>b. <term type="NE" subtype="ORGANIZATION"> Senate Appropriations Committee </term> on General Government and <term type="NE" subtype="ORGANIZATION"> Information Technology </term>.</p>
          <p>c. <term type="NE" subtype="ORGANIZATION"> Senate Appropriations Committee on Health and Human Services </term>.</p>
          <p>d. <term type="NE" subtype="ORGANIZATION"> Senate Appropriations Committee </term> on Natural and Economic Resources.</p>
          <p>(2)Eight members of the <term type="NE" subtype="ORGANIZATION"> House of Representatives </term> appointed by the Speaker of the <term type="NE" subtype="ORGANIZATION"> House of Representatives </term>, at least two of whom are members of the minority party and at least one cochair of each of the following committees:</p>
          <p>a. <term type="NE" subtype="ORGANIZATION"> House Appropriations Subcommittee on Education </term>.</p>
          <p>b. <term type="NE" subtype="ORGANIZATION"> House Appropriations Subcommittee </term> on General Government.</p>
          <p>c. <term type="NE" subtype="ORGANIZATION"> House Appropriations Subcommittee on Health and Human Services </term>.</p>
          <p>d. House Appropriations Subcommittee on Natural and Economic Resources.</p>
          <p>A member continues to serve until a successor is appointed. A vacancy shall be filled within <term type="NE" subtype="DURATION"> 30 days </term> by the officer who made the original appointment. The President Pro Tempore of the <term type="NE" subtype="ORGANIZATION"> Senate </term> and the Speaker of the <term type="NE" subtype="ORGANIZATION"> House of Representatives </term> each shall designate a cochair of the <term type="NE" subtype="ORGANIZATION"> Joint Legislative Workforce Development System Reform Oversight Committee </term>. The <term type="NE" subtype="ORGANIZATION"> Committee </term> shall meet at least <term type="NE" subtype="DATE"> once </term> per quarter, except while the <term type="NE" subtype="ORGANIZATION"> General Assembly </term> is in regular session, and may meet at other times upon the joint call of the cochairs.</p>
          <p>A quorum of the <term type="NE" subtype="ORGANIZATION"> Committee </term> is nine members. No action may be taken except by a majority vote at a meeting at which a quorum is <term type="NE" subtype="DATE"> present </term>. While in the discharge of its official duties, the <term type="NE" subtype="ORGANIZATION"> Committee </term> has the powers of a joint committee under G.S.120-19 and G.S.120-19. 1 through G.S.120-19. 4.</p>
          <p>Members of the <term type="NE" subtype="ORGANIZATION"> Committee </term> receive subsistence and travel expenses as provided in G.S.120-3. 1. The <term type="NE" subtype="ORGANIZATION"> Committee </term> may contract for consultants or hire employees in accordance with G.S.120-32. 02. The <term type="NE" subtype="ORGANIZATION"> Legislative Services Commission </term>, through the <term type="NE" subtype="ORGANIZATION"> Legislative Services Officer </term>, shall assign professional staff to assist the <term type="NE" subtype="ORGANIZATION"> Committee </term> in its work. Upon the direction of the <term type="NE" subtype="ORGANIZATION"> Legislative Services Commission </term>, the <term type="NE" subtype="ORGANIZATION"> Supervisors of Clerks of the Senate </term> and of the <term type="NE" subtype="ORGANIZATION"> House of Representatives </term> shall assign clerical staff to the Committee. The expenses for clerical employees shall be borne by the Committee.</p>
        </div2>
        <div2 type="section" n="18">
          <head>SECTION 7. (b)Purpose and powers. - The <term type="NE" subtype="ORGANIZATION"> Joint Legislative Workforce Development System Reform Oversight Committee </term> shall monitor and oversee efforts to streamline the workforce development system, enhance accountability for the workforce development system, strengthen the <term type="NE" subtype="ORGANIZATION"> JobLink Career Center </term> system, implement technology to integrate programs at <term type="NE" subtype="ORGANIZATION"> JobLink Career Centers </term>, and improve access to workforce development activities.</head>
          <p>(1)Review reports prepared by the <term type="NE" subtype="ORGANIZATION"> Department of Commerce </term>, the <term type="NE" subtype="ORGANIZATION"> Commission on Workforce Development </term>, and any other State, local, or non-State entity related to the workforce development system.</p>
          <p>(2)Monitor the integration of workforce development programs from the former <term type="NE" subtype="ORGANIZATION"> Employment Security Commission </term> into the <term type="NE" subtype="ORGANIZATION"> Department of Commerce </term>.</p>
          <p>(3)Monitor the implementation of any realignment of the local workforce development areas based on the regional council structure.</p>
          <p>(4)Monitor and review the development and implementation of the performance measures developed by the <term type="NE" subtype="ORGANIZATION"> Commission on Workforce Development </term>.</p>
          <p>(5)Monitor the implementation of improvements to the common follow-up information management system authorized by G.S.96-30 through G.S.96-35.</p>
          <p>(6)Monitor and review the programmatic requirements and the memorandum of understanding for the <term type="NE" subtype="ORGANIZATION"> JobLink Career Center </term> system.</p>
          <p>(7)Monitor and review the development plan of the common <term type="NE" subtype="MISC"> Web-based </term> intake form for workforce development programs.</p>
          <p>(8)Study any other matter related to the workforce development system that the <term type="NE" subtype="ORGANIZATION"> Committee </term> deems necessary to accomplish its purpose.</p>
        </div2>
        <div2 type="section" n="19">
          <head>SECTION 7. (c)Additional Powers. - The <term type="NE" subtype="ORGANIZATION"> Joint Legislative Workforce Development System Reform Oversight Committee </term>, while in discharge of official duties, shall have access to any paper or document, and may compel the attendance of any State official or employee before the <term type="NE" subtype="ORGANIZATION"> Committee </term>, or secure any evidence under G.S.120-19. In addition, G.S.120-19. 1 through G.S.120-19. 4 shall apply to the proceedings of the <term type="NE" subtype="ORGANIZATION"> Committee </term> as if it were a joint committee of the <term type="NE" subtype="ORGANIZATION"> General Assembly </term>.</head>
        </div2>
        <div2 type="section" n="20">
          <head>SECTION 7. (d)Reports to Committee. - Whenever a State agency is required by law to report to the <term type="NE" subtype="ORGANIZATION"> General Assembly </term> or to any of its permanent, study, or oversight committees or subcommittees on matters affecting the workforce development system, the Department shall transmit a copy of the report to the cochairs of the <term type="NE" subtype="ORGANIZATION"> Joint Legislative Workforce Development System Reform Oversight Committee </term>.</head>
        </div2>
        <div2 type="section" n="21">
          <head>SECTION 7. (e)Interim and Final Reports. - The <term type="NE" subtype="ORGANIZATION"> Committee </term> shall make an interim report to the <term type="NE" subtype="DATE"> 2014 </term> Session of the <term type="NE" subtype="DATE"> 2013 </term> <term type="NE" subtype="ORGANIZATION"> General Assembly </term> and a final report to the <term type="NE" subtype="DATE"> 2015 </term> Regular Session of the <term type="NE" subtype="DATE"> 2015 </term> <term type="NE" subtype="ORGANIZATION"> General Assembly </term>. The interim and final reports may contain any legislation needed to implement a recommendation of the Committee. The <term type="NE" subtype="ORGANIZATION"> Committee </term> shall terminate upon filing its final report.</head>
        </div2>
        <div2 type="section" n="22">
          <head>SECTION 8. This act is effective when it becomes law.</head>
          <p>In the <term type="NE" subtype="ORGANIZATION"> General Assembly </term> read three times and ratified <term type="NE" subtype="DATE"> this the 26th day of June, 2012 </term>.</p>
          <p>s/<term type="NE" subtype="PERSON"> Walter H </term>.</p>
          <p>President of the <term type="NE" subtype="ORGANIZATION"> Senate </term></p>
          <p>s/<term type="NE" subtype="PERSON"> Thom Tillis </term></p>
          <p>Speaker of the House of Representatives</p>
          <p>_____________________________________</p>
          <p>Beverly E.</p>
          <p>Governor</p>
          <p>Approved __________. m.</p>
        </div2>
      </div1>
    </body>
  </text>
</TEI>
