<TEI xmlns="http://www.tei-c.org/ns/1.0">
  <teiHeader xml:lang="en">
    <fileDesc>
      <titleStmt>
        <title xml:id="NC-2011-S892">Require DOT Strategic Prioritization Process.</title>
        <author/>
      </titleStmt>
      <editionStmt>
        <edition>v1</edition>
      </editionStmt>
      <publicationStmt>
        <pubPlace>North Carolina</pubPlace>
        <idno>NC-2011-S892</idno>
        <date>2011</date>
      </publicationStmt>
      <sourceDesc>
        <bibl>www.ncleg.net\Sessions\2011\Bills\Senate\HTML\S892v1.html</bibl>
      </sourceDesc>
    </fileDesc>
  </teiHeader>
  <text xml:lang="en">
    <front>
      <div1 type="abstract">
        <head>A bill to be entitled an act to codify the provisions of executive order no. 2 that require the department of transportation to develop and utilize a strategic prioritization process for selection of transportation projects, as recommended by the joint legislative transportation oversight committee.</head>
      </div1>
    </front>
    <body>
      <div1>
        <opener>
          <salute>The <term type="NE" subtype="ORGANIZATION"> General Assembly of North Carolina </term> enacts:</salute>
        </opener>
        <div2 type="section" n="1">
          <head>SECTION 1. G.S.</head>
          <p>
            <hi rend="underlined">(42)</hi>
            <hi rend="underlined">The Department shall develop and utilize a process for selection of transportation projects that is based on professional standards in order to most efficiently use limited resources to benefit all citizens of the State. The strategic prioritization process should be a systematic, data-driven process that includes a combination of quantitative data, qualitative input, and multimodal characteristics, and should include local input. The Department shall develop a process for standardizing or approving local methodology used in Metropolitan Planning Organization and <term type="NE" subtype="ORGANIZATION"> Rural Transportation Planning Organization </term> prioritization.</hi>
          </p>
          <p>SECTION 2. This act is effective when it becomes law.</p>
        </div2>
      </div1>
    </body>
  </text>
</TEI>
