<TEI xmlns="http://www.tei-c.org/ns/1.0">
  <teiHeader xml:lang="en">
    <fileDesc>
      <titleStmt>
        <title xml:id="NC-2007-H1527">Partition Sales of Real Property.</title>
        <author>Representative Bryant. </author>
      </titleStmt>
      <editionStmt>
        <edition>v0</edition>
      </editionStmt>
      <publicationStmt>
        <pubPlace>North Carolina</pubPlace>
        <idno>NC-2007-H1527</idno>
        <date>2007</date>
      </publicationStmt>
      <sourceDesc>
        <bibl>www.ncleg.net\Sessions\2007\Bills\House\HTML\H1527v0.html</bibl>
      </sourceDesc>
    </fileDesc>
  </teiHeader>
  <text xml:lang="en">
    <front>
      <div1 type="abstract">
        <head>A bill to be entitled an act allowing the partition sale of real property only when it is in the best interest of the cotenants, authorizing nonpetitioning cotenants to buy out the interest of petitioning cotenants, and prohibiting the assessing of attorneys' fees against nonpetitioning cotenants.</head>
      </div1>
    </front>
    <body>
      <div1>
        <opener>
          <salute>The <term type="NE" subtype="ORGANIZATION"> General Assembly of North Carolina </term> enacts:</salute>
        </opener>
        <div2 type="section" n="1">
          <head>SECTION 1. G.S.</head>
          <p>&#167; <term type="NE" subtype="DATE"> 46-22 </term>. Sale in lieu of partition.</p>
          <p>(a)The court shall order a sale of the property described in the petition, or of any part, only if it finds, by a preponderance of the evidence, that<hi rend="strikethrough">an actual partition of the lands can not be made without substantial injury to any of the interested parties.</hi></p>
          <p>
            <hi rend="underlined">a sale is in the 'best interest' of all the cotenants.</hi>
          </p>
          <p>
            <hi rend="underlined">(1)</hi>
            <hi rend="underlined">The fair market value of each cotenant's share after an in-kind partition compared to the share of each cotenant in the money equivalent that would be obtained from the sale of the whole.</hi>
          </p>
          <p>
            <hi rend="underlined">(2)</hi>
            <hi rend="underlined">Whether an in-kind partition or sale of the property would result in the material impairment of any cotenant's rights.</hi>
          </p>
          <p>
            <hi rend="underlined">(3)</hi>
            <hi rend="underlined">The use of the property for the livelihood of any cotenant.</hi>
          </p>
          <p>
            <hi rend="underlined">(4)</hi>
            <hi rend="underlined">The noneconomic uses and value of the property to the cotenants.</hi>
          </p>
          <p>
            <hi rend="underlined">(5)</hi>
            <hi rend="underlined">The existence of a homestead on the property.</hi>
          </p>
          <p>
            <hi rend="underlined">(6)</hi>
            <hi rend="underlined">The length of any familial retention of the property and the interest and ability of any cotenant to continue the retention.</hi>
          </p>
          <p>
            <hi rend="underlined">(7)</hi>
            <hi rend="underlined">The length of time and the extent to which each cotenant resided at, took care of, or contributed to the upkeep of the property.</hi>
          </p>
          <p>
            <hi rend="underlined">(8)</hi>
            <hi rend="underlined">The extent to which each cotenant visited, spent time with, or provided care or companionship to the owners or residents of the property, and the extent and nature of any long-term relationship that existed between each cotenant and the owners or residents of the property.</hi>
          </p>
          <p>
            <hi rend="strikethrough">(b)</hi>
            <hi rend="strikethrough">Substantial injury means the fair market value of each share in an in-kind partition would be materially less than the share of each cotenant in the money equivalent that would be obtained from the sale of the whole, and if an in-kind division would result in material impairment of the cotenant's rights.</hi>
          </p>
          <p>(c)The court shall specifically find the<hi rend="strikethrough">facts</hi><hi rend="underlined">facts, including those provided in subsection (a)of this section,</hi>supporting an order of sale of the property.</p>
          <p>(d)The party seeking a sale of the property shall have the burden of proving<hi rend="strikethrough">substantial injury</hi><hi rend="underlined">best interest</hi>under the provisions of this section.</p>
        </div2>
        <div2 type="section" n="2">
          <head>SECTION 2.</head>
          <p>
            <hi rend="underlined">&#167; <term type="NE" subtype="DATE"> 46-22 </term>. 1. Sale of cotenants' interest in lieu of sale of property.</hi>
          </p>
          <p>
            <hi rend="underlined">(a)</hi>
            <hi rend="underlined">If the court determines the property can not be partitioned in-kind as provided in Article 1 of this Chapter, the court shall, prior to ordering a sale of the property described in the petition, or of any part, allow the nonpetitioning cotenants to purchase the petitioner's interest in the property (the 'buyout option'). The court shall notify any nonpetitioning cotenant who appears in person before the court without counsel of the buyout option. A nonpetitioning cotenant who wishes to exercise the buyout option shall notify the court of the cotenant's intent no later than <term type="NE" subtype="DURATION"> 10 days </term> before the date the matter is scheduled for trial. A nonpetitioning cotenant may purchase an interest in the property as provided in this section even if a default judgment has been entered against the cotenant. If more than one nonpetitioning cotenant wishes to exercise the buyout option, each shall be entitled to purchase an equal portion of the interest subject to sale.</hi>
          </p>
          <p>
            <hi rend="underlined">(b)</hi>
            <hi rend="underlined">If the cotenants can not agree on the price of the petitioner's interest, the value of the interest shall be determined by one or more competent and independent real estate appraisers approved and appointed by the court. <term type="NE" subtype="DURATION"> A second </term> appraiser shall be appointed if <term type="NE" subtype="DURATION"> a second </term> appraisal is requested by the cotenants and the court finds that <term type="NE" subtype="DURATION"> a second </term> appraisal is needed. The cost of any appraisals ordered pursuant to this section shall be taxed as part of the costs of court to all cotenants. The cotenants may also on their own submit <term type="NE" subtype="DURATION"> a second </term> appraisal to the court, and the cotenants shall pay the cost of that appraisal.</hi>
          </p>
          <p>
            <hi rend="underlined">(c)</hi>
            <hi rend="underlined">An appraiser appointed under subsection (b)of this section shall file a written appraisal of the property to the court within <term type="NE" subtype="DURATION"> 30 days </term> of being appointed. If the court receives appraisals of different values, the court shall evaluate the appraisals and determine the weight to be given to each in determining the value of the interest subject to sale.</hi>
          </p>
          <p>
            <hi rend="underlined">(d)</hi>
            <hi rend="underlined">If the petitioner objects to the value of the interest as determined by an appraiser, the petitioner shall file written notice of the objection with the court no later than <term type="NE" subtype="DURATION"> 10 days </term> after the filing of the appraiser's report and shall request a hearing on the value of the interest subject to sale. The court shall hold a hearing limited to determining the value of the interest subject to sale and, after hearing evidence as to the issue, shall enter an order stating the value.</hi>
          </p>
          <p>
            <hi rend="underlined">(e)</hi>
            <hi rend="underlined">Upon a determination of the value of the interest as provided in this section, the nonpetitioning cotenants who have exercised the buyout option shall have <term type="NE" subtype="DURATION"> 45 days </term> to pay into the court the price set as the value of the interest. Upon payment of the price, the court shall order that the proper instruments transferring title in the interest be executed and delivered to the purchasing cotenants.</hi>
          </p>
          <p>
            <hi rend="underlined">(f)</hi>
            <hi rend="underlined">If one or more but not all of the cotenants who exercised the buyout option fail to pay the price set as the value of the interest, the remaining cotenants who exercised the buyout option may purchase an equal share of the defaulting cotenant's interest by paying the price of the share into the court within <term type="NE" subtype="DURATION"> five days </term> after the expiration of the <term type="NE" subtype="DURATION"> 45-day </term> deadline provided in subsection (e)of this section. If none of the cotenants who exercised the buyout option pay the price set as the value of the interest, the court may order a sale of the property as provided in G.S.46-22.</hi>
          </p>
          <p>
            <hi rend="underlined">(g)</hi>
            <hi rend="underlined">This section shall not apply when there is a written tenants-in-common or joint tenants management agreement.</hi>
          </p>
          <p>
            <hi rend="underlined">&#167; <term type="NE" subtype="DATE"> 46-22 </term>. 2. Attorneys' fees prohibited.</hi>
          </p>
          <p>
            <hi rend="underlined">In a partition proceeding under Articles 1 or 2 of this Chapter, the court shall not assess attorneys' fees against a nonpetitioning cotenant who contests the partition or sale of the property or hires an attorney to represent the nonpetitioning cotenant's interest. For purposes of this section, a cotenant's oral communication to the court that the cotenant opposes the partition or sale of the property is sufficient evidence that the action is contested.</hi>
          </p>
        </div2>
        <div2 type="section" n="3">
          <head>SECTION 3. G.S.</head>
          <p>(7)All costs and expenses incurred in special proceedings for the division or sale of either real estate or personal property under the Chapter entitled<hi rend="strikethrough">Partition.</hi><hi rend="underlined">Partition, except as therein otherwise provided.</hi></p>
        </div2>
        <div2 type="section" n="4">
          <head>SECTION 4. This act is effective when it becomes law.</head>
        </div2>
      </div1>
    </body>
  </text>
</TEI>
