<TEI xmlns="http://www.tei-c.org/ns/1.0">
  <teiHeader xml:lang="en">
    <fileDesc>
      <titleStmt>
        <title xml:id="NC-2011-H752">Revolving Door.</title>
        <author>Representatives Weiss and Justice (Primary Sponsors). </author>
      </titleStmt>
      <editionStmt>
        <edition>v0</edition>
      </editionStmt>
      <publicationStmt>
        <pubPlace>North Carolina</pubPlace>
        <idno>NC-2011-H752</idno>
        <date>2011</date>
      </publicationStmt>
      <sourceDesc>
        <bibl>www.ncleg.net\Sessions\2011\Bills\House\HTML\H752v0.html</bibl>
      </sourceDesc>
    </fileDesc>
  </teiHeader>
  <text xml:lang="en">
    <front>
      <div1 type="abstract">
        <head>A bill to be entitled an act to extend the time period during which legislators and certain public servants are prohibited from registering as a lobbyist after leaving office or employment; and to prohibit public servants from accepting economic benefit from certain persons after leaving office or employment.</head>
      </div1>
    </front>
    <body>
      <div1>
        <opener>
          <salute>The <term type="NE" subtype="ORGANIZATION"> General Assembly of North Carolina </term> enacts:</salute>
        </opener>
        <div2 type="section" n="1">
          <head>SECTION 1. G.S.</head>
          <p>&#167; 120C-304. Restrictions.</p>
          <p>(a)No legislator or former legislator may register as a lobbyist under this Chapter:</p>
          <p>(1)While in office.</p>
          <p>(2)Before the later of the close of session as set forth in G.S.120C-100 (a)(4)b.<hi rend="strikethrough"><term type="NE" subtype="DURATION"> six months </term></hi><hi rend="underlined"><term type="NE" subtype="DURATION"> one year </term></hi>after leaving office.</p>
          <p>(b)No public servant or former public servant as defined in G.S.138A-3 (30)a.<hi rend="strikethrough"><term type="NE" subtype="DURATION"> six months </term></hi><hi rend="underlined"><term type="NE" subtype="DURATION"> one year </term></hi>after leaving office.</p>
          <p>(c)No public servant or former public servant as defined in G.S.138A-3 (30)c.<hi rend="strikethrough"><term type="NE" subtype="DURATION"> six months </term></hi><hi rend="underlined"><term type="NE" subtype="DURATION"> one year </term></hi>after separation from employment as a public servant. No other employee of any State agency may register as a lobbyist under this Chapter to lobby the State agency that previously employed the former employee within<hi rend="strikethrough"><term type="NE" subtype="DURATION"> six months </term></hi><hi rend="underlined"><term type="NE" subtype="DURATION"> one year </term></hi>after voluntary separation or separation for cause from that State agency.</p>
          <p>
            <hi rend="underlined">(c1)</hi>
            <hi rend="underlined">No public servant as defined in G.S.138A-3 (30)a., c., or d. shall, within <term type="NE" subtype="DURATION"> one year </term> of leaving office or separation from employment with the <term type="NE" subtype="ORGANIZATION"> State </term>, accept employment or compensation from any person or business entity that contracts with, does business with, or is regulated by the <term type="NE" subtype="ORGANIZATION"> State </term> in matters in which the public servant was directly involved during <term type="NE" subtype="DURATION"> the final 36 months </term> of the public servant's term of office or employment with the State.</hi>
          </p>
          <p>(d)No individual registered as a lobbyist under this Chapter shall serve as a treasurer as defined in G.S.163-278. 6 (19)or an assistant campaign treasurer for a political committee for the election of a member of the <term type="NE" subtype="ORGANIZATION"> General Assembly </term> or a Constitutional officer of the State.</p>
          <p>(e)A lobbyist shall not be eligible for appointment by a <term type="NE" subtype="ORGANIZATION"> State </term> official to, or service on, any body created under the laws of this State that has regulatory authority over the activities of a person or governmental unit that the lobbyist <term type="NE" subtype="DATE"> currently </term> represents or has represented within <term type="NE" subtype="DURATION"> 120 days </term> after the expiration of the lobbyist's registration representing that person or governmental unit. Nothing herein shall be construed to prohibit appointment by any unit of local government.</p>
          <p>(f)Any appointment or registration made in violation of this section shall be void.</p>
        </div2>
        <div2 type="section" n="2">
          <head>SECTION 2. This act becomes effective <term type="NE" subtype="DATE"> January 1, 2012 </term>.</head>
        </div2>
      </div1>
    </body>
  </text>
</TEI>
