<TEI xmlns="http://www.tei-c.org/ns/1.0">
  <teiHeader xml:lang="en">
    <fileDesc>
      <titleStmt>
        <title xml:id="NC-2015-S371">LME/MCO Claims Reporting.</title>
        <author/>
      </titleStmt>
      <editionStmt>
        <edition>v2</edition>
      </editionStmt>
      <publicationStmt>
        <pubPlace>North Carolina</pubPlace>
        <idno>NC-2015-S371</idno>
        <date>2015</date>
      </publicationStmt>
      <sourceDesc>
        <bibl>www.ncleg.net\Sessions\2015\Bills\Senate\HTML\S371v2.html</bibl>
      </sourceDesc>
    </fileDesc>
  </teiHeader>
  <text xml:lang="en">
    <front>
      <div1 type="abstract">
        <head>A bill to be entitled an act to modernize data collection by the department of health and human services related to lme/mco managed care claims.</head>
      </div1>
    </front>
    <body>
      <div1>
        <opener>
          <salute>The <term type="NE" subtype="ORGANIZATION"> General Assembly of North Carolina </term> enacts:</salute>
        </opener>
        <p>Whereas, the <term type="NE" subtype="ORGANIZATION"> Department of Health and Human Services </term> (<term type="NE" subtype="ORGANIZATION"> DHHS </term>)contracts with local management entities/managed care organizations (LME/MCOs)for the management of services for mental health, intellectual and developmental disabilities, and substance abuse disorders; and</p>
        <p>Whereas, LME/MCOs are paid to manage <term type="NE" subtype="MISC"> Medicaid </term> services on a capitated basis and are at full financial risk for the cost of services delivered through a network of contracted service providers; and</p>
        <p>Whereas, LME/MCOs operate pursuant to federal <term type="NE" subtype="ORGANIZATION"> Medicaid </term> managed care rules and have the authority to set rates and utilization rules that are different than fee-for-services payment models; and</p>
        <p>Whereas, LME/MCOs also manage State and federal block grant funds under contracts with DHHS; and</p>
        <p>Whereas, <term type="NE" subtype="ORGANIZATION"> DHHS </term> requires LME/MCOs to report records of claims payments to providers (encounter data)through NCTracks for both <term type="NE" subtype="MISC"> Medicaid </term> and State-funded services; and</p>
        <p>Whereas, each LME/MCO has an <term type="NE" subtype="SET"> annual </term> quality review by <term type="NE" subtype="ORGANIZATION"> DHHS </term>, an <term type="NE" subtype="SET"> annual </term> compliance audit by an independent auditor, and two <term type="NE" subtype="ORGANIZATION"> DHHS </term> audits conducted pursuant to S.L.</p>
        <p>Whereas, the results of each LME/MCO's numerous audits are utilized to evaluate quality, ensure operational competence and contract compliance, and verify that all federal <term type="NE" subtype="ORGANIZATION"> Medicaid </term> managed care requirements are met; and</p>
        <p>Whereas, <term type="NE" subtype="ORGANIZATION"> DHHS </term> has multiple responsibilities to the <term type="NE" subtype="ORGANIZATION"> Centers for Medicare </term> and <term type="NE" subtype="ORGANIZATION"> Medicaid Services </term> (CMS), to federal authorities for block grants, and to the <term type="NE" subtype="ORGANIZATION"> General Assembly </term> for the proper and accountable expenditure of funds managed by the LME/MCOs in accordance with State and federal requirements and for the review and audit of encounter data necessary for the implementation of these responsibilities; <term type="NE" subtype="DATE"> Now </term>, therefore,</p>
        <div2 type="section" n="1">
          <head>SECTION 1.</head>
          <p>(1)LME/MCOs shall submit to the <term type="NE" subtype="ORGANIZATION"> Department of Health and Human Services </term> (DHHS)encounter data, consisting of records of claims payments made to providers, for <term type="NE" subtype="MISC"> Medicaid </term> and State-funded mental health, intellectual and developmental disabilities, and substance abuse disorder services using a single nationally recognized, standardized electronic format, which shall be specified to the LME/MCOs in advance to assure compliance with the format of encounter data submitted to the DHHS.</p>
          <p>(2)DHHS may use encounter data for purposes including, but not limited to, setting LME/MCO capitation rates, measuring the quality of services managed by LME/MCOs, assuring compliance with State and federal regulations, and for oversight and audit functions.</p>
          <p>(3)DHHS, pursuant to G.S.143B-426. 38A, shall share encounter data with the <term type="NE" subtype="ORGANIZATION"> Government Data Analytics Center </term> in order to leverage existing public-private partnerships and subject matter expertise that can assist in providing outcome-based analysis of services and programs as well as population health analytics of the LME/MCO patient population.</p>
          <p>(4)DHHS shall work with LME/MCOs to ensure that the process for submitting encounter claims through NCTracks is successful.</p>
          <p>(5)DHHS shall report to the <term type="NE" subtype="ORGANIZATION"> Joint Legislative Oversight Committee on Health and Human Services </term> regarding the status of this section on or before <term type="NE" subtype="DATE"> October 31, 2015 </term>.</p>
        </div2>
        <div2 type="section" n="2">
          <head>SECTION 2. This act is effective when it becomes law.</head>
        </div2>
      </div1>
    </body>
  </text>
</TEI>
