<TEI xmlns="http://www.tei-c.org/ns/1.0">
  <teiHeader xml:lang="en">
    <fileDesc>
      <titleStmt>
        <title xml:id="NC-2011-S890">Transportation Reform/Codify Executive Order.</title>
        <author/>
      </titleStmt>
      <editionStmt>
        <edition>v3</edition>
      </editionStmt>
      <publicationStmt>
        <pubPlace>North Carolina</pubPlace>
        <idno>NC-2011-S890</idno>
        <date>2011</date>
      </publicationStmt>
      <sourceDesc>
        <bibl>www.ncleg.net\Sessions\2011\Bills\Senate\HTML\S890v3.html</bibl>
      </sourceDesc>
    </fileDesc>
  </teiHeader>
  <text xml:lang="en">
    <front>
      <div1 type="abstract">
        <head>A bill to be entitled an act to codify the provisions of executive order no. 2 that delegate to the secretary of transportation the authority to approve highway construction projects and construction plans and to award highway construction contracts, require the department of transportation to develop and utilize a strategic prioritization process for selection of transportation projects, and strengthen the board of transportation ethics policy, as recommended by the joint legislative transportation oversight committee.</head>
      </div1>
    </front>
    <body>
      <div1>
        <opener>
          <salute>The <term type="NE" subtype="ORGANIZATION"> General Assembly of North Carolina </term> enacts:</salute>
        </opener>
        <div2 type="section" n="1">
          <head>SECTION 1. G.S.</head>
          <p>(g)Delegation of Board Duties.<hi rend="strikethrough">may, in its discretion,</hi><hi rend="underlined">shall</hi>delegate to the Secretary of Transportation the<hi rend="strikethrough">authority:</hi><hi rend="underlined">authority under subdivisions (1)and (2)of this subsection, and may delegate the authority under subdivision (3)of this subsection:</hi></p>
          <p>(1)To approve all highway construction projects and construction plans for the construction of projects;</p>
          <p>(2)To award all highway construction contracts;</p>
          <p>(3)To promulgate rules, regulations, and ordinances concerning all transportation functions assigned to the Department.</p>
          <p>The Secretary may, in turn, subdelegate these duties and powers.</p>
        </div2>
        <div2 type="section" n="2">
          <head>SECTION 2. G.S.</head>
          <p>
            <hi rend="underlined">(42)</hi>
            <hi rend="underlined">The Department shall develop and utilize a process for selection of transportation projects that is based on professional standards in order to most efficiently use limited resources to benefit all citizens of the State. The strategic prioritization process should be a systematic, data-driven process that includes a combination of quantitative data, qualitative input, and multimodal characteristics, and should include local input. The Department shall develop a process for standardizing or approving local methodology used in Metropolitan Planning Organization and <term type="NE" subtype="ORGANIZATION"> Rural Transportation Planning Organization </term> prioritization.</hi>
          </p>
        </div2>
        <div2 type="section" n="3">
          <head>SECTION 3. G.S.</head>
          <p>
            <hi rend="underlined">(o)</hi>
            <hi rend="underlined">Additional Ethics Requirements. - Board members shall sign a sworn statement that they will abide by the disclosure, ethics, and education requirements of this section and of Chapter 138A of the General Statutes. Following the convening of each <term type="NE" subtype="ORGANIZATION"> Board of Transportation </term> meeting, and prior to the conduct of business, each <term type="NE" subtype="ORGANIZATION"> Board </term> member shall sign a sworn statement that the member has no financial, professional, or other interest in any project being considered on the meeting agenda. To the extent the Board member has such an interest, the chair and member shall take all appropriate steps to ensure that the interest is properly evaluated and addressed in accordance with law and that the member is not permitted to act on any matter in which the member has a disqualifying conflict of interest.</hi>
          </p>
        </div2>
        <div2 type="section" n="4">
          <head>SECTION 4. This act is effective when it becomes law.</head>
        </div2>
      </div1>
    </body>
  </text>
</TEI>
