<TEI xmlns="http://www.tei-c.org/ns/1.0">
  <teiHeader xml:lang="en">
    <fileDesc>
      <titleStmt>
        <title xml:id="NC-2009-H422"/>
        <author> Speaker of the House of Representatives</author>
      </titleStmt>
      <editionStmt>
        <edition>v3</edition>
      </editionStmt>
      <publicationStmt>
        <pubPlace>North Carolina</pubPlace>
        <idno>NC-2009-H422</idno>
        <date>2009</date>
      </publicationStmt>
      <sourceDesc>
        <bibl>www.ncleg.net\Sessions\2009\Bills\House\HTML\H422v3.html</bibl>
      </sourceDesc>
    </fileDesc>
  </teiHeader>
  <text xml:lang="en">
    <front>
      <div1 type="abstract">
        <head>A bill to be entitled an act to annex certain described property to the corporate limits of the city of<term type="NE" subtype="LOCATION">kannapolis</term >.</head>
      </div1>
    </front>
    <body>
      <div1>
        <opener>
          <salute>The <term type="NE" subtype="ORGANIZATION"> General Assembly of North Carolina </term> enacts:</salute>
        </opener>
        <div2 type="section" n="1">
          <head>SECTION 1.</head>
          <p>Being tracts of GDRM Gateway, <term type="NE" subtype="ORGANIZATION"> LLC </term> in <term type="NE" subtype="LOCATION"> China Grove Township </term>, <term type="NE" subtype="LOCATION"> Rowan County </term>, <term type="NE" subtype="LOCATION"> North Carolina </term>, and more particularly described as follows:</p>
          <p><term type="NE" subtype="ORDINAL"> FIRST </term> TRACT East side Interstate 85</p>
          <p>Beginning at a railroad spike in the center line of <term type="NE" subtype="PERSON"> Brunner Sloop Rd </term>. SR <term type="NE" subtype="DATE"> 1418 </term>. Said railroad spike being N 03-00-00 E 30. 84 ft. to an iron pipe at the corner of <term type="NE" subtype="ORDINAL"> second </term> tract and <term type="NE" subtype="ORDINAL"> seventh </term> tract of GDRM Gateway, <term type="NE" subtype="ORGANIZATION"> LLC </term>.</p>
          <p>Thence with <term type="NE" subtype="PERSON"> Tony L </term>. Beaver line S 03-00-00 W 513. 80 ft. to an iron pin corner of <term type="NE" subtype="PERSON"> Tony </term> I.Beaver and <term type="NE" subtype="PERSON"> Ernest L </term>. Cole. Thence 2 lines with <term type="NE" subtype="ORGANIZATION"> Earnest L </term>. Cole (1)N 86-56-54 W 1,346. 04 ft. to an iron pin, (2)Thence S 01-32-52 W 324. 73 ft. to an iron pin on <term type="NE" subtype="PERSON"> Earlene Wallace </term> line. Thence with <term type="NE" subtype="PERSON"> Earlene H </term>. <term type="NE" subtype="PERSON"> Wallace </term> N 86-42-14 W 1,359. 04 ft. to an iron pin <term type="NE" subtype="PERSON"> Earlene Wallace </term> and <term type="NE" subtype="PERSON"> Thomas N </term>. <term type="NE" subtype="PERSON"> Corl </term> corner. Thence six lines with <term type="NE" subtype="PERSON"> Thomas N </term>. <term type="NE" subtype="PERSON"> Corl </term> (1)N 85-42-27 W 285. 77 ft. to a White Oak tree (2)N 02-49-55 E 10. 39 ft. to an iron pin (3)N 86-34-54 W 505. 02 ft. to a point (4)N 12-58-11 E 89. 91 ft. to an iron pin (5)N 86-35-54 W 80. 14 ft. to an iron pin (6)S 12-57-43 W 99. 98 ft. to an iron pin on <term type="NE" subtype="PERSON"> Jeffrey P </term>. <term type="NE" subtype="PERSON"> Fritts </term> line. Thence with <term type="NE" subtype="PERSON"> Jefferey P </term>. <term type="NE" subtype="PERSON"> Fritts </term> line N 86-31-16 W 122. 11 ft. to a stone on <term type="NE" subtype="PERSON"> Floyd W </term>. <term type="NE" subtype="PERSON"> Propst </term> line. Thence three lines with <term type="NE" subtype="PERSON"> Floyd W </term>. <term type="NE" subtype="PERSON"> Propst </term> (1)N <term type="NE" subtype="DATE"> 04-19-13 </term> E 546. 62 ft. to an iron pipe (2)N 87-30-00 E 1,058. 00 ft. to an iron pipe (3)S 00-30-00 E 271. 66 ft. to an iron stake corner of R.E.<term type="NE" subtype="PERSON"> Archie </term> and on the line of <term type="NE" subtype="PERSON"> Floyd W </term>. <term type="NE" subtype="PERSON"> Propst </term>. Thence with the lines of R.E.<term type="NE" subtype="PERSON"> Archie </term> and D.W.<term type="NE" subtype="PERSON"> Leonard N </term> 88-00-00 W 849. 00 ft. to a point on the right-of-way of Interstate 85 North. Thence six lines with the right-of-way of <term type="NE" subtype="MISC"> Interstate </term> 85 <term type="NE" subtype="MISC"> North </term> (1)N 00-07-34 E 1,005. 58 ft. to a pipe (2)N 07-56-44 E 14. 57 ft. to a concrete monument (3)N <term type="NE" subtype="DATE"> 07-14-04 </term> E 467. 78 ft. to a concrete monument (4)N 23-35-33 W 198. 93 ft. to a concrete monument (5)N <term type="NE" subtype="DATE"> 08-09-48 </term> E 5. 78 ft. to an iron pipe (6)along a curve having a radius of 11,313. 16 ft., arc of 640. 98 ft. and a chord bearing of N 03-58-43 E 640. 90 ft. to an iron pipe, J.L.<term type="NE" subtype="PERSON"> Morris </term> corner of the right-of-way of Interstate 85 North. Thence with J.L.<term type="NE" subtype="PERSON"> Morris </term>, A.R.Beaver, <term type="NE" subtype="ORGANIZATION"> R </term>. S.<term type="NE" subtype="PERSON"> Morris </term>, and J.L.Vanover lines S 87-42-45 E 1,055. 53 ft. to a stone and iron pipe on J.L.<term type="NE" subtype="PERSON"> Vanover </term> line. Thence with J.L.<term type="NE" subtype="PERSON"> Vanover </term>, C.G.<term type="NE" subtype="PERSON"> Keller </term>, and S.M.<term type="NE" subtype="PERSON"> Garmon </term> lines S 87-30-00 E 1,468. 00 ft. to a stone S.M.<term type="NE" subtype="PERSON"> Garmon </term> corner. Thence with S.M.<term type="NE" subtype="PERSON"> Garmon </term> line N <term type="NE" subtype="DATE"> 03-30-00 </term> E 313. 00 ft. to a stone on S.M.<term type="NE" subtype="PERSON"> Garmon </term> line and <term type="NE" subtype="PERSON"> Barbara R </term>. <term type="NE" subtype="PERSON"> Lentz </term> corner. Thence with <term type="NE" subtype="PERSON"> Barbara R </term>. <term type="NE" subtype="PERSON"> Lentz </term> and C.H.<term type="NE" subtype="PERSON"> Daugherty </term> lines S 88-00-00 E 1,419. 00 ft. to a pine knot on the line of <term type="NE" subtype="LOCATION"> Virgina Efird </term> line. Thence with <term type="NE" subtype="PERSON"> Virgina Efird </term> line S 03-00-00 W 198. 00 ft. to a stone. Thence with <term type="NE" subtype="PERSON"> Virgina Efird </term> line and the right-of-way of <term type="NE" subtype="LOCATION"> Backwood Lane </term> SR <term type="NE" subtype="DATE"> 1343 </term> S 80-00-00 E 1,435. 48 ft. to an iron pin on the right-of-way of <term type="NE" subtype="LOCATION"> Backwood Lane </term>. Thence with <term type="NE" subtype="PERSON"> Tracy P </term>. <term type="NE" subtype="PERSON"> Eddy </term> line S <term type="NE" subtype="DATE"> 10-14-51 </term> W 569. 78 ft. to an iron pin corner of Tracy P.<term type="NE" subtype="PERSON"> Eddy </term> on R.J.<term type="NE" subtype="PERSON"> Roberts </term> line. Thence with R.J.<term type="NE" subtype="PERSON"> Roberts </term> line N 88-00-00 W 395. 06 ft. to an iron stake R.J.<term type="NE" subtype="PERSON"> Roberts </term> corner. Thence with R.J.<term type="NE" subtype="PERSON"> Roberts </term>, <term type="NE" subtype="ORGANIZATION"> R </term>. M.<term type="NE" subtype="PERSON"> Bassinger </term>, L.W.<term type="NE" subtype="PERSON"> Bassinger </term>, and N.R.<term type="NE" subtype="PERSON"> Bassinger </term> line S 05-00-00 W 613. 80 ft. to an iron stake, N.R.<term type="NE" subtype="PERSON"> Bassinger </term> corner. Thence with N.R.<term type="NE" subtype="PERSON"> Bassinger </term> line S 88-00-00 E crossing and axle at 33. 74 ft. and continuing 696. 26 ft. for a total distance of 729. 50 ft. to a stone and iron pipe J.D.Rivers corner on N.R.<term type="NE" subtype="PERSON"> Bassinger </term> line. Thence with J.R.Rivers line S 04-46-00 W 387. 57 ft. to an iron at J.R.Rivers corner. Thence with J.R.Rivers line S 03-43-00 W crossing an iron at 210. 89 ft. and continuing 30. 84 ft. for a total distance of 241. 73 ft. to a railroad spike in the center line of <term type="NE" subtype="LOCATION"> Brunner Sloop Road </term> SR <term type="NE" subtype="DATE"> 1418 </term> to the place of Beginning, containing 296. 86 acres more or less.</p>
          <p>For back title see the following Deeds:</p>
          <p>Deed Book <term type="NE" subtype="DATE"> 1132 </term> Page 724</p>
          <p>Deed Book <term type="NE" subtype="DATE"> 1111 </term> Page 588</p>
          <p>Deed Book <term type="NE" subtype="DATE"> 1115 </term> Page 835</p>
          <p>Deed Book <term type="NE" subtype="DATE"> 1115 </term> Page 734</p>
          <p>Deed Book <term type="NE" subtype="DATE"> 1110 </term> Page 969</p>
          <p><term type="NE" subtype="ORDINAL"> SECOND </term> TRACT West side Interstate 85</p>
          <p>Lying in <term type="NE" subtype="LOCATION"> China Grove Township </term>, <term type="NE" subtype="LOCATION"> Rowan County </term>, <term type="NE" subtype="LOCATION"> North Carolina </term>, and being more particularly described as follows:</p>
          <p>Beginning at an iron stake in the southern line of E.O.<term type="NE" subtype="PERSON"> Moose </term> said beginning being N 88-00-00 W approximately 708. 00 ft. to the center line of <term type="NE" subtype="LOCATION"> China Grove Road S </term>. R.<term type="NE" subtype="DATE"> 1238 </term>. Thence with the southern line of E.O.<term type="NE" subtype="PERSON"> Moose </term> S 88-00-00 E 1,150. 00 ft. to a point in the right-of-way of <term type="NE" subtype="LOCATION"> Interstate 85 South </term>. Thence in a southerly direction with the right-of-way of Interstate 85 South approximately 990. 00 ft. as it curves to a point <term type="NE" subtype="PERSON"> Charles R </term>. <term type="NE" subtype="PERSON"> Raymer </term> corner. Thence with <term type="NE" subtype="PERSON"> Charles R </term>. <term type="NE" subtype="PERSON"> Raymer </term> and V.H.<term type="NE" subtype="PERSON"> Wilhelm </term> line N 88-00-00 W 1,380. 00 ft. to an iron stake V.H.<term type="NE" subtype="PERSON"> Wilhelm </term> and D.B.<term type="NE" subtype="PERSON"> Brown </term> corner. Thence in a northeasterly direction along D.B.<term type="NE" subtype="PERSON"> Brown </term> line approximately 511 ft. to an iron stake. Thence 2 lines with R.N.White (1)N 75-45-00 E 121. 00 ft. to an iron stake (2)N 03-00-00 W 396. 00 ft. to an iron stake place of Beginning, containing 30. 10 acres more or less and is subject to the right-of-way and easement contained in <term type="NE" subtype="MISC"> Deed Book </term> 558, Page 838.</p>
          <p>For back title see the following deeds:</p>
          <p>Deed Book <term type="NE" subtype="DATE"> 1034 </term> Page <term type="NE" subtype="DATE"> 0172 </term></p>
          <p>Deed Book <term type="NE" subtype="DATE"> 1115 </term> Page 801</p>
          <p>ALSO INCLUDED</p>
          <p>That section of Interstate 85 right-of-way located between the <term type="NE" subtype="ORDINAL"> Third </term> Tract and <term type="NE" subtype="ORDINAL"> Sixth </term> Tract as shown on the map entitled <term type="NE" subtype="MISC"> Composite Map of GDRM Gateway </term>, <term type="NE" subtype="ORGANIZATION"> LLC </term>.</p>
        </div2>
        <div2 type="section" n="2">
          <head>SECTION 2. This act becomes effective <term type="NE" subtype="DATE"> September 30, 2011 </term>.</head>
          <p>In the <term type="NE" subtype="ORGANIZATION"> General Assembly </term> read three times and ratified <term type="NE" subtype="DATE"> this the 16th day of June, 2009 </term>.</p>
          <p>_____________________________________</p>
          <p><term type="NE" subtype="PERSON"> Marc Basnight </term></p>
          <p>President Pro Tempore of the <term type="NE" subtype="ORGANIZATION"> Senate </term></p>
          <p>_____________________________________</p>
          <p><term type="NE" subtype="PERSON"> Joe Hackney </term></p>
          <p>Speaker of the House of Representatives</p>
        </div2>
      </div1>
    </body>
  </text>
</TEI>
