<TEI xmlns="http://www.tei-c.org/ns/1.0">
  <teiHeader xml:lang="en">
    <fileDesc>
      <titleStmt>
        <title xml:id="NC-2011-H966"/>
        <author> Speaker of the House of Representatives</author>
      </titleStmt>
      <editionStmt>
        <edition>v3</edition>
      </editionStmt>
      <publicationStmt>
        <pubPlace>North Carolina</pubPlace>
        <idno>NC-2011-H966</idno>
        <date>2011</date>
      </publicationStmt>
      <sourceDesc>
        <bibl>www.ncleg.net\Sessions\2011\Bills\House\HTML\H966v3.html</bibl>
      </sourceDesc>
    </fileDesc>
  </teiHeader>
  <text xml:lang="en">
    <front>
      <div1 type="abstract">
        <head>A bill to be entitled an act to repeal the prohibition on teacher prepayment, clarify eligibility for the nc pre-k program, and enact<term type="NE" subtype="DURATION"><term type="NE" subtype="DURATION"> 2012-2013 </term></term>salary schedules for teachers and school administrators.</head>
      </div1>
    </front>
    <body>
      <div1>
        <opener>
          <salute>The <term type="NE" subtype="ORGANIZATION"> General Assembly of North Carolina </term> enacts:<p>repeal prohibition on prepayment of teachers</p></salute>
        </opener>
        <div2 type="section" n="1">
          <head>SECTION 1. Section 5 of S.L.2011-379 is repealed.</head>
          <p>CLARIFY NC PRE-K PROGRAM ELIGIBILITY</p>
        </div2>
        <div2 type="section" n="2">
          <head>SECTION 2. (a)Section 10. 7 (f)of S.L.</head>
          <p><hi rend="strikethrough">The prekindergarten program may continue to serve at-risk children identified through the existing child find methods in which at-risk children are <term type="NE" subtype="DATE"> currently </term> served within the Division of Child Development. The Division of Child Development shall serve at-risk children regardless of income. However, the total number of at-risk children served shall constitute no more than <term type="NE" subtype="PERCENT"> twenty percent </term> (<term type="NE" subtype="PERCENT"> 20 % </term>)of the <term type="NE" subtype="DURATION"> four-year-olds </term> served within the prekindergarten program.</hi><hi rend="underlined">The <term type="NE" subtype="ORGANIZATION"> Division of Child Development and Early Education </term> shall establish income eligibility requirements for the program not to exceed <term type="NE" subtype="PERCENT"> seventy-five percent </term> (<term type="NE" subtype="PERCENT"> 75 % </term>)of the State median income. Up to <term type="NE" subtype="PERCENT"> twenty percent </term> (<term type="NE" subtype="PERCENT"> 20 % </term>)of children enrolled may have family incomes in excess of <term type="NE" subtype="PERCENT"> seventy-five percent </term> (<term type="NE" subtype="PERCENT"> 75 % </term>)of median income if they have other designated risk factors.</hi>age-eligible child who is a child of either of the following shall be eligible for the program: (i) an active duty member of the Armed Forces of the United States, including the North Carolina National Guard, State military forces, or a reserve component of the Armed Forces, who was ordered to active duty by the proper authority within the last 18 months or is expected to be ordered within the next 18 months or (ii) a member of the Armed Forces of the United States, including the North Carolina National Guard, State military forces, or a reserve component of the Armed Forces, who was injured or killed while serving on active duty. Eligibility determinations for prekindergarten participants may continue through local education agencies and local North Carolina Partnership for Children, Inc., partnerships.</p>
        </div2>
        <div2 type="section" n="3">
          <head>SECTION 2. (b)Section 10. 7 (h)of S.L.2011-145 is repealed.</head>
          <p>TEACHER SALARY SCHEDULES</p>
        </div2>
        <div2 type="section" n="4">
          <head>SECTION 3. (a)The following <term type="NE" subtype="SET"> monthly </term> salary schedules shall apply for the <term type="NE" subtype="DURATION"> 2012-2013 </term> fiscal <term type="NE" subtype="DURATION"> year </term> to certified personnel of the public schools who are classified as teachers. The schedules contain 36 steps, with each step corresponding to <term type="NE" subtype="DURATION"> one year </term> of teaching experience. Public school employees paid according to this salary schedule and receiving NBPTS certification or obtaining a master's degree shall not be prohibited from receiving the appropriate increase in salary. Provided, however, teachers employed during the <term type="NE" subtype="DURATION"> 2011-2012 </term> school <term type="NE" subtype="DURATION"> year </term> who did not work the required number of <term type="NE" subtype="DURATION"> months </term> to acquire an additional <term type="NE" subtype="DURATION"> year </term> of experience shall not receive a decrease in salary as otherwise would be required by the salary schedule below.</head>
          <p><term type="NE" subtype="DURATION"> 2012-2013 </term> <term type="NE" subtype="SET"> Monthly </term> Salary Schedule</p>
          <p>A Teachers</p>
          <p><term type="NE" subtype="DURATION"> Years </term> of Experience A Teachers NBPTS Certification</p>
          <p>0 <term type="NE" subtype="MONEY"> $ 3,043 N/A </term></p>
          <p>1 <term type="NE" subtype="MONEY"> $ 3,043 </term> N/A</p>
          <p>2 <term type="NE" subtype="MONEY"> $ 3,043 N/A </term></p>
          <p>3 <term type="NE" subtype="MONEY"> $ 3,043 $ 3,408 </term></p>
          <p>4 <term type="NE" subtype="MONEY"> $ 3,043 $ 3,408 </term></p>
          <p>5 <term type="NE" subtype="MONEY"> $ 3,085 $ 3,455 </term></p>
          <p>6 <term type="NE" subtype="MONEY"> $ 3,129 $ 3,504 </term></p>
          <p>7 <term type="NE" subtype="MONEY"> $ 3,264 $ 3,656 </term></p>
          <p>8 <term type="NE" subtype="MONEY"> $ 3,404 $ 3,812 </term></p>
          <p>9 <term type="NE" subtype="MONEY"> $ 3,538 $ 3,963 </term></p>
          <p>10 <term type="NE" subtype="MONEY"> $ 3,667 $ 4,107 </term></p>
          <p>11 <term type="NE" subtype="MONEY"> $ 3,771 $ 4,224 </term></p>
          <p>12 <term type="NE" subtype="MONEY"> $ 3,819 $ 4,277 </term></p>
          <p>13 <term type="NE" subtype="MONEY"> $ 3,868 $ 4,332 </term></p>
          <p>14 <term type="NE" subtype="MONEY"> $ 3,918 $ 4,388 </term></p>
          <p>15 <term type="NE" subtype="MONEY"> $ 3,967 $ 4,443 </term></p>
          <p>16 <term type="NE" subtype="MONEY"> $ 4,018 $ 4,500 </term></p>
          <p>17 <term type="NE" subtype="MONEY"> $ 4,069 $ 4,557 </term></p>
          <p>18 <term type="NE" subtype="MONEY"> $ 4,122 $ 4,617 </term></p>
          <p>19 <term type="NE" subtype="MONEY"> $ 4,176 $ 4,677 </term></p>
          <p>20 <term type="NE" subtype="MONEY"> $ 4,231 $ 4,739 </term></p>
          <p>21 <term type="NE" subtype="MONEY"> $ 4,286 $ 4,800 </term></p>
          <p>22 <term type="NE" subtype="MONEY"> $ 4,345 $ 4,866 </term></p>
          <p>23 <term type="NE" subtype="MONEY"> $ 4,403 $ 4,931 </term></p>
          <p>24 <term type="NE" subtype="MONEY"> $ 4,461 $ 4,996 </term></p>
          <p>25 <term type="NE" subtype="MONEY"> $ 4,523 $ 5,066 </term></p>
          <p>26 <term type="NE" subtype="MONEY"> $ 4,584 $ 5,134 </term></p>
          <p>27 <term type="NE" subtype="MONEY"> $ 4,650 $ 5,208 </term></p>
          <p>28 <term type="NE" subtype="MONEY"> $ 4,714 $ 5,280 </term></p>
          <p>29 <term type="NE" subtype="MONEY"> $ 4,779 $ 5,352 </term></p>
          <p>30 <term type="NE" subtype="MONEY"> $ 4,845 $ 5,426 </term></p>
          <p>31 <term type="NE" subtype="MONEY"> $ 4,913 $ 5,503 </term></p>
          <p>32 <term type="NE" subtype="MONEY"> $ 4,984 $ 5,582 </term></p>
          <p>33 <term type="NE" subtype="MONEY"> $ 5,055 $ 5,662 </term></p>
          <p>34 <term type="NE" subtype="MONEY"> $ 5,153 $ 5,771 </term></p>
          <p>35 + <term type="NE" subtype="MONEY"> $ 5,255 $ 5,886 </term></p>
          <p><term type="NE" subtype="DURATION"> 2012-2013 </term> <term type="NE" subtype="SET"> Monthly </term> Salary Schedule</p>
          <p>M Teachers</p>
          <p><term type="NE" subtype="DURATION"> Years </term> of Experience M Teachers NBPTS Certification</p>
          <p>0 <term type="NE" subtype="MONEY"> $ 3,347 N/A </term></p>
          <p>1 <term type="NE" subtype="MONEY"> $ 3,347 </term> N/A</p>
          <p>2 <term type="NE" subtype="MONEY"> $ 3,347 N/A </term></p>
          <p>3 <term type="NE" subtype="MONEY"> $ 3,347 $ 3,749 </term></p>
          <p>4 <term type="NE" subtype="MONEY"> $ 3,347 $ 3,749 </term></p>
          <p>5 <term type="NE" subtype="MONEY"> $ 3,394 $ 3,801 </term></p>
          <p>6 <term type="NE" subtype="MONEY"> $ 3,442 $ 3,855 </term></p>
          <p>7 <term type="NE" subtype="MONEY"> $ 3,590 $ 4,021 </term></p>
          <p>8 <term type="NE" subtype="MONEY"> $ 3,744 $ 4,193 </term></p>
          <p>9 <term type="NE" subtype="MONEY"> $ 3,892 $ 4,359 </term></p>
          <p>10 <term type="NE" subtype="MONEY"> $ 4,034 $ 4,518 </term></p>
          <p>11 <term type="NE" subtype="MONEY"> $ 4,148 $ 4,646 </term></p>
          <p>12 <term type="NE" subtype="MONEY"> $ 4,201 $ 4,705 </term></p>
          <p>13 <term type="NE" subtype="MONEY"> $ 4,255 $ 4,766 </term></p>
          <p>14 <term type="NE" subtype="MONEY"> $ 4,310 $ 4,827 </term></p>
          <p>15 <term type="NE" subtype="MONEY"> $ 4,364 $ 4,888 </term></p>
          <p>16 <term type="NE" subtype="MONEY"> $ 4,420 $ 4,950 </term></p>
          <p>17 <term type="NE" subtype="MONEY"> $ 4,476 $ 5,013 </term></p>
          <p>18 <term type="NE" subtype="MONEY"> $ 4,534 $ 5,078 </term></p>
          <p>19 <term type="NE" subtype="MONEY"> $ 4,594 $ 5,145 </term></p>
          <p>20 <term type="NE" subtype="MONEY"> $ 4,654 $ 5,212 </term></p>
          <p>21 <term type="NE" subtype="MONEY"> $ 4,715 $ 5,281 </term></p>
          <p>22 <term type="NE" subtype="MONEY"> $ 4,780 $ 5,354 </term></p>
          <p>23 <term type="NE" subtype="MONEY"> $ 4,843 $ 5,424 </term></p>
          <p>24 <term type="NE" subtype="MONEY"> $ 4,907 $ 5,496 </term></p>
          <p>25 <term type="NE" subtype="MONEY"> $ 4,975 $ 5,572 </term></p>
          <p>26 <term type="NE" subtype="MONEY"> $ 5,042 $ 5,647 </term></p>
          <p>27 <term type="NE" subtype="MONEY"> $ 5,115 $ 5,729 </term></p>
          <p>28 <term type="NE" subtype="MONEY"> $ 5,185 $ 5,807 </term></p>
          <p>29 <term type="NE" subtype="MONEY"> $ 5,257 $ 5,888 </term></p>
          <p>30 <term type="NE" subtype="MONEY"> $ 5,330 $ 5,970 </term></p>
          <p>31 <term type="NE" subtype="MONEY"> $ 5,404 $ 6,052 </term></p>
          <p>32 <term type="NE" subtype="MONEY"> $ 5,482 $ 6,140 </term></p>
          <p>33 <term type="NE" subtype="MONEY"> $ 5,561 $ 6,228 </term></p>
          <p>34 <term type="NE" subtype="MONEY"> $ 5,668 $ 6,348 </term></p>
          <p>35 + <term type="NE" subtype="MONEY"> $ 5,781 $ 6,475 </term></p>
        </div2>
        <div2 type="section" n="5">
          <head>SECTION 3. (b)Section 29. 12 (d)of S.L.</head>
          <p>The <term type="NE" subtype="ORDINAL"> first </term> step of the salary schedule for school psychologists shall be equivalent to<hi rend="strikethrough">Step 5,</hi><hi rend="underlined">Step 9,</hi>corresponding to<hi rend="strikethrough">five</hi><hi rend="underlined">nine</hi>years of experience, on the salary schedule established in this section for certified personnel of the public schools who are classified as M teachers. Certified psychologists shall be placed on the salary schedule at an appropriate step based on their years of experience. Certified psychologists shall receive longevity payments based on years of State service in the same manner as teachers.</p>
          <p>Certified psychologists with certification based on academic preparation at the <term type="NE" subtype="DURATION"> six-year </term> degree level shall receive a salary supplement of <term type="NE" subtype="MONEY"> one hundred twenty-six dollars </term> (<term type="NE" subtype="MONEY"> $ 126 </term>. 00)per <term type="NE" subtype="DURATION"> month </term> in addition to the compensation provided for certified psychologists. Certified psychologists with certification based on academic preparation at the doctoral degree level shall receive a salary supplement of <term type="NE" subtype="MONEY"> two hundred fifty-three dollars </term> (<term type="NE" subtype="MONEY"> $ 253 </term>. 00)per <term type="NE" subtype="DURATION"> month </term> in addition to the compensation provided for certified psychologists.</p>
          <p>SCHOOL-BASED ADMINISTRATOR SALARY SCHEDULE</p>
        </div2>
        <div2 type="section" n="6">
          <head>SECTION 4. (a)The following base salary schedule for school-based administrators shall apply only to principals and assistant principals. This base salary schedule shall apply for the <term type="NE" subtype="DURATION"> 2012-2013 </term> fiscal <term type="NE" subtype="DURATION"> year </term>, commencing <term type="NE" subtype="DATE"> July 1, 2012 </term>. Provided, however, school-based administrators (i)employed during the <term type="NE" subtype="DURATION"> 2011-2012 </term> school <term type="NE" subtype="DURATION"> year </term> who did not work the required number of <term type="NE" subtype="DURATION"> months </term> to acquire an additional <term type="NE" subtype="DURATION"> year </term> of experience and (ii)employed during the <term type="NE" subtype="DURATION"> 2012-2013 </term> school <term type="NE" subtype="DURATION"> year </term> in the same classification shall not receive a decrease in salary as otherwise would be required by the salary schedule below.</head>
          <p><term type="NE" subtype="DURATION"> 2012-2013 </term> Principal and Assistant Principal Salary Schedules</p>
          <p>Classification</p>
          <p><term type="NE" subtype="DURATION"> Years </term> of Exp Assistant <term type="NE" subtype="PERSON"> Prin </term> I Prin II <term type="NE" subtype="PERSON"> Prin III Prin </term> IV</p>
          <p>Principal (0-10)(11-21)(22-32)(33-43)</p>
          <p>0-8 <term type="NE" subtype="MONEY"> $ 3,781 </term> - - - -</p>
          <p>9 <term type="NE" subtype="MONEY"> $ 3,931 </term> - - - -</p>
          <p>10 <term type="NE" subtype="MONEY"> $ 4,074 </term> - - - -</p>
          <p>11 <term type="NE" subtype="MONEY"> $ 4,189 </term> - - - -</p>
          <p>12 <term type="NE" subtype="MONEY"> $ 4,243 $ 4,243 </term> - - -</p>
          <p>13 <term type="NE" subtype="MONEY"> $ 4,298 $ 4,298 </term> - - -</p>
          <p>14 <term type="NE" subtype="MONEY"> $ 4,353 $ 4,353 $ 4,408 </term> - -</p>
          <p>15 <term type="NE" subtype="MONEY"> $ 4,408 $ 4,408 $ 4,464 </term> - -</p>
          <p>16 <term type="NE" subtype="MONEY"> $ 4,464 $ 4,464 $ 4,521 $ 4,579 </term> -</p>
          <p>17 <term type="NE" subtype="MONEY"> $ 4,521 $ 4,521 $ 4,579 $ 4,640 $ 4,701 </term></p>
          <p>18 <term type="NE" subtype="MONEY"> $ 4,579 $ 4,579 $ 4,640 $ 4,701 $ 4,762 </term></p>
          <p>19 <term type="NE" subtype="MONEY"> $ 4,640 $ 4,640 $ 4,701 $ 4,762 $ 4,828 </term></p>
          <p>20 <term type="NE" subtype="MONEY"> $ 4,701 $ 4,701 $ 4,762 $ 4,828 $ 4,891 </term></p>
          <p>21 <term type="NE" subtype="MONEY"> $ 4,762 $ 4,762 $ 4,828 $ 4,891 $ 4,956 </term></p>
          <p>22 <term type="NE" subtype="MONEY"> $ 4,828 $ 4,828 $ 4,891 $ 4,956 $ 5,025 </term></p>
          <p>23 <term type="NE" subtype="MONEY"> $ 4,891 $ 4,891 $ 4,956 $ 5,025 $ 5,092 </term></p>
          <p>24 <term type="NE" subtype="MONEY"> $ 4,956 $ 4,956 $ 5,025 $ 5,092 $ 5,166 </term></p>
          <p>25 <term type="NE" subtype="MONEY"> $ 5,025 $ 5,025 $ 5,092 $ 5,166 $ 5,237 </term></p>
          <p>26 <term type="NE" subtype="MONEY"> $ 5,092 $ 5,092 $ 5,166 $ 5,237 $ 5,310 </term></p>
          <p>27 <term type="NE" subtype="MONEY"> $ 5,166 $ 5,166 $ 5,237 $ 5,310 $ 5,383 </term></p>
          <p>28 <term type="NE" subtype="MONEY"> $ 5,237 $ 5,237 $ 5,310 $ 5,383 $ 5,458 </term></p>
          <p>29 <term type="NE" subtype="MONEY"> $ 5,310 $ 5,310 $ 5,383 $ 5,458 $ 5,537 </term></p>
          <p>30 <term type="NE" subtype="MONEY"> $ 5,383 $ 5,383 $ 5,458 $ 5,537 $ 5,617 </term></p>
          <p>31 <term type="NE" subtype="MONEY"> $ 5,458 $ 5,458 $ 5,537 $ 5,617 $ 5,725 </term></p>
          <p>32 <term type="NE" subtype="MONEY"> $ 5,537 $ 5,537 $ 5,617 $ 5,725 $ 5,839 </term></p>
          <p>33 <term type="NE" subtype="MONEY"> $ 5,617 $ 5,617 $ 5,725 $ 5,839 $ 5,956 </term></p>
          <p>34 <term type="NE" subtype="MONEY"> $ 5,725 $ 5,725 $ 5,839 $ 5,956 $ 6,075 </term></p>
          <p>35 <term type="NE" subtype="MONEY"> $ 5,839 $ 5,839 $ 5,956 $ 6,075 $ 6,197 </term></p>
          <p>36 - <term type="NE" subtype="MONEY"> $ 5,956 $ 6,075 $ 6,197 $ 6,321 </term></p>
          <p>37 - - <term type="NE" subtype="MONEY"> $ 6,197 $ 6,321 $ 6,447 </term></p>
          <p>38 - - <term type="NE" subtype="MONEY"> $ 6,321 $ 6,447 $ 6,576 </term></p>
          <p>39 - - - <term type="NE" subtype="MONEY"> $ 6,576 $ 6,708 </term></p>
          <p>40 - - - <term type="NE" subtype="MONEY"> $ 6,708 $ 6,842 </term></p>
          <p>41 - - - - <term type="NE" subtype="MONEY"> $ 6,979 </term></p>
          <p><term type="NE" subtype="DURATION"> 2012-2013 </term> Principal and Assistant Principal Salary Schedules</p>
          <p>Classification</p>
          <p><term type="NE" subtype="DURATION"> Years </term> of <term type="NE" subtype="ORGANIZATION"> Exp Prin V Prin VI Prin </term> VII <term type="NE" subtype="PERSON"> Prin VIII </term></p>
          <p>(44-54)(55-65)(66-100)(101 +)</p>
          <p>0-18 <term type="NE" subtype="MONEY"> $ 4,828 </term> - - -</p>
          <p>19 <term type="NE" subtype="MONEY"> $ 4,891 </term> - - -</p>
          <p>20 <term type="NE" subtype="MONEY"> $ 4,956 $ 5,025 </term> - -</p>
          <p>21 <term type="NE" subtype="MONEY"> $ 5,025 $ 5,092 $ 5,237 </term> -</p>
          <p>22 <term type="NE" subtype="MONEY"> $ 5,092 $ 5,166 $ 5,310 $ 5,383 </term></p>
          <p>23 <term type="NE" subtype="MONEY"> $ 5,166 $ 5,237 $ 5,383 $ 5,458 </term></p>
          <p>24 <term type="NE" subtype="MONEY"> $ 5,237 $ 5,310 $ 5,458 $ 5,537 </term></p>
          <p>25 <term type="NE" subtype="MONEY"> $ 5,310 $ 5,383 $ 5,537 $ 5,617 </term></p>
          <p>26 <term type="NE" subtype="MONEY"> $ 5,383 $ 5,458 $ 5,617 $ 5,725 </term></p>
          <p>27 <term type="NE" subtype="MONEY"> $ 5,458 $ 5,537 $ 5,725 $ 5,839 </term></p>
          <p>28 <term type="NE" subtype="MONEY"> $ 5,537 $ 5,617 $ 5,839 $ 5,956 </term></p>
          <p>29 <term type="NE" subtype="MONEY"> $ 5,617 $ 5,725 $ 5,956 $ 6,075 </term></p>
          <p>30 <term type="NE" subtype="MONEY"> $ 5,725 $ 5,839 $ 6,075 $ 6,197 </term></p>
          <p>31 <term type="NE" subtype="MONEY"> $ 5,839 $ 5,956 $ 6,197 $ 6,321 </term></p>
          <p>32 <term type="NE" subtype="MONEY"> $ 5,956 $ 6,075 $ 6,321 $ 6,447 </term></p>
          <p>33 <term type="NE" subtype="MONEY"> $ 6,075 $ 6,197 $ 6,447 $ 6,576 </term></p>
          <p>34 <term type="NE" subtype="MONEY"> $ 6,197 $ 6,321 $ 6,576 $ 6,708 </term></p>
          <p>35 <term type="NE" subtype="MONEY"> $ 6,321 $ 6,447 $ 6,708 $ 6,842 </term></p>
          <p>36 <term type="NE" subtype="MONEY"> $ 6,447 $ 6,576 $ 6,842 $ 6,979 </term></p>
          <p>37 <term type="NE" subtype="MONEY"> $ 6,576 $ 6,708 $ 6,979 $ 7,119 </term></p>
          <p>38 <term type="NE" subtype="MONEY"> $ 6,708 $ 6,842 $ 7,119 $ 7,261 </term></p>
          <p>39 <term type="NE" subtype="MONEY"> $ 6,842 $ 6,979 $ 7,261 $ 7,406 </term></p>
          <p>40 <term type="NE" subtype="MONEY"> $ 6,979 $ 7,119 $ 7,406 $ 7,554 </term></p>
          <p>41 <term type="NE" subtype="MONEY"> $ 7,119 $ 7,261 $ 7,554 $ 7,705 </term></p>
          <p>42 <term type="NE" subtype="MONEY"> $ 7,261 $ 7,406 $ 7,705 $ 7,859 </term></p>
          <p>43 - <term type="NE" subtype="MONEY"> $ 7,554 $ 7,859 $ 8,016 </term></p>
          <p>44 - <term type="NE" subtype="MONEY"> $ 7,705 $ 8,016 $ 8,176 </term></p>
          <p>45 - - <term type="NE" subtype="MONEY"> $ 8,176 $ 8,340 </term></p>
        </div2>
        <div2 type="section" n="7">
          <head>SECTION 4. (b)G.S.29. 13 (h)of S.L.</head>
          <p>During the <term type="NE" subtype="DURATION"> 2011-2012 </term> fiscal<hi rend="strikethrough"><term type="NE" subtype="DURATION"> year </term>,</hi><hi rend="underlined"><term type="NE" subtype="DURATION"> year </term> and the <term type="NE" subtype="DURATION"> 2012-2013 </term> fiscal <term type="NE" subtype="DURATION"> year </term>,</hi>the placement on the salary schedule of an administrator with a one-year provisional assistant principal's certificate shall be at the entry-level salary for an assistant principal or the appropriate step on the teacher salary schedule, whichever is higher.</p>
          <p>effective date</p>
        </div2>
        <div2 type="section" n="8">
          <head>SECTION 5. Section 2 of this act is effective when it becomes law. The remainder of this act becomes effective <term type="NE" subtype="DATE"> July 1, 2012 </term>.</head>
          <p>In the <term type="NE" subtype="ORGANIZATION"> General Assembly </term> read three times and ratified <term type="NE" subtype="DATE"> this the 5th day of June, 2012 </term>.</p>
          <p>s/<term type="NE" subtype="PERSON"> Tom Apodaca </term></p>
          <p>Presiding Officer of the <term type="NE" subtype="ORGANIZATION"> Senate </term></p>
          <p>s/<term type="NE" subtype="PERSON"> Thom Tillis </term></p>
          <p>Speaker of the House of Representatives</p>
          <p>_____________________________________</p>
          <p>Beverly E.</p>
          <p>Governor</p>
          <p>Approved __________. m.</p>
        </div2>
      </div1>
    </body>
  </text>
</TEI>
