<TEI xmlns="http://www.tei-c.org/ns/1.0">
  <teiHeader xml:lang="en">
    <fileDesc>
      <titleStmt>
        <title xml:id="NC-2011-S817"/>
        <author>Be it resolved by the Senate, the House of Representatives concurring: </author>
      </titleStmt>
      <editionStmt>
        <edition>v0</edition>
      </editionStmt>
      <publicationStmt>
        <pubPlace>North Carolina</pubPlace>
        <idno>NC-2011-S817</idno>
        <date>2011</date>
      </publicationStmt>
      <sourceDesc>
        <bibl>www.ncleg.net\Sessions\2011\Bills\Senate\HTML\S817v0.html</bibl>
      </sourceDesc>
    </fileDesc>
  </teiHeader>
  <text xml:lang="en">
    <front>
      <div1 type="abstract">
        <head>A bill to be entitled a joint resolution to confirm the appointment of tamara nance to the north carolina industrial commission.</head>
      </div1>
    </front>
    <body>
      <div1>
        <opener>
          <salute/>
        </opener>
        <p>Whereas, G.S.</p>
        <p>Whereas, the Governor has reappointed <term type="NE" subtype="PERSON"> Tamara Nance </term> to a new term on the <term type="NE" subtype="ORGANIZATION"> North Carolina Industrial Commission </term>; <term type="NE" subtype="DATE"> Now </term>, therefore,</p>
        <p>Be it resolved by the <term type="NE" subtype="ORGANIZATION"> Senate </term>, the House of Representatives concurring:</p>
        <div2 type="section" n="1">
          <head>SECTION 1. The appointment of <term type="NE" subtype="PERSON"> Tamara Nance </term> to a term on the <term type="NE" subtype="ORGANIZATION"> North Carolina Industrial Commission </term> to begin on <term type="NE" subtype="DATE"> July 1, 2012 </term>, and expire on <term type="NE" subtype="DATE"> June 30, 2018 </term>, is confirmed.</head>
        </div2>
        <div2 type="section" n="2">
          <head>SECTION 2. This resolution is effective upon ratification.</head>
        </div2>
      </div1>
    </body>
  </text>
</TEI>
