<TEI xmlns="http://www.tei-c.org/ns/1.0">
  <teiHeader xml:lang="en">
    <fileDesc>
      <titleStmt>
        <title xml:id="NC-2013-S793">Charter School Modifications.</title>
        <author/>
      </titleStmt>
      <editionStmt>
        <edition>v4</edition>
      </editionStmt>
      <publicationStmt>
        <pubPlace>North Carolina</pubPlace>
        <idno>NC-2013-S793</idno>
        <date>2013</date>
      </publicationStmt>
      <sourceDesc>
        <bibl>www.ncleg.net\Sessions\2013\Bills\Senate\HTML\S793v4.html</bibl>
      </sourceDesc>
    </fileDesc>
  </teiHeader>
  <text xml:lang="en">
    <front>
      <div1 type="abstract">
        <head>A bill to be entitled an act to provide that a teacher employed by a charter school may serve as a nonvoting member of the board of directors for the charter school; to amend the date by which the state board of education shall make decisions on charter school applications; to provide priority enrollment for the children of members of the board of directors of charter schools beyond<term type="NE" subtype="DURATION"><term type="NE" subtype="DURATION"> the initial year </term></term>; to make charter schools subject to requirements of the open meetings and public records laws; to allow charter schools to ask for additional records regarding the transfer of the per pupil share of the local<term type="NE" subtype="DATE"><term type="NE" subtype="DATE"> current </term></term>expense fund; to shorten the time period for payment of delinquent funds; to clarify the bidding process for the assumption of charter schools; and to direct the state board of education to develop a fast-track approval process.</head>
      </div1>
    </front>
    <body>
      <div1>
        <opener>
          <salute>The <term type="NE" subtype="ORGANIZATION"> General Assembly of North Carolina </term> enacts:</salute>
        </opener>
        <p>an act to provide that a teacher employed by a charter school may serve as a nonvoting member of the board of directors for the charter school; to amend the date by which the state board of education shall make decisions on charter school applications; to provide priority enrollment for the children of members of the board of directors of charter schools beyond <term type="NE" subtype="DURATION"> the initial year </term>; to make charter schools subject to requirements of the open meetings and public records laws; to allow charter schools to ask for additional records regarding the transfer of the per pupil share of the local <term type="NE" subtype="DATE"> current </term> expense fund; to shorten the time period for payment of delinquent funds; to clarify the bidding process for the assumption of charter schools; and to direct the <term type="NE" subtype="ORGANIZATION"> State Board of Education </term> to develop a fast-track approval process.</p>
        <div2 type="section" n="1">
          <head>SECTION 1. G.S.115C-238.</head>
          <p>(b)The application shall contain at least the following information:</p>
          <p>&#8230;</p>
          <p>(3)The governance structure of the school including the names of the initial members of the board of directors of the nonprofit, tax-exempt corporation and the process to be followed by the school to ensure parental involvement.<hi rend="underlined">A teacher employed by the board of directors to teach in the charter school may serve as a nonvoting member of the board of directors for the charter school.</hi></p>
          <p>&#8230;.</p>
        </div2>
        <div2 type="section" n="2">
          <head>SECTION 1. 5. G.S.115C-238.</head>
          <p>(a)The <term type="NE" subtype="ORGANIZATION"> State Board </term> may grant final approval of an application if it finds<hi rend="underlined">the following:</hi></p>
          <p><hi rend="strikethrough">(i)</hi><hi rend="underlined">(1)</hi><hi rend="strikethrough">that the</hi><hi rend="underlined">The</hi>application meets the requirements set out in this Part and such other requirements as may be adopted by the State Board of<hi rend="strikethrough">Education,</hi><hi rend="underlined">Education.</hi></p>
          <p><hi rend="strikethrough">(ii)</hi><hi rend="underlined">(2)</hi><hi rend="strikethrough">that the</hi><hi rend="underlined">The</hi>applicant has the ability to operate the school and would be likely to operate the school in an educationally and economically sound<hi rend="strikethrough">manner, and</hi><hi rend="underlined">manner.</hi></p>
          <p><hi rend="strikethrough">(iii)</hi><hi rend="underlined">(3)</hi><hi rend="strikethrough">that granting</hi><hi rend="underlined">Granting</hi>the application would achieve one or more of the purposes set out in G.S.115C-238.29A.</p>
          <p><hi rend="strikethrough">The <term type="NE" subtype="ORGANIZATION"> State Board </term> shall act by <term type="NE" subtype="DATE"> January 15 </term> of a calendar <term type="NE" subtype="DURATION"> year </term> on all applications and appeals it receives prior to a date established by the <term type="NE" subtype="ORGANIZATION"> Office of Charter Schools </term> for receipt of applications in the prior calendar <term type="NE" subtype="DURATION"> year </term>.</hi>In reviewing applications for the establishment of charter schools within a local school administrative unit, the State Board is encouraged to give preference to applications that demonstrate the capability to provide comprehensive learning experiences to students identified by the applicants as at risk of academic failure.</p>
          <p>
            <hi rend="underlined">(a1)</hi>
            <hi rend="underlined">The <term type="NE" subtype="ORGANIZATION"> State Board </term> shall make final decisions on the approval or denial of applications by <term type="NE" subtype="DATE"> August 15 </term> of a calendar <term type="NE" subtype="DURATION"> year </term> on all applications it receives prior to a date established by the <term type="NE" subtype="ORGANIZATION"> Office of Charter Schools </term> for receipt of applications in that application cycle. The <term type="NE" subtype="ORGANIZATION"> State Board </term> may make the final decision for approval contingent upon the successful completion of a planning period prior to enrollment of students.</hi>
          </p>
        </div2>
        <div2 type="section" n="3">
          <head>SECTION 2. G.S.115C-238.</head>
          <p>(d)The <term type="NE" subtype="ORGANIZATION"> State Board of Education </term> may grant the initial charter for a period not to exceed 10<hi rend="strikethrough"><term type="NE" subtype="DURATION"> years </term> and</hi><hi rend="underlined"><term type="NE" subtype="DURATION"> years </term>.</hi>may renew the charter upon the request of the chartering entity for subsequent periods<hi rend="strikethrough">not to exceed</hi><hi rend="underlined">of</hi>10 years each.<hi rend="underlined">The renewal may be for <term type="NE" subtype="DURATION"> less than 10 years </term> if one of the following applies:</hi></p>
          <p>
            <hi rend="underlined">(1)</hi>
            <hi rend="underlined">The charter school has not provided financially sound audits for the prior <term type="NE" subtype="DURATION"> three years </term>.</hi>
          </p>
          <p>
            <hi rend="underlined">(2)</hi>
            <hi rend="underlined">The charter school's student academic outcomes for <term type="NE" subtype="DURATION"> the past three years </term> have not been comparable to the academic outcomes of students in the local school administrative unit in which the charter school is located.</hi>
          </p>
          <p>
            <hi rend="underlined">(3)</hi>
            <hi rend="underlined">The charter school is not in compliance with State law, federal law, the school's own bylaws, or the provisions set forth in its charter granted by the <term type="NE" subtype="ORGANIZATION"> State Board of Education </term>.</hi>
          </p>
          <p>The <term type="NE" subtype="ORGANIZATION"> State Board of Education </term> shall review the operations of each charter school at least <term type="NE" subtype="DATE"> once </term> <term type="NE" subtype="SET"> every five years </term> to ensure that the school is meeting the expected academic, financial, and governance standards.</p>
        </div2>
        <div2 type="section" n="4">
          <head>SECTION 3. G.S.115C-238.</head>
          <p>
            <hi rend="underlined">(b1)</hi>
            <hi rend="underlined">A charter school shall not discriminate against any student on the basis of ethnicity, national origin, gender, or disability.</hi>
          </p>
        </div2>
        <div2 type="section" n="5">
          <head>SECTION 4. G.S.115C-238.</head>
          <p>(5)<hi rend="strikethrough">A charter school shall not discriminate against any student on the basis of ethnicity, national origin, gender, or disability.</hi>Except as otherwise provided by law or the mission of the school as set out in the charter, the school shall not limit admission to students on the basis of intellectual ability, measures of achievement or aptitude, athletic ability, disability, race, creed,<hi rend="strikethrough">gender,</hi>national origin, religion, or ancestry.<hi rend="underlined">A charter school whose mission is single gender education may limit admission on the basis of gender.</hi>Within one year after the charter school begins operation, the charter school shall make efforts for the population of the school to reasonably reflect the racial and ethnic composition of the general population residing within the local school administrative unit in which the school is located or the racial and ethnic composition of the special population that the school seeks to serve residing within the local school administrative unit in which the school is located. The school shall be subject to any court-ordered desegregation plan in effect for the local school administrative unit.</p>
        </div2>
        <div2 type="section" n="6">
          <head>SECTION 4. 5. G.S.115C-238.</head>
          <p>(5a)The charter school may give enrollment priority to any of the following:</p>
          <p>a. Siblings of <term type="NE" subtype="DATE"> currently </term> enrolled students who were admitted to the charter school in a <term type="NE" subtype="DATE"> previous year </term>. For the purposes of this subsection, the term siblings includes any of the following who reside in the same household: half siblings, stepsiblings, and children residing in a family foster home.</p>
          <p>b. Siblings of students who have completed the highest grade level offered by that school and who were enrolled in at least four grade levels offered by the charter school or, if less than four grades are offered, in the maximum number of grades offered by the charter school.</p>
          <p>c.</p>
          <p>1. Children of the school's full-time employees.</p>
          <p>2.<hi rend="strikethrough">For its <term type="NE" subtype="DATE"> first year </term> of operation, children of the initial members</hi><hi rend="underlined">Children</hi>of the charter school's board of directors.</p>
          <p>d. A student who was enrolled in the charter school within the two previous school <term type="NE" subtype="DURATION"> years </term> but left the school (i)to participate in an academic study abroad program or a competitive admission residential program or (ii)because of the vocational opportunities of the student's parent.</p>
        </div2>
        <div2 type="section" n="7">
          <head>SECTION 5. G.S.115C-238.</head>
          <p>
            <hi rend="underlined">(m)</hi>
            <hi rend="underlined">The charter school and board of directors of the private nonprofit corporation that operates the charter school are subject to the <term type="NE" subtype="MISC"> Public Records Act </term>, Chapter 132 of the General Statutes, and the <term type="NE" subtype="MISC"> Open Meetings Law </term>, Article 33C of Chapter 143 of the General Statutes. Notwithstanding the requirements of Chapter 132 of the General Statutes, inspection of charter school employee personnel records shall be subject to the requirements of Article 21A of this Chapter.</hi>
          </p>
        </div2>
        <div2 type="section" n="8">
          <head>SECTION 5. 2. G.S.115C-238.</head>
          <p>(c)The local school administrative unit shall also provide each charter school to which it transfers a per pupil share of its local <term type="NE" subtype="DATE"> current </term> expense fund with all of the following information within the 30-day time period provided in subsection (b)of this section:</p>
          <p>(1)The total amount of monies the local school administrative unit has in each of the funds listed in G.S.115C-426 (c).</p>
          <p>(2)The student membership numbers used to calculate the per pupil share of the local <term type="NE" subtype="DATE"> current </term> expense fund.</p>
          <p>(3)How the per pupil share of the local <term type="NE" subtype="DATE"> current </term> expense fund was calculated.</p>
          <p>
            <hi rend="underlined">(4)</hi>
            <hi rend="underlined">Any additional records requested by a charter school from the local school administrative unit in order for the charter school to audit and verify the calculation and transfer of the per pupil share of the local <term type="NE" subtype="DATE"> current </term> expense fund.</hi>
          </p>
        </div2>
        <div2 type="section" n="9">
          <head>SECTION 5. 6. G.S.115C-238.</head>
          <p>(d)Prior to commencing an action under subsection (b)of this section, the complaining party shall give the other party <term type="NE" subtype="DURATION"> 15 days </term>' written notice of the alleged violation. The court shall award the prevailing party reasonable attorneys' fees and costs incurred in an action under subsection (b)of this section.<hi rend="strikethrough"><term type="NE" subtype="DURATION"> three years </term></hi><hi rend="underlined"><term type="NE" subtype="DURATION"> one year </term></hi>from the entry of any judgment.</p>
        </div2>
        <div2 type="section" n="10">
          <head>SECTION 6. Upon recommendations by the <term type="NE" subtype="ORGANIZATION"> Office of Charter Schools </term> and the <term type="NE" subtype="ORGANIZATION"> Charter Schools Advisory Board </term> and pursuant to G.S.115C-239. 29G (a1)(2), the <term type="NE" subtype="ORGANIZATION"> State Board of Education </term> shall adopt a process and rules for the competitive bid process for the assumption of a charter school that has inadequate performance and could have its charter terminated or not renewed by the <term type="NE" subtype="ORGANIZATION"> State Board of Education </term>.</head>
          <p>(1)Have operated another charter school in the State for <term type="NE" subtype="DURATION"> three years </term>.</p>
          <p>(2)Can provide <term type="NE" subtype="DURATION"> three years </term> of financially sound audits for the charter school they are <term type="NE" subtype="DATE"> currently </term> operating in the State.</p>
          <p>(3)Have student academic outcomes that are comparable to the academic outcomes of students in the local school administrative unit in which the <term type="NE" subtype="DATE"> currently </term> operating charter school is located.</p>
          <p>The <term type="NE" subtype="ORGANIZATION"> State Board of Education </term> shall adopt rules and procedures required by this section by <term type="NE" subtype="DATE"> January 15, 2015 </term>, and report to the <term type="NE" subtype="ORGANIZATION"> Joint Legislative Education Oversight Committee </term> by <term type="NE" subtype="DATE"> February 1, 2015 </term>.</p>
        </div2>
        <div2 type="section" n="11">
          <head>SECTION 6. 5. Upon recommendations by the <term type="NE" subtype="ORGANIZATION"> Office of Charter Schools </term> and the <term type="NE" subtype="ORGANIZATION"> Charter Schools Advisory Board </term>, the <term type="NE" subtype="ORGANIZATION"> State Board of Education </term> shall adopt a process and rules for fast-track replication of high-quality charter schools <term type="NE" subtype="DATE"> currently </term> operating in the State.</head>
          <p>(1)A charter school in this State governed by the board of directors has student academic outcomes that are comparable to the academic outcomes of students in the local school administrative unit in which the charter school is located and can provide <term type="NE" subtype="DURATION"> three years </term> of financially sound audits.</p>
          <p>(2)The board of directors agrees to contract with an education management organization or charter management organization that can demonstrate that it can replicate high-quality charter schools in the State that have proven student academic success and financial soundness.</p>
          <p>The <term type="NE" subtype="ORGANIZATION"> State Board of Education </term> shall ensure that the rules for a fast-track replication process provide that decisions by the <term type="NE" subtype="ORGANIZATION"> State Board of Education </term> on whether to grant a charter through the replication process are completed in <term type="NE" subtype="DURATION"> less than 150 days </term>. The <term type="NE" subtype="ORGANIZATION"> State Board of Education </term> shall adopt rules and procedures required by this section by <term type="NE" subtype="DATE"> December 15, 2014 </term>, and report to the <term type="NE" subtype="ORGANIZATION"> Joint Legislative Education Oversight Committee </term> by <term type="NE" subtype="DATE"> February 15, 2015 </term>.</p>
        </div2>
        <div2 type="section" n="12">
          <head>SECTION 7. The Revisor of Statutes is authorized to renumber and recodify Part 6A of Article 16 of Chapter 115C of the General Statutes to a more suitable location.</head>
        </div2>
        <div2 type="section" n="13">
          <head>SECTION 8. This act is effective when it becomes law and applies beginning with the 2014-2015 school <term type="NE" subtype="DURATION"> year </term>. Section 5. 6 of this act applies to actions filed on or after the effective date of this act.</head>
        </div2>
      </div1>
    </body>
  </text>
</TEI>
