<TEI xmlns="http://www.tei-c.org/ns/1.0">
  <teiHeader xml:lang="en">
    <fileDesc>
      <titleStmt>
        <title xml:id="NC-2011-S889">RPO Area Definition.</title>
        <author/>
      </titleStmt>
      <editionStmt>
        <edition>v2</edition>
      </editionStmt>
      <publicationStmt>
        <pubPlace>North Carolina</pubPlace>
        <idno>NC-2011-S889</idno>
        <date>2011</date>
      </publicationStmt>
      <sourceDesc>
        <bibl>www.ncleg.net\Sessions\2011\Bills\Senate\HTML\S889v2.html</bibl>
      </sourceDesc>
    </fileDesc>
  </teiHeader>
  <text xml:lang="en">
    <front>
      <div1 type="abstract">
        <head>A bill to be entitled an act to change the definition on an area that can be represented by a rural planning organization, as recommended by the joint legislative transportation oversight committee.</head>
      </div1>
    </front>
    <body>
      <div1>
        <opener>
          <salute>The <term type="NE" subtype="ORGANIZATION"> General Assembly of North Carolina </term> enacts:</salute>
        </opener>
        <div2 type="section" n="1">
          <head>SECTION 1. G.S.</head>
          <p>&#167; 136-211. Department authorized to establish <term type="NE" subtype="ORGANIZATION"> Rural Transportation Planning Organizations </term>.</p>
          <p>(a)Authorization. - The <term type="NE" subtype="ORGANIZATION"> Department of Transportation </term> is authorized to form <term type="NE" subtype="ORGANIZATION"> Rural Transportation Planning Organizations </term>.</p>
          <p>(b)Area Represented.<hi rend="strikethrough">with</hi><hi rend="underlined">or</hi>a total population of the entire area represented of at least 50,000 persons according to the latest population estimate of the<hi rend="strikethrough">Office of State Planning.</hi><hi rend="underlined"><term type="NE" subtype="ORGANIZATION"> Office of State Budget </term> and Management.</hi>Noncontiguous counties adjacent to the same Metropolitan Planning Organization may form a Rural Transportation Planning Organization. Areas already included in a Metropolitan Planning Organization shall not be included in the area represented by a Rural Transportation Planning Organization.</p>
          <p>(c)Membership. - The <term type="NE" subtype="ORGANIZATION"> Rural Transportation Planning Organization </term> shall consist of local elected officials or their designees and representatives of local transportation systems in the area as agreed to by all parties in a memorandum of understanding.</p>
          <p>(d)Formation; Memorandum of Understanding. - The Department shall notify local elected officials and representatives of local transportation systems around the State of the opportunity to form <term type="NE" subtype="ORGANIZATION"> Rural Transportation Planning Organizations </term>. The Department shall work cooperatively with interested local elected officials, their designees, and representatives of local transportation systems to develop a proposed area, membership, functions, and responsibilities of a <term type="NE" subtype="ORGANIZATION"> Rural Transportation Planning Organization </term>. The agreement of all parties shall be included in a memorandum of understanding approved by the membership of a proposed <term type="NE" subtype="ORGANIZATION"> Rural Transportation Planning Organization </term> and the Secretary of the <term type="NE" subtype="ORGANIZATION"> Department of Transportation </term>.</p>
        </div2>
        <div2 type="section" n="2">
          <head>SECTION 2. This act is effective when it becomes law.</head>
        </div2>
      </div1>
    </body>
  </text>
</TEI>
