<TEI xmlns="http://www.tei-c.org/ns/1.0">
  <teiHeader xml:lang="en">
    <fileDesc>
      <titleStmt>
        <title xml:id="NC-2011-H728"/>
        <author>Representative Bordsen. </author>
      </titleStmt>
      <editionStmt>
        <edition>v0</edition>
      </editionStmt>
      <publicationStmt>
        <pubPlace>North Carolina</pubPlace>
        <idno>NC-2011-H728</idno>
        <date>2011</date>
      </publicationStmt>
      <sourceDesc>
        <bibl>www.ncleg.net\Sessions\2011\Bills\House\HTML\H728v0.html</bibl>
      </sourceDesc>
    </fileDesc>
  </teiHeader>
  <text xml:lang="en">
    <front>
      <div1 type="abstract">
        <head>A bill to be entitled a joint resolution authorizing the legislative research commission to study the feasibility of using inmate labor to rehabilitate unused state-owned buildings and to salvage historical properties that have fallen into disrepair.</head>
      </div1>
    </front>
    <body>
      <div1>
        <opener>
          <salute/>
        </opener>
        <p>Be it resolved by the <term type="NE" subtype="ORGANIZATION"> House of Representatives </term>, the <term type="NE" subtype="ORGANIZATION"> Senate </term> concurring:</p>
        <div2 type="section" n="1">
          <head>SECTION 1. The <term type="NE" subtype="ORGANIZATION"> Legislative Research Commission </term> is authorized to study the feasibility of using inmate labor to rehabilitate unused State-owned buildings and to salvage historical properties that have fallen into disrepair. As part of the study, the <term type="NE" subtype="ORGANIZATION"> Commission </term> shall develop an inventory of eligible facilities for rehabilitation and those buildings plotted on a State map. The Commission shall look at issues, including, but not limited to, the State purposes to be served by such expanded use of inmate labor, the value to inmate reentry when sentences are complete, the means by which inmates can qualify for such work, the logistics of using inmate labor for such projects, the role of the Community College System in training inmates for such projects, and the skills that can be taught and utilized and their overall usefulness to former inmates after the Department of Correction supervision ends. The Commission may also consider whether such expanded use of inmate labor should have a <term type="NE" subtype="DURATION"> 10-year </term> sunset for purposes of reviewing the State benefit and the state of the economy at that time.</head>
        </div2>
        <div2 type="section" n="2">
          <head>SECTION 2. The <term type="NE" subtype="ORGANIZATION"> Legislative Research Commission </term> may make an interim report to the <term type="NE" subtype="DATE"> 2011 </term> <term type="NE" subtype="ORGANIZATION"> General Assembly </term>, including any proposed legislation, when it reconvenes in <term type="NE" subtype="DATE"> 2012 </term> and shall make its final report, including any proposed legislation, to the <term type="NE" subtype="DATE"> 2013 </term> <term type="NE" subtype="ORGANIZATION"> General Assembly </term>.</head>
        </div2>
        <div2 type="section" n="3">
          <head>SECTION 3. The Legislative Services Officer shall allocate funds appropriated to the <term type="NE" subtype="ORGANIZATION"> General Assembly </term> for the expenditures of the <term type="NE" subtype="ORGANIZATION"> Legislative Services Commission </term> in conducting this study.</head>
        </div2>
        <div2 type="section" n="4">
          <head>SECTION 4. This resolution is effective upon ratification.</head>
        </div2>
      </div1>
    </body>
  </text>
</TEI>
