<TEI xmlns="http://www.tei-c.org/ns/1.0">
  <teiHeader xml:lang="en">
    <fileDesc>
      <titleStmt>
        <title xml:id="NC-2009-S704">Reform Low-Performing Schools.</title>
        <author/>
      </titleStmt>
      <editionStmt>
        <edition>v2</edition>
      </editionStmt>
      <publicationStmt>
        <pubPlace>North Carolina</pubPlace>
        <idno>NC-2009-S704</idno>
        <date>2009</date>
      </publicationStmt>
      <sourceDesc>
        <bibl>www.ncleg.net\Sessions\2009\Bills\Senate\HTML\S704v2.html</bibl>
      </sourceDesc>
    </fileDesc>
  </teiHeader>
  <text xml:lang="en">
    <front>
      <div1 type="abstract">
        <head>A bill to be entitled an act to solely provide authorization for the state board of education to approve requests of local boards of education to reform continually low-performing schools as either a transformation model, restart model, turnaround model, or school closure model; to define transformation model as a school which increases teacher and school leader effectiveness, creates comprehensive instructional reform strategies, increases learning time, creates community-oriented schools, and provides operational flexibility and sustained support; to define restart model as allowing the school to operate under the same rules as a charter school or under the management of an educational management organization with no increase in the maximum number of charter schools as provided in g. s. 115c-238.</head>
      </div1>
    </front>
    <body>
      <div1>
        <opener>
          <salute>The <term type="NE" subtype="ORGANIZATION"> General Assembly of North Carolina </term> enacts:</salute>
        </opener>
        <div2 type="section" n="1">
          <head>SECTION 1.</head>
          <p>
            <hi rend="underlined">&#167; 115C-105. 37B.Reform of continually low-performing schools.</hi>
          </p>
          <p>
            <hi rend="underlined">(a)</hi>
            <hi rend="underlined">Notwithstanding any other provision of this Article, the <term type="NE" subtype="ORGANIZATION"> State Board of Education </term> is authorized to approve a local board of education's request to reform any school in its administrative unit which the <term type="NE" subtype="ORGANIZATION"> State Board of Education </term> has identified as one of the continually low-performing schools in <term type="NE" subtype="LOCATION"> North Carolina </term>.</hi>
          </p>
          <p>
            <hi rend="underlined">If the <term type="NE" subtype="ORGANIZATION"> State Board of Education </term> approves a local board of education's request to reform a school, the <term type="NE" subtype="ORGANIZATION"> State Board of Education </term> may authorize the local board of education to adopt one of the following models in accordance with <term type="NE" subtype="ORGANIZATION"> State Board of Education </term> requirements:</hi>
          </p>
          <p>
            <hi rend="underlined">(1)</hi>
            <hi rend="underlined">Transformation model, which would address the following four specific areas critical to transforming a continually low-performing school:</hi>
          </p>
          <p>
            <hi rend="underlined">a.</hi>
            <hi rend="underlined">Developing and increasing teacher and school leader effectiveness.</hi>
          </p>
          <p>
            <hi rend="underlined">b.</hi>
            <hi rend="underlined">Comprehensive instructional reform strategies.</hi>
          </p>
          <p>
            <hi rend="underlined">c.</hi>
            <hi rend="underlined">Increasing learning time and creating community-oriented schools.</hi>
          </p>
          <p>
            <hi rend="underlined">d.</hi>
            <hi rend="underlined">Providing operational flexibility and sustained support.</hi>
          </p>
          <p>
            <hi rend="underlined">(2)</hi>
            <hi rend="underlined">Restart model, in which the <term type="NE" subtype="ORGANIZATION"> State Board of Education </term> would authorize the local board of education to operate the school with the same exemptions from statutes and rules as a charter school authorized under Part 6A of Article 16 of this Chapter, or under the management of an educational management organization that has been selected through a rigorous review process. A school operated under this subdivision remains under the control of the local board of education, and employees assigned to the school are employees of the local school administrative unit. This subdivision shall not be interpreted to increase the maximum number of charter schools provided in G.S.115C-238. 29D (b).</hi>
          </p>
          <p>
            <hi rend="underlined">(3)</hi>
            <hi rend="underlined">Turnaround model, which would involve, among other actions, replacing the principal, if the principal has been in that position for <term type="NE" subtype="DURATION"> at least three years </term>, and rehiring no more than <term type="NE" subtype="PERCENT"> fifty percent </term> (<term type="NE" subtype="PERCENT"> 50 % </term>)of the school's staff, adopting a new governance structure at the school consistent with this Article, and implementing an instructional program aligned with the <term type="NE" subtype="ORGANIZATION"> Standard Course of Study </term>.</hi>
          </p>
          <p>
            <hi rend="underlined">(4)</hi>
            <hi rend="underlined">School closure model, in which a local school administrative unit would close the school consistent with G.S.115C-72 and enroll the students who attended the school in other, higher-achieving schools in the local school administrative unit consistent with Article 25 of this Chapter.</hi>
          </p>
          <p>
            <hi rend="underlined">(b)</hi>
            <hi rend="underlined">The <term type="NE" subtype="ORGANIZATION"> State Board of Education </term> shall adopt rules to develop requirements for the models for school reform established in subsection (a)of this section.</hi>
          </p>
          <p>
            <hi rend="underlined">(c)</hi>
            <hi rend="underlined">The <term type="NE" subtype="ORGANIZATION"> State Board </term> shall establish a procedure to implement this section. This procedure shall include <term type="NE" subtype="SET"> annual </term> reporting requirements from local boards that are authorized to use one of the models under this section and shall include a procedure for removing or continuing the authorization.</hi>
          </p>
        </div2>
        <div2 type="section" n="2">
          <head>SECTION 2. This act is effective when it becomes law.</head>
        </div2>
      </div1>
    </body>
  </text>
</TEI>
