<TEI xmlns="http://www.tei-c.org/ns/1.0">
  <teiHeader xml:lang="en">
    <fileDesc>
      <titleStmt>
        <title xml:id="NC-2009-H2054"/>
        <author> Speaker of the House of Representatives</author>
      </titleStmt>
      <editionStmt>
        <edition>v4</edition>
      </editionStmt>
      <publicationStmt>
        <pubPlace>North Carolina</pubPlace>
        <idno>NC-2009-H2054</idno>
        <date>2009</date>
      </publicationStmt>
      <sourceDesc>
        <bibl>www.ncleg.net\Sessions\2009\Bills\House\HTML\H2054v4.html</bibl>
      </sourceDesc>
    </fileDesc>
  </teiHeader>
  <text xml:lang="en">
    <front>
      <div1 type="abstract">
        <head>A bill to be entitled an act to make technical corrections to the statutes governing the teachers' and state employees' retirement system and the local governmental employees' retirement system.</head>
      </div1>
    </front>
    <body>
      <div1>
        <opener>
          <salute>The <term type="NE" subtype="ORGANIZATION"> General Assembly of North Carolina </term> enacts:</salute>
        </opener>
        <div2 type="section" n="1">
          <head>SECTION 1. (a)G.S.</head>
          <p>(g)Election of Optional Allowance. - With the provision that until the <term type="NE" subtype="ORDINAL"> first </term> payment on account of any benefit becomes normally due, or his <term type="NE" subtype="ORDINAL"> first </term> retirement check has been cashed, any member may elect to receive his benefits in a retirement allowance payable throughout life, or he may elect to receive the actuarial equivalent of such retirement allowance, including any special retirement allowance, in a reduced allowance payable throughout life under the provisions of one of the options set forth below.<hi rend="strikethrough">Option 2 or Option 3</hi><hi rend="underlined">Option 2, 3, or 6</hi>or nomination of the person thereunder shall be revoked if such person nominated dies prior to the date the first payment becomes normally due or until the first retirement check has been cashed. Such election may be revoked by the member prior to the date the first payment becomes normally due or until his first retirement check has been cashed. Provided, however, in the event a member has elected<hi rend="strikethrough">Option 2 or Option 3</hi><hi rend="underlined">Option 2, 3, or 5</hi>and nominated his or her spouse to receive a retirement allowance upon the member's death, and the spouse predeceases the member after the first payment becomes normally due or the first retirement check has been cashed, if the member remarries he or she may request to nominate a new spouse to receive the retirement allowance under the previously elected option, within 90 days of the remarriage, and may nominate a new spouse to receive the retirement allowance under the previously elected option by written designation duly acknowledged and filed with the Board of Trustees within 120 days of the remarriage. The new nomination shall be effective on the first day of the month in which it is made and shall provide for a retirement allowance computed to be the actuarial equivalent of the retirement allowance in effect immediately prior to the effective date of the new nomination. Any member having elected<hi rend="strikethrough">Options</hi><hi rend="underlined">Option</hi>2, 3,<hi rend="underlined">5,</hi>or 6 and nominated his or her spouse to receive a retirement allowance upon the member's death may, after divorce from his or her spouse, revoke the nomination and elect a new option, effective on the first day of the month in which the new option is elected, providing for a retirement allowance computed to be the actuarial equivalent of the retirement allowance in effect immediately prior to the effective date of the new option.<hi rend="underlined">Except as provided in this section, the member may not change the member's retirement benefit option or the member's designated beneficiary for survivor benefits, if any, after the member has cashed the <term type="NE" subtype="ORDINAL"> first </term> retirement check or after <term type="NE" subtype="DATE"> the 25th day of the month following the month </term> in which the <term type="NE" subtype="ORDINAL"> first </term> check is mailed, whichever comes <term type="NE" subtype="ORDINAL"> first </term>.</hi></p>
          <p>Option 1. (a)In the Case of a Member Who Retires prior to <term type="NE" subtype="DATE"> July 1, 1963 </term>. - If he dies before he has received in annuity payments the <term type="NE" subtype="DATE"> present </term> value of his annuity as it was at the <term type="NE" subtype="DATE"> time </term> of his retirement, the balance shall be paid to his legal representatives or to such person as he shall nominate by written designation duly acknowledged and filed with the <term type="NE" subtype="ORGANIZATION"> Board of Trustees </term>.</p>
          <p>(b)In the Case of a Member Who Retires on or after <term type="NE" subtype="DATE"> July 1, 1963 </term>, but prior to <term type="NE" subtype="DATE"> July 1, 1993 </term>.</p>
          <p>Option 2.</p>
          <p>Option 3.</p>
          <p>Option 4. Adjustment of Retirement Allowance for Social Security Benefits. - Until the <term type="NE" subtype="ORDINAL"> first </term> payment on account of any benefit becomes normally due, any member may elect to convert his benefit otherwise payable on his account after retirement into a retirement allowance of equivalent actuarial value of such amount that with his benefit under Title II of the Federal Social Security Act, he will receive, so far as possible, approximately the same amount per <term type="NE" subtype="DURATION"> year </term> before and after the earliest age at which he becomes eligible, upon application therefor, to receive a social security benefit.</p>
          <p>Option 5. For Members Retiring Prior to <term type="NE" subtype="DATE"> July 1, 1993 </term>. - The member may elect to receive a reduced retirement allowance under the conditions of Option 2 or Option 3, as provided for above, with the modification that if both he and the person nominated die within <term type="NE" subtype="DURATION"> 10 years </term> from his retirement date, an amount equal to his accumulated contributions at retirement, less 1/120 thereof for <term type="NE" subtype="SET"> each month </term> for which a retirement allowance has been paid, shall be paid to his legal representatives or to such person as he shall nominate by written designation duly acknowledged and filed with the <term type="NE" subtype="ORGANIZATION"> Board of Trustees </term>.</p>
          <p>Option 6. A member may elect either Option 2 or Option 3 with the added provision that in the event the designated beneficiary predeceases the member, the retirement allowance payable to the member after the designated beneficiary's death shall be equal to the retirement allowance which would have been payable had the member not elected the option.</p>
          <p>Upon the death of a member after the effective date of a retirement for which the member has been approved and following receipt by the Board of Trustees of an election of benefits<hi rend="underlined">(Form 6-E or Form 7-E)</hi>but prior to the cashing of the first benefit check, the retirement benefit shall be payable as provided by the member's election of benefits under this subsection.</p>
          <p>Upon the death of a member after the effective date of a retirement for which the member has been approved but prior to the receipt by the Board of Trustees of an election of benefits (Form 6-E or Form 7-E), properly acknowledged and filed by the member, the member's designated beneficiary for a return of accumulated contributions may elect to receive the benefit, if only one beneficiary is<hi rend="strikethrough">named for</hi><hi rend="underlined">eligible to receive</hi>the return of accumulated contributions. If more than one beneficiary is<hi rend="strikethrough">named for</hi><hi rend="underlined">eligible to receive</hi>the return of accumulated contributions, the administrator or executor of the member's estate will select an option and name the beneficiary or beneficiaries.</p>
        </div2>
        <div2 type="section" n="2">
          <head>SECTION 1. (b)G.S.</head>
          <p>(g)Election of Optional Allowance. - With the provision that until the <term type="NE" subtype="ORDINAL"> first </term> payment on account of any benefit becomes normally due, or his <term type="NE" subtype="ORDINAL"> first </term> retirement check has been cashed, any member may elect to receive his benefits in a retirement allowance payable throughout life, or he may elect to receive the actuarial equivalent of such retirement allowance, including any special retirement allowance, in a reduced allowance payable throughout life under the provisions of one of the Options set forth below.<hi rend="strikethrough">Option two or Option three</hi><hi rend="underlined">Option 2, 3, or 6</hi>or nomination of the person thereunder shall be revoked if such person nominated dies prior to the date the first payment becomes normally due or the first retirement check has been cashed. Such election may be revoked by the member prior to the date the first payment becomes normally due or his first retirement check has been cashed. Provided, however, in the event a member has elected<hi rend="strikethrough">Option 2 or Option 3</hi><hi rend="underlined">Option 2, 3, or 5</hi>and nominated his or her spouse to receive a retirement allowance upon the member's death, and the spouse predeceases the member after the first payment becomes normally due or the first retirement check has been cashed, if the member remarries he or she may request to nominate a new spouse to receive the retirement allowance under the previously elected option, within 90 days of the remarriage, and may nominate a new spouse to receive the retirement allowance under the previously elected option by written designation duly acknowledged and filed with the Board of Trustees within 120 days of the remarriage. The new nomination shall be effective on the first day of the month in which it is made and shall provide for a retirement allowance computed to be the actuarial equivalent of the retirement allowance in effect immediately prior to the effective date of the new nomination. Any member having elected<hi rend="strikethrough">Options two, three, or six</hi><hi rend="underlined">Option 2, 3, 5, or 6</hi>and nominated his or her spouse to receive a retirement allowance upon the member's death may, after divorce from his or her spouse, revoke the nomination and elect a new option, effective on the first day of the month in which the new option is elected, providing for a retirement allowance computed to be the actuarial equivalent of the retirement allowance in effect immediately prior to the effective date of the new option.<hi rend="underlined">Except as provided in this section, the member may not change the member's retirement benefit option or the member's designated beneficiary for survivor benefits, if any, after the member has cashed the <term type="NE" subtype="ORDINAL"> first </term> retirement check or after <term type="NE" subtype="DATE"> the 25th day of the month following the month </term> in which the <term type="NE" subtype="ORDINAL"> first </term> check is mailed, whichever comes <term type="NE" subtype="ORDINAL"> first </term>.</hi></p>
          <p>Option one.</p>
          <p>(a)In the Case of a Member Who Retires prior to <term type="NE" subtype="DATE"> July 1, 1965 </term>. - If he dies before he has received in annuity payments the <term type="NE" subtype="DATE"> present </term> value of his annuity as it was at the <term type="NE" subtype="DATE"> time </term> of his retirement, the balance shall be paid to such person as he shall nominate by written designation duly acknowledged and filed with the <term type="NE" subtype="ORGANIZATION"> Board of Trustees </term> or, if none, to his legal representative.</p>
          <p>(b)In the Case of a Member Who Retires on or after <term type="NE" subtype="DATE"> July 1, 1965 </term>, but prior to <term type="NE" subtype="DATE"> July 1, 1993 </term>.</p>
          <p>Option two.</p>
          <p>Option three.</p>
          <p>Option four. Adjustment of Retirement Allowance for Social Security Benefits. - Until the <term type="NE" subtype="ORDINAL"> first </term> payment on account of any benefit becomes normally due, any member may elect to convert his benefit otherwise payable on his account after retirement into a retirement allowance of equivalent actuarial value of such amount that with his benefit under Title II of the Federal Social Security Act, he will receive, so far as possible, approximately the same amount per <term type="NE" subtype="DURATION"> year </term> before and after the earliest age at which he becomes eligible, upon application therefor, to receive a social security benefit.</p>
          <p>Option five. For Members Retiring prior to <term type="NE" subtype="DATE"> July 1, 1993 </term>. - The member may elect to receive a reduced retirement allowance under the conditions of Option two or Option three, as provided for above, with the modification that if both he and the person nominated die within <term type="NE" subtype="DURATION"> 10 years </term> from his retirement date, an amount equal to his accumulated contributions at retirement, less 1/120th thereof for <term type="NE" subtype="SET"> each month </term> for which a retirement allowance has been paid, shall be paid to his legal representatives or to such person as he shall nominate by written designation duly acknowledged and filed with the <term type="NE" subtype="ORGANIZATION"> Board of Trustees </term>.</p>
          <p>Option six. A member may elect either Option two or Option three with the added provision that in the event the designated beneficiary predeceases the member, the retirement allowance payable to the member after the designated beneficiary's death shall be equal to the retirement allowance which would have been payable had the member not elected the option.</p>
          <p>Upon the death of a member after the effective date of a retirement for which the member has been approved and following receipt by the Board of Trustees of an election of benefits<hi rend="underlined">(Form 6-E or Form 7-E)</hi>but prior to the cashing of the first benefit check, the retirement benefit shall be payable as provided by the member's election of benefits under this subsection.</p>
          <p>Upon the death of a member after the effective date of a retirement for which the member has been approved but prior to the receipt by the Board of Trustees of an election of benefits (Form 6-E or Form 7-E), properly acknowledged and filed by the member, the member's designated beneficiary for a return of accumulated contributions may elect to receive the benefit, if only one beneficiary is<hi rend="strikethrough">named for</hi><hi rend="underlined">eligible to receive</hi>the return of accumulated contributions. If more than one beneficiary is<hi rend="strikethrough">named for</hi><hi rend="underlined">eligible to receive</hi>the return of accumulated contributions, the administrator or executor of the member's estate will select an option and name the beneficiary or beneficiaries.</p>
        </div2>
        <div2 type="section" n="3">
          <head>SECTION 2. (a)G.S.</head>
          <p>(m)Survivor's Alternate Benefit.<hi rend="strikethrough">principal</hi>beneficiary designated to receive a return of accumulated contributions shall have the right to elect to receive in lieu thereof the reduced retirement allowance provided by Option 2 of subsection (g) above computed by assuming that the member had retired on the first day of the month following the date of his death, provided that<hi rend="underlined">all four of</hi>the following conditions apply:</p>
          <p>(1)a.<hi rend="underlined">or</hi></p>
          <p>b. The member had obtained <term type="NE" subtype="DURATION"> 20 years </term> of creditable service in which case the retirement allowance shall be computed in accordance with G.S.135-5 (b19)(1)b. or G.S.135-5 (b19)(2)c.<hi rend="underlined">or</hi></p>
          <p>b1. The member was a law enforcement officer who had obtained <term type="NE" subtype="DURATION"> 15 years </term> of service as a law enforcement officer and was killed in the line of duty, in which case the retirement allowance shall be computed in accordance with G.S.135-5 (b19)(1)b.<hi rend="strikethrough">50,</hi><hi rend="underlined">50.</hi></p>
          <p>
            <hi rend="strikethrough">c.</hi>
            <hi rend="strikethrough">The member had not commenced to receive a retirement allowance as provided under this Chapter.</hi>
          </p>
          <p>(2)<hi rend="strikethrough">The member had designated as the principal beneficiary</hi><hi rend="underlined">At the <term type="NE" subtype="DATE"> time </term> of the member's death, one and only one beneficiary is eligible</hi>to receive a return of his accumulated<hi rend="strikethrough">contributions one and only one person who was living at the <term type="NE" subtype="DATE"> time </term> of his death.</hi><hi rend="underlined">contributions.</hi></p>
          <p>(3)The member had not instructed the <term type="NE" subtype="ORGANIZATION"> Board of Trustees </term> in writing that he did not wish the provisions of this subsection to apply.</p>
          <p>
            <hi rend="underlined">(4)</hi>
            <hi rend="underlined">The member had not commenced to receive a retirement allowance as provided under this Chapter.</hi>
          </p>
          <p>For the purpose of this benefit, a member is considered to be in service at the date of his death if his death occurs within <term type="NE" subtype="DATE"> 180 days from the last day </term> of his actual service. <term type="NE" subtype="DATE"> The last day </term> of actual service shall be determined as provided in subsection (l)of this section. Upon the death of a member in service, the surviving spouse may make all purchases for creditable service as provided for under this Chapter for which the member had made application in writing prior to the date of death, provided that the date of death occurred prior to or within <term type="NE" subtype="DURATION"> 60 days </term> after notification of the cost to make the purchase. The term in service as used in this subsection includes a member in receipt of a benefit under the Disability Income Plan as provided in Article 6 of this Chapter.</p>
          <p>Notwithstanding the foregoing, a member who is in receipt of Workers' Compensation during the period for which the member would have otherwise been eligible to receive short-term benefits, as provided in G.S.135-105, and who dies on or after <term type="NE" subtype="DATE"> 181 days from the last day </term> of the member's actual service but on or before the date the benefits as provided in G.S.135-105 would have ended, shall be considered in service at the <term type="NE" subtype="DATE"> time </term> of the member's death for the purpose of this benefit.</p>
          <p>For the purpose of calculating this benefit any terminal payouts made after the date of death that meet the definition of compensation shall be credited to <term type="NE" subtype="DATE"> the month </term> prior to <term type="NE" subtype="DATE"> the month </term> of death. These terminal payouts do not include salary or wages paid for work performed during <term type="NE" subtype="DATE"> the month </term> of death.</p>
        </div2>
        <div2 type="section" n="4">
          <head>SECTION 2. (b)G.S.</head>
          <p>(m)Survivor's Alternate Benefit.<hi rend="strikethrough">principal</hi>beneficiary designated to receive a return of accumulated contributions shall have the right to elect to receive in lieu thereof the reduced retirement allowance provided by Option two of subsection (g) above computed by assuming that the member had retired on the first day of the month following the date of his death, provided that all<hi rend="strikethrough">three</hi><hi rend="underlined">four</hi>of the following conditions apply:</p>
          <p>(1)a.</p>
          <p>b. The member had obtained <term type="NE" subtype="DURATION"> 20 years </term> of creditable service in which case the retirement allowance shall be computed in accordance with G.S.128-27 (b21)(1)b. or G.S.128-27 (b21)(2)c.<hi rend="underlined">or</hi></p>
          <p>b1. The member was a law enforcement officer who had obtained <term type="NE" subtype="DURATION"> 15 years </term> of service as a law enforcement officer and was killed in the line of duty, in which case the retirement allowance shall be computed in accordance with G.S.128-27 (b21)(1)b.<hi rend="strikethrough">50, or</hi><hi rend="underlined">50.</hi></p>
          <p>
            <hi rend="strikethrough">c.</hi>
            <hi rend="strikethrough">The member had not commenced to receive a retirement allowance as provided under this Chapter.</hi>
          </p>
          <p>(2)<hi rend="strikethrough">The member had designated as the principal beneficiary</hi><hi rend="underlined">At the <term type="NE" subtype="DATE"> time </term> of the member's death, one and only one beneficiary is eligible</hi>to receive a return of his accumulated<hi rend="strikethrough">contributions one and only one person who is living at the <term type="NE" subtype="DATE"> time </term> of his death.</hi><hi rend="underlined">contributions.</hi></p>
          <p>(3)The member had not instructed the <term type="NE" subtype="ORGANIZATION"> Board of Trustees </term> in writing that he did not wish the provisions of this subsection apply.</p>
          <p>
            <hi rend="underlined">(4)</hi>
            <hi rend="underlined">The member had not commenced to receive a retirement allowance as provided under this Chapter.</hi>
          </p>
          <p>For the purpose of this benefit, a member is considered to be in service at the date of his death if his death occurs within <term type="NE" subtype="DATE"> 180 days from the last day </term> of his actual service. <term type="NE" subtype="DATE"> The last day </term> of actual service shall be determined as provided in subsection (l)of this section. Upon the death of a member in service, the surviving spouse may make all purchases for creditable service as provided for under this Chapter for which the member had made application in writing prior to the date of death, provided that the date of death occurred prior to or within <term type="NE" subtype="DURATION"> 60 days </term> after notification of the cost to make the purchase.</p>
          <p>For the purpose of calculating this benefit, any terminal payouts made after the date of death that meet the definition of compensation shall be credited to <term type="NE" subtype="DATE"> the month </term> prior to <term type="NE" subtype="DATE"> the month </term> of death. These terminal payouts do not include salary or wages paid for work performed during <term type="NE" subtype="DATE"> the month </term> of death.</p>
        </div2>
        <div2 type="section" n="5">
          <head>SECTION 3. (a)G.S.135-45.</head>
          <p>(f)Former employees who are receiving disability retirement benefits or disability income benefits pursuant to Article 6 of Chapter 135 of the General<hi rend="strikethrough">Statutes,</hi><hi rend="underlined">Statutes or who are approved for those benefits but not in receipt of the benefits due to lump-sum payouts of vacation and bonus leave,</hi>provided the former employee has at least five years of<hi rend="strikethrough">retirement membership service,</hi><hi rend="underlined">contributory retirement service with an employing unit of a <term type="NE" subtype="MISC"> State-supported </term> retirement system,</hi>shall be eligible for the benefit provisions of this Plan, as set forth in this Part, on a noncontributory basis. Such coverage shall terminate as of the end of the month in which such former employee is no longer eligible for disability retirement benefits or disability income benefits pursuant to Article 6 of this Chapter.</p>
        </div2>
        <div2 type="section" n="6">
          <head>SECTION 3. (b)G.S.</head>
          <p>(l)Death Benefit Plan. - There is hereby created a Group Life Insurance Plan (hereinafter called the <term type="NE" subtype="MISC"> Plan </term>)which is established as an employee welfare benefit plan that is separate and apart from the <term type="NE" subtype="MISC"> Retirement System </term> and under which the members of the <term type="NE" subtype="MISC"> Retirement System </term> shall participate and be eligible for group life insurance benefits. Upon receipt of proof, satisfactory to the <term type="NE" subtype="ORGANIZATION"> Board of Trustees </term> in their capacity as trustees under the <term type="NE" subtype="ORGANIZATION"> Group Life Insurance Plan </term>, of the death, in service, of a member who had completed at least one full calendar <term type="NE" subtype="DURATION"> year </term> of membership in the Retirement System, there shall be paid to such person as he shall have nominated by electronic submission prior to completing <term type="NE" subtype="DURATION"> 10 years </term> of service in a form approved by the <term type="NE" subtype="ORGANIZATION"> Board of Trustees </term> or by written designation duly acknowledged and filed with the <term type="NE" subtype="ORGANIZATION"> Board of Trustees </term>, if such person is living at the <term type="NE" subtype="DATE"> time </term> of the member's death, otherwise to the member's legal representatives, a death benefit.</p>
          <p>(1)The compensation on which contributions were made by the member during the calendar <term type="NE" subtype="DURATION"> year </term> preceding <term type="NE" subtype="DATE"> the year </term> in which his death occurs, or</p>
          <p>(2)The greatest compensation on which contributions were made by the member during a <term type="NE" subtype="DURATION"> 12-month </term> period of service within the <term type="NE" subtype="DURATION"> 24-month </term> period of service ending on <term type="NE" subtype="DATE"> the last day of the month </term> preceding <term type="NE" subtype="DATE"> the month </term> in which his <term type="NE" subtype="DATE"> last day </term> of actual service occurs;</p>
          <p>(3), (4)Repealed by Session Laws <term type="NE" subtype="DATE"> 1983 </term> (<term type="NE" subtype="MISC"> Regular Session </term>, <term type="NE" subtype="DATE"> 1984 </term>), c. <term type="NE" subtype="DATE"> 1049 </term>, s. 2.</p>
          <p>subject to a minimum of <term type="NE" subtype="MONEY"> twenty-five thousand dollars </term> (<term type="NE" subtype="MONEY"> $ 25,000 </term>)and to a maximum of <term type="NE" subtype="MONEY"> fifty thousand dollars </term> (<term type="NE" subtype="MONEY"> $ 50,000 </term>). Such death benefit shall be payable apart and separate from the payment of the member's accumulated contributions under the <term type="NE" subtype="MISC"> System </term> on his death pursuant to the provisions of subsection (f)of this section. For the purpose of the Plan, a member shall be deemed to be in service at the date of his death if his death occurs within <term type="NE" subtype="DATE"> 180 days from the last day </term> of his actual service.</p>
          <p>The death benefit provided in this subsection (l)shall not be payable, notwithstanding the member's compliance with all the conditions set forth in the preceding paragraph, if his death occurs</p>
          <p>(1)After <term type="NE" subtype="DATE"> December 31, 1968 </term> and after he has attained age 70; or</p>
          <p>(2)After <term type="NE" subtype="DATE"> December 31, 1969 </term> and after he has attained age 69; or</p>
          <p>(3)After <term type="NE" subtype="DATE"> December 31, 1970 </term> and after he has attained age 68; or</p>
          <p>(4)After <term type="NE" subtype="DATE"> December 31, 1971 </term> and after he has attained age 67; or</p>
          <p>(5)After <term type="NE" subtype="DATE"> December 31, 1972 </term> and after he has attained age 66; or</p>
          <p>(6)After <term type="NE" subtype="DATE"> December 31, 1973 </term> and after he has attained age 65; or</p>
          <p>(7)After <term type="NE" subtype="DATE"> December 31, 1978 </term>, but before <term type="NE" subtype="DATE"> January 1, 1987 </term>, and after he has attained age 70.</p>
          <p>Notwithstanding the above provisions, the death benefit shall be payable on account of the death of any member who died or dies on or after <term type="NE" subtype="DATE"> January 1, 1974 </term>, but before <term type="NE" subtype="DATE"> January 1, 1979 </term>, after attaining age 65, if he or she had not yet attained age 65, if he or she had not yet attained age 66, was at the <term type="NE" subtype="DATE"> time </term> of death completing the work <term type="NE" subtype="DURATION"> year </term> for those individuals under specific contract, or during <term type="NE" subtype="DATE"> the fiscal year </term> for those individuals not under specific contract, in which he or she attained 65, and otherwise met all conditions for payment of the death benefit.</p>
          <p>Notwithstanding the above provisions, the <term type="NE" subtype="ORGANIZATION"> Board of Trustees </term> may and is specifically authorized to provide the death benefit according to the terms and conditions otherwise appearing in this Plan in the form of group life insurance, either (i)by purchasing a contract or contracts of group life insurance with any life insurance company or companies licensed and authorized to transact business in this State for the purpose of insuring the lives of members in service, or (ii)by establishing a separate trust fund qualified under Section 501 (c)(9)of the Internal Revenue Code of <term type="NE" subtype="DATE"> 1954 </term>, as amended, for such purpose. To that end the <term type="NE" subtype="ORGANIZATION"> Board of Trustees </term> is authorized, empowered and directed to investigate the desirability of utilizing group life insurance by either of the foregoing methods for the purpose of providing the death benefit. If a separate trust fund is established, it shall be operated in accordance with rules and regulations adopted by the <term type="NE" subtype="ORGANIZATION"> Board of Trustees </term> and all investment earnings on the trust fund shall be credited to such fund.</p>
          <p>In administration of the death benefit the following shall apply:</p>
          <p>(1)For the purpose of determining eligibility only, in this subsection calendar <term type="NE" subtype="DURATION"> year </term> shall mean any period of 12 consecutive <term type="NE" subtype="DURATION"> months </term> or, if less, the period covered by an <term type="NE" subtype="SET"> annual </term> contract of employment. For all other purposes in this subsection calendar <term type="NE" subtype="DURATION"> year </term> shall mean <term type="NE" subtype="DATE"> the 12 months beginning January 1 </term> and ending <term type="NE" subtype="DATE"> December 31 </term>.</p>
          <p>(2)<term type="NE" subtype="DATE"> Last day </term> of actual service shall be:</p>
          <p>a. When employment has been terminated, <term type="NE" subtype="DATE"> the last day </term> the member actually worked.</p>
          <p>b. When employment has not been terminated, the date on which an absent member's sick and <term type="NE" subtype="SET"> annual </term> leave expire, unless he is on approved leave of absence and is in service under the provisions of G.S.135-4 (h).</p>
          <p>c. When a participant's employment is interrupted by reason of service in the <term type="NE" subtype="ORGANIZATION"> Uniformed Services </term>, as that term is defined in section 4303 (16)of the Uniformed Services Employment and Reemployment Rights Act, <term type="NE" subtype="MISC"> Public Law </term> 103-353, and the participant does not return immediately after that service to employment with a covered employer in this System, the date on which the participant was <term type="NE" subtype="ORDINAL"> first </term> eligible to be separated or released from his or her involuntary military service.</p>
          <p>(3)For a period when a member is on leave of absence, his status with respect to the death benefit will be determined by the provisions of G.S.135-4 (h).</p>
          <p>(4)A member on leave of absence from his position as a teacher or State employee for the purpose of serving as a member or officer of the <term type="NE" subtype="ORGANIZATION"> General Assembly </term> shall be deemed to be in service during sessions of the <term type="NE" subtype="ORGANIZATION"> General Assembly </term> and thereby covered by the provisions of the death benefit. The amount of the death benefit for such member shall be the equivalent of the salary to which the member would have been entitled as a teacher or State employee during the <term type="NE" subtype="DURATION"> 12-month </term> period immediately prior to <term type="NE" subtype="DATE"> the month </term> in which death occurred, not to be less than <term type="NE" subtype="MONEY"> twenty-five thousand dollars </term> (<term type="NE" subtype="MONEY"> $ 25,000 </term>)nor to exceed <term type="NE" subtype="MONEY"> fifty thousand dollars </term> (<term type="NE" subtype="MONEY"> $ 50,000 </term>).</p>
          <p>The provisions of the Retirement System pertaining to Administration, G.S.135-6, and management of funds, G.S.135-7, are hereby made applicable to the Plan.</p>
          <p>A member who is a beneficiary of the Disability Income Plan provided for in Article 6 of this Chapter, or a member who is in receipt of Workers' Compensation during the period for which he or she would have otherwise been eligible to receive short-term benefits<hi rend="underlined">or extended short-term benefits</hi>as provided in G.S.135-105 and dies on or after 181 days from the last day of his or her actual service but prior to the date the benefits as provided in G.S.135-105 would have ended, shall be eligible for group life insurance benefits as provided in this subsection, notwithstanding that the member is no longer an employee or teacher or that the member's death occurs after the eligibility period after active service. The basis of the death benefit payable hereunder shall be the higher of the death benefit computed as above or a death benefit based on compensation used in computing the benefit payable under G.S.135-105 and G.S.135-106, as may be adjusted for percentage post-disability increases, all subject to the maximum dollar limitation as provided above. A member in receipt of benefits from the Disability Income Plan under the provisions of G.S.135-112 whose right to a benefit accrued under the former Disability Salary Continuation Plan shall not be covered under the provisions of this paragraph.</p>
          <p>Upon receipt of proof, satisfactory to the <term type="NE" subtype="ORGANIZATION"> Board of Trustees </term> in its capacity under this subsection, of the death of a retired member of the Retirement System on or after <term type="NE" subtype="DATE"> July 1, 1988 </term>, but before <term type="NE" subtype="DATE"> January 1, 1999 </term>, there shall be paid a death benefit to the surviving spouse of the deceased retired member or to the deceased retired member's legal representative if not survived by a spouse; provided the retired member has elected, when <term type="NE" subtype="ORDINAL"> first </term> eligible, to make, and has continuously made, in advance of his death required contributions as determined by the <term type="NE" subtype="ORGANIZATION"> Board of Trustees </term> on a fully contributory basis, through retirement allowance deductions or other methods adopted by the <term type="NE" subtype="ORGANIZATION"> Board of Trustees </term>, to a group death benefit trust fund administered by the <term type="NE" subtype="ORGANIZATION"> Board of Trustees </term> separate and apart from the Retirement System's Annuity Savings Fund and Pension Accumulation Fund. This death benefit shall be a lump-sum payment in the amount of <term type="NE" subtype="MONEY"> five thousand dollars </term> (<term type="NE" subtype="MONEY"> $ 5,000 </term>)upon the completion of <term type="NE" subtype="DURATION"> twenty-four months </term> of contributions required under this subsection. Should death occur before the completion of <term type="NE" subtype="DURATION"> twenty-four months </term> of contributions required under this subsection, the deceased retired member's surviving spouse or legal representative if not survived by a spouse shall be paid the sum of the retired member's contributions required by this subsection plus interest to be determined by the <term type="NE" subtype="ORGANIZATION"> Board of Trustees </term>.</p>
          <p>Upon receipt of proof, satisfactory to the <term type="NE" subtype="ORGANIZATION"> Board of Trustees </term> in its capacity under this subsection, of the death of a retired member of the Retirement System on or after <term type="NE" subtype="DATE"> January 1, 1999 </term>, but before <term type="NE" subtype="DATE"> July 1, 2004 </term>, there shall be paid a death benefit to the surviving spouse of the deceased retired member or to the deceased retired member's legal representative if not survived by a spouse; provided the retired member has elected, when <term type="NE" subtype="ORDINAL"> first </term> eligible, to make, and has continuously made, in advance of his death required contributions as determined by the <term type="NE" subtype="ORGANIZATION"> Board of Trustees </term> on a fully contributory basis, through retirement allowance deductions or other methods adopted by the <term type="NE" subtype="ORGANIZATION"> Board of Trustees </term>, to a group death benefit trust fund administered by the <term type="NE" subtype="ORGANIZATION"> Board of Trustees </term> separate and apart from the Retirement System's Annuity Savings Fund and Pension Accumulation Fund. This death benefit shall be a lump-sum payment in the amount of <term type="NE" subtype="MONEY"> six thousand dollars </term> (<term type="NE" subtype="MONEY"> $ 6,000 </term>)upon the completion of <term type="NE" subtype="DURATION"> 24 months </term> of contributions required under this subsection. Should death occur before the completion of <term type="NE" subtype="DURATION"> 24 months </term> of contributions required under this subsection, the deceased retired member's surviving spouse or legal representative if not survived by a spouse shall be paid the sum of the retired member's contributions required by this subsection plus interest to be determined by the <term type="NE" subtype="ORGANIZATION"> Board of Trustees </term>.</p>
          <p>Upon receipt of proof, satisfactory to the <term type="NE" subtype="ORGANIZATION"> Board of Trustees </term> in its capacity under this subsection, of the death of a retired member of the Retirement System on or after <term type="NE" subtype="DATE"> July 1, 2004 </term>, but before <term type="NE" subtype="DATE"> July 1, 2007 </term>, there shall be paid a death benefit to the surviving spouse of the deceased retired member or to the deceased retired member's legal representative if not survived by a spouse; provided the retired member has elected, when <term type="NE" subtype="ORDINAL"> first </term> eligible, to make, and has continuously made, in advance of his death required contributions as determined by the <term type="NE" subtype="ORGANIZATION"> Board of Trustees </term> on a fully contributory basis, through retirement allowance deductions or other methods adopted by the <term type="NE" subtype="ORGANIZATION"> Board of Trustees </term>, to a group death benefit trust fund administered by the <term type="NE" subtype="ORGANIZATION"> Board of Trustees Fund </term> and Pension Accumulation Fund. This death benefit shall be a lump-sum payment in the amount of <term type="NE" subtype="MONEY"> nine thousand dollars </term> (<term type="NE" subtype="MONEY"> $ 9,000 </term>)upon the completion of <term type="NE" subtype="DURATION"> 24 months </term> of contributions required under this subsection. Should death occur before the completion of <term type="NE" subtype="DURATION"> 24 months </term> of contributions required under this subsection, the deceased retired member's surviving spouse or legal representative if not survived by a spouse shall be paid the sum of the retired member's contributions required by this subsection plus interest to be determined by the <term type="NE" subtype="ORGANIZATION"> Board of Trustees </term>.</p>
          <p>Upon receipt of proof, satisfactory to the <term type="NE" subtype="ORGANIZATION"> Board of Trustees </term> in its capacity under this subsection, of the death of a retired member of the Retirement System on or after <term type="NE" subtype="DATE"> July 1, 2007 </term>, there shall be paid a death benefit to the surviving spouse of the deceased retired member or to the deceased retired member's legal representative if not survived by a spouse; provided the retired member has elected, when <term type="NE" subtype="ORDINAL"> first </term> eligible, to make, and has continuously made, in advance of his death required contributions as determined by the <term type="NE" subtype="ORGANIZATION"> Board of Trustees </term> on a fully contributory basis, through retirement allowance deductions or other methods adopted by the <term type="NE" subtype="ORGANIZATION"> Board of Trustees </term>, to a group death benefit trust fund administered by the <term type="NE" subtype="ORGANIZATION"> Board of Trustees Fund </term> and Pension Accumulation Fund. This death benefit shall be a lump-sum payment in the amount of <term type="NE" subtype="MONEY"> ten thousand dollars </term> (<term type="NE" subtype="MONEY"> $ 10,000 </term>)upon the completion of <term type="NE" subtype="DURATION"> 24 months </term> of contributions required under this subsection. Should death occur before the completion of <term type="NE" subtype="DURATION"> 24 months </term> of contributions required under this subsection, the deceased retired member's surviving spouse or legal representative if not survived by a spouse shall be paid the sum of the retired member's contributions required by this subsection plus interest to be determined by the <term type="NE" subtype="ORGANIZATION"> Board of Trustees </term>.</p>
        </div2>
        <div2 type="section" n="7">
          <head>SECTION 4. (a)G.S.135-3 (8)d.</head>
          <p>d. Should a beneficiary who retired on an early or service retirement allowance under this Chapter be restored to service as an employee or teacher, then the retirement allowance shall cease as of the <term type="NE" subtype="ORDINAL"> first </term> of <term type="NE" subtype="DATE"> the month following the month </term> in which the beneficiary is restored to service and the beneficiary shall become a member of the Retirement System and shall contribute thereafter as allowed by law at the uniform contribution payable by all members.</p>
          <p>Upon his subsequent retirement, he shall be paid a retirement allowance determined as follows:</p>
          <p>1. For a member who earns <term type="NE" subtype="DURATION"> at least three years </term>' membership service after restoration to service, the retirement allowance shall be computed on the basis of his compensation and service before and after the period of prior retirement without restrictions; provided, that if the prior allowance was based on a social security leveling payment option, the allowance shall be adjusted actuarially for the difference between the amount received under the optional payment and what would have been paid if the retirement allowance had been paid without optional modification.<hi rend="underlined">In the alternative, the member may receive a refund of the member's accumulated contributions for the period of service after restoration to service in accordance with G.S.135-5 (f).</hi></p>
          <p>2. For a member who does not earn <term type="NE" subtype="DURATION"> three years </term>' membership service after restoration to service, the retirement allowance shall be equal to the sum of the retirement allowance to which he would have been entitled had he not been restored to service, without modification of the election of an optional allowance <term type="NE" subtype="DATE"> previously </term> made, and the retirement allowance that results from service earned since being restored to service; provided, that if the prior retirement allowance was based on a social security leveling payment option, the prior allowance shall be adjusted actuarially for the difference between the amount that would have been paid for <term type="NE" subtype="SET"> each month </term> had the payment not been suspended and what would have been paid if the retirement allowance had been paid without optional modification.<hi rend="underlined">In the alternative, the member may receive a refund of the member's accumulated contributions for the period of service after restoration to service in accordance with G.S.135-5 (f), or the member may allow this new account to remain inactive.</hi></p>
        </div2>
        <div2 type="section" n="8">
          <head>SECTION 4. (b)G.S.128-24 (5)d.</head>
          <p>d. Should a beneficiary who retired on an early or service retirement allowance be restored to service as an employee, then the retirement allowance shall cease as of <term type="NE" subtype="DATE"> the first day of the month following the month </term> in which the beneficiary is restored to service and the beneficiary shall become a member of the Retirement System and shall contribute thereafter as allowed by law at the uniform contribution payable by all members.</p>
          <p>Upon his subsequent retirement, he shall be paid a retirement allowance determined as follows:</p>
          <p>1. For a member who earns <term type="NE" subtype="DURATION"> at least three years </term>' membership service after restoration to service, the retirement allowance shall be computed on the basis of his compensation and service before and after the period of prior retirement without restriction; provided, that if the prior allowance was based on a social security leveling payment option, the allowance shall be adjusted actuarially for the difference between the amount received under the optional payment and what would have been paid if the retirement allowance had been paid without optional modification.<hi rend="underlined">In the alternative, the member may receive a refund of the member's accumulated contributions for the period of service after restoration to service in accordance with G.S.128-27 (f).</hi></p>
          <p>2. For a member who does not earn <term type="NE" subtype="DURATION"> three years </term>' membership service after restoration to service, the retirement allowance shall be equal to the sum of the retirement allowance to which he would have been entitled had he not been restored to service, without modification of the election of an optional allowance <term type="NE" subtype="DATE"> previously </term> made, and the retirement allowance that results from service earned since being restored to service; provided, that if the prior retirement allowance was based on a social security leveling payment option, the prior allowance shall be adjusted actuarially for the difference between the amount that would have been paid for <term type="NE" subtype="SET"> each month </term> had the payment not been suspended and what would have been paid if the retirement allowance had been paid without optional modification.<hi rend="underlined">In the alternative, the member may receive a refund of the member's accumulated contributions for the period of service after restoration to service in accordance with G.S.128-27 (f), or the member may allow this new account to remain inactive.</hi></p>
        </div2>
        <div2 type="section" n="9">
          <head>SECTION 5. (a)G.S.</head>
          <p>(gg)If a member who is an elected government official and has not vested in this System on <term type="NE" subtype="DATE"> July 1, 2007 </term>, is convicted of an offense listed in G.S.135-18.<hi rend="strikethrough">System.</hi><hi rend="underlined">System, except for a return of member contributions plus interest.</hi>If a member who is an elected government official and has vested in this System on July 1, 2007, is convicted of an offense listed in G.S.135-18.10 for acts committed after July 1, 2007, then that member is not entitled to any creditable service that accrued after July 1, 2007. No member shall forfeit any benefit or creditable service earned from a position not as an elected government official.</p>
        </div2>
        <div2 type="section" n="10">
          <head>SECTION 5. (b)G.S.</head>
          <p>(w)If a member who is an elected government official and has not vested in this System on <term type="NE" subtype="DATE"> July 1, 2007 </term>, is convicted of an offense listed in G.S.128-38.<hi rend="strikethrough">System.</hi><hi rend="underlined">System, except for a return of member contributions plus interest.</hi>If a member who is an elected government official and has vested in this System on July 1, 2007, is convicted of an offense listed in G.S.128-38.4 for acts committed after July 1, 2007, then that member is not entitled to any creditable service that accrued after July 1, 2007. No member shall forfeit any benefit or creditable service earned from a position not as an elected government official.</p>
        </div2>
        <div2 type="section" n="11">
          <head>SECTION 6. (a)G.S.135-10.</head>
          <p>&#167; 135-10. 1. Failure to respond.</p>
          <p>If a member fails to respond<hi rend="strikethrough">in any way</hi>within<hi rend="strikethrough">90</hi><hi rend="underlined">120</hi>days after preliminary option figures and the Form 6-E<hi rend="underlined">or Form 7-E</hi>are mailed,<hi rend="underlined">or if a member fails to respond within <term type="NE" subtype="DURATION"> 120 days </term> after the effective date of retirement, whichever is later,</hi>the Form 6<hi rend="underlined">or Form 7</hi>shall be null and void; the retirement system shall not be liable for any benefits due on account of the voided application, and a new application must be filed establishing a subsequent effective date of retirement. If an applicant for disability retirement fails to furnish requested additional medical information within 90 days following such request, the application shall be declared null and void under the same conditions outlined above, unless the applicant is eligible for early or service retirement in which case the application shall be processed accordingly, using the same effective date as would have been used had the application for disability retirement been approved. The Director of the Retirement Systems Division, acting on behalf of the Board of Trustees, may extend the<hi rend="strikethrough"><term type="NE" subtype="DURATION"> 90-day </term></hi><hi rend="underlined"><term type="NE" subtype="DURATION"> 120-day </term></hi>limitation provided for in this section when a member has suffered incapacitation such that a reasonable person would not have expected the member to be able to complete the required paperwork within the regular deadline, or when an omission by the Retirement Systems Division prevents the member from having sufficient time to meet the regular deadline.</p>
        </div2>
        <div2 type="section" n="12">
          <head>SECTION 6. (b)G.S.128-32.</head>
          <p>&#167; 128-32. 1. Failure to respond.</p>
          <p>If a member fails to respond<hi rend="strikethrough">in any way</hi>within<hi rend="strikethrough">90</hi><hi rend="underlined">120</hi>days after preliminary option figures and the Form 6-E<hi rend="underlined">or Form 7-E</hi>are mailed,<hi rend="underlined">or if a member fails to respond within <term type="NE" subtype="DURATION"> 120 days </term> after the effective date of retirement, whichever is later,</hi>the Form 6<hi rend="underlined">or Form 7</hi>shall be null and void; the retirement system shall not be liable for any benefits due on account of the voided application, and a new application must be filed establishing a subsequent effective date of retirement. If an applicant for disability retirement fails to furnish requested additional medical information within 90 days following such request, the application shall be declared null and void under the same conditions outlined above, unless the applicant is eligible for early or service retirement in which case the application shall be processed accordingly, using the same effective date as would have been used had the application for disability retirement been approved. The Director of the Retirement Systems Division, acting on behalf of the Board of Trustees, may extend the<hi rend="strikethrough"><term type="NE" subtype="DURATION"> 90-day </term></hi><hi rend="underlined"><term type="NE" subtype="DURATION"> 120-day </term></hi>limitation provided for in this section when a member has suffered incapacitation such that a reasonable person would not have expected the member to be able to complete the required paperwork within the regular deadline, or when an omission by the Retirement Systems Division prevents the member from having sufficient time to meet the regular deadline.</p>
        </div2>
        <div2 type="section" n="13">
          <head>SECTION 7. G.S.</head>
          <p>(b)After the commencement of benefits under this section, the benefits payable under the terms of this section during <term type="NE" subtype="DURATION"> the first 36 months </term> of the long-term disability period shall be equal to <term type="NE" subtype="PERCENT"> sixty-five percent </term> (<term type="NE" subtype="PERCENT"> 65 % </term>)of 1/12th of the <term type="NE" subtype="SET"> annual </term> base rate of compensation last payable to the participant or beneficiary prior to the beginning of the short-term disability period as may be adjusted for percentage increases as provided under G.S.135-108, plus <term type="NE" subtype="PERCENT"> sixty-five percent </term> (<term type="NE" subtype="PERCENT"> 65 % </term>)of 1/12th of the <term type="NE" subtype="SET"> annual </term> longevity payment to which the participant or beneficiary would be eligible, to a maximum of <term type="NE" subtype="MONEY"> three thousand nine hundred dollars </term> (<term type="NE" subtype="MONEY"> $ 3,900 </term>)per <term type="NE" subtype="DURATION"> month </term> reduced by any primary <term type="NE" subtype="ORGANIZATION"> Social Security </term> disability benefits and by <term type="NE" subtype="SET"> monthly </term> payments for Workers' Compensation to which the participant or beneficiary may be entitled.<hi rend="underlined">When primary Social Security disability benefits are increased by cost-of-living adjustments, the increased reduction shall be applied in <term type="NE" subtype="DURATION"> the first month following the month </term> in which the member becomes entitled to the increased <term type="NE" subtype="ORGANIZATION"> Social Security </term> benefit.</hi>The monthly benefit shall be further reduced by the amount of any monthly payments from the federal Department of Veterans Affairs, any other federal agency or any payments made under the provisions of G.S.127A-108, to which the participant or beneficiary may be entitled on account of the same disability. Provided, in any event, the benefit payable shall be no less than ten dollars ($10.00) a month. However, a disabled participant may elect to receive any salary continuation as provided in G.S.135-104 in lieu of long-term disability benefits; provided such election shall not extend the first 36 consecutive calendar months of the long-term disability period. An election to receive any salary continuation for any part of any given day shall be in lieu of any long-term benefit payable for that day, provided further, any lump-sum payout for vacation leave shall be treated as if the beneficiary or participant had exhausted the leave and shall be in lieu of any long-term benefit otherwise payable. Provided that, in any event, a beneficiary's benefit shall be reduced during the first 36 months of the long-term disability period by an amount, as determined by the Board of Trustees, equal to a primary Social Security retirement benefit to which the beneficiary might be entitled.</p>
          <p>After <term type="NE" subtype="DURATION"> 36 months </term> of long-term disability, no further benefits are payable under the terms of this section unless the member has been approved and is in receipt of primary <term type="NE" subtype="ORGANIZATION"> Social Security </term> disability benefits. In that case the benefits payable shall be equal to <term type="NE" subtype="PERCENT"> sixty-five percent </term> (<term type="NE" subtype="PERCENT"> 65 % </term>)of 1/12th of the <term type="NE" subtype="SET"> annual </term> base rate of compensation last payable to the participant or beneficiary prior to the beginning of the short-term disability period as may be adjusted for percentage increases as provided under G.S.135-108, plus <term type="NE" subtype="PERCENT"> sixty-five percent </term> (<term type="NE" subtype="PERCENT"> 65 % </term>)of 1/12th of the <term type="NE" subtype="SET"> annual </term> longevity payment to which the participant or beneficiary would be eligible, to a maximum of <term type="NE" subtype="MONEY"> three thousand nine hundred dollars </term> (<term type="NE" subtype="MONEY"> $ 3,900 </term>)per <term type="NE" subtype="DURATION"> month </term> reduced by the primary <term type="NE" subtype="ORGANIZATION"> Social Security </term> disability benefits and by <term type="NE" subtype="SET"> monthly </term> payments for Workers' Compensation to which the participant or beneficiary may be entitled.<hi rend="underlined">When primary Social Security disability benefits are increased by cost-of-living adjustments, the increased reduction shall be applied in <term type="NE" subtype="DURATION"> the first month following the month </term> in which the member becomes entitled to the increased <term type="NE" subtype="ORGANIZATION"> Social Security </term> benefit.</hi>The monthly benefit shall be further reduced by the amount of any monthly payments from the federal Department of Veterans Affairs, for payments from any other federal agency, or for any payments made under the provisions of G.S.127A-108, to which the participant or beneficiary may be entitled on account of the same disability. Provided, in any event, the benefit payable shall be no less than ten dollars ($10.00) a month.</p>
          <p>Notwithstanding the foregoing, the long-term disability benefit is payable so long as the beneficiary is disabled and is in receipt of a primary Social Security disability benefit until the earliest date at which the beneficiary is eligible for an unreduced service retirement allowance from the Retirement System, at which time the beneficiary would receive a retirement allowance calculated on the basis of the beneficiary's average final compensation at the <term type="NE" subtype="DATE"> time </term> of disability as adjusted to reflect compensation increases subsequent to the time of disability and the creditable service accumulated by the beneficiary, including creditable service while in receipt of benefits under the Plan. In the event the beneficiary has not been approved and is not in receipt of a primary Social Security disability benefit, the long-term disability benefit shall cease after <term type="NE" subtype="DURATION"> the first 36 months </term> of the long-term disability period. However, a beneficiary shall be entitled to a restoration of the long-term disability benefit in the event the <term type="NE" subtype="ORGANIZATION"> Social Security Administration </term> grants a retroactive approval for primary <term type="NE" subtype="ORGANIZATION"> Social Security </term> disability benefits with a benefit effective date within <term type="NE" subtype="DURATION"> the first 36 months </term> of the long-term disability period. In such event, the long-term disability benefit shall be restored retroactively to the date of cessation.</p>
        </div2>
        <div2 type="section" n="14">
          <head>SECTION 8. (a)G.S.</head>
          <p>(b2)Retroactive Adjustment in Compensation or an Underreporting of Compensation.<hi rend="underlined">or wrongful demotion</hi>in which the aggrieved member or beneficiary is granted a promotion<hi rend="underlined">or a demotion is reversed</hi>retroactively, or in cases in which an employer errs in the reporting of compensation, including the employee and employer contributions, the member or beneficiary and employer may make employee and employer contributions on the retroactive or additional compensation, after submitting clear and convincing evidence of the retroactive promotion or underreporting of compensation, as follows:</p>
          <p>(1)Within <term type="NE" subtype="DURATION"> 90 days </term> of the denial of the promotion or the error in reporting, by the payment of employee and employer contributions that would have been paid; or</p>
          <p>(2)After <term type="NE" subtype="DURATION"> 90 days </term> of the denial of the promotion or the error in reporting, by the payment of the employee and employer contributions that would have been paid plus interest compounded <term type="NE" subtype="SET"> annually </term> at a rate equal to the greater of the average yield on the pension accumulation fund for the preceding calendar <term type="NE" subtype="DURATION"> year </term> or the actuarial investment rate-of-return assumption, as adopted by the <term type="NE" subtype="ORGANIZATION"> Board of Trustees </term>.</p>
          <p>For members or beneficiaries electing to make the employee contributions on the retroactive adjustment in compensation or on the underreported compensation, the member's or beneficiary's employer, which granted the retroactive promotion or erred in underreporting compensation and contributions, shall make the required employer contributions. Nothing contained in this subsection shall prevent an employer from paying all or a part of the interest assessed on the employee contributions; and to the extent paid by the employer, the interest paid by the employer shall be credited to the pension accumulation fund; provided, however, an employer does not discriminate against any member or beneficiary or group of members or beneficiaries in his employ in paying all or any part of the interest assessed on the employee contributions due.</p>
          <p>In the event the retroactive adjustment in compensation or the underreported compensation is for a period that occurs during the four consecutive calendar <term type="NE" subtype="DURATION"> years </term> that would have produced the highest average <term type="NE" subtype="SET"> annual </term> compensation pursuant to G.S.135-1 (5)the compensation the member or beneficiary would have received during the period shall be included in calculating the member's or beneficiary's average final compensation only in the event the appropriate employee and employer contributions are paid on such compensation.</p>
          <p>An employer error in underreporting compensation shall not include a retroactive increase in compensation that occurs during the four consecutive calendar <term type="NE" subtype="DURATION"> years </term> that would have produced the highest average <term type="NE" subtype="SET"> annual </term> compensation pursuant to G.S.<hi rend="underlined">or wrongful demotion</hi>where the member is promoted<hi rend="underlined">or the demotion is reversed</hi>retroactively.</p>
        </div2>
        <div2 type="section" n="15">
          <head>SECTION 8. (b)G.S.</head>
          <p>(b2)Retroactive Adjustment in Compensation or an Underreporting of Compensation.<hi rend="underlined">or wrongful demotion</hi>in which the aggrieved member or beneficiary is granted a promotion<hi rend="underlined">or a demotion is reversed</hi>retroactively, or in cases in which an employer errs in the reporting of compensation, including the employee and employer contributions, the member or beneficiary and employer may make employee and employer contributions on the retroactive or additional compensation after submitting clear and convincing evidence of the retroactive promotion or underreporting of compensation, as follows:</p>
          <p>(1)Within <term type="NE" subtype="DURATION"> 90 days </term> of the denial of the promotion or the error in reporting, by the payment of employee and employer contributions that would have been paid; or</p>
          <p>(2)After <term type="NE" subtype="DURATION"> 90 days </term> of the denial of the promotion or the error in reporting, by the payment of the employee and employer contributions that would have been paid plus interest compounded <term type="NE" subtype="SET"> annually </term> at a rate equal to the greater of the average yield on the pension accumulation fund for the preceding calendar <term type="NE" subtype="DURATION"> year </term> or the actuarial investment rate-of-return assumption, as adopted by the <term type="NE" subtype="ORGANIZATION"> Board of Trustees </term>.</p>
          <p>For members or beneficiaries electing to make the employee contributions on the retroactive adjustment in compensation or on the underreported compensation, the member's or beneficiary's employer, which granted the retroactive promotion or erred in underreporting compensation and contributions, shall make the required employer contributions. Nothing contained in this subsection shall prevent an employer from paying all or a part of the interest assessed on the employee contributions; and to the extent paid by the employer, the interest paid by the employer shall be credited to the pension accumulation fund; provided, however, an employer does not discriminate against any member or beneficiary or group of members or beneficiaries in his employ in paying all or any part of the interest assessed on the employee contributions due.</p>
          <p>In the event the retroactive adjustment in compensation or the underreported compensation is for a period that occurs during the four consecutive calendar <term type="NE" subtype="DURATION"> years </term> that would have produced the highest average <term type="NE" subtype="SET"> annual </term> compensation pursuant to G.S.135-1 (5), the compensation the member or beneficiary would have received during the period shall be included in calculating the member's or beneficiary's average final compensation only in the event the appropriate employee and employer contributions are paid on such compensation.</p>
          <p>An employer error in underreporting compensation shall not include a retroactive increase in compensation that occurs during the four consecutive calendar <term type="NE" subtype="DURATION"> years </term> that would have produced the highest average <term type="NE" subtype="SET"> annual </term> compensation pursuant to G.S.<hi rend="underlined">or wrongful demotion</hi>where the member is promoted<hi rend="underlined">or the demotion is reversed</hi>retroactively.</p>
        </div2>
        <div2 type="section" n="16">
          <head>SECTION 9. (a)G.S.</head>
          <p>(g1)In the event of the death of a retired member while in receipt of a retirement allowance under the provisions of this Article, there shall be paid to such person or persons as the retiree shall have nominated by electronic submission in a form approved by the <term type="NE" subtype="ORGANIZATION"> Board of Trustees </term> or by written designation duly acknowledged and filed with the <term type="NE" subtype="ORGANIZATION"> Board of Trustees </term>, if such person or persons are living at the <term type="NE" subtype="DATE"> time </term> of the retiree's death, otherwise to the retiree's legal representatives, a death benefit equal to the excess, if any, of the accumulated contributions of the retiree at the date of retirement over the total of the retirement allowances paid prior to the death of the retiree.<hi rend="strikethrough">For purposes of this paragraph, the term accumulated contributions includes amounts of employee voluntary contributions that were transferred from the Supplemental Retirement Income Plan of <term type="NE" subtype="LOCATION"> North Carolina </term> to this Retirement System at retirement by eligible law enforcement officers.</hi><hi rend="underlined">In the event that a retiree is receiving a Special Retirement Allowance under subsection (m1)of this section, there shall be paid to such person or persons as the retiree shall have nominated by electronic submission in a form approved by the <term type="NE" subtype="ORGANIZATION"> Board of Trustees </term> or by written designation duly acknowledged and filed with the <term type="NE" subtype="ORGANIZATION"> Board of Trustees </term>, if such person or persons are living at the <term type="NE" subtype="DATE"> time </term> of the retiree's death, otherwise to the retiree's legal representatives, an additional death benefit equal to the excess, if any, of the employee voluntary contributions that were transferred from the Supplemental Retirement Income Plan of <term type="NE" subtype="LOCATION"> North Carolina </term> over the total of the Special Retirement Allowances paid prior to the death of the retiree.</hi></p>
          <p>In the event that a retirement allowance becomes payable to the designated survivor of a retired member under the provisions above and such retirement allowance to the survivor shall terminate upon the death of the survivor before the total of the retirement allowances paid to the retiree and the designated survivor combined equals the amount of the accumulated contributions of the retiree at the date of retirement, the excess, if any, of such accumulated contributions over the total of the retirement allowances paid to the retiree and the survivor combined shall be paid in a lump sum to such person or persons as the retiree shall have nominated by electronic submission in a form approved by the <term type="NE" subtype="ORGANIZATION"> Board of Trustees </term> or by written designation duly acknowledged and filed with the <term type="NE" subtype="ORGANIZATION"> Board of Trustees </term>, if such person or persons are living at the <term type="NE" subtype="DATE"> time </term> such payment falls due, otherwise to the retiree's legal representative. For purposes of this paragraph, the term accumulated contributions includes amounts of employee voluntary contributions that were transferred from the Supplemental Retirement Income Plan of <term type="NE" subtype="LOCATION"> North Carolina </term> to this Retirement System at retirement by eligible law enforcement officers.</p>
          <p>In the event that a retirement allowance becomes payable to the principal beneficiary designated to receive a return of accumulated contributions pursuant to subsection (m)of this section and that beneficiary dies before the total of the retirement allowances paid equals the amount of the accumulated contributions of the member at the date of the member's death, the excess of those accumulated contributions over the total of the retirement allowances paid to the beneficiary shall be paid in a lump sum to the person or persons the member has designated as the contingent beneficiary for return of accumulated contributions, if the person or persons are living at the <term type="NE" subtype="DATE"> time </term> the payment falls due, otherwise to the principal beneficiary's legal representative. For purposes of this paragraph, the term accumulated contributions includes amounts of employee voluntary contributions that were transferred from the Supplemental Retirement Income Plan of <term type="NE" subtype="LOCATION"> North Carolina </term> to this Retirement System at retirement by eligible law enforcement officers.</p>
          <p>In the event a retiree purchases creditable service as provided in G.S.135-4, there shall be paid to such person or persons as the retiree shall have nominated by electronic submission in a form approved by the <term type="NE" subtype="ORGANIZATION"> Board of Trustees </term> or by written designation duly acknowledged and filed with the <term type="NE" subtype="ORGANIZATION"> Board of Trustees </term>, if such person or persons are living at the <term type="NE" subtype="DATE"> time </term> of the retiree's death, otherwise to the retiree's legal representatives, an additional death benefit equal to the excess, if any, of the cost of the creditable service purchased less the administrative fee, if any, over the total of the increase in the retirement allowance attributable to the additional creditable service, paid from <term type="NE" subtype="DATE"> the month following the month </term> in which payment was received to the death of the retiree.</p>
          <p>In the event that a retirement allowance becomes payable to the designated survivor of a retired member under the provisions above and such retirement allowance to the survivor shall terminate upon the death of the survivor before the total of the increase in the retirement allowance attributable to the additional creditable service paid to the retiree and the designated survivor combined equals the cost of the creditable service purchased less the administrative fee, the excess, if any, shall be paid in a lump sum to such person or persons as the retiree shall have nominated by electronic submission in a form approved by the <term type="NE" subtype="ORGANIZATION"> Board of Trustees </term> or by written designation duly acknowledged and filed with the <term type="NE" subtype="ORGANIZATION"> Board of Trustees </term>, if such person or persons are living at the <term type="NE" subtype="DATE"> time </term> such payment falls due, otherwise to the retiree's legal representative.</p>
          <p>In the event that a retiree dies without having designated a beneficiary to receive a benefit under the provisions of this subsection, any such benefit that becomes payable shall be paid to the member's estate.</p>
        </div2>
        <div2 type="section" n="17">
          <head>SECTION 9. (b)G.S.</head>
          <p>(g1)In the event of the death of a retired member while in receipt of a retirement allowance under the provisions of this Article, there shall be paid to such person or persons as the retiree shall have nominated by electronic submission in a form approved by the <term type="NE" subtype="ORGANIZATION"> Board of Trustees </term> or by written designation duly acknowledged and filed with the <term type="NE" subtype="ORGANIZATION"> Board of Trustees </term>, if such person or persons are living at the <term type="NE" subtype="DATE"> time </term> of the retiree's death, otherwise to the retiree's legal representatives, a death benefit equal to the excess, if any, of the accumulated contributions of the retiree at the date of retirement over the total of the retirement allowances paid prior to the death of the retiree.<hi rend="strikethrough">For purposes of this paragraph, the term accumulated contributions includes amounts of employee voluntary contributions that were transferred from the Supplemental Retirement Income Plan of <term type="NE" subtype="LOCATION"> North Carolina </term> to this Retirement System at retirement by eligible law enforcement officers.</hi><hi rend="underlined">In the event that a retiree is receiving a Special Retirement Allowance under subsection (m1)of this section, there shall be paid to such person or persons as the retiree shall have nominated by electronic submission in a form approved by the <term type="NE" subtype="ORGANIZATION"> Board of Trustees </term> or by written designation duly acknowledged and filed with the <term type="NE" subtype="ORGANIZATION"> Board of Trustees </term>, if such person or persons are living at the <term type="NE" subtype="DATE"> time </term> of the retiree's death, otherwise to the retiree's legal representatives, an additional death benefit equal to the excess, if any, of the employee voluntary contributions that were transferred from the Supplemental Retirement Income Plan of <term type="NE" subtype="LOCATION"> North Carolina </term> over the total of the Special Retirement Allowances paid prior to the death of the retiree.</hi></p>
          <p>In the event that a retirement allowance becomes payable to the designated survivor of a retired member under the provisions above and such retirement allowance to the survivor shall terminate upon the death of the survivor before the total of the retirement allowances paid to the retiree and the designated survivor combined equals the amount of the accumulated contributions of the retiree at the date of retirement, the excess, if any, of such accumulated contributions over the total of the retirement allowances paid to the retiree and the survivor combined shall be paid in a lump sum to such person or persons as the retiree shall have nominated by electronic submission in a form approved by the <term type="NE" subtype="ORGANIZATION"> Board of Trustees </term> or by written designation duly acknowledged and filed with the <term type="NE" subtype="ORGANIZATION"> Board of Trustees </term>, if such person or persons are living at the <term type="NE" subtype="DATE"> time </term> such payment falls due, otherwise to the retiree's legal representative. For purposes of this paragraph, the term accumulated contributions includes amounts of employee voluntary contributions that were transferred from the Supplemental Retirement Income Plan of <term type="NE" subtype="LOCATION"> North Carolina </term> to this Retirement System at retirement by eligible law enforcement officers.</p>
          <p>In the event that a retirement allowance becomes payable to the principal beneficiary designated to receive a return of accumulated contributions pursuant to subsection (m)of this section and that beneficiary dies before the total of the retirement allowances paid equals the amount of the accumulated contributions of the member at the date of the member's death, the excess of those accumulated contributions over the total of the retirement allowances paid to the beneficiary shall be paid in a lump sum to the person or persons the member has designated as the contingent beneficiary for return of accumulated contributions, if the person or persons are living at the <term type="NE" subtype="DATE"> time </term> the payment falls due, otherwise to the principal beneficiary's legal representative. For purposes of this paragraph, the term accumulated contributions includes amounts of employee voluntary contributions that were transferred from the Supplemental Retirement Income Plan of <term type="NE" subtype="LOCATION"> North Carolina </term> to this Retirement System at retirement by eligible law enforcement officers.</p>
          <p>In the event a retiree purchases creditable service as provided in G.S.128-26, there shall be paid to such person or persons as the retiree shall have nominated by electronic submission in a form approved by the <term type="NE" subtype="ORGANIZATION"> Board of Trustees </term> or by written designation duly acknowledged and filed with the <term type="NE" subtype="ORGANIZATION"> Board of Trustees </term>, if such person or persons are living at the <term type="NE" subtype="DATE"> time </term> of the retiree's death, otherwise to the retiree's legal representatives, an additional death benefit equal to the excess, if any, of the cost of the creditable service purchased less the administrative fee, if any, over the total of the increase in the retirement allowance attributable to the additional creditable service, paid from <term type="NE" subtype="DATE"> the month following the month </term> in which payment was received to the death of the retiree.</p>
          <p>In the event that a retirement allowance becomes payable to the designated survivor of a retired member under the provisions above, and such retirement allowance to the survivor shall terminate upon the death of the survivor before the total of the increase in the retirement allowance attributable to the additional creditable service paid to the retiree and the designated survivor combined equals the cost of the creditable service purchased less the administrative fee, the excess, if any, shall be paid in a lump sum to such person or persons as the retiree shall have nominated by electronic submission in a form approved by the <term type="NE" subtype="ORGANIZATION"> Board of Trustees </term> or by written designation duly acknowledged and filed with the <term type="NE" subtype="ORGANIZATION"> Board of Trustees </term>, if such person or persons are living at the <term type="NE" subtype="DATE"> time </term> such payment falls due, otherwise to the retiree's legal representative.</p>
          <p>In the event that a retiree dies without having designated a beneficiary to receive a benefit under the provisions of this subsection, any such benefit that becomes payable shall be paid to the member's estate.</p>
        </div2>
        <div2 type="section" n="18">
          <head>SECTION 10. (a)G.S.</head>
          <p>(m1)Special Retirement Allowance for Law Enforcement Officers.<hi rend="underlined">any portion of</hi>his eligible accumulated contributions, not including any Roth after-tax contributions and the earnings thereon, from the Supplemental Retirement Income Plan of North Carolina to this Retirement System and receive, in addition to his basic service, early or disability retirement allowance, a special retirement allowance which shall be based upon his eligible accumulated account balance at the date of the transfer of the assets to this System. For the purpose of determining the special retirement allowance, the Board of Trustees shall adopt straight life annuity factors on the basis of mortality tables, such other tables as may be necessary and the interest assumption rate recommended by the actuary based upon actual experience including an assumed annual post-retirement allowance increase of four percent (4%). The Board of Trustees shall modify such factors every five years, as shall be deemed necessary, based upon the five year experience study as required by G.S.135-6(n). Provided, however, a member, who transfers his eligible accumulated contributions from the Supplemental Retirement Income Plan of North Carolina, shall be taxed for North Carolina State Income tax purposes on the special retirement allowance the same as if that special retirement allowance had been paid directly by the Supplemental Retirement Income Plan of North Carolina. The Teachers' and State Employees' Retirement System shall be responsible to determine the taxable amount, if any, and report accordingly.</p>
        </div2>
        <div2 type="section" n="19">
          <head>SECTION 10. (b)G.S.</head>
          <p>(m1)Special Retirement Allowance for Law Enforcement Officers.<hi rend="underlined">any portion of</hi>his eligible accumulated contributions, not including any Roth after-tax contributions and the earnings thereon, from the Supplemental Retirement Income Plan of North Carolina to this Retirement System and receive, in addition to his basic service, early or disability retirement allowance, a special retirement allowance which shall be based upon his eligible accumulated account balance at the date of the transfer of the assets to this System. For the purpose of determining the special retirement allowance, the Board of Trustees shall adopt straight life annuity factors on the basis of mortality tables, such other tables as may be necessary and the interest assumption rate recommended by the actuary based upon actual experience including an assumed annual post-retirement allowance increase of four percent (4%). The Board of Trustees shall modify such factors every five years, as shall be deemed necessary, based upon the five year experience study as required by G.S.128-29(o). Provided, however, a member who transfers his eligible accumulated contributions from the Supplemental Retirement Income Plan of North Carolina shall be taxed for North Carolina State Income tax purposes on the special retirement allowance the same as if that special retirement allowance had been paid directly by the Supplemental Retirement Income Plan of North Carolina. The Local Governmental Employees' Retirement System shall be responsible to determine the taxable amount, if any, and report accordingly.</p>
        </div2>
        <div2 type="section" n="20">
          <head>SECTION 11. (a)G.S.143-166.</head>
          <p>(d)Supplemental Retirement Income Plan for State Law-Enforcement Officers. - As of <term type="NE" subtype="DATE"> January 1, 1985 </term>, there shall be created a Supplemental Retirement Income Plan, hereinafter called the Plan, established for the benefit of all law-enforcement officers employed by the State, who shall be participants. The <term type="NE" subtype="ORGANIZATION"> Board of Trustees of the State Retirement System </term> shall administer the <term type="NE" subtype="MISC"> Plan </term> and shall, under the terms and conditions otherwise appearing herein, provide Plan benefits either (i)by establishing a separate trust fund in conformance with Section 401 (a), Section 401 (k)or other sections of the Internal Revenue Code of <term type="NE" subtype="DATE"> 1954 </term> as amended or, (ii)by causing the <term type="NE" subtype="MISC"> Plan </term> to affiliate with some master trust fund providing the same benefits for participants. The Plan shall be separate and apart from any retirement systems.</p>
          <p>In addition to the contributions transferred from the <term type="NE" subtype="MISC"> Law-Enforcement Officers' Retirement System </term> and the contributions otherwise provided for in this Article, participants may make voluntary contributions to the Plan to be credited to the designated individual accounts of participants; provided, in no instance shall the total contributions by a participant exceed <term type="NE" subtype="PERCENT"> ten percent </term> (<term type="NE" subtype="PERCENT"> 10 % </term>)of a participant's compensation within any calendar <term type="NE" subtype="DURATION"> year </term>.</p>
          <p>All contributions to the <term type="NE" subtype="MISC"> Plan </term> shall be credited to the individual accounts of participants, and shall be fully and immediately vested in the name of the participant, and shall be invested according to each participant's election, as provided by the <term type="NE" subtype="ORGANIZATION"> Board of Trustees </term>, including but not limited to time deposits, and both fixed and variable investments. The Plan may provide for loans to participants, at reasonable rates of interest to be charged, from participants' individual accounts, and may provide for withdrawal of contributions on account of hardship.</p>
          <p>The benefit to a participant in the <term type="NE" subtype="MISC"> Plan </term> shall be either a lump-sum distribution or a distribution in periodic installments of the participant's account payable under retirement, disability, or termination of employment. Upon the death of a participant there shall be paid the same lump-sum distribution or periodic installments to the surviving spouse of the participant or otherwise to the participant's estate; provided, should a participant instruct the <term type="NE" subtype="ORGANIZATION"> Board of Trustees </term> in writing that he does not wish these benefits to be paid to his spouse or estate, then the benefits shall be paid to the person or persons as the participant may name for this purpose.</p>
          <p>Upon retirement, a participant in the Plan may elect to transfer<hi rend="underlined">any portion of</hi>his eligible accumulated contributions, not including any Roth after-tax contributions and the earnings thereon, to the Teachers' and State Employees' Retirement System and receive, in addition to his basic service, early or disability retirement allowance a special retirement allowance which shall be based on his eligible accumulated account balance at the date of the transfer of the assets.</p>
        </div2>
        <div2 type="section" n="21">
          <head>SECTION 11. (b)G.S.143-166.</head>
          <p>(e)Supplemental Retirement Income Plan for Local Governmental Law-Enforcement Officers. - As of <term type="NE" subtype="DATE"> January 1, 1986 </term>, all law-enforcement officers employed by a local government employer, are participating members of the Supplemental Retirement Income Plan as provided by Article 5 of Chapter 135 of the General Statutes. In addition to the contributions transferred from the <term type="NE" subtype="MISC"> Law-Enforcement Officers' Retirement System </term>, participants may make voluntary contributions to the Supplemental Retirement Income Plan to be credited to the designated individual accounts of participants; provided, in no instance shall the total contributions by a participant exceed <term type="NE" subtype="PERCENT"> ten percent </term> (<term type="NE" subtype="PERCENT"> 10 % </term>)of a participant's compensation within any calendar <term type="NE" subtype="DURATION"> year </term>. From <term type="NE" subtype="DATE"> July 1, 1987 </term>, until <term type="NE" subtype="DATE"> July 1, 1988 </term>, local government employers of law enforcement officers shall contribute an amount equal to at least <term type="NE" subtype="PERCENT"> two percent </term> (<term type="NE" subtype="PERCENT"> 2 % </term>)of participating local officers' <term type="NE" subtype="SET"> monthly </term> compensation to the Supplemental Retirement Income Plan to be credited to the designated individual accounts of participating local officers; and on and after <term type="NE" subtype="DATE"> July 1, 1988 </term>, local government employers of law enforcement officers shall contribute an amount equal to <term type="NE" subtype="PERCENT"> five percent </term> (<term type="NE" subtype="PERCENT"> 5 % </term>)of participating local officers' <term type="NE" subtype="SET"> monthly </term> compensation to the Supplemental Retirement Income Plan to be credited to the designated individual accounts of participating local officers.</p>
          <p>Additional contributions shall also be made to the individual accounts of all participants in the Plan, except for Sheriffs, on a per capita equal-share basis from the sum of <term type="NE" subtype="MONEY"> one dollar </term> and <term type="NE" subtype="MONEY"> twenty-five cents </term> (<term type="NE" subtype="MONEY"> $ 1 </term>. 25)for each cost of court collected under G.S.7A-304.</p>
          <p>Upon retirement, a participant in the Plan may elect to transfer<hi rend="underlined">any portion of</hi>his eligible accumulated contributions, not including any Roth after-tax contributions and the earnings thereon, to the Local Governmental Employees' Retirement System and receive, in addition to his basic service, early or disability retirement allowance a special retirement allowance which shall be based on his eligible accumulated account balance at the date of the transfer of the assets.</p>
        </div2>
        <div2 type="section" n="22">
          <head>SECTION 12. This act becomes effective <term type="NE" subtype="DATE"> July 1, 2010 </term>.</head>
          <p>In the <term type="NE" subtype="ORGANIZATION"> General Assembly </term> read three times and ratified <term type="NE" subtype="DATE"> this the 28th day of June, 2010 </term>.</p>
          <p>s/<term type="NE" subtype="PERSON"> Walter H </term>.</p>
          <p>President of the <term type="NE" subtype="ORGANIZATION"> Senate </term></p>
          <p>s/<term type="NE" subtype="PERSON"> Joe Hackney </term></p>
          <p>Speaker of the House of Representatives</p>
          <p>s/Beverly E.</p>
          <p>Governor</p>
          <p>Approved <term type="NE" subtype="TIME"> 11:00 </term> a. m.</p>
        </div2>
      </div1>
    </body>
  </text>
</TEI>
