<TEI xmlns="http://www.tei-c.org/ns/1.0">
  <teiHeader xml:lang="en">
    <fileDesc>
      <titleStmt>
        <title xml:id="NC-2011-S833"><term type="NE" subtype="ORGANIZATION"> General Assembly </term> Approve Sale of Dix Property.</title>
        <author/>
      </titleStmt>
      <editionStmt>
        <edition>v1</edition>
      </editionStmt>
      <publicationStmt>
        <pubPlace>North Carolina</pubPlace>
        <idno>NC-2011-S833</idno>
        <date>2011</date>
      </publicationStmt>
      <sourceDesc>
        <bibl>www.ncleg.net\Sessions\2011\Bills\Senate\HTML\S833v1.html</bibl>
      </sourceDesc>
    </fileDesc>
  </teiHeader>
  <text xml:lang="en">
    <front>
      <div1 type="abstract">
        <head>A bill to be entitled an act to prohibit any conveyance of state-owned real property encompassing the dorothea dix hospital campus without the approval of the general assembly, as recommended by the joint legislative oversight committee on health and human services.</head>
      </div1>
    </front>
    <body>
      <div1>
        <opener>
          <salute>The <term type="NE" subtype="ORGANIZATION"> General Assembly of North Carolina </term> enacts:</salute>
        </opener>
        <div2 type="section" n="1">
          <head>SECTION 1. G.S.</head>
          <p>&#167; 146-27.<hi rend="strikethrough">rentals.</hi><hi rend="underlined">rentals; conveyance of Dix Campus.</hi></p>
          <p>(a)General. - Every sale, lease, rental, or gift of land owned by the <term type="NE" subtype="ORGANIZATION"> State </term> or by any State agency shall be made by the <term type="NE" subtype="ORGANIZATION"> Department of Administration </term> and approved by the Governor and <term type="NE" subtype="ORGANIZATION"> Council of State </term>. A lease or rental of land owned by the <term type="NE" subtype="ORGANIZATION"> State </term> may not exceed a period of <term type="NE" subtype="DURATION"> 99 years </term>. The <term type="NE" subtype="ORGANIZATION"> Department of Administration </term> may initiate proceedings for sales, leases, rentals, and gifts of land owned by the <term type="NE" subtype="ORGANIZATION"> State </term> or by any State agency.</p>
          <p>(b)Large Disposition. - If a proposed disposition is a sale or gift of land with an appraised value of at least <term type="NE" subtype="MONEY"> twenty-five thousand dollars </term> (<term type="NE" subtype="MONEY"> $ 25,000 </term>), the sale or gift shall not be made until after consultation with the <term type="NE" subtype="ORGANIZATION"> Joint Legislative Commission on Governmental Operations </term>.</p>
          <p>(c)Expired effective <term type="NE" subtype="DATE"> September 1, 2007 </term>.</p>
          <p>
            <hi rend="underlined">(d)</hi>
            <hi rend="underlined">Notwithstanding any other provision of law, the <term type="NE" subtype="MISC"> State-owned </term> real property encompassing the <term type="NE" subtype="LOCATION"> Dorothea Dix Hospital </term> campus shall not be sold, leased, rented, or gifted without the prior approval of the <term type="NE" subtype="ORGANIZATION"> General Assembly </term>.</hi>
          </p>
        </div2>
        <div2 type="section" n="2">
          <head>SECTION 2. This act is effective when it becomes law.</head>
        </div2>
      </div1>
    </body>
  </text>
</TEI>
