<TEI xmlns="http://www.tei-c.org/ns/1.0">
  <teiHeader xml:lang="en">
    <fileDesc>
      <titleStmt>
        <title xml:id="NC-2009-S661">Allocate Water Cost/Landlord-Tenant Changes.</title>
        <author/>
      </titleStmt>
      <editionStmt>
        <edition>v2</edition>
      </editionStmt>
      <publicationStmt>
        <pubPlace>North Carolina</pubPlace>
        <idno>NC-2009-S661</idno>
        <date>2009</date>
      </publicationStmt>
      <sourceDesc>
        <bibl>www.ncleg.net\Sessions\2009\Bills\Senate\HTML\S661v2.html</bibl>
      </sourceDesc>
    </fileDesc>
  </teiHeader>
  <text xml:lang="en">
    <front>
      <div1 type="abstract">
        <head>A bill to be entitled an act authorizing lessors of contiguous premises to allocate the cost for water and sewer service to each tenant using equipment that measures hot water usage, requiring landlords to improve the habitability of dwelling units by repairing certain unsafe conditions, staying the execution of a judgment for summary ejectment while a motion for modification of the undertaking is pending, establishing fees for administrative services in residential tenancies, and establishing the circumstances under which a city may order a dwelling to be vacated and closed.</head>
      </div1>
    </front>
    <body>
      <div1>
        <opener>
          <salute>The <term type="NE" subtype="ORGANIZATION"> General Assembly of North Carolina </term> enacts:</salute>
        </opener>
        <div2 type="section" n="1">
          <head>SECTION 1. (a)G.S.</head>
          <p>(g)In addition to the authority to issue a certificate of public convenience and necessity and establish rates otherwise granted in this Chapter, for the purpose of encouraging water conservation, the <term type="NE" subtype="ORGANIZATION"> Commission </term> may, consistent with the public interest, adopt procedures that allow a lessor to charge for the costs of providing water or sewer service to persons who occupy the same contiguous premises.</p>
          <p>(1)All charges for water or sewer service shall be based on the user's metered consumption of water, which shall be determined by metered measurement of all water<hi rend="strikethrough">consumed and not by any partial measurement of water consumption, unless specifically authorized by the <term type="NE" subtype="ORGANIZATION"> Commission </term>.</hi><hi rend="underlined">consumed.</hi>The rate charged by the lessor shall not exceed the unit consumption rate charged by the supplier of the service.</p>
          <p>
            <hi rend="underlined">(1a)</hi>
            <hi rend="underlined">If the contiguous premises were built prior to <term type="NE" subtype="DATE"> 1989 </term> and the lessor determines that the measurement of the tenant's total water usage is impractical or not economical, the lessor may allocate the cost for water and sewer service to the tenant using equipment that measures the tenant's hot water usage. In that case, each tenant shall be billed a percentage of the landlord's water and sewer costs for water usage in the dwelling units based upon the hot water used in the tenant's dwelling unit. The percentage of total water usage allocated for each dwelling unit shall be equal to that dwelling unit's individually submetered hot water usage divided by all submetered hot water usage in all dwelling units.</hi>
          </p>
          <p>
            <hi rend="underlined">a.</hi>
            <hi rend="underlined">A lessor shall not utilize a ratio utility billing system or other allocation billing system that does not rely on individually submetered hot water usage to determine the allocation of water and sewer costs.</hi>
          </p>
          <p>
            <hi rend="underlined">b.</hi>
            <hi rend="underlined">The lessor shall not include in a tenant's bill the cost of water and sewer service used in common areas or water loss due to leaks in the lessor's water mains. A lessor shall not bill or attempt to collect for excess water usage resulting from a plumbing malfunction or other condition that is not known to the tenant or that has been reported to the lessor.</hi>
          </p>
          <p>
            <hi rend="underlined">c.</hi>
            <hi rend="underlined">All equipment used to measure water usage shall comply with guidelines promulgated by the <term type="NE" subtype="ORGANIZATION"> American Water Works Association </term>.</hi>
          </p>
          <p>
            <hi rend="underlined">d.</hi>
            <hi rend="underlined">The lessor shall maintain records for a minimum of <term type="NE" subtype="DURATION"> 12 months </term> that demonstrate how each tenant's allocated costs were calculated for water and sewer service. Upon advanced written notice to the lessor, a tenant may inspect the records during reasonable business <term type="NE" subtype="DURATION"> hours </term>.</hi>
          </p>
          <p>
            <hi rend="underlined">e.</hi>
            <hi rend="underlined">Bills for water and sewer service sent by the lessor to the tenant shall contain all the following information:</hi>
          </p>
          <p>
            <hi rend="underlined">1.</hi>
            <hi rend="underlined">The amount of water and sewer services allocated to the tenant during the billing period.</hi>
          </p>
          <p>
            <hi rend="underlined">2.</hi>
            <hi rend="underlined">The method used to determine the amount of water and sewer services allocated to the tenant.</hi>
          </p>
          <p>
            <hi rend="underlined">3.</hi>
            <hi rend="underlined">Beginning and ending dates for the billing period.</hi>
          </p>
          <p>
            <hi rend="underlined">4.</hi>
            <hi rend="underlined">The past-due date, which shall not be <term type="NE" subtype="DURATION"> less than 25 days </term> after the bill is mailed.</hi>
          </p>
          <p>
            <hi rend="underlined">5.</hi>
            <hi rend="underlined">Any late fee that will be applied if the bill is not paid by the past-due date.</hi>
          </p>
          <p>
            <hi rend="underlined">6.</hi>
            <hi rend="underlined">A local or toll-free telephone number and address that the tenant can use to obtain more information about the bill.</hi>
          </p>
          <p>....</p>
        </div2>
        <div2 type="section" n="2">
          <head>SECTION 1. (b)This section becomes effective <term type="NE" subtype="DATE"> July 1, 2010 </term>.</head>
        </div2>
        <div2 type="section" n="3">
          <head>SECTION 2. G.S.</head>
          <p>(b)During an appeal to district court, it shall be sufficient to stay execution of a judgment for ejectment if the defendant appellant pays to the clerk of superior court any rent in arrears as determined by the magistrate and signs an undertaking that he or she will pay into the office of the clerk of superior court the amount of the tenant's share of the contract rent as it becomes due periodically after the judgment was entered and, where applicable, comply with subdivision (c)below. For the sole purpose of determining the amount of rent in arrears pursuant to a judgment for possession pursuant to G.S.42-30 (iii), the magistrate's determination shall be based upon (i)the available evidence presented to the magistrate or (ii)the amounts listed on the face of the filed Complaint in Summary Ejectment. Provided however, when the magistrate makes a finding in the record, based on evidence presented in court, that there is an actual dispute as to the amount of rent in arrears that is due and the magistrate specifies the specific amount of rent in arrears in dispute, in order to stay execution of a judgment for ejectment, the defendant appellant shall not be required to pay to the clerk of superior court the amount of rent in arrears found by the magistrate to be in dispute, even if the magistrate's judgment includes this amount in the amount of rent found to be in arrears. If a defendant appellant appeared at the hearing before the magistrate and the magistrate found an amount of rent in arrears that was not in dispute, and if an attorney representing the defendant appellant on appeal to the district court signs a pleading stating that there is evidence of an actual dispute as to the amount of rent in arrears, then the defendant appellant shall not be required to pay the rent in arrears alleged to be in dispute to stay execution of a judgment for ejectment pending appeal. Any magistrate, clerk, or district court judge shall order stay of execution upon the defendant appellant's paying the undisputed rent in arrears to the clerk and signing the undertaking. If either party disputes the amount of the payment or the due date in the undertaking, the aggrieved party may move for modification of the terms of the undertaking before the clerk of superior court or the district court. Upon such motion and upon notice to all interested parties, the clerk or court shall hold a hearing within 10 calendar <term type="NE" subtype="DURATION"> days </term> of the date the motion is filed and determine what modifications, if any, are appropriate.<hi rend="underlined">No writ of possession or other execution of the magistrate's judgment shall take place during the time the aggrieved party's motion for modification is pending before the clerk of court.</hi></p>
        </div2>
        <div2 type="section" n="4">
          <head>SECTION 3. G.S.</head>
          <p>&#167; <term type="NE" subtype="DATE"> 42-42 </term>. Landlord to provide fit premises.</p>
          <p>(a)The landlord shall:</p>
          <p>&#8230;</p>
          <p>
            <hi rend="underlined">(8)</hi>
            <hi rend="underlined">Within a reasonable period of time based upon the severity of the condition, repair or remedy any imminently dangerous condition on the premises after acquiring actual knowledge or receiving notice of the condition.</hi>
          </p>
          <p>
            <hi rend="underlined">a.</hi>
            <hi rend="underlined">Unsafe wiring.</hi>
          </p>
          <p>
            <hi rend="underlined">b.</hi>
            <hi rend="underlined">Unsafe flooring or steps.</hi>
          </p>
          <p>
            <hi rend="underlined">c.</hi>
            <hi rend="underlined">Unsafe ceilings or roofs.</hi>
          </p>
          <p>
            <hi rend="underlined">d.</hi>
            <hi rend="underlined">Unsafe chimneys or flues.</hi>
          </p>
          <p>
            <hi rend="underlined">e.</hi>
            <hi rend="underlined">Lack of potable water.</hi>
          </p>
          <p>
            <hi rend="underlined">f.</hi>
            <hi rend="underlined">Lack of operable locks on all doors leading to the outside.</hi>
          </p>
          <p>
            <hi rend="underlined">g.</hi>
            <hi rend="underlined">Broken windows or lack of operable locks on all windows on the ground level.</hi>
          </p>
          <p>
            <hi rend="underlined">h.</hi>
            <hi rend="underlined">Lack of operable heating facilities capable of heating living areas to 65 degrees Fahrenheit when it is 20 degrees Fahrenheit outside from <term type="NE" subtype="DATE"> November 1 </term> through <term type="NE" subtype="DATE"> March 31 </term>.</hi>
          </p>
          <p>
            <hi rend="underlined">i.</hi>
            <hi rend="underlined">Lack of an operable toilet.</hi>
          </p>
          <p>
            <hi rend="underlined">j.</hi>
            <hi rend="underlined">Lack of an operable bathtub or shower.</hi>
          </p>
          <p>
            <hi rend="underlined">k.</hi>
            <hi rend="underlined">Rat infestation as a result of defects in the structure that make the premises not impervious to rodents.</hi>
          </p>
          <p>
            <hi rend="underlined">l.</hi>
            <hi rend="underlined">Excessive standing water, sewage, or flooding problems caused by plumbing leaks or inadequate drainage that contribute to mosquito infestation or mold.</hi>
          </p>
        </div2>
        <div2 type="section" n="5">
          <head>SECTION 4. G.S.</head>
          <p>
            <hi rend="underlined">(e)</hi>
            <hi rend="underlined">Complaint-Filing Fee. - Pursuant to a written lease, a landlord may charge a complaint-filing fee in an amount equal to <term type="NE" subtype="PERCENT"> five percent </term> (<term type="NE" subtype="PERCENT"> 5 % </term>)of the <term type="NE" subtype="SET"> monthly </term> rent only if the tenant was in default of the lease, the landlord filed and served a complaint for summary ejectment and/or money owed, the tenant cured the default or claim, and the landlord dismissed the complaint prior to judgment. The landlord can include this fee in the amount required to cure the default.</hi>
          </p>
          <p>
            <hi rend="underlined">(f)</hi>
            <hi rend="underlined">Court-Appearance Fee. - Pursuant to a written lease, a landlord may charge a court - appearance fee in an amount equal to <term type="NE" subtype="PERCENT"> ten percent </term> (<term type="NE" subtype="PERCENT"> 10 % </term>)of the <term type="NE" subtype="SET"> monthly </term> rent only if the tenant was in default of the lease; the landlord filed, served, and prosecuted successfully a complaint for summary ejectment and/or monies owed in the small claims court; and neither party appealed the judgment of the magistrate.</hi>
          </p>
          <p>
            <hi rend="underlined">(g)</hi>
            <hi rend="underlined">Attorney's Fee or <term type="NE" subtype="ORDINAL"> Second </term> Trial Fee. - Pursuant to a written lease, a landlord may charge <term type="NE" subtype="DURATION"> a second </term> trial fee if the landlord appears pro se or may charge an attorney's fee if represented by counsel in a new trial following an appeal from the judgment of a magistrate. To qualify for either fee, the landlord must prove that the tenant was in default of the lease and the landlord prevailed on the issue of nonpayment of rent. The pro se landlord's fee may not exceed <term type="NE" subtype="PERCENT"> fifteen percent </term> (<term type="NE" subtype="PERCENT"> 15 % </term> of the <term type="NE" subtype="SET"> monthly </term> rent in the lease. If the landlord is entitled to an attorney's fee, the court shall determine the outstanding balance according to G.S.6-21. 2.</hi>
          </p>
          <p>
            <hi rend="underlined">(h)</hi>
            <hi rend="underlined">Limitations on Charging and Collection Fees.</hi>
          </p>
          <p>
            <hi rend="underlined">(1)</hi>
            <hi rend="underlined">A landlord who claims fees under subsections (a)through (g)of this section is entitled to charge and retain only one of the above fees for the landlord's complaint for summary ejectment and/or money owed.</hi>
          </p>
          <p>
            <hi rend="underlined">(2)</hi>
            <hi rend="underlined">A landlord who earns a fee under this section may not deduct payment of that fee from a tenant's subsequent rent payment or declare a failure to pay the fee as a default of the lease for a subsequent summary ejectment action.</hi>
          </p>
          <p>
            <hi rend="underlined">(3)</hi>
            <hi rend="underlined">It is contrary to public policy for a landlord to put in a lease or claim any fee for filing a complaint for summary ejectment and/or money owed other than the ones expressly authorized by this section, and any such unauthorized fees shall be unenforceable on or after <term type="NE" subtype="DATE"> October 1, 2009 </term>.</hi>
          </p>
          <p>
            <hi rend="underlined">(4)</hi>
            <hi rend="underlined">A landlord who collects or attempts to collect a fee in contravention of this section shall be deemed in violation of Article 2 of Chapter 75 of the General Statutes.</hi>
          </p>
          <p>
            <hi rend="underlined">(5)</hi>
            <hi rend="underlined">If the rent is subsidized by the <term type="NE" subtype="ORGANIZATION"> United States Department of Housing and Urban Development </term>, by the <term type="NE" subtype="ORGANIZATION"> United States Department of Agriculture </term>, by a <term type="NE" subtype="ORGANIZATION"> State </term> agency, by a public housing authority, or by a local government, any fee pursuant to subsections (e)through (g)of this section shall be calculated in accordance with subdivisions (1)and (2)of this subsection on the tenant's share of the contract rent only, and the rent subsidy shall not be included.</hi>
          </p>
        </div2>
        <div2 type="section" n="6">
          <head>SECTION 5. G.S.</head>
          <p>&#167; <term type="NE" subtype="DATE"> 42-52 </term>. Landlord's obligations.</p>
          <p>Upon termination of the tenancy, money held by the landlord as security may be applied as permitted in G.S.42-51 or, if not so applied, shall be refunded to the tenant. In either case the landlord in writing shall itemize any damage and mail or deliver same to the tenant, together with the balance of the security deposit, no later than <term type="NE" subtype="DURATION"> 30 days </term> after termination of the tenancy and delivery of possession by the tenant.<hi rend="underlined">If the extent of the landlord's claim against the security deposit can not be determined within <term type="NE" subtype="DURATION"> 30 days </term>, the landlord shall provide the tenant with an interim accounting after <term type="NE" subtype="DURATION"> 30 days </term> to preserve the landlord's claim and shall provide a final accounting within <term type="NE" subtype="DURATION"> 60 days </term> after termination of the tenancy and delivery of possession by the tenant.</hi>If the tenant's address is unknown the landlord shall apply the deposit as permitted in G.S.42-51 after a period of 30 days and the landlord shall hold the balance of the deposit for collection by the tenant for at least six months. The landlord may not withhold as damages part of the security deposit for conditions that are due to normal wear and tear nor may the landlord retain an amount from the security deposit which exceeds his actual damages.</p>
        </div2>
        <div2 type="section" n="7">
          <head>SECTION 6. G.S.</head>
          <p>&#167; <term type="NE" subtype="DATE"> 42-55 </term>. Remedies.</p>
          <p>If the landlord or the landlord's successor in interest fails to account for and refund the balance of the tenant's security deposit as required by this Article, the tenant may institute a civil action to require the accounting of and the recovery of the balance of the deposit.<hi rend="underlined">The willful failure of a landlord to comply with the deposit, bond, or notice requirements of this Article shall void the landlord's right to retain any portion of the tenant's security deposit as otherwise permitted under G.S.42-51.</hi>In addition to other remedies at law and equity, the tenant may recover damages resulting from noncompliance by the landlord; and upon a finding by the court that the party against whom judgment is rendered was in willful noncompliance with this Article, the court<hi rend="strikethrough">may, in its discretion, allow a reasonable attorney's fee to the duly licensed attorney representing the prevailing party, such attorney's fee to be taxed as part of the cost of court.</hi><hi rend="underlined">shall award treble damages as provided in G.S.75-16 or a <term type="NE" subtype="MONEY"> two thousand dollar </term> (<term type="NE" subtype="MONEY"> $ 2,000 </term>)civil penalty for each violation of this Article, whichever is greater, and shall award attorneys' fees as provided in G.S.75-16. 1.</hi></p>
        </div2>
        <div2 type="section" n="8">
          <head>SECTION 7. G.S.</head>
          <p>&#167; 160A-443. Ordinance authorized as to repair, closing, and demolition; order of public officer.</p>
          <p>(3)That if, after notice and hearing, the public officer determines that the dwelling under consideration is unfit for human habitation, he shall state in writing his findings of fact in support of that determination and shall issue and cause to be served upon the owner thereof an order,</p>
          <p>a.<hi rend="strikethrough">habitation or to vacate and close the dwelling as a human habitation; or</hi><hi rend="underlined">habitation. The order may require that the property be vacated and closed only if the repairs, alterations, or improvements and the <term type="NE" subtype="DATE"> current </term> state of the property <term type="NE" subtype="DATE"> present </term> a significant threat of bodily harm. In making the determination of significant threat of bodily harm from continued occupancy, the public officer shall consider any additional threats presented by the presence and capacity of minors under the age of 18 or occupants with physical or mental disabilities.</hi></p>
          <p>b.<hi rend="underlined">or there exists a significant threat of bodily harm considering the presence and capacity of minors under the age of 18 or occupants with physical or mental disabilities,</hi>requiring the owner, within the time specified in the order, to<hi rend="underlined">vacate and close or</hi>remove or demolish such dwelling. However, notwithstanding any other provision of law, if the dwelling is located in a historic district of the city and the Historic District Commission determines, after a public hearing as provided by ordinance, that the dwelling is of particular significance or value toward maintaining the character of the district, and the dwelling has not been condemned as unsafe, the order may require that the dwelling be vacated and closed consistent with G.S.160A-400.14(a).</p>
        </div2>
        <div2 type="section" n="9">
          <head>SECTION 8. Except as otherwise provided, this act becomes effective <term type="NE" subtype="DATE"> October 1, 2009 </term>.</head>
        </div2>
      </div1>
    </body>
  </text>
</TEI>
