<TEI xmlns="http://www.tei-c.org/ns/1.0">
  <teiHeader xml:lang="en">
    <fileDesc>
      <titleStmt>
        <title xml:id="NC-2011-S852"><term type="NE" subtype="ORGANIZATION"> Transfer Fraud Unit </term>.</title>
        <author/>
      </titleStmt>
      <editionStmt>
        <edition>v1</edition>
      </editionStmt>
      <publicationStmt>
        <pubPlace>North Carolina</pubPlace>
        <idno>NC-2011-S852</idno>
        <date>2011</date>
      </publicationStmt>
      <sourceDesc>
        <bibl>www.ncleg.net\Sessions\2011\Bills\Senate\HTML\S852v1.html</bibl>
      </sourceDesc>
    </fileDesc>
  </teiHeader>
  <text xml:lang="en">
    <front>
      <div1 type="abstract">
        <head>A bill to be entitled an act to transfer the fraud unit of the industrial commission to the department of insurance along with all appropriations made to that unit.</head>
      </div1>
    </front>
    <body>
      <div1>
        <opener>
          <salute>The <term type="NE" subtype="ORGANIZATION"> General Assembly of North Carolina </term> enacts:</salute>
        </opener>
        <div2 type="section" n="1">
          <head>SECTION 1. Pursuant to G.S.143A-6, the Fraud Unit operating within the <term type="NE" subtype="ORGANIZATION"> Industrial Commission </term> shall be transferred to the <term type="NE" subtype="ORGANIZATION"> Department of Insurance </term> as a Type II transfer, with the <term type="NE" subtype="ORGANIZATION"> Fraud Unit </term> intact. The Fraud Unit shall be administered under the direction and supervision of the <term type="NE" subtype="ORGANIZATION"> Department of Insurance </term> but shall exercise all its prescribed statutory powers independently of the head of that department. However, the management functions of the transferred unit shall be performed under the direction and supervision of the Commissioner of Insurance. The term management functions means planning, organizing, staffing, directing, coordinating, reporting, and budgeting.</head>
          <p>SECTION 2. To implement this act, the Director of the <term type="NE" subtype="ORGANIZATION"> Budget </term> shall transfer all appropriations made to the <term type="NE" subtype="ORGANIZATION"> Fraud Unit of the Industrial Commission </term> to the <term type="NE" subtype="ORGANIZATION"> Fraud Unit of the Department of Insurance </term>.</p>
        </div2>
        <div2 type="section" n="2">
          <head>SECTION 3. This act becomes effective <term type="NE" subtype="DATE"> July 1, 2012 </term>.</head>
        </div2>
      </div1>
    </body>
  </text>
</TEI>
