<TEI xmlns="http://www.tei-c.org/ns/1.0">
  <teiHeader xml:lang="en">
    <fileDesc>
      <titleStmt>
        <title xml:id="NC-2007-H1546">School Bus Endorsement License Expiration.</title>
        <author>Representative Johnson. </author>
      </titleStmt>
      <editionStmt>
        <edition>v0</edition>
      </editionStmt>
      <publicationStmt>
        <pubPlace>North Carolina</pubPlace>
        <idno>NC-2007-H1546</idno>
        <date>2007</date>
      </publicationStmt>
      <sourceDesc>
        <bibl>www.ncleg.net\Sessions\2007\Bills\House\HTML\H1546v0.html</bibl>
      </sourceDesc>
    </fileDesc>
  </teiHeader>
  <text xml:lang="en">
    <front>
      <div1 type="abstract">
        <head>A bill to be entitled an act to require a commercial drivers license that has a school bus endorsement to expire<term type="NE" subtype="DURATION"><term type="NE" subtype="DURATION"> three years </term></term>after it is issued.</head>
      </div1>
    </front>
    <body>
      <div1>
        <opener>
          <salute>The <term type="NE" subtype="ORGANIZATION"> General Assembly of North Carolina </term> enacts:</salute>
        </opener>
        <div2 type="section" n="1">
          <head>SECTION 1. G.S.</head>
          <p>(f)Duration and Renewal of Licenses. - Drivers licenses shall be issued and renewed pursuant to the provisions of this subsection.</p>
          <p>&#8230;</p>
          <p>(2)Duration of license for persons <term type="NE" subtype="DURATION"> at least 18 years </term> of age or older. - A drivers license issued to a person <term type="NE" subtype="DURATION"> at least 18 years old </term> but <term type="NE" subtype="DURATION"> less than 54 years old </term> expires <term type="NE" subtype="DURATION"> eight years </term> after the date of issuance. A drivers license issued to a person <term type="NE" subtype="DURATION"> at least 54 years old </term> expires <term type="NE" subtype="DURATION"> five years </term> after the date of issuance.<hi rend="underlined">A commercial drivers license that has a vehicles carrying passengers (P)and school bus (S)endorsement issued pursuant to G.S.20-37. 16 shall expire on the birth date of the licensee <term type="NE" subtype="DURATION"> three years </term> after the date of issuance, if the licensee is certified to drive a school bus in <term type="NE" subtype="LOCATION"> North Carolina </term>.</hi></p>
          <p>&#8230;</p>
        </div2>
        <div2 type="section" n="2">
          <head>SECTION 2. This act becomes effective <term type="NE" subtype="DATE"> July 1, 2007 </term>.</head>
        </div2>
      </div1>
    </body>
  </text>
</TEI>
