<TEI xmlns="http://www.tei-c.org/ns/1.0">
  <teiHeader xml:lang="en">
    <fileDesc>
      <titleStmt>
        <title xml:id="NC-2015-H1124"/>
        <author>Representatives Daughtry, West, Stam, and Whitmire  (Primary Sponsors). </author>
      </titleStmt>
      <editionStmt>
        <edition>v2</edition>
      </editionStmt>
      <publicationStmt>
        <pubPlace>North Carolina</pubPlace>
        <idno>NC-2015-H1124</idno>
        <date>2015</date>
      </publicationStmt>
      <sourceDesc>
        <bibl>www.ncleg.net\Sessions\2015\Bills\House\HTML\H1124v2.html</bibl>
      </sourceDesc>
    </fileDesc>
  </teiHeader>
  <text xml:lang="en">
    <front>
      <div1 type="abstract">
        <head>A bill to be entitled a house resolution honoring our veterans by expressing appreciation for their service to our state and nation.</head>
      </div1>
    </front>
    <body>
      <div1>
        <opener>
          <salute/>
        </opener>
        <p>A HOUSE RESOLUTION honoring our veterans by expressing appreciation for their service to our state and nation.</p>
        <p>Whereas, throughout our country's history, generations of men and women have answered the call to leave their families, their jobs, and put their futures and even their lives on the line to valiantly defend our nation and its inalienable rights; and</p>
        <p>Whereas, for many, that sacrifice has ended in permanent injury or death, yet their spirit remains in the continued preservation of our freedoms and the promise of liberty; and</p>
        <p>Whereas, the military has a prominent presence in <term type="NE" subtype="LOCATION"> North Carolina </term> serving as the location of five military bases, a military ocean terminal, and a U.S.<term type="NE" subtype="ORGANIZATION"> Coast Guard </term> base: Fort Bragg; <term type="NE" subtype="LOCATION"> Camp Lejeune Marine Corps Base </term>; <term type="NE" subtype="ORGANIZATION"> Cherry Point Marine Corps Air Station </term> and <term type="NE" subtype="LOCATION"> Naval Air Depot </term>; <term type="NE" subtype="LOCATION"> New River Marine Corps Air Station </term>; <term type="NE" subtype="PERSON"> Seymour Johnson </term> <term type="NE" subtype="LOCATION"> Air Force Base </term>; Sunny Point Military Ocean Terminal; U.S.</p>
        <p>Whereas, over 11,773 <term type="NE" subtype="MISC"> North Carolinians </term> serve in the Air and <term type="NE" subtype="ORGANIZATION"> Army National Guard </term> and 11,562 <term type="NE" subtype="MISC"> North Carolinians </term> serve in U.S.<term type="NE" subtype="ORGANIZATION"> Army Reserve </term>, U.S.<term type="NE" subtype="ORGANIZATION"> Marine Corps Reserve </term>, U.S.<term type="NE" subtype="ORGANIZATION"> Air Force Reserve </term>, and U.S.</p>
        <p>Whereas, nearly 775,000 veterans live in <term type="NE" subtype="LOCATION"> North Carolina </term>, ranking the State <term type="NE" subtype="ORDINAL"> eighth </term> in the nation for the number of veterans; and</p>
        <p>Whereas, as of <term type="NE" subtype="DATE"> 2014 </term>, <term type="NE" subtype="LOCATION"> North Carolina </term> had a female veteran population of over 84,070 ranking <term type="NE" subtype="ORDINAL"> fifth </term> in the nation; a military retiree population of more than 92,500 ranking <term type="NE" subtype="ORDINAL"> sixth </term> in the nation; and a rural veteran population of over 137,350 ranking <term type="NE" subtype="ORDINAL"> second </term> in the nation; and</p>
        <p>Whereas, the <term type="NE" subtype="LOCATION"> State of North Carolina </term> is committed to the veterans in this State and provides various services and resources, which are all accessible on a Web site maintained by the <term type="NE" subtype="ORGANIZATION"> North Carolina Division of Veterans Affairs in the North Carolina Department of Military </term> and <term type="NE" subtype="ORGANIZATION"> Veterans Affairs </term>; and</p>
        <p>Whereas, the <term type="NE" subtype="MISC"> Division of Veterans Affairs </term> is working in partnership with other State agencies to provide veterans a one-stop-shop experience for services, benefits, or support from federal, <term type="NE" subtype="ORGANIZATION"> State </term>, and nonprofit programs; and</p>
        <p>Whereas, the <term type="NE" subtype="MISC"> Division of Veterans Affairs </term> is responsible for overseeing the <term type="NE" subtype="ORGANIZATION"> State Service Office </term>, 22 Veterans Service Centers, four <term type="NE" subtype="ORGANIZATION"> State Veterans Homes </term>, and four <term type="NE" subtype="ORGANIZATION"> State Veterans Cemeteries </term>; and</p>
        <p>Whereas, the <term type="NE" subtype="MISC"> Division of Veterans Affairs </term> also assists, trains, and accredits county veterans service officers in order to create a coordinated network; and</p>
        <p>Whereas, the <term type="NE" subtype="ORGANIZATION"> North Carolina Veterans Council, Inc </term>.</p>
        <p>Whereas, the <term type="NE" subtype="ORGANIZATION"> North Carolina Veterans Council, Inc </term>.</p>
        <p>Whereas, the U.S.<term type="NE" subtype="ORGANIZATION"> Veterans Administration </term> and <term type="NE" subtype="ORGANIZATION"> Department of Defense </term> spent a combined <term type="NE" subtype="MONEY"> $ 7 </term>.</p>
        <p>Whereas, we owe a debt of gratitude to our veterans and wish to express our appreciation to all of our veterans for their selfless service to this State and the <term type="NE" subtype="LOCATION"> United States </term>; <term type="NE" subtype="DATE"> Now </term>, therefore,</p>
        <p>Be it resolved by the <term type="NE" subtype="ORGANIZATION"> House of Representatives </term>:</p>
        <div2 type="section" n="1">
          <head>SECTION 1. The <term type="NE" subtype="ORGANIZATION"> House of Representatives </term> expresses its profound gratitude and appreciation to all the men and women who served in our nation in the armed services, Reserves, and <term type="NE" subtype="ORGANIZATION"> National Guard </term>.</head>
        </div2>
        <div2 type="section" n="2">
          <head>SECTION 2. The <term type="NE" subtype="ORGANIZATION"> House of Representatives </term> wishes to honor the memory of all the <term type="NE" subtype="LOCATION"> North Carolinians </term> who gave their lives while serving our nation in the armed services.</head>
        </div2>
        <div2 type="section" n="3">
          <head>SECTION 3. This resolution is effective upon adoption.</head>
        </div2>
      </div1>
    </body>
  </text>
</TEI>
