<TEI xmlns="http://www.tei-c.org/ns/1.0">
  <teiHeader xml:lang="en">
    <fileDesc>
      <titleStmt>
        <title xml:id="NC-2007-H1586">Independent Operation of Strike at the Wind.</title>
        <author>Representatives Sutton, Yongue, and Pierce (Primary  Sponsors). </author>
      </titleStmt>
      <editionStmt>
        <edition>v0</edition>
      </editionStmt>
      <publicationStmt>
        <pubPlace>North Carolina</pubPlace>
        <idno>NC-2007-H1586</idno>
        <date>2007</date>
      </publicationStmt>
      <sourceDesc>
        <bibl>www.ncleg.net\Sessions\2007\Bills\House\HTML\H1586v0.html</bibl>
      </sourceDesc>
    </fileDesc>
  </teiHeader>
  <text xml:lang="en">
    <front>
      <div1 type="abstract">
        <head>A bill to be entitled an act to provide for the independent operation of the outdoor drama strike at the wind.</head>
      </div1>
    </front>
    <body>
      <div1>
        <opener>
          <salute>The <term type="NE" subtype="ORGANIZATION"> General Assembly of North Carolina </term> enacts:</salute>
        </opener>
        <div2 type="section" n="1">
          <head>SECTION 1. The State of <term type="NE" subtype="LOCATION"> North Carolina </term> shall enter into a lease agreement with <term type="NE" subtype="ORGANIZATION"> Carolina Arts Network, Inc </term>., for the operation of the <term type="NE" subtype="ORGANIZATION"> Adolph L </term>. Dial Amphitheater and the continuous performance of the outdoor drama Strike at the Wind at that venue in <term type="NE" subtype="LOCATION"> Robeson County </term>. The actual boundaries of the real property subject to the lease shall be agreed upon by the leasing parties but shall not include the property on which the <term type="NE" subtype="ORGANIZATION"> Henry Berry Lowry House </term> is <term type="NE" subtype="DATE"> currently </term> situated.</head>
        </div2>
        <div2 type="section" n="2">
          <head>SECTION 2. The purpose of the lease mandated by this act is to allow the <term type="NE" subtype="ORGANIZATION"> Carolina Arts Network, Inc </term>., and Strike at the Wind to operate independently of the <term type="NE" subtype="ORGANIZATION"> North Carolina Indian Cultural Center, Inc </term>., which <term type="NE" subtype="DATE"> currently </term> leases property that includes the Adolph L.Dial Amphitheater, and to require <term type="NE" subtype="ORGANIZATION"> Carolina Arts Network </term> to be responsible for all maintenance, repair, utilities, and other expenses associated with the operation of the amphitheater and the presentation of Strike at the Wind.</head>
        </div2>
        <div2 type="section" n="3">
          <head>SECTION 3. The lease mandated by this act shall require <term type="NE" subtype="ORGANIZATION"> Carolina Arts Network, Inc </term>., to continue sharing entrances, access roads, parking lots, and all other facilities providing access to the properties in <term type="NE" subtype="LOCATION"> Robeson County </term> that include the <term type="NE" subtype="ORGANIZATION"> Adolph L </term>. Dial Amphitheater, the <term type="NE" subtype="ORGANIZATION"> North Carolina Indian Cultural Center </term>, and the Riverside Golf Course. The lease shall also allow for the use of the amphitheater by other organizations at times and under circumstances that do not interfere with rehearsals or presentations of Strike at the Wind. The lease shall require <term type="NE" subtype="ORGANIZATION"> Carolina Arts Network, Inc </term>., to provide for the continuous performance of Strike at the Wind, and should <term type="NE" subtype="ORGANIZATION"> Carolina Arts Network, Inc </term>., fail to substantially perform in providing the drama for two consecutive seasons, the lease shall be terminated and property again made subject to a lease between the State of <term type="NE" subtype="LOCATION"> North Carolina </term> and the <term type="NE" subtype="ORGANIZATION"> North Carolina Indian Cultural Center, Inc </term>.</head>
        </div2>
        <div2 type="section" n="4">
          <head>SECTION 4. The <term type="NE" subtype="ORGANIZATION"> Commission of Indian Affairs </term> shall monitor the use of the properties in <term type="NE" subtype="LOCATION"> Robeson County </term> that include the <term type="NE" subtype="ORGANIZATION"> Adolph L </term>. Dial Amphitheater, the <term type="NE" subtype="ORGANIZATION"> North Carolina Indian Cultural Center </term>, and the <term type="NE" subtype="MISC"> Riverside Golf Course </term> to encourage those organizations to comply with State and local laws with respect to the use, operation, and maintenance of the facilities. The Commission shall also monitor the lease agreement to encourage those entities to comply with the intent of the State of <term type="NE" subtype="LOCATION"> North Carolina </term> as expressed in the lease agreement and acts of the <term type="NE" subtype="ORGANIZATION"> General Assembly </term>. The Commission's monitoring responsibilities do not provide it with authority to become involved in the <term type="NE" subtype="SET"> daily </term> operations of the <term type="NE" subtype="ORGANIZATION"> North Carolina Indian Cultural Center </term>, the <term type="NE" subtype="ORGANIZATION"> Adolph L </term>. Dial Amphitheater, or the Riverside Golf Course, except as provided in this act.</head>
        </div2>
        <div2 type="section" n="5">
          <head>SECTION 5. This act is effective when it becomes law.</head>
        </div2>
      </div1>
    </body>
  </text>
</TEI>
