<TEI xmlns="http://www.tei-c.org/ns/1.0">
  <teiHeader xml:lang="en">
    <fileDesc>
      <titleStmt>
        <title xml:id="NC-2009-H1864"/>
        <author> Speaker of the House of Representatives</author>
      </titleStmt>
      <editionStmt>
        <edition>v2</edition>
      </editionStmt>
      <publicationStmt>
        <pubPlace>North Carolina</pubPlace>
        <idno>NC-2009-H1864</idno>
        <date>2009</date>
      </publicationStmt>
      <sourceDesc>
        <bibl>www.ncleg.net\Sessions\2009\Bills\House\HTML\H1864v2.html</bibl>
      </sourceDesc>
    </fileDesc>
  </teiHeader>
  <text xml:lang="en">
    <front>
      <div1 type="abstract">
        <head>A bill to be entitled an act removing the high school graduation project as a requirement for graduation.</head>
      </div1>
    </front>
    <body>
      <div1>
        <opener>
          <salute>The <term type="NE" subtype="ORGANIZATION"> General Assembly of North Carolina </term> enacts:</salute>
        </opener>
        <div2 type="section" n="1">
          <head>SECTION 1. G.S.</head>
          <p>(b)The Basic Education Program shall include course requirements and descriptions similar in format to materials <term type="NE" subtype="DATE"> previously </term> contained in the standard course of study and it shall provide:</p>
          <p>(1)A core curriculum for all students that takes into account the special needs of children;</p>
          <p>(2)A set of competencies, by grade level, for each curriculum area;</p>
          <p>(3)A list of textbooks for use in providing the curriculum;</p>
          <p>(4)Standards for student performance and promotion based on the mastery of competencies, including standards for graduation, that take into account children with disabilities and, in particular, include appropriate modifications;</p>
          <p>(5)A program of remedial education;</p>
          <p>(6)Required support programs;</p>
          <p>(7)A definition of <term type="NE" subtype="DATE"> the instructional day </term>;</p>
          <p>(8)Class size recommendations and requirements;</p>
          <p>(9)Prescribed staffing allotment ratios;</p>
          <p>(10)Material and equipment allotment ratios;</p>
          <p>(11)Facilities guidelines that reflect educational program appropriateness, long-term cost efficiency, and safety considerations; and</p>
          <p>(12)Any other information the Board considers appropriate and necessary.</p>
          <p>The <term type="NE" subtype="ORGANIZATION"> State Board </term> shall not adopt or enforce any rule that requires Algebra I as a graduation standard or as a requirement for a high school diploma for any student whose individualized education program (i)identifies the student as learning disabled in the area of mathematics and (ii)states that this learning disability will prevent the student from mastering Algebra I.</p>
          <p>The <term type="NE" subtype="ORGANIZATION"> State Board </term> shall not require any student to prepare a high school graduation project as a condition of graduation from high<hi rend="strikethrough">school prior to <term type="NE" subtype="DATE"> July 1, 2011 </term>;</hi><hi rend="underlined">school;</hi>local boards of education may, however, require their students to complete a high school graduation project.</p>
        </div2>
        <div2 type="section" n="2">
          <head>SECTION 2. This act is effective when it becomes law.</head>
          <p>In the <term type="NE" subtype="ORGANIZATION"> General Assembly </term> read three times and ratified <term type="NE" subtype="DATE"> this the 21st day of June, 2010 </term>.</p>
          <p>_____________________________________</p>
          <p><term type="NE" subtype="PERSON"> Walter H </term>.</p>
          <p>President of the <term type="NE" subtype="ORGANIZATION"> Senate </term></p>
          <p>_____________________________________</p>
          <p><term type="NE" subtype="PERSON"> Joe Hackney </term></p>
          <p>Speaker of the House of Representatives</p>
          <p>_____________________________________</p>
          <p>Beverly E.</p>
          <p>Governor</p>
          <p>Approved __________. m.</p>
        </div2>
      </div1>
    </body>
  </text>
</TEI>
