<TEI xmlns="http://www.tei-c.org/ns/1.0">
  <teiHeader xml:lang="en">
    <fileDesc>
      <titleStmt>
        <title xml:id="NC-2011-H70">Compensate Eugenics Sterilization Survivors.</title>
        <author>Representatives Womble and Parmon (Primary Sponsors). </author>
      </titleStmt>
      <editionStmt>
        <edition>v0</edition>
      </editionStmt>
      <publicationStmt>
        <pubPlace>North Carolina</pubPlace>
        <idno>NC-2011-H70</idno>
        <date>2011</date>
      </publicationStmt>
      <sourceDesc>
        <bibl>www.ncleg.net\Sessions\2011\Bills\House\HTML\H70v0.html</bibl>
      </sourceDesc>
    </fileDesc>
  </teiHeader>
  <text xml:lang="en">
    <front>
      <div1 type="abstract">
        <head>A bill to be entitled an act to provide monetary compensation to persons sterilized by the eugenics sterilization program.</head>
      </div1>
    </front>
    <body>
      <div1>
        <opener>
          <salute/>
        </opener>
        <p>Whereas, during the early part of <term type="NE" subtype="DATE"> the 20th century </term>, social reformers advocated eugenics sterilization as a solution to problems such as mental retardation and mental illness; and</p>
        <p>Whereas, in <term type="NE" subtype="DATE"> 1907 </term>, <term type="NE" subtype="LOCATION"> Indiana </term> was the <term type="NE" subtype="ORDINAL"> first </term> state to pass a eugenics sterilization program, and eventually more than 30 states passed these laws, with <term type="NE" subtype="LOCATION"> North Carolina </term> following in <term type="NE" subtype="DATE"> 1929 </term>; and</p>
        <p>Whereas, from <term type="NE" subtype="DATE"> 1929 to 1974 </term>, <term type="NE" subtype="LOCATION"> North Carolina </term>'s <term type="NE" subtype="ORGANIZATION"> Eugenics Board </term> reviewed petitions for sterilizations, and sterilizations were ordered in more than <term type="NE" subtype="PERCENT"> 90 % </term> of the cases before the <term type="NE" subtype="ORGANIZATION"> Board </term>; and</p>
        <p>Whereas, researchers estimate that more than 7,600 people were sterilized in <term type="NE" subtype="LOCATION"> North Carolina </term> between <term type="NE" subtype="DATE"> 1929 and 1974 </term>, ranking <term type="NE" subtype="LOCATION"> North Carolina </term> <term type="NE" subtype="ORDINAL"> third </term> among the states operating eugenics sterilization programs; and</p>
        <p>Whereas, over the lifetime of the <term type="NE" subtype="ORGANIZATION"> Eugenics Sterilization Program </term>, approximately <term type="NE" subtype="PERCENT"> 38 % </term> of those persons sterilized under the Program were <term type="NE" subtype="MISC"> African-American </term>, and <term type="NE" subtype="PERCENT"> 84 % </term> of all sterilized under the Program were female; and</p>
        <p>Whereas, over the lifetime of the <term type="NE" subtype="ORGANIZATION"> Eugenics Sterilization Program </term>, approximately <term type="NE" subtype="PERCENT"> 71 % </term> of persons sterilized under the Program were classified as feebleminded, who were predominantly people with intellectual disabilities; <term type="NE" subtype="PERCENT"> 24 % </term> classified as mentally ill; and <term type="NE" subtype="PERCENT"> 5 % </term> were classified as epileptic; and</p>
        <p>Whereas, while most states sharply curtailed their sterilization programs after <term type="NE" subtype="MISC"> World War II </term>, nearly four-fifths of sterilizations in <term type="NE" subtype="LOCATION"> North Carolina </term> were performed after <term type="NE" subtype="DATE"> 1945 </term>; and</p>
        <p>Whereas, the governors of <term type="NE" subtype="LOCATION"> Virginia </term>, <term type="NE" subtype="LOCATION"> Oregon </term>, <term type="NE" subtype="LOCATION"> South Carolina </term>, and <term type="NE" subtype="LOCATION"> North Carolina </term> have issued apologies for these forced sterilizations; and</p>
        <p>Whereas, the <term type="NE" subtype="ORGANIZATION"> General Assembly </term> finds that persons sterilized as a result of the <term type="NE" subtype="MISC"> Eugenics Sterilization Program </term> should be compensated; <term type="NE" subtype="DATE"> Now </term>, therefore,</p>
        <p>The <term type="NE" subtype="ORGANIZATION"> General Assembly of North Carolina </term> enacts:</p>
        <div2 type="section" n="1">
          <head>SECTION 1. (a)Any person who, as a result of the <term type="NE" subtype="ORGANIZATION"> Eugenics Sterilization Program </term> in this State, was sterilized between <term type="NE" subtype="DATE"> the years 1929 </term> and <term type="NE" subtype="DATE"> 1975 </term> shall receive compensation as provided for in this section if the person submits a claim before <term type="NE" subtype="DATE"> June 30, 2014 </term>.</head>
        </div2>
        <div2 type="section" n="2">
          <head>SECTION 1. (b)A claim under this section may be submitted to the <term type="NE" subtype="ORGANIZATION"> Department of Health and Human Services </term>. The claim shall be supported by appropriate verification and information as determined by the Department.</head>
        </div2>
        <div2 type="section" n="3">
          <head>SECTION 1. (c)The Department shall determine the eligibility of a claimant to receive the compensation authorized by this section. The Department shall notify the claimant by mail of its determination regarding the claimant's eligibility.</head>
        </div2>
        <div2 type="section" n="4">
          <head>SECTION 1. (d)The <term type="NE" subtype="ORGANIZATION"> Department </term> shall adopt rules that will assist in the fair determination of eligibility and the processing of claims. The Department, however, shall not be obligated to notify any person of possible eligibility for compensation.</head>
        </div2>
        <div2 type="section" n="5">
          <head>SECTION 1. (e)A claimant under this section who is determined eligible by the Department shall receive <term type="NE" subtype="MONEY"> twenty thousand dollars </term> (<term type="NE" subtype="MONEY"> $ 20,000 </term>). All claims which the Department determines are eligible for compensation shall be immediately forwarded to the State Treasurer, who shall issue warrants in the appropriate amounts upon demand and verification of identity.</head>
        </div2>
        <div2 type="section" n="6">
          <head>SECTION 2. There is established the <term type="NE" subtype="ORGANIZATION"> Eugenics Sterilization Compensation Fund </term>. Funds appropriated to this Fund shall not revert until the claims verified by the <term type="NE" subtype="ORGANIZATION"> Department of Health and Human Services </term> under Section 1 of this act are paid. The Fund shall be kept on deposit with the State Treasurer, as in the case of other State funds, and may be invested by the State Treasurer in any lawful security for the investment of <term type="NE" subtype="ORGANIZATION"> State </term> money. The Fund is subject to the oversight of the State Auditor pursuant to Article 5A of Chapter 147 of the General Statutes.</head>
        </div2>
        <div2 type="section" n="7">
          <head>SECTION 3. There is appropriated from the General Fund to the State Treasurer the sum of <term type="NE" subtype="MONEY"> eighteen million four hundred eighty thousand dollars </term> (<term type="NE" subtype="MONEY"> $ 18,480,000 </term>)for the <term type="NE" subtype="DURATION"> 2011-2012 </term> fiscal <term type="NE" subtype="DURATION"> year </term> to fund the <term type="NE" subtype="ORGANIZATION"> Eugenics Sterilization Compensation Fund </term>.</head>
        </div2>
        <div2 type="section" n="8">
          <head>SECTION 4. There is appropriated from the <term type="NE" subtype="ORGANIZATION"> General Fund </term> to the <term type="NE" subtype="ORGANIZATION"> Department of Health and Human Services </term> the sum of <term type="NE" subtype="MONEY"> one hundred sixty-five thousand dollars </term> (<term type="NE" subtype="MONEY"> $ 165,000 </term>)for the <term type="NE" subtype="DURATION"> 2011-2012 </term> fiscal <term type="NE" subtype="DURATION"> year </term> to administer Section 1 of this act.</head>
        </div2>
        <div2 type="section" n="9">
          <head>SECTION 5. This act becomes effective <term type="NE" subtype="DATE"> July 1, 2011 </term>.</head>
        </div2>
      </div1>
    </body>
  </text>
</TEI>
