<TEI xmlns="http://www.tei-c.org/ns/1.0">
  <teiHeader xml:lang="en">
    <fileDesc>
      <titleStmt>
        <title xml:id="NC-2015-H584">Use of Position/Letters of Reference.</title>
        <author>Representatives Glazier, Faircloth, Daughtry, and  Harrison (Primary Sponsors). </author>
      </titleStmt>
      <editionStmt>
        <edition>v0</edition>
      </editionStmt>
      <publicationStmt>
        <pubPlace>North Carolina</pubPlace>
        <idno>NC-2015-H584</idno>
        <date>2015</date>
      </publicationStmt>
      <sourceDesc>
        <bibl>www.ncleg.net\Sessions\2015\Bills\House\HTML\H584v0.html</bibl>
      </sourceDesc>
    </fileDesc>
  </teiHeader>
  <text xml:lang="en">
    <front>
      <div1 type="abstract">
        <head>A bill to be entitled an act to clarify that a legislator or public servant may reference their public position in a letter of reference.</head>
      </div1>
    </front>
    <body>
      <div1>
        <opener>
          <salute>The <term type="NE" subtype="ORGANIZATION"> General Assembly of North Carolina </term> enacts:</salute>
        </opener>
        <div2 type="section" n="1">
          <head>SECTION 1. G.S.</head>
          <p>(b)A covered person shall not mention or authorize another person to mention the covered person's public position in nongovernmental advertising that advances the private interest of the covered person or others.</p>
          <p>(1)Political advertising.</p>
          <p>(2)News stories and articles.</p>
          <p>(3)The inclusion of a covered person's public position in a directory or a biographical listing.</p>
          <p>(4)The inclusion of a covered person's public position in an agenda or other document related to a meeting, conference, or similar event when the disclosure could reasonably be considered material by an individual attending the meeting, conference, or similar event.</p>
          <p>(5)The inclusion of a covered person's public position in a charitable solicitation for a nonprofit business entity qualifying under 26 U.S.C.&#167; 501 (c)(3).</p>
          <p>(6)The disclosure of a covered person's position to an existing or prospective customer, supplier, or client when the disclosure could reasonably be considered material by the customer, supplier, or client.</p>
          <p>
            <hi rend="underlined">(7)</hi>
            <hi rend="underlined">A letter of character reference for any of the following:</hi>
          </p>
          <p>
            <hi rend="underlined">a.</hi>
            <hi rend="underlined">A student seeking admittance to a school or institution of higher education.</hi>
          </p>
          <p>
            <hi rend="underlined">b.</hi>
            <hi rend="underlined">An individual seeking an academic scholarship.</hi>
          </p>
          <p>
            <hi rend="underlined">c.</hi>
            <hi rend="underlined">An individual seeking leniency upon sentencing by the courts, or other matters related to probation or parole.</hi>
          </p>
          <p>
            <hi rend="underlined">(8)</hi>
            <hi rend="underlined">A response to the inquiry of a potential employer as to the qualifications and character of an individual seeking employment.</hi>
          </p>
        </div2>
        <div2 type="section" n="2">
          <head>SECTION 2. This act is effective when it becomes law.</head>
        </div2>
      </div1>
    </body>
  </text>
</TEI>
