<TEI xmlns="http://www.tei-c.org/ns/1.0">
  <teiHeader xml:lang="en">
    <fileDesc>
      <titleStmt>
        <title xml:id="NC-2011-H715"/>
        <author>Representative Graham. </author>
      </titleStmt>
      <editionStmt>
        <edition>v0</edition>
      </editionStmt>
      <publicationStmt>
        <pubPlace>North Carolina</pubPlace>
        <idno>NC-2011-H715</idno>
        <date>2011</date>
      </publicationStmt>
      <sourceDesc>
        <bibl>www.ncleg.net\Sessions\2011\Bills\House\HTML\H715v0.html</bibl>
      </sourceDesc>
    </fileDesc>
  </teiHeader>
  <text xml:lang="en">
    <front>
      <div1 type="abstract">
        <head>A bill to be entitled a house resolution encouraging the citizens of north carolina to observe firefighters<term type="NE" subtype="DURATION"><term type="NE" subtype="DURATION"> week </term></term>in north carolina.</head>
      </div1>
    </front>
    <body>
      <div1>
        <opener>
          <salute/>
        </opener>
        <p>A HOUSE RESOLUTION Encouraging the citizens of north carolina to observe firefighters <term type="NE" subtype="DURATION"> week </term> in north carolina.</p>
        <p>Whereas, fighting fires is one of the most hazardous professions, requiring physical strength, stamina, extensive training, courage, and selfless concern for the welfare of others; and</p>
        <p>Whereas, firefighters provide valuable services to the citizens of <term type="NE" subtype="LOCATION"> North Carolina </term>, their communities, and the <term type="NE" subtype="ORGANIZATION"> State </term>; and</p>
        <p>Whereas, firefighters make sacrifices to protect the lives and financial interests of the citizens of <term type="NE" subtype="LOCATION"> North Carolina </term>; and</p>
        <p>Whereas, firefighters respond to emergencies without hesitation when the call of duty arises; and</p>
        <p>Whereas, firefighters work with public safety officials and law enforcement officers to protect the integrity of crime scenes, which is necessary to resolve arson cases; and</p>
        <p>Whereas, firefighters reside in the community in which they serve and have a great appreciation for protecting their communities; and</p>
        <p>Whereas, it is appropriate to recognize the duties and services that firefighters perform by observing Firefighters <term type="NE" subtype="DURATION"> Week </term> in <term type="NE" subtype="LOCATION"> North Carolina </term>; <term type="NE" subtype="DATE"> Now </term>, therefore,</p>
        <p>Be it resolved by the <term type="NE" subtype="ORGANIZATION"> House of Representatives </term>:</p>
        <div2 type="section" n="1">
          <head>SECTION 1. The <term type="NE" subtype="ORGANIZATION"> House of Representatives </term> believes that all firefighters deserve to be honored for the invaluable service they provide to the <term type="NE" subtype="ORGANIZATION"> State </term>, its citizens, and communities.</head>
        </div2>
        <div2 type="section" n="2">
          <head>SECTION 2. The <term type="NE" subtype="ORGANIZATION"> House of Representatives </term> encourages the citizens of this State to observe <term type="NE" subtype="DATE"> the week in September </term> of <term type="NE" subtype="SET"> each year </term> containing <term type="NE" subtype="DATE"> September 11 </term> as Firefighters <term type="NE" subtype="DURATION"> Week </term> in <term type="NE" subtype="LOCATION"> North Carolina </term>.</head>
        </div2>
        <div2 type="section" n="3">
          <head>SECTION 3. This resolution is effective upon adoption.</head>
        </div2>
      </div1>
    </body>
  </text>
</TEI>
