<TEI xmlns="http://www.tei-c.org/ns/1.0">
  <teiHeader xml:lang="en">
    <fileDesc>
      <titleStmt>
        <title xml:id="NC-2011-H776">Selling Motor Vehicle Registrations Unlawful.</title>
        <author>Representative Cotham. </author>
      </titleStmt>
      <editionStmt>
        <edition>v0</edition>
      </editionStmt>
      <publicationStmt>
        <pubPlace>North Carolina</pubPlace>
        <idno>NC-2011-H776</idno>
        <date>2011</date>
      </publicationStmt>
      <sourceDesc>
        <bibl>www.ncleg.net\Sessions\2011\Bills\House\HTML\H776v0.html</bibl>
      </sourceDesc>
    </fileDesc>
  </teiHeader>
  <text xml:lang="en">
    <front>
      <div1 type="abstract">
        <head>A bill to be entitled an act to make the sale of a temporary registration plate to a person who is not a bona fide purchaser of a motor vehicle unlawful.</head>
      </div1>
    </front>
    <body>
      <div1>
        <opener>
          <salute>The <term type="NE" subtype="ORGANIZATION"> General Assembly of North Carolina </term> enacts:</salute>
        </opener>
        <div2 type="section" n="1">
          <head>SECTION 1. G.S.20-79.</head>
          <p>(d)A dealer shall:</p>
          <p>(1)Not issue, assign, transfer,<hi rend="underlined">sell,</hi>or deliver temporary registration plates or markers to anyone other than a bona fide purchaser or owner of a vehicle which he has sold.</p>
          <p>(2)Not issue a temporary registration plate or marker without <term type="NE" subtype="ORDINAL"> first </term> obtaining from the purchaser or owner a written application for titling and registration of the vehicle and the applicable fees.</p>
          <p>(3)Within 10 working <term type="NE" subtype="DURATION"> days </term>, mail or deliver the application and fees to the Division or deliver the application and fees to a local license agency for processing. Delivery need not be made if the contract for sale has been rescinded in writing by all parties to the contract.</p>
          <p>(4)Not deliver a temporary registration plate to anyone purchasing a vehicle that has an unexpired registration plate that is to be transferred to the purchaser.</p>
          <p>(5)Not lend to anyone, or use on any vehicle that he may own, any temporary registration plates or markers.</p>
          <p>A dealer may issue temporary markers, without obtaining the written application for titling and registration or collecting the applicable fees, to nonresidents for the purpose of removing the vehicle<hi rend="underlined">sold by the dealer</hi>from the State.</p>
        </div2>
        <div2 type="section" n="2">
          <head>SECTION 2. G.S.20-79.</head>
          <p>
            <hi rend="underlined">(l)</hi>
            <hi rend="underlined">It shall be unlawful for any person not authorized to possess or sell a temporary registration plate to possess, sell, transfer, or deliver a temporary registration plate to any other person. A violation of this subsection is a Class 1 misdemeanor.</hi>
          </p>
        </div2>
        <div2 type="section" n="3">
          <head>SECTION 3. This act becomes effective <term type="NE" subtype="DATE"> December 1, 2011 </term>, and applies to offenses committed on or after that date.</head>
        </div2>
      </div1>
    </body>
  </text>
</TEI>
