<TEI xmlns="http://www.tei-c.org/ns/1.0">
  <teiHeader xml:lang="en">
    <fileDesc>
      <titleStmt>
        <title xml:id="NC-2013-H441"/>
        <author> Speaker of the House of Representatives</author>
      </titleStmt>
      <editionStmt>
        <edition>v5</edition>
      </editionStmt>
      <publicationStmt>
        <pubPlace>North Carolina</pubPlace>
        <idno>NC-2013-H441</idno>
        <date>2013</date>
      </publicationStmt>
      <sourceDesc>
        <bibl>www.ncleg.net\Sessions\2013\Bills\House\HTML\H441v5.html</bibl>
      </sourceDesc>
    </fileDesc>
  </teiHeader>
  <text xml:lang="en">
    <front>
      <div1 type="abstract">
        <head>A bill to be entitled an act to increase the membership of the board of drainage commissioners of robeson county drainage district number one from three persons to four persons and to allow two of them to serve each watershed within the district.</head>
      </div1>
    </front>
    <body>
      <div1>
        <opener>
          <salute>The <term type="NE" subtype="ORGANIZATION"> General Assembly of North Carolina </term> enacts:</salute>
        </opener>
        <div2 type="section" n="1">
          <head>SECTION 1. Notwithstanding the provisions of G.S.156-79 and Chapter 332 of the <term type="NE" subtype="DATE"> 1967 </term> <term type="NE" subtype="MISC"> Session Laws </term>, the <term type="NE" subtype="ORGANIZATION"> Board of Drainage Commissioners of Robeson County </term> Drainage District Number One shall consist of four members. Notwithstanding the provisions of G.S.156-81 and Chapter 332 of the <term type="NE" subtype="DATE"> 1967 </term> <term type="NE" subtype="MISC"> Session Laws </term>, the <term type="NE" subtype="ORGANIZATION"> Board of Drainage Commissioners of Robeson County Drainage District Number One </term> shall serve <term type="NE" subtype="DURATION"> four-year </term> terms.</head>
        </div2>
        <div2 type="section" n="2">
          <head>SECTION 2. (a)The three current members of the <term type="NE" subtype="ORGANIZATION"> Board of Drainage Commissioners of Robeson County </term> Drainage District Number One shall serve the remainder of their terms. A <term type="NE" subtype="ORDINAL"> fourth </term> member shall be appointed to serve until <term type="NE" subtype="DATE"> September 30, 2016 </term>. Two members shall serve the <term type="NE" subtype="MISC"> Jacob Swamp Watershed </term> and two shall serve the Back Swamp Watershed.</head>
        </div2>
        <div2 type="section" n="3">
          <head>SECTION 2. (b)Successors shall be appointed by the <term type="NE" subtype="ORGANIZATION"> Clerk of Superior Court of Robeson County </term> in accordance with Article 6 of Chapter 156 of the General Statutes, except that the successor to each member shall serve the watershed designated under subsection (a)of this section. If a vacancy shall occur in the office of any commissioner by death, resignation, or otherwise, the remaining members are to discharge the necessary duties of the board until the vacancy shall be filled; and if the vacancy shall be in the office of chairman or secretary, the remaining members may elect a secretary, and the clerk or clerks, as the case may be, shall appoint one of the remaining members to act as chairman to hold until the vacancy in the board shall be filled.</head>
        </div2>
        <div2 type="section" n="4">
          <head>SECTION 3. The <term type="NE" subtype="ORGANIZATION"> Board of Drainage Commissioners of Robeson </term> County Drainage District Number One may by resolution assign duties under <term type="NE" subtype="PERSON"> Subchapter III </term> of Chapter 156 of the General Statutes for a particular watershed to the two persons serving that watershed.</head>
        </div2>
        <div2 type="section" n="5">
          <head>SECTION 4. This act is effective when it becomes law.</head>
          <p>In the <term type="NE" subtype="ORGANIZATION"> General Assembly </term> read three times and ratified <term type="NE" subtype="DATE"> this the 9th day of July, 2013 </term>.</p>
          <p>s/<term type="NE" subtype="PERSON"> Daniel J </term>.</p>
          <p>President of the <term type="NE" subtype="ORGANIZATION"> Senate </term></p>
          <p>s/<term type="NE" subtype="PERSON"> Thom Tillis </term></p>
          <p>Speaker of the House of Representatives</p>
        </div2>
      </div1>
    </body>
  </text>
</TEI>
