<TEI xmlns="http://www.tei-c.org/ns/1.0">
  <teiHeader xml:lang="en">
    <fileDesc>
      <titleStmt>
        <title xml:id="NC-2011-S727">No Dues Checkoff for School Employees.</title>
        <author/>
      </titleStmt>
      <editionStmt>
        <edition>v2</edition>
      </editionStmt>
      <publicationStmt>
        <pubPlace>North Carolina</pubPlace>
        <idno>NC-2011-S727</idno>
        <date>2011</date>
      </publicationStmt>
      <sourceDesc>
        <bibl>www.ncleg.net\Sessions\2011\Bills\Senate\HTML\S727v2.html</bibl>
      </sourceDesc>
    </fileDesc>
  </teiHeader>
  <text xml:lang="en">
    <front>
      <div1 type="abstract">
        <head>A bill to be entitled an act to eliminate the dues checkoff option for active and retired public school employees.</head>
      </div1>
    </front>
    <body>
      <div1>
        <opener>
          <salute>The <term type="NE" subtype="ORGANIZATION"> General Assembly of North Carolina </term> enacts:</salute>
        </opener>
        <div2 type="section" n="1">
          <head>SECTION 1. G.S.143B-426.</head>
          <p>(g)Payroll Deduction for Payments to Certain Employees' Associations Allowed.<hi rend="strikethrough">subdivisions,</hi><hi rend="underlined">subdivisions other than local boards of education,</hi>institutions, departments, bureaus, agencies or commissions, or any of its<hi rend="strikethrough">local boards of education or</hi>community colleges, who is a member of a domiciled employees' association that has at least 2,000 members, 500 of whom are employees of the<hi rend="strikethrough">State,</hi><hi rend="underlined">State or</hi>a political subdivision of the<hi rend="strikethrough">State, or public school employees,</hi><hi rend="underlined">State other than a local board of education,</hi>may authorize, in writing, the periodic deduction each payroll period from the employee's salary or wages a designated lump sum to be paid to the employees' association. A political subdivision may also allow periodic deductions for a domiciled employees' association that does not otherwise meet the minimum membership requirements set forth in this paragraph.</p>
          <p>
            <hi rend="strikethrough">An employee of any local board of education who is a member of a domiciled employees' association that has at least 40,000 members, the majority of whom are public school teachers, may authorize in writing the periodic deduction each payroll period from the employee's salary or wages a designated lump sum or sums to be paid for dues and voluntary contributions for the employees' association.</hi>
          </p>
          <p>An authorization under this subsection shall remain in effect until revoked by the employee. A plan of payroll deductions pursuant to this subsection for employees of the <term type="NE" subtype="ORGANIZATION"> State </term> and other association members shall become void if the employees' association engages in collective bargaining with the State, any political subdivision of the <term type="NE" subtype="ORGANIZATION"> State </term>, or any local school administrative unit.<hi rend="strikethrough">unit, except for local boards of education.</hi><hi rend="underlined">unit.</hi></p>
        </div2>
        <div2 type="section" n="2">
          <head>SECTION 2. G.S.135-18.</head>
          <p>&#167; 135-18. 8. Deduction for payments to certain employees' or retirees' associations allowed.</p>
          <p>Any beneficiary who is a member of a domiciled employees' or retirees' association that has at least 2,000 members, the majority of whom are active or retired employees of the<hi rend="strikethrough">State or public school employees,</hi><hi rend="underlined">State</hi>may authorize, in writing, the periodic deduction from the beneficiary's retirement benefits a designated lump sum to be paid to the employees' or retirees' association. The authorization shall remain in effect until revoked by the beneficiary. A plan of deductions pursuant to this section shall become void if the employees' or retirees' association engages in collective bargaining with the State, any political subdivision of the State, or any local school administrative unit.</p>
        </div2>
        <div2 type="section" n="3">
          <head>SECTION 3. This act becomes effective <term type="NE" subtype="DATE"> July 1, 2011 </term>.</head>
        </div2>
      </div1>
    </body>
  </text>
</TEI>
