<TEI xmlns="http://www.tei-c.org/ns/1.0">
  <teiHeader xml:lang="en">
    <fileDesc>
      <titleStmt>
        <title xml:id="NC-2007-S1925"/>
        <author>One member shall be appointed by the General Assembly for a three-year term upon the recommendation of the Speaker of the House of Representatives in accordance with G.S.120-121; </author>
      </titleStmt>
      <editionStmt>
        <edition>v8</edition>
      </editionStmt>
      <publicationStmt>
        <pubPlace>North Carolina</pubPlace>
        <idno>NC-2007-S1925</idno>
        <date>2007</date>
      </publicationStmt>
      <sourceDesc>
        <bibl>www.ncleg.net\Sessions\2007\Bills\Senate\HTML\S1925v8.html</bibl>
      </sourceDesc>
    </fileDesc>
  </teiHeader>
  <text xml:lang="en">
    <front>
      <div1 type="abstract">
        <head>A bill to be entitled an act to authorize the construction and the financing, without appropriations from the general fund, of certain capital improvements projects of the constituent institutions of the university of north carolina; to revise university general obligation indebtedness; to allow the university of north carolina to create an airport authority to support the mission of the university of north carolina at chapel hill or the university of north carolina health care system; to authorize the state education assistance authority to set the interest rate for three scholarship loan programs at a rate not to exceed<term type="NE" subtype="PERCENT"><term type="NE" subtype="PERCENT"> ten percent </term></term>per annum; and to modify the responsibilities of the north carolina federal tax reform allocation committee.</head>
      </div1>
    </front>
    <body>
      <div1>
        <opener>
          <salute>The <term type="NE" subtype="ORGANIZATION"> General Assembly of North Carolina </term> enacts:<p>PART I.</p></salute>
        </opener>
        <div2 type="section" n="1">
          <head>SECTION 1. 1. The purpose of this act is: (i)to authorize the construction by certain constituent institutions of <term type="NE" subtype="ORGANIZATION"> The University of North Carolina </term> of the capital improvements projects listed in the act for the respective institutions, and (ii)to authorize the financing of these projects with funds available to the institutions from gifts, grants, receipts, liquidating indebtedness, <term type="NE" subtype="ORGANIZATION"> Medicare </term> reimbursements for education costs, or other funds, or any combination of these funds, but not including funds received for tuition or appropriated from the General Fund of the State.</head>
        </div2>
        <div2 type="section" n="2">
          <head>SECTION 1. 2. The capital improvements projects, and their respective costs, authorized by this act to be constructed and financed as provided in Section 1. 1 of this act, including by revenue bonds, by special obligation bonds as authorized in Section 1.</head>
          <p><term type="NE" subtype="ORGANIZATION"> Appalachian State University </term></p>
          <p>Kidd Brewer Stadium Improvements <term type="NE" subtype="MONEY"> $ 8,300,000 </term></p>
          <p><term type="NE" subtype="ORGANIZATION"> East Carolina Univers </term> ity</p>
          <p><term type="NE" subtype="ORGANIZATION"> Athletic Facilities Expansion </term> and Improvements 30,000,000</p>
          <p>Dining Facilities Improvements 9,700,000</p>
          <p>Residence Halls Improvements and Expansion 28,500,000</p>
          <p><term type="NE" subtype="MISC"> Dowdy-Ficklen Stadium Improvements </term> 24,000,000</p>
          <p><term type="NE" subtype="ORGANIZATION"> North Carolina Central University </term></p>
          <p>Student Facilities Improvements 11,500,000</p>
          <p><term type="NE" subtype="ORGANIZATION"> North Carolina State University </term></p>
          <p>Student Health Center Expansion 10,900,000</p>
          <p><term type="NE" subtype="ORGANIZATION"> Avent Ferry Administration Center Renovation </term> 5,200,000</p>
          <p><term type="NE" subtype="SET"> Centennial </term> Campus Tenant Space Renovations 10,000,000</p>
          <p>Collaborative Research Building I 35,000,000</p>
          <p>The <term type="NE" subtype="ORGANIZATION"> University of North Carolina </term> at <term type="NE" subtype="LOCATION"> Chapel Hill </term></p>
          <p><term type="NE" subtype="ORGANIZATION"> Athletic Facilities Renovation </term> and Expansion 7,023,000</p>
          <p><term type="NE" subtype="ORGANIZATION"> Carmichael Auditorium </term> - Supplement 9,500,000</p>
          <p><term type="NE" subtype="ORGANIZATION"> Carmichael Residence Hall </term> - Supplement 1,300,000</p>
          <p>Dental Sciences Teaching and Learning Building 26,000,000</p>
          <p>Fetzer Gymnasium Expansion 2,500,000</p>
          <p>Kenan Stadium Expansion, Phase I 50,000,000</p>
          <p><term type="NE" subtype="PERSON"> Mary Ellen Jones </term> Animal Facility Renovation 10,000,000</p>
          <p>Medical Research Building D Renovation and Expansion 5,000,000</p>
          <p>Old East and <term type="NE" subtype="MISC"> Old West Residence Halls Improvements </term> -</p>
          <p>Supplement 3,200,000</p>
          <p>Research Resource Facility - Phase III 8,600,000</p>
          <p><term type="NE" subtype="PERSON"> Robertson </term> Scholars Site Preparation 1,900,000</p>
          <p>Woollen Gymnasium (Sports Medicine)- Supplement 1,500,000</p>
          <p>Chilled Water Infrastructure 6,000,000</p>
          <p>Cogeneration and Steam Infrastructure Improvements</p>
          <p>and Expansion 17,700,000</p>
          <p>Electrical Infrastructure Improvements 13,500,000</p>
          <p>The <term type="NE" subtype="ORGANIZATION"> University of North Carolina </term> at <term type="NE" subtype="LOCATION"> Charlotte </term></p>
          <p>Residence Hall Fire Suppression Sprinkler System Installation 16,200,000</p>
          <p>The <term type="NE" subtype="ORGANIZATION"> University of North Carolina </term> at <term type="NE" subtype="LOCATION"> Greensboro </term></p>
          <p><term type="NE" subtype="ORGANIZATION"> Cone Residence Hall </term> Fire Alarm System Replacement 948,000</p>
          <p>North and South Spencer Residence Hall Improvements 5,978,000</p>
          <p>Baseball Locker Room and Training Facility 2,800,000</p>
          <p>The <term type="NE" subtype="ORGANIZATION"> University of North Carolina </term> at <term type="NE" subtype="LOCATION"> Wilmington </term></p>
          <p>Student Recreation Center Expansion 35,000,000</p>
          <p><term type="NE" subtype="ORGANIZATION"> Winston-Salem State University </term></p>
          <p>Student Activities Center 3,750,000</p>
        </div2>
        <div2 type="section" n="3">
          <head>SECTION 1. 3. Pursuant to G.S.</head>
          <p><term type="NE" subtype="ORGANIZATION"> Appalachian State University </term></p>
          <p>Student Residential, Learning and Activity Development -</p>
          <p>Advance Planning <term type="NE" subtype="MONEY"> $ 6,400,000 </term></p>
          <p><term type="NE" subtype="ORGANIZATION"> Fayetteville State University </term></p>
          <p>Student Residence Hall and Fitness Center - Advance Planning 5,900,000</p>
          <p>The <term type="NE" subtype="ORGANIZATION"> University of North Carolina </term> at <term type="NE" subtype="LOCATION"> Charlotte </term></p>
          <p>Partnership, Outreach, and Research for Accelerated Learning</p>
          <p>(PORTAL)Building - Advance Planning 5,000,000</p>
          <p>Motorsports Building II - Advance Planning 800,000</p>
          <p>UNC Health Care System</p>
          <p>Inpatient Bed Tower and Operating Room Facility 16,275,000</p>
        </div2>
        <div2 type="section" n="4">
          <head>SECTION 1. 4. At the request of the Board of Governors of <term type="NE" subtype="ORGANIZATION"> The University of North Carolina </term> and upon determining that it is in the best interest of the <term type="NE" subtype="ORGANIZATION"> State </term> to do so, the Director of the <term type="NE" subtype="ORGANIZATION"> Budget </term> may authorize an increase or decrease in the cost of, or a change in the method of, funding the projects authorized by this act. In determining whether to authorize a change in cost or funding, the Director of the <term type="NE" subtype="ORGANIZATION"> Budget </term> shall consult with the <term type="NE" subtype="ORGANIZATION"> Joint Legislative Commission on Governmental Operations </term>.</head>
        </div2>
        <div2 type="section" n="5">
          <head>SECTION 1. 5. Pursuant to G.S.116D-26, the <term type="NE" subtype="ORGANIZATION"> Board of Governors </term> may issue, subject to the approval of the Director of the Budget, at one time or from time to time, special obligation bonds of the <term type="NE" subtype="ORGANIZATION"> Board of Governors </term> for the purpose of paying all or any part of the cost of acquiring, constructing, or providing for the projects authorized by Section 1. 2 of this act. The maximum principal amount of bonds to be issued shall not exceed the specified project costs in Section 1. 2 of this act plus <term type="NE" subtype="MONEY"> twenty-five million dollars </term> (<term type="NE" subtype="MONEY"> $ 25,000,000 </term>)for related additional costs, such as issuance expenses, funding of reserve funds, and capitalized interest.</head>
        </div2>
        <div2 type="section" n="6">
          <head>SECTION 1. 6. With respect to the <term type="NE" subtype="ORGANIZATION"> University of North Carolina at Chapel Hill's Research Resource Facility </term> - Phase III capital project, <term type="NE" subtype="ORGANIZATION"> East Carolina University's Athletic Facilities Expansion </term> and Improvements capital project, and <term type="NE" subtype="ORGANIZATION"> North Carolina State University's Avent Ferry Administration Center Renovation capital project </term>, the institution may accomplish construction and financing notwithstanding the requirement in G.S.116D-22 (5)as to location at the institution.</head>
        </div2>
        <div2 type="section" n="7">
          <head>SECTION 1. 7. With respect to the <term type="NE" subtype="ORGANIZATION"> University of North Carolina </term> at <term type="NE" subtype="LOCATION"> Chapel Hill </term>'s <term type="NE" subtype="LOCATION"> Kenan Stadium </term> - Expansion, Phase I, capital project, the institution may accomplish construction and financing through lease arrangements to and from the <term type="NE" subtype="ORGANIZATION"> Educational Foundation, Inc </term>., or any other special purpose entity created for that purpose. After the completion of the renovation and improvement and acquisition of the project by the institution, and notwithstanding any provision of the General Statutes governing the negotiation and execution of contracts or leases for the operation and management of a facility, the institution may provide for the operation and management of all or part of the renovated and improved portion of <term type="NE" subtype="LOCATION"> Kenan Stadium </term> by contracting with the <term type="NE" subtype="ORGANIZATION"> Educational Foundation, Inc </term>., or by leasing that portion of <term type="NE" subtype="LOCATION"> Kenan Stadium </term> to the <term type="NE" subtype="ORGANIZATION"> Educational Foundation, Inc </term>., or by contracting with or leasing to any other special purpose entity created for that purpose.</head>
        </div2>
        <div2 type="section" n="8">
          <head>SECTION 1. 8. With respect to <term type="NE" subtype="ORGANIZATION"> Appalachian State University </term>'s <term type="NE" subtype="LOCATION"> Kidd Brewer Stadium Improvements </term> capital project, the institution may accomplish construction and financing through lease arrangements to and from the <term type="NE" subtype="ORGANIZATION"> Appalachian State University Foundation, Inc </term>.</head>
        </div2>
        <div2 type="section" n="9">
          <head>SECTION 1. 9. With respect to the <term type="NE" subtype="ORGANIZATION"> University of North Carolina </term> at <term type="NE" subtype="LOCATION"> Chapel Hill </term>'s Cogeneration and Steam Infrastructure Improvements and Expansion capital project, the institution may accomplish the construction and financing of the Landfill Gas Utilization portion thereof notwithstanding the requirement in G.S.116D-22 (5)as to location of the special obligation project at the institution. The <term type="NE" subtype="ORGANIZATION"> University of North Carolina </term> at <term type="NE" subtype="LOCATION"> Chapel Hill </term> may enter into any other required agreements as necessary for the completion of the improvements, notwithstanding any other provisions of the General Statutes governing such acquisition, negotiation, and execution of such rights-of-way, easements, leases, or other required agreements therefor.</head>
          <p>PART II.</p>
        </div2>
        <div2 type="section" n="10">
          <head>SECTION 2. Pursuant to Section 2 (b)of S.L.2000-3, the <term type="NE" subtype="ORGANIZATION"> General Assembly </term> finds that it is in the best interest of the <term type="NE" subtype="ORGANIZATION"> State </term> to respond to <term type="NE" subtype="DATE"> current </term> educational and research program requirements at the <term type="NE" subtype="ORGANIZATION"> University of North Carolina </term> at <term type="NE" subtype="LOCATION"> Chapel Hill </term> by reducing the scope of <term type="NE" subtype="ORGANIZATION"> Berryhill Laboratory Building </term> - Comprehensive Renovation. The unused funds from <term type="NE" subtype="ORGANIZATION"> Berryhill Laboratory Building </term> - Comprehensive Renovation should be transferred to a new capital project <term type="NE" subtype="ORGANIZATION"> Division of Laboratory Animal Medicine Upfits </term>. Section 2 (a)of S.L.</head>
          <p>(1)Reducing the portion to <term type="NE" subtype="ORGANIZATION"> Berryhill Laboratory Building </term> - Comprehensive Renovation by <term type="NE" subtype="MONEY"> eight million six hundred thousand dollars </term> (<term type="NE" subtype="MONEY"> $ 8,600,000 </term>)so that it reads <term type="NE" subtype="MONEY"> two million one hundred thousand dollars </term> (<term type="NE" subtype="MONEY"> $ 2,100,000 </term>); and</p>
          <p>(2)Adding a new project entitled Division of Laboratory Animal Medicine - Upfits with an amount of <term type="NE" subtype="MONEY"> eight million six hundred thousand dollars </term> (<term type="NE" subtype="MONEY"> $ 8,600,000 </term>).</p>
          <p>PART III.</p>
        </div2>
        <div2 type="section" n="11">
          <head>SECTION 3. G.S.</head>
          <p>&#167; 142-94. Procurement of capital facilities.</p>
          <p>The provisions of Articles 3, 3B, 3C, 3D, and 8 of Chapter 143 of the General Statutes and any other laws or rules of the <term type="NE" subtype="ORGANIZATION"> State </term> that relate to the acquisition and construction of <term type="NE" subtype="ORGANIZATION"> State </term> property apply to the financing of capital facilities through the use of special indebtedness pursuant to this Article. This section does not apply to the construction and lease-purchase, including leases with an option to purchase at the end of the lease term for a nominal sum, of <term type="NE" subtype="ORGANIZATION"> State </term> office buildings pursuant to proposals submitted before the effective date of this Article in response to requests for proposals, to the extent any of those proposals, as they may be supplemented or amended, are approved by the <term type="NE" subtype="ORGANIZATION"> Department of Administration </term> and any of these leases or lease-purchase agreements are approved by the <term type="NE" subtype="ORGANIZATION"> Council of State </term> in accordance with G.S.143-341 (4)d2.<hi rend="underlined">With the exception of Article 8 of Chapter 143 of the General Statutes, this section does not apply to any special indebtedness issued pursuant to this Article for the purchase, construction, or operation of capital facilities by <term type="NE" subtype="ORGANIZATION"> Gateway University Research Park, Inc </term>., a joint Millennial Campus in <term type="NE" subtype="LOCATION"> Greensboro </term>.</hi></p>
          <p>PART IV.</p>
        </div2>
        <div2 type="section" n="12">
          <head>SECTION 4. 1. G.S.</head>
          <p>
            <hi rend="underlined">(12c)</hi>
            <hi rend="underlined">The Board of Governors may create one airport authority to support the missions of the <term type="NE" subtype="ORGANIZATION"> University of North Carolina </term> at <term type="NE" subtype="LOCATION"> Chapel Hill </term> or the <term type="NE" subtype="ORGANIZATION"> University of North Carolina Health Care System </term>. An authority so created shall be a political subdivision of the State. The territorial jurisdiction of the authority shall be the county in which the the airport may be established under G.S.116-271 (c). Article 33 of this Chapter provides for such authorities.</hi>
          </p>
        </div2>
        <div2 type="section" n="13">
          <head>SECTION 4. 2.</head>
          <p>
            <hi rend="underlined">Article 33.</hi>
          </p>
          <p>
            <hi rend="underlined">Airport Authorities.</hi>
          </p>
          <p>
            <hi rend="underlined">&#167; 116-271. General provisions.</hi>
          </p>
          <p>
            <hi rend="underlined">(a)</hi>
            <hi rend="underlined">As provided by G.S.116-11 (12c), the Board of Governors may create one airport authority to support the missions of the <term type="NE" subtype="ORGANIZATION"> University of North Carolina </term> at <term type="NE" subtype="LOCATION"> Chapel Hill </term> or the <term type="NE" subtype="ORGANIZATION"> University of North Carolina Health Care System </term>. An authority so created shall be a political subdivision of the State. The territorial jurisdiction of the authority shall be the county in which the airport may be established under subsection (c)of this section.</hi>
          </p>
          <p>
            <hi rend="underlined">(b)</hi>
            <hi rend="underlined">To create an airport authority under this Article, the Board of Governors by resolution shall:</hi>
          </p>
          <p>
            <hi rend="underlined">(1)</hi>
            <hi rend="underlined">Name the authority.</hi>
          </p>
          <p>
            <hi rend="underlined">(2)</hi>
            <hi rend="underlined">Describe the input from affected local jurisdictions.</hi>
          </p>
          <p>
            <hi rend="underlined">(3)</hi>
            <hi rend="underlined">Consider eligibility for State and federal funding.</hi>
          </p>
          <p>
            <hi rend="underlined">(4)</hi>
            <hi rend="underlined">Find that the authority is essential to support the missions of <term type="NE" subtype="ORGANIZATION"> The University of North Carolina </term>.</hi>
          </p>
          <p>
            <hi rend="underlined">(c)</hi>
            <hi rend="underlined">An airport established under this Article may only be established in <term type="NE" subtype="LOCATION"> Orange County </term>. The sole purpose of the authority is to resite <term type="NE" subtype="PERSON"> Horace Williams </term> Airport and operate the resited airport.</hi>
          </p>
          <p>
            <hi rend="underlined">(d)</hi>
            <hi rend="underlined">No member of the <term type="NE" subtype="ORGANIZATION"> General Assembly </term> may serve on an airport authority created under this Article.</hi>
          </p>
          <p>
            <hi rend="underlined">&#167; 116-272. Single or multi-institution authority membership.</hi>
          </p>
          <p>
            <hi rend="underlined">(a)</hi>
            <hi rend="underlined">Where an airport authority is created to support the mission of the <term type="NE" subtype="ORGANIZATION"> University of North Carolina </term> at <term type="NE" subtype="LOCATION"> Chapel Hill </term>, it shall consist of 15 members appointed as follows:</hi>
          </p>
          <p>
            <hi rend="underlined">(1)</hi>
            <hi rend="underlined">One member shall be appointed by the <term type="NE" subtype="ORGANIZATION"> General Assembly </term> for a <term type="NE" subtype="DURATION"> three-year </term> term upon the recommendation of the Speaker of the <term type="NE" subtype="ORGANIZATION"> House of Representatives </term> in accordance with G.S.</hi>
          </p>
          <p>
            <hi rend="underlined">(2)</hi>
            <hi rend="underlined">One member shall be appointed by the <term type="NE" subtype="ORGANIZATION"> General Assembly </term> for a <term type="NE" subtype="DURATION"> three-year </term> term upon the recommendation of the President Pro Tempore of the <term type="NE" subtype="ORGANIZATION"> Senate </term> in accordance with G.S.</hi>
          </p>
          <p>
            <hi rend="underlined">(3)</hi>
            <hi rend="underlined">Eight members shall be appointed to <term type="NE" subtype="DURATION"> three-year </term> terms by the Board of Governors upon recommendation of the <term type="NE" subtype="ORGANIZATION"> Board of Trustees of the University of North Carolina </term> at <term type="NE" subtype="LOCATION"> Chapel Hill </term>, provided that four of the initial members so appointed shall serve terms of <term type="NE" subtype="DURATION"> three years </term> and four shall serve terms of <term type="NE" subtype="DURATION"> two years </term>;</hi>
          </p>
          <p>
            <hi rend="underlined">(4)</hi>
            <hi rend="underlined">Three members shall be appointed by the board of commissioners of the county having territorial jurisdiction over the authority as provided by subsection (b)of this section; and</hi>
          </p>
          <p>
            <hi rend="underlined">(5)</hi>
            <hi rend="underlined">Two members shall be appointed by the municipalities within that county as provided by subsection (c)of this section.</hi>
          </p>
          <p>
            <hi rend="underlined">An airport authority may also be created to support the mission of one constituent institution and the <term type="NE" subtype="ORGANIZATION"> University of North Carolina Health Care System </term>. If the airport authority is created to support the mission of one constituent institution and the <term type="NE" subtype="ORGANIZATION"> University of North Carolina Health Care System </term>, then the eight members appointed by the <term type="NE" subtype="ORGANIZATION"> Board of Governors </term> shall include an equal number of representatives of the constituent institution and the <term type="NE" subtype="ORGANIZATION"> University of North Carolina Health Care System </term>. If it is impossible to appoint an equal number from each, then the <term type="NE" subtype="ORGANIZATION"> Board of Governors </term> shall determine a fair representation on the airport authority from each such entity.</hi>
          </p>
          <p>
            <hi rend="underlined">(b)</hi>
            <hi rend="underlined">The board of commissioners of the county with territorial jurisdiction over the authority shall appoint three members. One of the initial members shall be appointed for a <term type="NE" subtype="DURATION"> one-year </term> term, one for a <term type="NE" subtype="DURATION"> two-year </term> term, and one for a <term type="NE" subtype="DURATION"> three-year </term> term. Successors shall be appointed for <term type="NE" subtype="DURATION"> three-year </term> terms.</hi>
          </p>
          <p>
            <hi rend="underlined">(c)</hi>
            <hi rend="underlined">The municipality with the largest population within the county having territorial jurisdiction over the authority based on the most recent decennial federal census shall appoint one member for a <term type="NE" subtype="DURATION"> two-year </term> term. The municipalities with the <term type="NE" subtype="ORDINAL"> second and third </term> largest populations within that county based on the most recent decennial federal census shall alternately appoint one member for a <term type="NE" subtype="DURATION"> two-year </term> term, with the <term type="NE" subtype="ORDINAL"> second </term> largest municipality making the initial appointment.</hi>
          </p>
          <p>
            <hi rend="underlined">(d)</hi>
            <hi rend="underlined">All vacancies on the authority shall be filled by the governing board authorized to make the initial appointment, and the appointment is for the remainder of the unexpired term, except that vacancies in appointments made by the <term type="NE" subtype="ORGANIZATION"> General Assembly </term> shall be filled in accordance with G.S.120-122.</hi>
          </p>
          <p>
            <hi rend="underlined">&#167; 116-273. <term type="NE" subtype="ORGANIZATION"> UNC Health Care System </term> authority membership.</hi>
          </p>
          <p>
            <hi rend="underlined">(a)</hi>
            <hi rend="underlined">Where an airport authority is created to support the mission of the <term type="NE" subtype="ORGANIZATION"> University of North Carolina Health Care System </term>, it shall consist of 15 members appointed as follows:</hi>
          </p>
          <p>
            <hi rend="underlined">(1)</hi>
            <hi rend="underlined">One member shall be appointed by the <term type="NE" subtype="ORGANIZATION"> General Assembly </term> for a <term type="NE" subtype="DURATION"> three-year </term> term upon the recommendation of the Speaker of the <term type="NE" subtype="ORGANIZATION"> House of Representatives </term> in accordance with G.S.</hi>
          </p>
          <p>
            <hi rend="underlined">(2)</hi>
            <hi rend="underlined">One member shall be appointed by the <term type="NE" subtype="ORGANIZATION"> General Assembly </term> for a <term type="NE" subtype="DURATION"> three-year </term> term upon the recommendation of the President Pro Tempore of the <term type="NE" subtype="ORGANIZATION"> Senate </term> in accordance with G.S.</hi>
          </p>
          <p>
            <hi rend="underlined">(3)</hi>
            <hi rend="underlined">Eight members shall be appointed to <term type="NE" subtype="DURATION"> three-year </term> terms by the Board of Directors, provided that four of the initial members so appointed shall serve terms of <term type="NE" subtype="DURATION"> three years </term> and three shall serve terms of <term type="NE" subtype="DURATION"> two years </term>;</hi>
          </p>
          <p>
            <hi rend="underlined">(4)</hi>
            <hi rend="underlined">Three members shall be appointed by the board of commissioners of the county or counties having territorial jurisdiction over the authority as provided by subsection (b)of this section; and</hi>
          </p>
          <p>
            <hi rend="underlined">(5)</hi>
            <hi rend="underlined">Two members shall be appointed by the municipalities within that county as provided by subsection (c)of this section.</hi>
          </p>
          <p>
            <hi rend="underlined">(b)</hi>
            <hi rend="underlined">The board of commissioners of the county with territorial jurisdiction over the authority shall appoint three members. One of the initial members shall be appointed for a <term type="NE" subtype="DURATION"> one-year </term> term, one for a <term type="NE" subtype="DURATION"> two-year </term> term, and one for a <term type="NE" subtype="DURATION"> three-year </term> term. Successors shall be appointed for <term type="NE" subtype="DURATION"> three-year </term> terms.</hi>
          </p>
          <p>
            <hi rend="underlined">(c)</hi>
            <hi rend="underlined">The municipality with the largest population within the county having territorial jurisdiction over the authority based on the most recent decennial federal census shall appoint one member for a <term type="NE" subtype="DURATION"> two-year </term> term. The municipalities with the <term type="NE" subtype="ORDINAL"> second and third </term> largest populations within that county based on the most recent decennial federal census shall alternately appoint one member for a <term type="NE" subtype="DURATION"> two-year </term> term, with the <term type="NE" subtype="ORDINAL"> second </term> largest municipality making the initial appointment.</hi>
          </p>
          <p>
            <hi rend="underlined">(d)</hi>
            <hi rend="underlined">All vacancies on the authority shall be filled by the governing board authorized to make the initial appointment, and the appointment is for the remainder of the unexpired term, except vacancies in appointments made by the <term type="NE" subtype="ORGANIZATION"> General Assembly </term> shall be filled in accordance with G.S.120-122.</hi>
          </p>
          <p>
            <hi rend="underlined">&#167; 116-274. General powers.</hi>
          </p>
          <p>
            <hi rend="underlined">(a)</hi>
            <hi rend="underlined">An authority created under this Article has all powers that a city or county has under Articles 1 through 7 of Chapter 63 of the General Statutes and, in regard to financing capital expenditures and operations, shall have such powers as are delegated to or conferred upon the constituent institutions or the <term type="NE" subtype="ORGANIZATION"> University of North Carolina Health Care System </term>. Notwithstanding other provisions of law, both regulations adopted by an authority under this Article and development regulations adopted by a county or municipality under Article 18 of Chapter 153A or Article 19 of Chapter 160A of the General Statutes shall be applicable to land owned by and the approaches to land owned by an authority created under this Article. In the event the regulations conflict, the more restrictive regulation applies.</hi>
          </p>
          <p>
            <hi rend="underlined">(b)</hi>
            <hi rend="underlined">In addition to the powers granted by subsection (a)of this section, an authority created under this Article has the following powers:</hi>
          </p>
          <p>
            <hi rend="underlined">(1)</hi>
            <hi rend="underlined">To sue and be sued in the name of the airport authority, and all pleadings served upon the airport authority shall be served on the chairperson or secretary of the airport authority.</hi>
          </p>
          <p>
            <hi rend="underlined">(2)</hi>
            <hi rend="underlined">To expend funds appropriated to it from time to time for airport purposes and to expend funds received by the authority from fees, charges, rents, and dues arising out of the operation of the airport, the facilities, improvements, and concessions located thereat or operated thereon.</hi>
          </p>
          <p>
            <hi rend="underlined">(3)</hi>
            <hi rend="underlined">To establish, construct, control, lease, maintain, improve, operate, and regulate an airport on lands acquired by it with buildings necessary to accommodate all types of business to operate an airport, runways, taxi ramps, parking ramps, and any equipment to operate an airport, to have complete authority for rules and regulations over all airport property for the control of all types of vehicular traffic, mobile or stationary, and pedestrian traffic with respect to areas or roadways not under the control of the <term type="NE" subtype="ORGANIZATION"> Department of Transportation </term> and any rules adopted by the airport authority for property exclusively under its control, and to have conjunctive authority to work with and cooperate with all duly constituted law enforcement agencies to enforce rules established by the <term type="NE" subtype="ORGANIZATION"> State of North Carolina </term>. The penalty for violation of rules established by the airport authority shall be a Class 3 misdemeanor and, upon conviction, shall be punishable by a fine not to exceed <term type="NE" subtype="MONEY"> fifty dollars </term> (<term type="NE" subtype="MONEY"> $ 50 </term>. 00)or imprisonment not to exceed <term type="NE" subtype="DURATION"> 30 days </term>. All rules and regulations so adopted by the airport authority shall be recorded by delivering true copies thereof certified by the chairperson and secretary of the authority to the Secretary of the Board of Governors and to the Secretary of <term type="NE" subtype="ORGANIZATION"> State </term>.</hi>
          </p>
          <p>
            <hi rend="underlined">(4)</hi>
            <hi rend="underlined">The authority may acquire by purchase or gift any property for the purpose of establishing, extending, enlarging, or improving an airport. The authority does not possess the power of eminent domain over property held on <term type="NE" subtype="DATE"> July 1, 2008 </term> by a tax-exempt Internal Revenue Code section 501 (c)(3)organization organized for educational purposes. In all other cases, the authority possesses the power of eminent domain and may acquire property by eminent domain for the purpose of establishing, extending, enlarging, or improving an airport. In cases where the authority may exercise the power of eminent domain, the authority is declared to be a local public condemnor under the provisions of Chapter 40A of the General Statutes and in exercising the powers of eminent domain shall follow the procedures of Article 3 of Chapter 40A of the General Statutes. Title to the property and the right of immediate possession shall vest pursuant to subsection (a)of G.S.40A-42. If property acquired by condemnation contains a burial ground or graveyard, then it shall be lawful for the airport authority after <term type="NE" subtype="DURATION"> 30 days </term>' notice to the surviving spouse, or the next of kin of the deceased buried therein, or the person in control of the graves, if any are known, to remove the body interred therein and reinter the same in some cemetery in the same county. If no surviving spouse or next of kin or person in control can be found, then the airport authority can advertise for four consecutive <term type="NE" subtype="DURATION"> weeks </term> in a newspaper published in the county of the intended removal of the gravesite, and the removal shall be conducted under the supervision of the clerk of the superior court for that county or his or her representative, and the expense of such removal shall be borne by the airport authority. The airport authority may dispose of any real or personal property belonging to it according to the procedures described in Article 12 of Chapter 160A of the General Statutes.</hi>
          </p>
          <p>
            <hi rend="underlined">(5)</hi>
            <hi rend="underlined">To lease to other entities for a term not to exceed <term type="NE" subtype="DURATION"> 20 years </term> and for purposes not inconsistent with airport purposes or usage, real or personal property or both, under the supervision of or administered by the airport authority.</hi>
          </p>
          <p>
            <hi rend="underlined">(6)</hi>
            <hi rend="underlined">To contract with persons, firms, or corporations for terms not to exceed <term type="NE" subtype="DURATION"> 20 years </term>, for the operation of passenger and freight flights, scheduled or nonscheduled, and any other plane or flight activities not inconsistent with airport operations and to charge and collect reasonable fees, charges, and rents for the use of such property and services rendered in the operation thereof.</hi>
          </p>
          <p>
            <hi rend="underlined">(7)</hi>
            <hi rend="underlined">To operate, own, control, regulate, lease, or grant to others the license to operate amusements or concessions for a term not exceeding <term type="NE" subtype="DURATION"> 20 years </term>.</hi>
          </p>
          <p>
            <hi rend="underlined">(8)</hi>
            <hi rend="underlined">To enter into contracts to pledge as security the property of the airport authority.</hi>
          </p>
          <p>
            <hi rend="underlined">(9)</hi>
            <hi rend="underlined">To pledge any lease agreement to which it is a party as security for any loan.</hi>
          </p>
          <p>
            <hi rend="underlined">(10)</hi>
            <hi rend="underlined">To adopt and use a seal.</hi>
          </p>
          <p>
            <hi rend="underlined">(11)</hi>
            <hi rend="underlined">To contract with the <term type="NE" subtype="ORGANIZATION"> Federal Aviation Administration </term> of the <term type="NE" subtype="LOCATION"> United States of America </term> or with the <term type="NE" subtype="LOCATION"> State of North Carolina </term> or with any of the agencies or representatives of either of said governmental bodies relating to the grading, constructing, equipping, improving, maintaining, or operating of an airport or its facilities, or both.</hi>
          </p>
          <p>
            <hi rend="underlined">(12)</hi>
            <hi rend="underlined">To receive refunds of sales and use taxes under G.S.105-164. 14 (c).</hi>
          </p>
          <p>
            <hi rend="underlined">(13)</hi>
            <hi rend="underlined">To accept grants, loans, or contributions from the <term type="NE" subtype="LOCATION"> United States </term>, the State of <term type="NE" subtype="LOCATION"> North Carolina </term>, or any agency or instrumentality of either of them, or from any county or other municipality, and to expend the proceeds for any purposes of the authority.</hi>
          </p>
          <p>
            <hi rend="underlined">(14)</hi>
            <hi rend="underlined">To accept grants, loans, or contributions from nonprofit organizations and to expend the proceeds for any purposes of the authority.</hi>
          </p>
          <p>
            <hi rend="underlined">(15)</hi>
            <hi rend="underlined">To adopt organizational bylaws that shall include, but not be limited to, provision for election, duties, and terms of a Chair and Secretary.</hi>
          </p>
          <p>
            <hi rend="underlined">(16)</hi>
            <hi rend="underlined">To borrow money in accordance with Article V of Chapter 159 of the General Statutes, provided that all powers and duties conferred on the <term type="NE" subtype="ORGANIZATION"> Local Government Commission </term> shall for purposes of this section be held by the <term type="NE" subtype="ORGANIZATION"> Board of Governors </term>.</hi>
          </p>
          <p>
            <hi rend="underlined">(c)</hi>
            <hi rend="underlined">The authority shall enjoy governmental immunity, however, the authority may contract to insure itself and any of its officers, agents, or employees against liability for wrongful death or negligence or intentional damage to persons or property or against absolute liability for damage to persons or property caused by an act or omission of the authority or of any of its officers, agents, or employees when acting within the scope of their authority and the course of their employment. The members of the authority shall determine what liabilities and what officers, agents, and employees shall be covered by any insurance purchased pursuant to this provision.</hi>
          </p>
          <p>
            <hi rend="underlined">Purchase of insurance pursuant to this provision waives the authority's governmental immunity to the extent of insurance coverage for any act or omission occurring in the exercise of a governmental function. By entering into an insurance contract with the authority, an insurer waives any defense based upon the governmental immunity of the authority.</hi>
          </p>
          <p>
            <hi rend="underlined">If the authority has waived its governmental immunity pursuant to the foregoing provisions of this section, any person, or if he dies, his personal representative, sustaining damages as a result of an act or omission of the authority or any of its officers, agents, or employees occurring in the exercise of a governmental function, may sue the authority for recovery of damages. To the extent of the coverage of insurance purchased pursuant to this section, governmental immunity may not be a defense to the action. Otherwise, however, the authority has all defenses available to private litigants in any action brought pursuant to these provisions without restriction, limitation, or other effect whether the defense arises from common law or by virtue of a statute.</hi>
          </p>
          <p>
            <hi rend="underlined">&#167; 116-275. Cessation of operation.</hi>
          </p>
          <p>
            <hi rend="underlined">In the event of cessation of the operation of an airport established under this Article, or the abandonment of any of the property acquired hereunder for airport purposes, the title to such real or personal property or rights under any existing lease shall vest in The <term type="NE" subtype="ORGANIZATION"> University of North Carolina </term>, and upon the sale of any property after cessation of operations, the proceeds therefrom shall <term type="NE" subtype="ORDINAL"> first </term> be distributed pro rata to the constituent university member or to the <term type="NE" subtype="ORGANIZATION"> University of North Carolina Health Care System </term> to reimburse their or their affiliated foundations' investments in the authority and thereafter shall vest in the <term type="NE" subtype="ORGANIZATION"> University </term>.</hi>
          </p>
          <p>PART V.</p>
        </div2>
        <div2 type="section" n="14">
          <head>SECTION 5. 1. G.S.90-171.</head>
          <p>(a)All scholarship loans shall be evidenced by notes made payable to the <term type="NE" subtype="ORGANIZATION"> State Education Assistance Authority </term> that bear interest at<hi rend="strikethrough">the rate of</hi><hi rend="underlined">a rate not to exceed</hi>ten percent (10%) per year<hi rend="underlined">as set by the <term type="NE" subtype="ORGANIZATION"> Authority </term> and</hi>beginning 90 days after completion of the nursing education program, or 90 days after termination of the scholarship loan, whichever is earlier. The scholarship loan may be terminated upon the recipient's withdrawal from school or by the recipient's failure to meet the standards set by the Commission.</p>
        </div2>
        <div2 type="section" n="15">
          <head>SECTION 5. 2. G.S.90-171.</head>
          <p>(a)All scholarship loans shall be evidenced by notes made payable to the <term type="NE" subtype="ORGANIZATION"> State Education Assistance Authority </term> that bear interest at<hi rend="strikethrough">the rate of</hi><hi rend="underlined">a rate not to exceed</hi>ten percent (10%) per year<hi rend="underlined">as set by the <term type="NE" subtype="ORGANIZATION"> Authority </term> and</hi>beginning 90 days after completion of the nursing education program, or 90 days after termination of the scholarship loan, whichever is earlier. The scholarship loan may be terminated upon the recipient's withdrawal from school or by the recipient's failure to meet the standards set by the Commission.</p>
        </div2>
        <div2 type="section" n="16">
          <head>SECTION 5. 3. G.S.116-74.</head>
          <p>(a)All scholarship loans shall be evidenced by notes made payable to the <term type="NE" subtype="ORGANIZATION"> State Education Assistance Authority </term> that bear interest at<hi rend="strikethrough">the rate of</hi><hi rend="underlined">a rate not to exceed</hi>ten percent (10%) per year<hi rend="underlined">as set by the <term type="NE" subtype="ORGANIZATION"> Authority </term> and</hi>beginning 90 days after completion of the school administrator program, or 90 days after termination of the scholarship loan, whichever is earlier. The scholarship loan may be terminated upon the recipient's withdrawal from school or by the recipient's failure to meet the standards set by the Commission.</p>
        </div2>
        <div2 type="section" n="17">
          <head>SECTION 5. 4. This section becomes effective <term type="NE" subtype="DATE"> January 1, 2009 </term>, and applies to all scholarship loans issued on and after <term type="NE" subtype="DATE"> July 1, 2009 </term>.</head>
          <p>PART VI.</p>
        </div2>
        <div2 type="section" n="18">
          <head>SECTION 6. 1. G.S.143-433.</head>
          <p>&#167; 143-433. 6. Legislative findings.</p>
          <p><hi rend="underlined">(a)</hi>The General Assembly finds and determines that the Tax Reform Act of 1984 established a federal volume limitation upon the aggregate amount of private activity bonds that may be issued by each state; that, pursuant to Section 103(n) of the Internal Revenue Code of 1954, as amended, a previous Governor of North Carolina issued Executive Order 113 proclaiming a formula for allocating the federal volume limitation for North Carolina; that on October 22, 1986, the Tax Reform Act of 1986, hereinafter referred to as the Tax Reform Act, was enacted; that the Tax Reform Act (i) establishes a new unified limitation for private activity bonds on a state by state basis, (ii) establishes a new definition of the types of private activity bonds to be included under those new limitations, (iii) establishes a new low-income housing credit to induce the construction of and the improvement of housing for low-income people, and (iv) limits the aggregate use of this low-income housing credit on a state by state basis; that the Tax Reform Act provides for federal formulas for the allocation of these state by state resources, and also provides for states which cannot use the federal formula for allocation to set allocation procedures and formulas which are more appropriate for the individual states; that the Tax Reform Act gives authority for the legislature of each state to formulate and execute plans for allocation; and that Section 146 of the Internal Revenue Code of 1986, as amended, and Section 42 of the Internal Revenue Code of 1986, as amended, will require continued inquiry and study in the ways in which North Carolina can best and most fairly manage and utilize resources provided therein.</p>
          <p>
            <hi rend="underlined">(b)</hi>
            <hi rend="underlined">The <term type="NE" subtype="ORGANIZATION"> General Assembly </term> further finds and determines that the Economic Growth and <term type="NE" subtype="MISC"> Tax Relief Reconciliation Act </term> of <term type="NE" subtype="DATE"> 2001 </term> added new subsections (a)(13)and (k)to section 142 of the Internal Revenue Code of <term type="NE" subtype="DATE"> 1986 </term>, as amended, which (i)establish a new type of private activity bond that can be issued to finance qualified public educational facilities, (ii)establish an <term type="NE" subtype="SET"> annual </term> aggregate limitation on the face amount of qualified public educational facility bonds that may be issued on a state-by-state basis, (iii)provide that each state may allocate the <term type="NE" subtype="SET"> annual </term> aggregate limitation for any calendar <term type="NE" subtype="DURATION"> year </term> in such manner as each state determines appropriate, and (iv)provide for an elective carryforward by each state of the unused <term type="NE" subtype="SET"> annual </term> aggregate limitation; and that subsections (a)(13)and (k)will require continued inquiry and study in the ways in which <term type="NE" subtype="LOCATION"> North Carolina </term> can best and most fairly manage and utilize the resource provided therein.</hi>
          </p>
        </div2>
        <div2 type="section" n="19">
          <head>SECTION 6. 2. G.S.143-433.</head>
          <p>&#167; 143-433. 8. Duties.</p>
          <p>The Committee<hi rend="strikethrough">may</hi><hi rend="underlined">shall</hi>perform the following duties:</p>
          <p>(1)Manage the allocation of<hi rend="strikethrough">tax exempt private activity bonds and low-income housing credits</hi><hi rend="underlined">private activity bonds, low-income housing credits, and qualified public educational facility bonds</hi>and receive advice from bond issuers, elected officials, and the General Assembly.</p>
          <p>(2)Continue to monitor bond markets, economic development financing trends,<hi rend="underlined">school financing trends,</hi>housing markets, and tax incentives available to induce events and programs favorable to North Carolina, its cities and counties, and individual citizens.</p>
          <p>(3)Continue to study the ways in which <term type="NE" subtype="LOCATION"> North Carolina </term> can best and most fairly manage and utilize the allocation of<hi rend="strikethrough">private activity bonds and low-income housing credits.</hi><hi rend="underlined">private activity bonds, low-income housing credits, and qualified public educational facility bonds.</hi></p>
          <p>(4)Report to the Governor, Lieutenant Governor,<hi rend="strikethrough">and</hi>the Speaker of the House of<hi rend="strikethrough">Representatives</hi><hi rend="underlined">Representatives, the President Pro Tempore of the <term type="NE" subtype="ORGANIZATION"> Senate </term>, and the Revenue Laws Study Committee</hi>as requested and on not less than an annual basis.<hi rend="underlined">The <term type="NE" subtype="SET"> annual </term> report is due by <term type="NE" subtype="DATE"> November 1 </term> of <term type="NE" subtype="SET"> each year </term>.</hi></p>
        </div2>
        <div2 type="section" n="20">
          <head>SECTION 6. 3. G.S.143-433.</head>
          <p>(a)To provide for the orderly and prompt issuance of private activity bonds<hi rend="underlined">and qualified public educational facility bonds,</hi>there are hereby proclaimed formulas for allocating<hi rend="underlined">the following: (i)</hi>the unified volume<hi rend="strikethrough">limitation and</hi><hi rend="underlined">limitation, (ii)</hi>the state housing credit<hi rend="strikethrough">ceiling.</hi><hi rend="underlined">ceiling, and (iii)the <term type="NE" subtype="SET"> annual </term> aggregate limitation on the face amount of qualified public educational facility bonds.</hi>The unified volume limitation for all issues<hi rend="underlined">of private activity bonds, other than qualified public educational facility bonds,</hi>in North Carolina shall be considered as a single resource to be allocated under this Article.<hi rend="underlined">The <term type="NE" subtype="SET"> annual </term> aggregate limitation on the face amount of qualified public educational facility bonds for all issues in <term type="NE" subtype="LOCATION"> North Carolina </term> shall be considered as a single resource to be allocated under this Article.</hi>The Committee shall issue<hi rend="underlined">the following: (i)</hi>allocations of the unified volume<hi rend="strikethrough">limitation and shall issue</hi><hi rend="underlined">limitation, (ii)</hi>allocations of the<hi rend="strikethrough"><term type="NE" subtype="ORGANIZATION"> State Housing Credit Ceiling </term>.</hi><hi rend="underlined">state housing credit ceiling, and (iii)allocations of the aggregate limitation on the face amount of qualified public educational facility bonds.</hi>The Committee shall set forth procedures for making such allocations and in the making of such allocations shall take into consideration the best interest of the State of North Carolina with regard to the economic<hi rend="strikethrough">development</hi><hi rend="underlined">development, school facility needs,</hi>and general prosperity of the people of North Carolina.<hi rend="underlined">The <term type="NE" subtype="ORGANIZATION"> Committee </term> shall make all elective carryforwards of the unused unified volume limitation and the <term type="NE" subtype="SET"> annual </term> aggregate limitation on the face amount of qualified public educational facility bonds on behalf of the State.</hi></p>
        </div2>
        <div2 type="section" n="21">
          <head>SECTION 6. 4. This section is effective when it becomes law.</head>
          <p>PART VII.</p>
        </div2>
        <div2 type="section" n="22">
          <head>SECTION 7. Except as otherwise provided, this act is effective when it becomes law.</head>
          <p>In the <term type="NE" subtype="ORGANIZATION"> General Assembly </term> read three times and ratified <term type="NE" subtype="DATE"> this the 18th day of July, 2008 </term>.</p>
          <p>s/<term type="NE" subtype="PERSON"> Marc Basnight </term></p>
          <p>President Pro Tempore of the <term type="NE" subtype="ORGANIZATION"> Senate </term></p>
          <p>s/<term type="NE" subtype="PERSON"> Joe Hackney </term></p>
          <p>Speaker of the House of Representatives</p>
          <p>s/<term type="NE" subtype="PERSON"> Michael F </term>.</p>
          <p>Governor</p>
          <p>Approved <term type="NE" subtype="TIME"> 5:04 </term> p. m.</p>
        </div2>
      </div1>
    </body>
  </text>
</TEI>
