<TEI xmlns="http://www.tei-c.org/ns/1.0">
  <teiHeader xml:lang="en">
    <fileDesc>
      <titleStmt>
        <title xml:id="NC-2011-H72"><term type="NE" subtype="ORGANIZATION"> Community College Investment Flexibility </term>.</title>
        <author>Representative Crawford (Primary Sponsor). </author>
      </titleStmt>
      <editionStmt>
        <edition>v1</edition>
      </editionStmt>
      <publicationStmt>
        <pubPlace>North Carolina</pubPlace>
        <idno>NC-2011-H72</idno>
        <date>2011</date>
      </publicationStmt>
      <sourceDesc>
        <bibl>www.ncleg.net\Sessions\2011\Bills\House\HTML\H72v1.html</bibl>
      </sourceDesc>
    </fileDesc>
  </teiHeader>
  <text xml:lang="en">
    <front>
      <div1 type="abstract">
        <head>A bill to be entitled an act granting community colleges additional flexibility with regard to investments.</head>
      </div1>
    </front>
    <body>
      <div1>
        <opener>
          <salute>The <term type="NE" subtype="ORGANIZATION"> General Assembly of North Carolina </term> enacts:</salute>
        </opener>
        <div2 type="section" n="1">
          <head>SECTION 1. G.S.115D-58.</head>
          <p>&#167; 115D-58. 6. Investment of idle cash.</p>
          <p>(a)<hi rend="underlined">Definitions.</hi></p>
          <p>
            <hi rend="underlined">(1)</hi>
            <hi rend="underlined">Cash balance means the amount equal to all moneys received into institutional fund accounts minus all expenses and withdrawals from those accounts in an official depository of the institution as designated by the local board of trustees consistent with G.S.115D-58. 7.</hi>
          </p>
          <p>
            <hi rend="underlined">(2)</hi>
            <hi rend="underlined">Official depository means one or more banks, savings and loan associations, or trust companies in <term type="NE" subtype="LOCATION"> North Carolina </term> that a community college board of trustees has designated consistent with G.S.115D-58. 7.</hi>
          </p>
          <p><hi rend="underlined">(a1)</hi><hi rend="underlined">Deposits.</hi>The institution may deposit at interest<hi rend="strikethrough">or invest</hi>all or part of the cash balance of any fund in an official depository of the institution.<hi rend="strikethrough">The institution shall manage investments subject to whatever restrictions and directions the board of trustees may impose. The institution shall have the power to purchase, sell, and exchange securities on behalf of the board of trustees. The investment program shall be so managed that investments and deposits can be converted into cash when needed.</hi><hi rend="underlined">Moneys may be deposited at interest in any official depository of the institution in the form of certificates of deposit or such other forms of time deposits as may be approved for county governments. In addition, moneys may be deposited in the form of certificates of deposit as provided for a local government or public authority in G.S.159-30 (b1). Investment deposits shall be secured as provided in G.S.159-31 (b).</hi></p>
          <p>
            <hi rend="strikethrough">(b)</hi>
            <hi rend="strikethrough">Moneys may be deposited at interest in any bank, <term type="NE" subtype="ORGANIZATION"> savings and loan association </term> or trust company in this State in the form of certificates of deposit or such other forms of time deposits as may be approved for county governments. In addition, moneys may be deposited in the form of certificates of deposit as provided for a local government or public authority in G.S.159-30 (b1). Investment deposits shall be secured as provided in G.S.159-31 (b).</hi>
          </p>
          <p>(c)<hi rend="underlined">Investments. - The institution may invest all or part of the cash balance of any fund in an official depository of the institution. The institution shall manage investments subject to whatever restrictions and directions the board of trustees may impose. The institution shall have the power to purchase, sell, and exchange securities on behalf of the board of trustees. The investment program shall be so managed that investments and deposits can be converted into cash when needed.</hi></p>
          <p><hi rend="underlined">(1)</hi>Moneys<hi rend="strikethrough">may</hi><hi rend="underlined">shall only</hi>be invested in the form of investments pursuant to G.S.159-30(c) to county governments<hi rend="strikethrough">and no others.</hi><hi rend="underlined">or in any form of investment established or managed by an investment advisor who is registered and in good standing with either the <term type="NE" subtype="ORGANIZATION"> Securities and Exchange Commission </term> or the <term type="NE" subtype="ORGANIZATION"> North Carolina </term> Secretary of <term type="NE" subtype="ORGANIZATION"> State </term>, <term type="NE" subtype="ORGANIZATION"> Securities Division </term>, and is a member of the <term type="NE" subtype="ORGANIZATION"> Securities Investor Protection Corporation </term>.</hi>Money in endowment funds may be invested pursuant to G.S.147-69.2. Provided, however, the institution may elect to deposit at interest any local funds with the State Treasurer for investment as special trust funds pursuant to the provisions of G.S.147-69.3, and the interest thereon shall accrue to the institution as local funds.</p>
          <p>
            <hi rend="strikethrough">(d)</hi>
            <hi rend="strikethrough">Investment</hi>
          </p>
          <p><hi rend="underlined">(2)</hi><hi rend="underlined">The investment</hi>securities<hi rend="underlined">listed in G.S.</hi>may be bought, sold, and traded by private negotiation, and the institutions may pay all incidental costs thereof and all reasonable costs of administering the investment and deposit program from local funds. The institution shall be responsible for their safekeeping and for keeping accurate investment accounts and records.</p>
          <p>(e)Interest earned on deposits and investments shall be credited to the fund whose cash is deposited or invested. Cash of several funds may be combined for deposit or investment if not otherwise prohibited by law; and when such joint deposits or investments are made, interest earned shall be prorated and credited to the various funds on the basis of the amounts thereof invested, figured according to an average periodic balance or some other sound accounting principle. Interest earned on the deposit or investment of bond funds shall be deemed a part of the bond proceeds.</p>
          <p>(f)Registered securities acquired for investment may be released from registration and transferred by signature of the official designated by the board of trustees.</p>
        </div2>
        <div2 type="section" n="2">
          <head>SECTION 2. This act becomes effective <term type="NE" subtype="DATE"> July 1, 2011 </term>.</head>
        </div2>
      </div1>
    </body>
  </text>
</TEI>
