<TEI xmlns="http://www.tei-c.org/ns/1.0">
  <teiHeader xml:lang="en">
    <fileDesc>
      <titleStmt>
        <title xml:id="NC-2015-S478">In-State Tuition For Certain Vets/Fed Prog.</title>
        <author/>
      </titleStmt>
      <editionStmt>
        <edition>v0</edition>
      </editionStmt>
      <publicationStmt>
        <pubPlace>North Carolina</pubPlace>
        <idno>NC-2015-S478</idno>
        <date>2015</date>
      </publicationStmt>
      <sourceDesc>
        <bibl>www.ncleg.net\Sessions\2015\Bills\Senate\HTML\S478v0.html</bibl>
      </sourceDesc>
    </fileDesc>
  </teiHeader>
  <text xml:lang="en">
    <front>
      <div1 type="abstract">
        <head>A bill to be entitled an act to make certain veterans and other individuals entitled to federal educational benefits under 38 u. s. c. chapter 30 or 38 u. s. c. chapter 33 who enroll in any of the state's public institutions of higher education eligible for in-state tuition by waiving the twelve-month state residency requirement and to appropriate funds to implement the provisions of this act.</head>
      </div1>
    </front>
    <body>
      <div1>
        <opener>
          <salute>The <term type="NE" subtype="ORGANIZATION"> General Assembly of North Carolina </term> enacts:</salute>
        </opener>
        <div2 type="section" n="1">
          <head>SECTION 1.</head>
          <p>
            <hi rend="underlined">&#167; 116-143. 3A.Waiver of 12-month residency requirement for certain veterans and other individuals entitled to federal education benefits under 38 U.S.C.Chapter 30 or 38 U.S.C.Chapter 33.</hi>
          </p>
          <p>
            <hi rend="underlined">(a)</hi>
            <hi rend="underlined">Definitions.</hi>
          </p>
          <p>
            <hi rend="underlined">(1)</hi>
            <hi rend="underlined">Abode. -- Has the same meaning as G.S.116-143. 3 (a)(1).</hi>
          </p>
          <p>
            <hi rend="underlined">(2)</hi>
            <hi rend="underlined"><term type="NE" subtype="ORGANIZATION"> Armed Forces </term>. -- Has the same meaning as G.S.116-143. 3 (a)(2).</hi>
          </p>
          <p>
            <hi rend="underlined">(3)</hi>
            <hi rend="underlined">Veteran. -- A person who served active duty for not <term type="NE" subtype="DURATION"> less than 90 days </term> in the <term type="NE" subtype="ORGANIZATION"> Armed Forces </term>, the <term type="NE" subtype="ORGANIZATION"> Commissioned Corps </term> of the U.S.<term type="NE" subtype="ORGANIZATION"> Public Health Service </term>, or the <term type="NE" subtype="ORGANIZATION"> National Oceanic and Atmospheric Administration </term> and who was discharged or released from such service under conditions other than dishonorable.</hi>
          </p>
          <p>
            <hi rend="underlined">(b)</hi>
            <hi rend="underlined">Waiver of 12-Month Residency Requirement for Veteran. -- Any veteran who qualifies for admission to an institution of higher education as defined in G.S.116-143. 1 (a)(3)is eligible to be charged the in-State tuition rate and applicable mandatory fees for enrollment without satisfying the 12-month residency requirement under G.S.116-143.</hi>
          </p>
          <p>
            <hi rend="underlined">(1)</hi>
            <hi rend="underlined">The veteran applies for admission to the institution of higher education and enrolls within <term type="NE" subtype="DURATION"> three years </term> of the veteran's discharge or release from the Armed Forces, the <term type="NE" subtype="ORGANIZATION"> Commissioned Corps </term> of the U.S.<term type="NE" subtype="ORGANIZATION"> Public Health Service </term>, or the <term type="NE" subtype="ORGANIZATION"> National Oceanic and Atmospheric Administration </term>.</hi>
          </p>
          <p>
            <hi rend="underlined">(2)</hi>
            <hi rend="underlined">The veteran qualifies for and uses educational benefits pursuant to 38 U.S.C.Chapter 30 (<term type="NE" subtype="PERSON"> Montgomery G </term>. I.<term type="NE" subtype="ORGANIZATION"> Bill Active Duty Education Assistance Program </term>)or 38 U.S.C.Chapter 33 (Post-9/11 <term type="NE" subtype="ORGANIZATION"> Educational Assistance </term>), as administered by the U.S.Department of Veterans Affairs.</hi>
          </p>
          <p>
            <hi rend="underlined">(3)</hi>
            <hi rend="underlined">The veteran's abode is <term type="NE" subtype="LOCATION"> North Carolina </term>.</hi>
          </p>
          <p>
            <hi rend="underlined">(4)</hi>
            <hi rend="underlined">The veteran provides the institution of higher education at which the veteran intends to enroll a letter of intent to establish residence in <term type="NE" subtype="LOCATION"> North Carolina </term>.</hi>
          </p>
          <p>
            <hi rend="underlined">(c)</hi>
            <hi rend="underlined">Eligibility of Other Individuals Entitled to Federal Educational Benefits Under 38 U.S.C.Chapter 30 or 38 U.S.C.Chapter 33. -- Any person who is entitled to federal educational benefits under 38 U.S.C.Chapter 30 or 38 U.S.C.Chapter 33 is also eligible to be charged the in-State tuition rate and applicable mandatory fees for enrollment without satisfying the 12-month residency requirement under G.S.116-143.</hi>
          </p>
          <p>
            <hi rend="underlined">(1)</hi>
            <hi rend="underlined">The person qualifies for admission to the institution of higher education as defined in G.S.116-143. 1 (a)(3)and enrolls in the institution of higher education within <term type="NE" subtype="DURATION"> three years </term> of the veteran's discharge or release from the Armed Forces, the <term type="NE" subtype="ORGANIZATION"> Commissioned Corps </term> of the U.S.</hi>
            <hi rend="underlined">.</hi>
          </p>
          <p>
            <hi rend="underlined">(2)</hi>
            <hi rend="underlined">The person is the recipient of federal educational benefits pursuant to 38 U.S.C.Chapter 30 (<term type="NE" subtype="PERSON"> Montgomery G </term>. I.<term type="NE" subtype="ORGANIZATION"> Bill Active Duty Education Assistance Program </term>)or 38 U.S.C.Chapter 33 (Post-9/11 <term type="NE" subtype="ORGANIZATION"> Educational Assistance </term>), as administered by the U.S.Department of Veterans Affairs.</hi>
          </p>
          <p>
            <hi rend="underlined">(3)</hi>
            <hi rend="underlined">The person's abode is <term type="NE" subtype="LOCATION"> North Carolina </term>.</hi>
          </p>
          <p>
            <hi rend="underlined">(4)</hi>
            <hi rend="underlined">The person provides the institution of higher education at which the person intends to enroll a letter of intent to establish residence in <term type="NE" subtype="LOCATION"> North Carolina </term>.</hi>
          </p>
          <p>
            <hi rend="underlined">(d)</hi>
            <hi rend="underlined">Eligibility While Continuously Enrolled at the Same Institution of Higher Education. -- After enrollment in an institution of higher education, any veteran entitled to federal educational benefits under 38 U.S.C.Chapter 30 or 38 U.S.C.Chapter 33 and any other individual entitled to federal educational benefits under 38 U.S.C.Chapter 30 or 38 U.S.C.Chapter 33 who is eligible for in-State tuition under this section shall continue to be eligible for the in-State tuition rate so long as the covered individual remains continuously enrolled (other than during regularly scheduled breaks between courses, quarters, terms, or semesters)at that institution of higher education.</hi>
          </p>
        </div2>
        <div2 type="section" n="2">
          <head>SECTION 2. (a)Funds appropriated to the Board of Governors of <term type="NE" subtype="ORGANIZATION"> The University of North Carolina </term> pursuant to Section 11. 2 (b)of S.L.2014-100 for the 2014-2015 fiscal <term type="NE" subtype="DURATION"> year </term> for the <term type="NE" subtype="ORGANIZATION"> UNC Yellow Ribbon Reserve </term> shall not revert at <term type="NE" subtype="DATE"> the end of the fiscal year </term> but shall remain available until expended and shall be used to implement the provisions of this act.</head>
        </div2>
        <div2 type="section" n="3">
          <head>SECTION 2. (b)In addition to the funds described in subsection (a)of this section, there is appropriated from the General Fund to the Board of Governors of <term type="NE" subtype="ORGANIZATION"> The University of North Carolina </term> the sum of four million four hundred thirty-seven thousand four hundred <term type="NE" subtype="MONEY"> eighty-five dollars </term> (<term type="NE" subtype="MONEY"> $ 4,437,485 </term>)for the 2016-2017 fiscal <term type="NE" subtype="DURATION"> year </term> to implement the provisions of this act.</head>
        </div2>
        <div2 type="section" n="4">
          <head>SECTION 2. (c)Subsection (a)of this section becomes effective <term type="NE" subtype="DATE"> June 30, 2015 </term>.</head>
        </div2>
        <div2 type="section" n="5">
          <head>SECTION 3. (a)Funds appropriated to the <term type="NE" subtype="ORGANIZATION"> Community Colleges System Office </term> for the 2014-2015 fiscal <term type="NE" subtype="DURATION"> year </term> for the <term type="NE" subtype="ORGANIZATION"> Community College Yellow Ribbon Reserve </term> pursuant to Section 11. 2 (b)of S.L.2014-100 shall not revert at <term type="NE" subtype="DATE"> the end of the fiscal year </term> but shall remain available until expended and shall be used to support the cost of charging resident tuition rates to veterans consistent with the federal Veterans Access, Choice, and Accountability Act of <term type="NE" subtype="DATE"> 2014 </term>.</head>
        </div2>
        <div2 type="section" n="6">
          <head>SECTION 3. (b)In addition to the funds described in subsection (a)of this section, there is appropriated from the General Fund to the <term type="NE" subtype="ORGANIZATION"> Community Colleges System Office </term> the sum of <term type="NE" subtype="MONEY"> one million dollars </term> (<term type="NE" subtype="MONEY"> $ 1,000,000 </term>)for the 2016-2017 fiscal <term type="NE" subtype="DURATION"> year </term> to implement the provisions of this act.</head>
        </div2>
        <div2 type="section" n="7">
          <head>SECTION 3. (c)Subsection (a)of this section becomes effective <term type="NE" subtype="DATE"> June 30, 2015 </term>.</head>
        </div2>
        <div2 type="section" n="8">
          <head>SECTION 4. G.S.116-143. 8 is repealed.</head>
        </div2>
        <div2 type="section" n="9">
          <head>SECTION 5. Except as provided otherwise, this act becomes effective <term type="NE" subtype="DATE"> July 1, 2015 </term>, and applies to qualifying veterans and other individuals entitled to federal educational benefits under 38 U.S.C.Chapter 30 or 38 U.S.C.Chapter 33 who are enrolled or who enroll in institutions of higher education for any academic quarter, term, or semester that begins on or after that date.</head>
        </div2>
      </div1>
    </body>
  </text>
</TEI>
