<TEI xmlns="http://www.tei-c.org/ns/1.0">
  <teiHeader xml:lang="en">
    <fileDesc>
      <titleStmt>
        <title xml:id="NC-2011-H588">The Founding Principles Act.</title>
        <author/>
      </titleStmt>
      <editionStmt>
        <edition>v4</edition>
      </editionStmt>
      <publicationStmt>
        <pubPlace>North Carolina</pubPlace>
        <idno>NC-2011-H588</idno>
        <date>2011</date>
      </publicationStmt>
      <sourceDesc>
        <bibl>www.ncleg.net\Sessions\2011\Bills\House\HTML\H588v4.html</bibl>
      </sourceDesc>
    </fileDesc>
  </teiHeader>
  <text xml:lang="en">
    <front>
      <div1 type="abstract">
        <head>A bill to be entitled an act to enact the founding principles act.</head>
      </div1>
    </front>
    <body>
      <div1>
        <opener>
          <salute>The <term type="NE" subtype="ORGANIZATION"> General Assembly of North Carolina </term> enacts:</salute>
        </opener>
        <p>Whereas, the survival of the Republic requires that our nation's children, <term type="NE" subtype="DATE"> the future </term> guardians of its heritage and participants in its governance, have a clear understanding of the Founding Philosophy and the Founding Principles of a government for a free people, which are found in the <term type="NE" subtype="MISC"> Declaration of Independence </term>, the <term type="NE" subtype="LOCATION"> United States </term> Constitution, the Federalist Papers, and the writings of the Founders, and an understanding of their preservation; <term type="NE" subtype="DATE"> Now </term>, therefore,</p>
        <div2 type="section" n="1">
          <head>SECTION 1. This act shall be known as The Founding Principles Act.</head>
        </div2>
        <div2 type="section" n="2">
          <head>SECTION 2. G.S.</head>
          <p>(g)Civic Literacy.</p>
          <p>(1)Local boards of education shall require during the high school <term type="NE" subtype="DURATION"> years </term> the teaching of the nation's founding and related documents, which shall include at least the major principles in the <term type="NE" subtype="MISC"> Declaration of Independence </term>, the <term type="NE" subtype="LOCATION"> United States </term> Constitution and its amendments, and the most important of the Federalist<hi rend="strikethrough">Papers.</hi><hi rend="underlined">Papers and specifically a semester course that focuses on the following:</hi></p>
          <p>
            <hi rend="underlined">a.</hi>
            <hi rend="underlined"><term type="NE" subtype="LOCATION"> America </term>'s Founding Philosophy, to include at least the following:</hi>
          </p>
          <p>
            <hi rend="underlined">1.</hi>
            <hi rend="underlined">The <term type="NE" subtype="MISC"> Creator-endowed </term> inalienable rights of the people.</hi>
          </p>
          <p>
            <hi rend="underlined">2.</hi>
            <hi rend="underlined">The purpose of government is to protect the inalienable rights of the people and to protect people from violence and fraud.</hi>
          </p>
          <p>
            <hi rend="underlined">3.</hi>
            <hi rend="underlined">Structure of government, separation of powers, checks and balances.</hi>
          </p>
          <p>
            <hi rend="underlined">4.</hi>
            <hi rend="underlined">Rule of law with frequent and free elections in a representative government.</hi>
          </p>
          <p>
            <hi rend="underlined">b.</hi>
            <hi rend="underlined"><term type="NE" subtype="LOCATION"> America </term>'s Founding Principles, to include at least the following:</hi>
          </p>
          <p>
            <hi rend="underlined">1.</hi>
            <hi rend="underlined">Federalism, government as close to the people as possible.</hi>
          </p>
          <p>
            <hi rend="underlined">2.</hi>
            <hi rend="underlined">Bill of Rights guaranteed freedoms of speech, press, religion, and peaceful assembly.</hi>
          </p>
          <p>
            <hi rend="underlined">3.</hi>
            <hi rend="underlined">Private property rights and freedom of individual enterprise.</hi>
          </p>
          <p>
            <hi rend="underlined">4.</hi>
            <hi rend="underlined">Innocent of any crime until proven guilty with rights of habeas corpus, no unreasonable searches or seizures, no cruel or unusual punishment, and right to a speedy trial by a jury of peers.</hi>
          </p>
          <p>
            <hi rend="underlined">5.</hi>
            <hi rend="underlined">A virtuous and moral people educated in the philosophy and principles of government for a free people.</hi>
          </p>
          <p>
            <hi rend="underlined">6.</hi>
            <hi rend="underlined">Constitutional limitations on government power to tax and spend and prompt payment of public debt.</hi>
          </p>
          <p>
            <hi rend="underlined">7.</hi>
            <hi rend="underlined">Right of people to keep and bear arms, strong defense capability, supremacy of civil authority over military.</hi>
          </p>
          <p>
            <hi rend="underlined">8.</hi>
            <hi rend="underlined">Peace, commerce, and honest friendship with all nations.</hi>
          </p>
          <p>
            <hi rend="underlined">9.</hi>
            <hi rend="underlined">Eternal vigilance by We the People.</hi>
          </p>
          <p>
            <hi rend="underlined">A passing grade in the course shall be required for graduation from high school.</hi>
          </p>
          <p>
            <hi rend="strikethrough">(2)</hi>
            <hi rend="strikethrough">Local boards of education shall require that high school students demonstrate knowledge and understanding of the nation's founding and related documents in order to receive a certificate or diploma of graduation from high school.</hi>
          </p>
          <p>
            <hi rend="strikethrough">(3)</hi>
            <hi rend="strikethrough">Local boards of education shall include among the requirements for graduation from high school a passing grade in all courses that include primary instruction in the <term type="NE" subtype="MISC"> Declaration of Independence </term>, the <term type="NE" subtype="LOCATION"> United States </term> Constitution and its amendments, and the most important of the Federalist Papers.</hi>
          </p>
          <p>(3a)Local boards of education shall allow and may encourage any public school teacher or administrator to read or post in a public school building, classroom, or event, excerpts or portions of writings, documents, and records that reflect the history of the <term type="NE" subtype="LOCATION"> United States </term>, including, but not limited to, (i)the preamble to the North Carolina Constitution, (ii)the <term type="NE" subtype="MISC"> Declaration of Independence </term>, (iii)the <term type="NE" subtype="LOCATION"> United States </term> Constitution, (iv)the Mayflower Compact, (v)the national motto, (vi)the <term type="NE" subtype="MISC"> National Anthem </term>, (vii)the Pledge of Allegiance, (viii)the writings, speeches, documents, and proclamations of the founding fathers and Presidents of the <term type="NE" subtype="LOCATION"> United States </term>, (ix)decisions of the <term type="NE" subtype="ORGANIZATION"> Supreme Court </term> of the <term type="NE" subtype="LOCATION"> United States </term>, and (x)acts of the <term type="NE" subtype="ORGANIZATION"> Congress </term> of the <term type="NE" subtype="LOCATION"> United States </term>, including the published text of the Congressional Record. Local boards, superintendents, principals, and supervisors shall not allow content-based censorship of <term type="NE" subtype="MISC"> American </term> history in the public schools of this State, including religious references in these writings, documents, and records. Local boards and professional school personnel may develop curricula and use materials that are limited to specified topics provided the curricula and materials are aligned with the standard course of study or are grade level appropriate.</p>
          <p>(3b)A local school administrative unit may display on real property controlled by that local school administrative unit documents and objects of historical significance that have formed and influenced the <term type="NE" subtype="LOCATION"> United States </term> legal or governmental system and that exemplify the development of the rule of law, such as the <term type="NE" subtype="ORGANIZATION"> Magna Carta </term>, the Mecklenburg Declaration, the Ten <term type="NE" subtype="MISC"> Commandments </term>, the <term type="NE" subtype="MISC"> Justinian Code </term>, and documents set out in subdivision (3a)of this subsection. This display may include, but shall not be limited to, documents that contain words associated with a religion; provided however, no display shall seek to establish or promote religion or to persuade any person to embrace a particular religion, denomination of a religion, or other philosophy. The display of a document containing words associated with a religion shall be in the same manner and appearance generally as other documents and objects displayed and shall not be presented or displayed in any fashion that results in calling attention to it apart from the other displayed documents and objects. The display also shall be accompanied by a prominent sign quoting the <term type="NE" subtype="ORDINAL"> First </term> Amendment of the United States Constitution as follows: <term type="NE" subtype="ORGANIZATION"> Congress </term> shall make no law respecting an establishment of religion, or prohibiting the free exercise thereof; or abridging the freedom of speech, or of the press; or the right of the people peaceably to assemble, and to petition the government for a redress of grievances.</p>
          <p>(4)The <term type="NE" subtype="ORGANIZATION"> State Board of Education </term> shall require that any high school level curriculum-based tests developed and administered statewide beginning with<hi rend="underlined">the <term type="NE" subtype="DURATION"> 2014-2015 </term></hi>academic year<hi rend="strikethrough">1990-91</hi>include questions related to the<hi rend="underlined">philosophical foundations of our form of government and the principles underlying the</hi>Declaration of Independence, the United States Constitution and its amendments, and the most important of the Federalist Papers.</p>
          <p>(5)The<hi rend="strikethrough">State</hi>Department of Public Instruction and the local boards of education, as appropriate, shall<hi rend="strikethrough">establish</hi><hi rend="underlined">provide or cause to be provided</hi>curriculum content<hi rend="underlined">for the semester course required in subdivision (1)of this subsection</hi>and<hi rend="strikethrough">provide for</hi>teacher training to ensure that the intent and provisions of this subsection are carried out. The curriculum content established shall include a review of the contributions made by Americans of all races.</p>
          <p>
            <hi rend="underlined">(6)</hi>
            <hi rend="underlined">The <term type="NE" subtype="ORGANIZATION"> Department of Public Instruction </term> shall submit a biennial report by <term type="NE" subtype="DATE"> October 15 </term> of each odd-numbered <term type="NE" subtype="DURATION"> year </term> to the <term type="NE" subtype="ORGANIZATION"> Joint Legislative Education Oversight Committee </term> covering the implementation of this subsection.</hi>
          </p>
        </div2>
        <div2 type="section" n="3">
          <head>SECTION 3. This act is effective when it becomes law and applies beginning with the <term type="NE" subtype="DURATION"> 2014-2015 </term> school <term type="NE" subtype="DURATION"> year </term>.</head>
        </div2>
      </div1>
    </body>
  </text>
</TEI>
