<TEI xmlns="http://www.tei-c.org/ns/1.0">
  <teiHeader xml:lang="en">
    <fileDesc>
      <titleStmt>
        <title xml:id="NC-2015-H527">Municipal Elect 'n/Even Numbered Yrs/Stanly Co.</title>
        <author/>
      </titleStmt>
      <editionStmt>
        <edition>v2</edition>
      </editionStmt>
      <publicationStmt>
        <pubPlace>North Carolina</pubPlace>
        <idno>NC-2015-H527</idno>
        <date>2015</date>
      </publicationStmt>
      <sourceDesc>
        <bibl>www.ncleg.net\Sessions\2015\Bills\House\HTML\H527v2.html</bibl>
      </sourceDesc>
    </fileDesc>
  </teiHeader>
  <text xml:lang="en">
    <front>
      <div1 type="abstract">
        <head>A bill to be entitled an act to provide that regular municipal elections in the municipalities of stanly county shall be held in even-numbered<term type="NE" subtype="DURATION"><term type="NE" subtype="DURATION"> years </term></term >.</head>
      </div1>
    </front>
    <body>
      <div1>
        <opener>
          <salute>The <term type="NE" subtype="ORGANIZATION"> General Assembly of North Carolina </term> enacts:</salute>
        </opener>
        <div2 type="section" n="1">
          <head>SECTION 1. (a)Section 3.</head>
          <p>Section 3. 1. Regular Municipal Elections; Conduct and Method of Election.<hi rend="strikethrough"><term type="NE" subtype="DATE"> 1979 </term></hi><hi rend="underlined"><term type="NE" subtype="DATE"> 2015 </term>,</hi>and every two years<hi rend="strikethrough">thereafter and</hi><hi rend="underlined">thereafter, except that the Mayor elected in <term type="NE" subtype="DATE"> 2015 </term> shall serve a term of <term type="NE" subtype="DURATION"> three years </term>. The <term type="NE" subtype="ORGANIZATION"> City Council </term> shall consist of seven members, each residing in and elected from districts, who shall be elected for a term of <term type="NE" subtype="DURATION"> four years </term> in the manner provided by Section 3. 2 of this Charter.</hi>Elections shall be conducted in accordance with the uniform municipal election laws of North Carolina. The Mayor and members of the City Council shall be elected according to the partisan primary and elections method<hi rend="underlined">for statewide office</hi>as provided in<hi rend="strikethrough">G.S.163-291.</hi><hi rend="underlined">G.S.163-1.</hi></p>
        </div2>
        <div2 type="section" n="2">
          <head>SECTION 1. (b)Section 3.</head>
          <p>Section 3. 2. Election of Mayor and Council Members.<hi rend="strikethrough"><term type="NE" subtype="DATE"> 1991 </term></hi><hi rend="underlined"><term type="NE" subtype="DATE"> 2015 </term></hi>and every two years thereafter, there shall be elected a<hi rend="strikethrough">Mayor</hi><hi rend="underlined">Mayor, except as provided in Section 3. 1 of this Charter.</hi></p>
          <p>
            <hi rend="strikethrough">At the regular municipal election to be held in <term type="NE" subtype="DATE"> 1995 </term>, members of the <term type="NE" subtype="ORGANIZATION"> City Council </term> shall be nominated and elected as follows. The member of <term type="NE" subtype="ORGANIZATION"> Council </term> from District 1 and the member of <term type="NE" subtype="ORGANIZATION"> Council </term> from District 3 shall be nominated and elected by and from the qualified voters of the electoral district to serve for a <term type="NE" subtype="DURATION"> four year </term> term. The member of <term type="NE" subtype="ORGANIZATION"> Council </term> from District 2 and the member of <term type="NE" subtype="ORGANIZATION"> Council </term> from District 4 shall be nominated and elected by and from the qualified voters of the electoral district to serve for a <term type="NE" subtype="DURATION"> two year </term> term. Three members of <term type="NE" subtype="ORGANIZATION"> Council </term> shall be nominated and elected at large by and from the qualified voters of the City. The two at large members of Council receiving the highest number of votes in the regular municipal election shall be elected to serve for a <term type="NE" subtype="DURATION"> four year </term> term. The at large member of Council receiving the next highest number of votes in the regular municipal election shall be elected to serve for a <term type="NE" subtype="DURATION"> two year </term> term.</hi>
          </p>
          <p>At the regular municipal election held in <term type="NE" subtype="DATE"> 1997 </term>, and <term type="NE" subtype="SET"> every four years </term> thereafter, the member of <term type="NE" subtype="ORGANIZATION"> Council </term> from District 2, the member of <term type="NE" subtype="ORGANIZATION"> Council </term> from District 4, and the member of <term type="NE" subtype="ORGANIZATION"> Council </term> elected at large in the <term type="NE" subtype="DATE"> 1995 </term> regular municipal election to serve a <term type="NE" subtype="DURATION"> two year </term> term shall be nominated and elected to serve a <term type="NE" subtype="DURATION"> four year </term> term.</p>
          <p>At the regular municipal election held in <term type="NE" subtype="DATE"> 1999 </term> and <term type="NE" subtype="SET"> every four years </term> thereafter, the member of <term type="NE" subtype="ORGANIZATION"> Council </term> from District 1, the member of <term type="NE" subtype="ORGANIZATION"> Council </term> from District 3, and the two members of <term type="NE" subtype="ORGANIZATION"> Council </term> elected at large in the <term type="NE" subtype="DATE"> 1995 </term> regular municipal election to serve a <term type="NE" subtype="DURATION"> four year </term> term shall be nominated and elected to serve for a <term type="NE" subtype="DURATION"> four year </term> term.</p>
          <p>
            <hi rend="underlined">In <term type="NE" subtype="DATE"> 2015 </term>, the four members elected shall serve terms of <term type="NE" subtype="DURATION"> five years </term>, and their successors shall serve terms of <term type="NE" subtype="DURATION"> four years </term>. The three members whose terms expire in <term type="NE" subtype="DATE"> 2017 </term> shall continue to serve until <term type="NE" subtype="DATE"> 2018 </term>, and their successors shall serve terms of <term type="NE" subtype="DURATION"> four years </term>.</hi>
          </p>
        </div2>
        <div2 type="section" n="3">
          <head>SECTION 2.</head>
          <p>CHAPTER III.</p>
          <p>GOVERNING BODY.</p>
          <p>&#8230;</p>
          <p><term type="NE" subtype="DURATION"> Sec </term>. 3. 3. Term of office of Council members.<hi rend="strikethrough">The initial members of the Council shall be elected in <term type="NE" subtype="DATE"> 1990 </term> at the same time as the general election for county officers, and the procedure shall be as generally provided for election of municipal officers in an odd-numbered <term type="NE" subtype="DURATION"> year </term>, except that the filing period shall open as soon as the results of the incorporation referendum are certified, and shall end at <term type="NE" subtype="DATE"> 12:00 noon on the third Friday </term> after that date. The initial district members are elected for three-year terms, their successors shall be elected in <term type="NE" subtype="DATE"> 1993 </term> and quadrennially thereafter for four-year terms. In <term type="NE" subtype="DATE"> 1990 </term>, the at-large candidate receiving the highest number of votes is elected to a three-year term, and the two at-large candidates receiving the next highest numbers of votes are elected to one-year terms. In <term type="NE" subtype="DATE"> 1991 </term> and quadrennially thereafter, two at-large members are elected for four-year terms. In <term type="NE" subtype="DATE"> 1993 </term> and quadrennially thereafter, one at-large member is elected for a four-year term. Initial town officers shall take office on the <term type="NE" subtype="DATE"> Monday </term> following the canvassing of the returns of their election, at a time and place designated by any three of them.</hi><hi rend="underlined">In <term type="NE" subtype="DATE"> 2015 </term>, the two at-large members shall serve for terms of <term type="NE" subtype="DURATION"> five years </term>, and their successors shall serve terms of <term type="NE" subtype="DURATION"> four years </term>. Each of the resident district members and the at-large members whose terms expire in <term type="NE" subtype="DATE"> 2017 </term> shall continue to serve until <term type="NE" subtype="DATE"> 2018 </term>, and their successors shall be elected to serve terms of <term type="NE" subtype="DURATION"> four years </term>. Regular municipal elections shall be held in each even-numbered <term type="NE" subtype="DURATION"> year </term> thereafter in accordance with Chapter IV of this Charter.</hi></p>
          <p><term type="NE" subtype="DURATION"> Sec </term>. 3. 4. Selection of Mayor: term of office.<hi rend="strikethrough"><term type="NE" subtype="DATE"> 1990 </term></hi><hi rend="underlined"><term type="NE" subtype="DATE"> 2015 </term></hi>shall serve a<hi rend="strikethrough">one-year</hi><hi rend="underlined">three-year</hi>term.</p>
        </div2>
        <div2 type="section" n="4">
          <head>SECTION 3.</head>
          <p>&#8230;</p>
          <p><term type="NE" subtype="DURATION"> Sec </term>. 3. 2. Mayor and Mayor Pro Tempore.<hi rend="strikethrough"><term type="NE" subtype="DURATION"> years </term>.</hi><hi rend="underlined"><term type="NE" subtype="DURATION"> years </term>, except that the Mayor elected in <term type="NE" subtype="DATE"> 2015 </term> shall serve a term of <term type="NE" subtype="DURATION"> three years </term>, but the Mayor's successors shall serve terms of <term type="NE" subtype="DURATION"> two years </term>.</hi>In the case of a vacancy in the office of Mayor, the City Council shall by appointment fill the vacancy for the unexpired term. The Mayor shall be the official head of the City government and shall preside at all meetings of the City Council. When there is an equal division upon any question, or in the appointment of officers, by the Council, the Mayor shall determine the matter by his vote, and shall vote in no other case. The Mayor shall exercise such powers and perform such duties as are or may be conferred upon him by the general laws of North Carolina, by this Charter, and by the ordinances of the City. The City Council shall choose one of its number to act as Mayor Pro Tempore, and he shall perform the duties of the Mayor in the Mayor's absence or disability. The Mayor Pro Tempore as such shall have no fixed term of office, but shall serve in such capacity at the pleasure of the remaining members of the Council.</p>
          <p><term type="NE" subtype="DURATION"> Sec </term>. 3. 3. Composition of <term type="NE" subtype="ORGANIZATION"> City Council </term>.<hi rend="strikethrough">8, <term type="NE" subtype="DATE"> 1977 </term>,</hi><hi rend="underlined">3, <term type="NE" subtype="DATE"> 2015 </term>,</hi>the City Council shall consist of seven (7) members to be elected by and from the qualified voters of the city voting at large in the manner provided by Article IV.</p>
          <p>&#8230;.</p>
        </div2>
        <div2 type="section" n="5">
          <head>SECTION 3. (b)Section 4.</head>
          <p><term type="NE" subtype="DURATION"> Sec </term>. 4. 1. Regular Municipal Elections.<hi rend="strikethrough">odd-numbered <term type="NE" subtype="DURATION"> year </term> which began in <term type="NE" subtype="DATE"> 1973 </term>.</hi><hi rend="underlined">even-numbered <term type="NE" subtype="DURATION"> year </term> except as provided in this section.</hi>In the regular election in<hi rend="strikethrough"><term type="NE" subtype="DATE"> 1977 </term></hi><hi rend="underlined"><term type="NE" subtype="DATE"> 2015 </term>,</hi><hi rend="strikethrough">there shall be elected three (3)councilmen. The three (3)candidates receiving the highest number of votes shall be elected for terms of four (4)<term type="NE" subtype="DURATION"> years </term>. In the regular election of <term type="NE" subtype="DATE"> 1979 </term>, there shall be elected four (4)councilmen, and the four (4)candidates receiving the highest number of votes shall be elected for four (4)<term type="NE" subtype="DURATION"> years </term>.</hi><hi rend="underlined">four members shall be elected for terms of <term type="NE" subtype="DURATION"> five years </term>, and the three members whose terms expire in <term type="NE" subtype="DATE"> 2017 </term> shall continue to serve until <term type="NE" subtype="DATE"> 2018 </term>.</hi>Thereafter as the terms of members expire, their successors shall be elected for terms of four (4) years.</p>
        </div2>
        <div2 type="section" n="6">
          <head>SECTION 4. (a)Section 3.</head>
          <p>Section 3. 3. Manner of <term type="NE" subtype="ORGANIZATION"> Electing Village Council </term>; Term of Office. The qualified voters of the entire Village shall elect the members of the <term type="NE" subtype="ORGANIZATION"> Village Council </term>, and, except as provided in this section, they shall serve four-year terms.<hi rend="strikethrough"><term type="NE" subtype="DATE"> 2005 </term>, the three candidates receiving the highest numbers of votes shall be elected to four-year terms, and the two candidates receiving the next highest numbers of votes shall be elected to two-year terms.</hi><hi rend="underlined"><term type="NE" subtype="DATE"> 2015 </term>, two members shall be elected for five-year terms, and the three members whose terms expire in <term type="NE" subtype="DATE"> 2017 </term> shall continue to serve until <term type="NE" subtype="DATE"> 2018 </term>.</hi>In<hi rend="strikethrough"><term type="NE" subtype="DATE"> 2007 </term>,</hi><hi rend="underlined"><term type="NE" subtype="DATE"> 2020 </term>,</hi>and quadrennially thereafter, two members shall be elected to four-year terms. In<hi rend="strikethrough"><term type="NE" subtype="DATE"> 2009 </term>,</hi><hi rend="underlined"><term type="NE" subtype="DATE"> 2018 </term>,</hi>and quadrennially thereafter, three members shall be elected to four-year terms.</p>
        </div2>
        <div2 type="section" n="7">
          <head>SECTION 4. (b)Section 3.</head>
          <p>At the organizational meeting following each municipal election, the <term type="NE" subtype="ORGANIZATION"> Village Council </term> shall elect one of its members as Mayor, and the Mayor shall serve at the pleasure of the Village<hi rend="strikethrough">Council.</hi><hi rend="underlined">Council, provided that the Mayor elected in <term type="NE" subtype="DATE"> 2015 </term> shall serve pursuant to the manner provided in Section 3. 3 of this Charter.</hi>The Mayor shall be the official head of Village government and shall preside at all meetings of the Village Council. The Mayor shall exercise such powers and duties as conferred by the general laws of this State and this Charter and as directed by the Village Council. In the case of a vacancy in the office of Mayor, the remaining members of the Village Council shall choose from their membership a person to serve as Mayor for the unexpired term.</p>
        </div2>
        <div2 type="section" n="8">
          <head>SECTION 5.</head>
          <p><term type="NE" subtype="DURATION"> Sec </term>. 3. The officers of the town shall consist of a mayor and five commissioners, and they shall be elected to four-year terms by the qualified voters of the entire town, except as provided otherwise in this section.<hi rend="strikethrough"><term type="NE" subtype="DATE"> 2001 </term>, and quadrennially thereafter, a mayor shall be elected to a four-year term. In <term type="NE" subtype="DATE"> 2001 </term>, for the position of commissioner, the two persons receiving the highest numbers of votes shall be elected to four-year terms and the three persons receiving the next highest numbers of votes shall be elected to two-year terms.</hi><hi rend="underlined"><term type="NE" subtype="DATE"> 2015 </term>, the Mayor shall be elected to serve a term of <term type="NE" subtype="DURATION"> five years </term>, but the Mayor's successors shall serve four-year terms. In <term type="NE" subtype="DATE"> 2015 </term>, three commissioners shall be elected for five-year terms, and the two commissioners whose terms expire in <term type="NE" subtype="DATE"> 2017 </term> shall continue to serve until <term type="NE" subtype="DATE"> 2018 </term>.</hi>In<hi rend="strikethrough"><term type="NE" subtype="DATE"> 2003 </term>,</hi><hi rend="underlined"><term type="NE" subtype="DATE"> 2020 </term>,</hi>and quadrennially thereafter, three persons shall be elected to four-year terms. In<hi rend="strikethrough"><term type="NE" subtype="DATE"> 2005 </term>,</hi><hi rend="underlined"><term type="NE" subtype="DATE"> 2018 </term>,</hi>and quadrennially thereafter, two persons shall be elected to four-year terms.</p>
        </div2>
        <div2 type="section" n="9">
          <head>SECTION 6.</head>
          <p><term type="NE" subtype="DURATION"> Sec </term>. 12. The Commissioners and Mayor shall be elected to four-year terms by the qualified voters of the entire Town, except as provided otherwise in this section.<hi rend="strikethrough"><term type="NE" subtype="DATE"> 2001 </term>, and quadrennially thereafter, a Mayor shall be elected to a four-year term. In <term type="NE" subtype="DATE"> 2001 </term>, for the position of Commissioner, the two persons receiving the highest numbers of votes shall be elected to four-year terms and the three persons receiving the next highest numbers of votes shall be elected to two-year terms.</hi><hi rend="underlined"><term type="NE" subtype="DATE"> 2015 </term>, the Mayor shall be elected to serve a term of <term type="NE" subtype="DURATION"> five years </term>, but the Mayor's successors shall serve four-year terms. In <term type="NE" subtype="DATE"> 2015 </term>, three commissioners shall be elected for five-year terms, and the two commissioners whose terms expire in <term type="NE" subtype="DATE"> 2017 </term> shall continue to serve until <term type="NE" subtype="DATE"> 2018 </term>.</hi>In<hi rend="strikethrough"><term type="NE" subtype="DATE"> 2003 </term>,</hi><hi rend="underlined"><term type="NE" subtype="DATE"> 2020 </term>,</hi>and quadrennially thereafter, three persons shall be elected to four-year terms. In<hi rend="strikethrough"><term type="NE" subtype="DATE"> 2005 </term>,</hi><hi rend="underlined"><term type="NE" subtype="DATE"> 2018 </term>,</hi>and quadrennially thereafter, two persons shall be elected to four-year terms.</p>
        </div2>
        <div2 type="section" n="10">
          <head>SECTION 7.</head>
          <p><term type="NE" subtype="DURATION"> Sec </term>. 15.<hi rend="strikethrough">qualified.</hi><hi rend="underlined">qualified, except that in <term type="NE" subtype="DATE"> 2015 </term>, the Mayor elected shall serve a term of <term type="NE" subtype="DURATION"> three years </term>, but the Mayor's successors shall serve terms of <term type="NE" subtype="DURATION"> two years </term>.</hi><hi rend="strikethrough">At the regular municipal election held in <term type="NE" subtype="DATE"> 2009 </term>, the three members of the <term type="NE" subtype="ORGANIZATION"> Board </term> elected who have the highest total of votes shall serve for a four-year term.</hi>Those members of the Board who have the lowest total number of votes shall serve for a two-year term. At the regular election held in 2011, and every four years thereafter, members of the Board who were elected for two-year terms in the election of 2009, shall be elected to serve for a four-year term.<hi rend="underlined">In <term type="NE" subtype="DATE"> 2015 </term>, three members of the Board shall be elected for five-year terms, and the two members whose terms expire in <term type="NE" subtype="DATE"> 2017 </term> shall continue to serve until <term type="NE" subtype="DATE"> 2018 </term>. In <term type="NE" subtype="DATE"> 2020 </term>, and quadrennially thereafter, three persons shall be elected to four-year terms. In <term type="NE" subtype="DATE"> 2018 </term>, and quadrennially thereafter, two persons shall be elected to four-year terms.</hi>That in the absence of any officer of the town, or during sickness of any of the officers, the commissioners may appoint a man to fill the office during his absence or during his inability, and no longer. If the absence be caused by resignation, the board may appoint an officer to fill the unexpired term.</p>
        </div2>
        <div2 type="section" n="11">
          <head>SECTION 8.</head>
          <p>ARTICLE III.GOVERNING BODY.</p>
          <p>&#8230;</p>
          <p>The qualified voters of the entire Town shall elect the members of the <term type="NE" subtype="ORGANIZATION"> Town Council </term> and, except as provided in this section, they shall be elected to four-year terms.<hi rend="strikethrough"><term type="NE" subtype="DATE"> 2003 </term>, the two candidates receiving the highest number of votes shall be elected to four-year terms and the two candidates receiving the next highest number of votes shall be elected to two-year terms.</hi><hi rend="underlined"><term type="NE" subtype="DATE"> 2015 </term>, two members shall be elected for five-year terms, and the two members whose terms expire in <term type="NE" subtype="DATE"> 2017 </term> shall continue to serve until <term type="NE" subtype="DATE"> 2018 </term>.</hi>In<hi rend="strikethrough"><term type="NE" subtype="DATE"> 2005 </term>,</hi><hi rend="underlined"><term type="NE" subtype="DATE"> 2018 </term>,</hi>and biennially thereafter, two members shall be elected to four-year terms.</p>
          <p>The qualified voters of the entire <term type="NE" subtype="ORGANIZATION"> Town </term> shall elect the Mayor.<hi rend="underlined">In <term type="NE" subtype="DATE"> 2015 </term>, the Mayor shall be elected to serve a term of <term type="NE" subtype="DURATION"> five years </term>.</hi>In<hi rend="strikethrough"><term type="NE" subtype="DATE"> 2003 </term>,</hi><hi rend="underlined"><term type="NE" subtype="DATE"> 2020 </term>,</hi>and quadrennially thereafter, the Mayor shall be elected for a term of four years.</p>
          <p>&#8230;.</p>
        </div2>
        <div2 type="section" n="12">
          <head>SECTION 9.</head>
          <p>Section 3.<hi rend="strikethrough">for staggered 4-year terms, and a marshal and secretary and treasurer, to be appointed <term type="NE" subtype="SET"> every two years </term> by the commissioners.</hi><hi rend="underlined">as provided in Section 4 of this Charter.</hi></p>
        </div2>
        <div2 type="section" n="13">
          <head>SECTION 9.</head>
          <p>Section 4.<hi rend="strikethrough">That there shall be a convention held in said town for the purpose of electing a mayor and five commissioners. The said convention shall be called on <term type="NE" subtype="DATE"> the first Tuesday after the first Monday in May, 1915 </term>, and <term type="NE" subtype="SET"> every two years </term> thereafter.</hi><hi rend="underlined">The Mayor whose term expires in <term type="NE" subtype="DATE"> 2017 </term> shall continue to serve until <term type="NE" subtype="DATE"> 2018 </term>. In <term type="NE" subtype="DATE"> 2018 </term>, and quadrennially thereafter, the Mayor shall be elected for a term of <term type="NE" subtype="DURATION"> four years </term>. In <term type="NE" subtype="DATE"> 2015 </term>, the three members elected shall serve terms of <term type="NE" subtype="DURATION"> five years </term>, and their successors shall serve terms of <term type="NE" subtype="DURATION"> four years </term>. The two members whose terms expire in <term type="NE" subtype="DATE"> 2017 </term> shall continue to serve until <term type="NE" subtype="DATE"> 2018 </term>, and their successors shall serve terms of <term type="NE" subtype="DURATION"> four years </term>.</hi>Notice of said<hi rend="strikethrough">convention</hi><hi rend="underlined">election</hi>shall be posted at four public places within said town at least thirty days prior to the holding of the convention and all citizens residing within the corporate limits of said town who are qualified voters in Stanly County and who have resided in said town for a period of ninety (90) days before said convention shall be allowed to vote.</p>
        </div2>
        <div2 type="section" n="14">
          <head>SECTION 9.</head>
          <p>Section 15.<hi rend="strikethrough">convention</hi><hi rend="underlined">election</hi>shall hold office for the term of four years and until their successors are elected and qualified, and that during the absence of any officer of the town or the sickness of any officer or officers, the commissioners may appoint a man to fill the vacancy during his or their absence, or during his or their inability to fill the same, and no longer. If the absence be caused by resignation, the board of commissioners shall appoint an officer to fill said vacancy or unexpired term.</p>
        </div2>
        <div2 type="section" n="15">
          <head>SECTION 10.</head>
          <p><term type="NE" subtype="DURATION"> Sec </term>. 3. MUNICIPAL GOVERNMENT.That the government of the Town of <term type="NE" subtype="PERSON"> Stanfield </term> shall be vested in a mayor and a board of five commissioners and such other officers as may be provided for in the Municipal Incorporation Act of <term type="NE" subtype="LOCATION"> North Carolina </term>.<hi rend="strikethrough">shall</hi><hi rend="underlined">provided that in <term type="NE" subtype="DATE"> 2015 </term>, the Mayor shall serve a term of <term type="NE" subtype="DURATION"> five years </term>, but the Mayor's successors shall serve terms of <term type="NE" subtype="DURATION"> four years </term>.</hi>At the regular municipal election to be held in 2009, the mayor and two members of the Board elected who have the highest total of votes shall serve for a four-year term. The three members of the Board who have the lowest total number of votes shall serve for a two-year term. At the regular municipal election held in 2011, and every four years thereafter, members of the board who were elected for two-year terms in the election of 2009 shall be elected to serve for a four-year term.<hi rend="underlined">In <term type="NE" subtype="DATE"> 2015 </term>, three members of the Board shall be elected for five-year terms, and the two members whose terms expire in <term type="NE" subtype="DATE"> 2017 </term> shall continue to serve until <term type="NE" subtype="DATE"> 2018 </term>. In <term type="NE" subtype="DATE"> 2020 </term>, and quadrennially thereafter, three persons shall be elected to four-year terms. In <term type="NE" subtype="DATE"> 2018 </term>, and quadrennially thereafter, two persons shall be elected to four-year terms.</hi>take such oaths of office as provided by<hi rend="strikethrough">law,</hi><hi rend="underlined">law</hi>and shall have such rights, powers, duties and responsibilities as provided in<hi rend="strikethrough">Article 2 of</hi>Chapter<hi rend="strikethrough">160</hi><hi rend="underlined">160A</hi>of the General Statutes of North Carolina relating to municipal officers.</p>
        </div2>
        <div2 type="section" n="16">
          <head>SECTION 11. Notwithstanding any other provision of law to the contrary and except as otherwise provided by federal law, municipal elections held pursuant to this act may be combined on the same official ballot as other ballot items for elections held at the same time.</head>
        </div2>
        <div2 type="section" n="17">
          <head>SECTION 12. This act is effective when it becomes law.</head>
        </div2>
      </div1>
    </body>
  </text>
</TEI>
