<TEI xmlns="http://www.tei-c.org/ns/1.0">
  <teiHeader xml:lang="en">
    <fileDesc>
      <titleStmt>
        <title xml:id="NC-2009-S1028">Encourage Volunteerism in Schools.</title>
        <author/>
      </titleStmt>
      <editionStmt>
        <edition>v1</edition>
      </editionStmt>
      <publicationStmt>
        <pubPlace>North Carolina</pubPlace>
        <idno>NC-2009-S1028</idno>
        <date>2009</date>
      </publicationStmt>
      <sourceDesc>
        <bibl>www.ncleg.net\Sessions\2009\Bills\Senate\HTML\S1028v1.html</bibl>
      </sourceDesc>
    </fileDesc>
  </teiHeader>
  <text xml:lang="en">
    <front>
      <div1 type="abstract">
        <head>A bill to be entitled an act directing the state board of education to adopt guidelines and policies for chartered community groups to tutor public school students.</head>
      </div1>
    </front>
    <body>
      <div1>
        <opener>
          <salute>The <term type="NE" subtype="ORGANIZATION"> General Assembly of North Carolina </term> enacts:</salute>
        </opener>
        <div2 type="section" n="1">
          <head>SECTION 1. G.S.</head>
          <p>&#167; 115C-206. <term type="NE" subtype="ORGANIZATION"> State Board of Education </term>; duties; responsibilities.</p>
          <p><hi rend="underlined">(a)</hi>The Superintendent of Public Instruction shall prepare and present to the State Board of Education recommendations for general guidelines for encouraging increased community involvement in the public schools and use of public school facilities. These recommendations shall include, but shall not be limited to provisions for:</p>
          <p>(1)The use of public school facilities by governmental, charitable or civic organizations for activities within the community.</p>
          <p>(2)The utilization of the talents and abilities of volunteers within the community for the enhancement of public school programs including tutoring, counseling and cultural programs and projects.</p>
          <p>(3)Increased communications between the staff and faculty of the public schools, other community institutions and agencies, and citizens in the community.</p>
          <p>Based on the recommendations of the Superintendent of Public Instruction, the <term type="NE" subtype="ORGANIZATION"> State Board of Education </term> shall adopt appropriate policies and guidelines for encouraging increased community involvement in the public schools and use of the public school facilities.</p>
          <p>
            <hi rend="underlined">(b)</hi>
            <hi rend="underlined">The Superintendent of Public Instruction shall also prepare and <term type="NE" subtype="DATE"> present </term> to the <term type="NE" subtype="ORGANIZATION"> State Board of Education </term> recommendations for general guidelines for independent community efforts to provide volunteers to tutor in the public schools. The guidelines shall authorize a community group or other entity to organize and adopt a charter committing itself to provide tutoring services. The charter shall set out the intent of the members of the group to (i)provide to a public school the level of support traditionally reserved for student athletic programs and student athletes, (ii)commit a minimum number of <term type="NE" subtype="DURATION"> hours </term> per participant to tutoring, (iii)focus on critical periods in students' educational development such as during the <term type="NE" subtype="ORDINAL"> fourth </term> grade or <term type="NE" subtype="MISC"> Algebra </term> I, and (iv)provide other services to the school that the community group or other entity deems appropriate. The guidelines shall encourage the commitment of all age groups to the effort, including retired citizens and college students.</hi>
          </p>
          <p>
            <hi rend="underlined">Based on the recommendations of the Superintendent of Public Instruction, the <term type="NE" subtype="ORGANIZATION"> State Board Education </term> shall adopt appropriate guidelines and policies for independent community efforts to provide tutors for the public schools.</hi>
          </p>
        </div2>
        <div2 type="section" n="2">
          <head>SECTION 2. This act is effective when it becomes law.</head>
        </div2>
      </div1>
    </body>
  </text>
</TEI>
