<TEI xmlns="http://www.tei-c.org/ns/1.0">
  <teiHeader xml:lang="en">
    <fileDesc>
      <titleStmt>
        <title xml:id="NC-2007-H1562">Unattended Children in Vehicles.</title>
        <author>Representative Underhill. </author>
      </titleStmt>
      <editionStmt>
        <edition>v0</edition>
      </editionStmt>
      <publicationStmt>
        <pubPlace>North Carolina</pubPlace>
        <idno>NC-2007-H1562</idno>
        <date>2007</date>
      </publicationStmt>
      <sourceDesc>
        <bibl>www.ncleg.net\Sessions\2007\Bills\House\HTML\H1562v0.html</bibl>
      </sourceDesc>
    </fileDesc>
  </teiHeader>
  <text xml:lang="en">
    <front>
      <div1 type="abstract">
        <head>A bill to be entitled an act to make leaving an unattended child in a motor vehicle unlawful.</head>
      </div1>
    </front>
    <body>
      <div1>
        <opener>
          <salute>The <term type="NE" subtype="ORGANIZATION"> General Assembly of North Carolina </term> enacts:</salute>
        </opener>
        <div2 type="section" n="1">
          <head>SECTION 1.</head>
          <p>
            <hi rend="underlined">Part 11D.Unattended Children in Motor Vehicles.</hi>
          </p>
          <p>
            <hi rend="underlined">&#167; 20-175. 7. Unlawful to leave an unattended child in a motor vehicle.</hi>
          </p>
          <p>
            <hi rend="underlined">(a)</hi>
            <hi rend="underlined">It is unlawful for any parent, legal guardian, or other person responsible for a child who is <term type="NE" subtype="DURATION"> eight years </term> of age or younger to leave that child in a motor vehicle without being supervised in the motor vehicle by a person who is <term type="NE" subtype="DURATION"> at least 14 years </term> of age if: (i)the conditions within or in the immediate vicinity of the motor vehicle <term type="NE" subtype="DATE"> present </term> a risk to the child's health or safety or (ii)the engine of the motor vehicle is running, or the keys to the motor vehicle are anywhere in the passenger compartment of the vehicle.</hi>
          </p>
          <p>
            <hi rend="underlined">(b)</hi>
            <hi rend="underlined">Any person who violates any provision of this section shall be punished as follows:</hi>
          </p>
          <p>
            <hi rend="underlined">(1)</hi>
            <hi rend="underlined">A person shall be guilty of a Class 2 misdemeanor for a <term type="NE" subtype="ORDINAL"> first </term> offense.</hi>
          </p>
          <p>
            <hi rend="underlined">(2)</hi>
            <hi rend="underlined">A person shall be guilty of a Class 1 misdemeanor for <term type="NE" subtype="DURATION"> a second </term> or subsequent offense.</hi>
          </p>
          <p>
            <hi rend="underlined">(c)</hi>
            <hi rend="underlined">Notwithstanding subsection (b)of this section, the court may, in its discretion, in lieu of imposing any other penalty, require any person convicted of a violation of this section to attend and satisfactorily complete a community education program that includes instruction on the dangers of leaving young children unattended in motor vehicles. Persons required to attend and complete such programs shall, upon completion, provide to the court satisfactory written evidence of such completion.</hi>
          </p>
          <p>
            <hi rend="underlined">(d)</hi>
            <hi rend="underlined">Nothing in this section precludes prosecution under any other provision of law.</hi>
          </p>
        </div2>
        <div2 type="section" n="2">
          <head>SECTION 2. By <term type="NE" subtype="DATE"> December 1, 2007 </term>, the <term type="NE" subtype="ORGANIZATION"> Administrative Office of the Courts </term> shall compile a list of community education programs throughout the State that satisfy the requirements of G.S.20-175. 7 (c), as enacted by this act, and shall make that list available to the chief district judge of each judicial district.</head>
        </div2>
        <div2 type="section" n="3">
          <head>SECTION 3. This act becomes effective <term type="NE" subtype="DATE"> December 1, 2007 </term>, and applies to offenses committed on or after that date.</head>
        </div2>
      </div1>
    </body>
  </text>
</TEI>
