<TEI xmlns="http://www.tei-c.org/ns/1.0">
  <teiHeader xml:lang="en">
    <fileDesc>
      <titleStmt>
        <title xml:id="NC-2015-H1126">Red Light Cameras/City of <term type="NE" subtype="LOCATION"> Greenville </term>.</title>
        <author/>
      </titleStmt>
      <editionStmt>
        <edition>v2</edition>
      </editionStmt>
      <publicationStmt>
        <pubPlace>North Carolina</pubPlace>
        <idno>NC-2015-H1126</idno>
        <date>2015</date>
      </publicationStmt>
      <sourceDesc>
        <bibl>www.ncleg.net\Sessions\2015\Bills\House\HTML\H1126v2.html</bibl>
      </sourceDesc>
    </fileDesc>
  </teiHeader>
  <text xml:lang="en">
    <front>
      <div1 type="abstract">
        <head>A bill to be entitled an act to make changes to the law governing red light cameras in the city of<term type="NE" subtype="LOCATION">greenville</term >.</head>
      </div1>
    </front>
    <body>
      <div1>
        <opener>
          <salute>The <term type="NE" subtype="ORGANIZATION"> General Assembly of North Carolina </term> enacts:</salute>
        </opener>
        <div2 type="section" n="1">
          <head>SECTION 1. Section 3 of S.L.</head>
          <p/>
        </div2>
        <div2 type="section" n="2">
          <head>SECTION 2. G.S.160A-300. 1 (c), as amended by S.L.</head>
          <p/>
        </div2>
        <div2 type="section" n="3">
          <head>SECTION 3. G.S.160A-300. 1 (c)(2), as amended by S.L.</head>
          <p/>
        </div2>
        <div2 type="section" n="4">
          <head>SECTION 4. The City of <term type="NE" subtype="LOCATION"> Greenville </term> and the <term type="NE" subtype="ORGANIZATION"> Pitt County Board of Education </term> may enter into an interlocal agreement necessary and proper to effectuate the purpose and intent of G.S.160A-300. 1 and this act. Any agreement entered into pursuant to this section may include provisions on cost-sharing and reimbursement that the <term type="NE" subtype="ORGANIZATION"> Pitt County Board of Education </term> and the City of <term type="NE" subtype="LOCATION"> Greenville </term> freely and voluntarily agree to for the purpose of effectuating the provisions of G.S.160A-300. 1 and this act.</head>
        </div2>
        <div2 type="section" n="5">
          <head>SECTION 5. This act applies only to the City of <term type="NE" subtype="LOCATION"> Greenville </term> and the <term type="NE" subtype="ORGANIZATION"> Pitt County Board of Education </term>.</head>
        </div2>
        <div2 type="section" n="6">
          <head>SECTION 6. Section 3 of this act becomes effective <term type="NE" subtype="DATE"> October 1, 2016 </term>, and applies to violations committed on or after that date. The remainder of this act becomes effective <term type="NE" subtype="DATE"> July 1, 2016 </term>.</head>
        </div2>
      </div1>
    </body>
  </text>
</TEI>
