<TEI xmlns="http://www.tei-c.org/ns/1.0">
  <teiHeader xml:lang="en">
    <fileDesc>
      <titleStmt>
        <title xml:id="NC-2009-H357"/>
        <author> Speaker of the House of Representatives</author>
      </titleStmt>
      <editionStmt>
        <edition>v5</edition>
      </editionStmt>
      <publicationStmt>
        <pubPlace>North Carolina</pubPlace>
        <idno>NC-2009-H357</idno>
        <date>2009</date>
      </publicationStmt>
      <sourceDesc>
        <bibl>www.ncleg.net\Sessions\2009\Bills\House\HTML\H357v5.html</bibl>
      </sourceDesc>
    </fileDesc>
  </teiHeader>
  <text xml:lang="en">
    <front>
      <div1 type="abstract">
        <head>A bill to be entitled an act to direct the state board of education, the state board of community colleges, and the board of governors of the university of north carolina to adopt rules or policies pertaining to religious holidays and the academic work missed because of the observance of those holidays</head>
      </div1>
    </front>
    <body>
      <div1>
        <opener>
          <salute>The <term type="NE" subtype="ORGANIZATION"> General Assembly of North Carolina </term> enacts:</salute>
        </opener>
        <div2 type="section" n="1">
          <head>SECTION 1. G.S.</head>
          <p>&#167; 115C-379. Method of enforcement.</p>
          <p>It shall be the duty of the <term type="NE" subtype="ORGANIZATION"> State Board of Education </term> to formulate the rules that may be necessary for the proper enforcement of the provisions of this Part. The Board shall prescribe (i)what shall constitute unlawful absence, (ii)what causes may constitute legitimate excuses for temporary nonattendance due to a student's physical or mental inability to attend or a student's participation in a valid educational opportunity such as service as a legislative page or a Governor's page, and (iii)under what circumstances teachers, principals, or superintendents may excuse pupils for nonattendance due to immediate demands of the farm or the home in certain seasons of <term type="NE" subtype="DATE"> the year </term> in the several sections of the State.</p>
          <p>
            <hi rend="underlined">The rules shall require school principals to authorize a minimum of two excused absences each academic <term type="NE" subtype="DURATION"> year </term> for religious observances required by the faith of a student or the student's parents. The rules may require that the student's parents give the principal written notice of the request for an excused absence a reasonable time prior to the religious observance. The student shall be given the opportunity to make up any tests or other work missed due to an excused absence for a religious observance.</hi>
          </p>
          <p>It shall be the duty of all school officials to carry out such instructions from the <term type="NE" subtype="ORGANIZATION"> State Board of Education </term>, and any school official failing to carry out such instructions shall be guilty of a Class 3 misdemeanor: Provided, that the compulsory attendance law herein prescribed shall not be in force in any local school administrative unit that has a higher compulsory attendance feature than that provided herein.</p>
        </div2>
        <div2 type="section" n="2">
          <head>SECTION 2. G.S.</head>
          <p>
            <hi rend="underlined">(u)</hi>
            <hi rend="underlined">The <term type="NE" subtype="ORGANIZATION"> State Board of Community Colleges </term> shall direct each community college to adopt a policy that authorizes a minimum of two excused absences each academic <term type="NE" subtype="DURATION"> year </term> for religious observances required by the faith of a student. The policy may require that the student provide written notice of the request for an excused absence a reasonable time prior to the religious observance. The policy shall also provide that the student shall be given the opportunity to make up any tests or other work missed due to an excused absence for a religious observance.</hi>
          </p>
        </div2>
        <div2 type="section" n="3">
          <head>SECTION 3. G.S.</head>
          <p>
            <hi rend="underlined">(3a)</hi>
            <hi rend="underlined">The Board of Governors shall direct each constituent institution to adopt a policy that authorizes a minimum of two excused absences each academic <term type="NE" subtype="DURATION"> year </term> for religious observances required by the faith of a student. The policy may require that the student provide written notice of the request for an excused absence a reasonable time prior to the religious observance. The policy shall also provide that the student shall be given the opportunity to make up any tests or other work missed due to an excused absence for a religious observance.</hi>
          </p>
        </div2>
        <div2 type="section" n="4">
          <head>SECTION 4. (a)G.S.</head>
          <p>(33)Duty to Develop Recommended Programs for Use in <term type="NE" subtype="MISC"> Schools on </term> <term type="NE" subtype="DATE"> Memorial Day </term>. - The <term type="NE" subtype="ORGANIZATION"> State Board of Education </term> shall develop recommended instructional programs that enable students to gain a better understanding of the meaning and importance of <term type="NE" subtype="DATE"> Memorial Day </term>.<hi rend="strikethrough">recognize</hi><hi rend="underlined">instruct students on</hi>the significance of Memorial Day.</p>
        </div2>
        <div2 type="section" n="5">
          <head>SECTION 4. (b)The <term type="NE" subtype="ORGANIZATION"> State Board of Education </term> shall report to the <term type="NE" subtype="ORGANIZATION"> Joint Legislative Education Oversight Committee </term> by <term type="NE" subtype="DATE"> January 15, 2011 </term>, on the instructional programs developed in accordance with G.S.115C-12 (33), as rewritten by subsection (a)of this section.</head>
        </div2>
        <div2 type="section" n="6">
          <head>SECTION 5. This act is effective when it becomes law and applies beginning with the <term type="NE" subtype="DURATION"> 2010-2011 </term> academic <term type="NE" subtype="DURATION"> year </term>.</head>
          <p>In the <term type="NE" subtype="ORGANIZATION"> General Assembly </term> read three times and ratified <term type="NE" subtype="DATE"> this the 9th day of July, 2010 </term>.</p>
          <p>s/<term type="NE" subtype="PERSON"> Walter H </term>.</p>
          <p>President of the <term type="NE" subtype="ORGANIZATION"> Senate </term></p>
          <p>s/<term type="NE" subtype="PERSON"> Joe Hackney </term></p>
          <p>Speaker of the House of Representatives</p>
          <p>s/Beverly E.</p>
          <p>Governor</p>
          <p>Approved <term type="NE" subtype="TIME"> 3:19 </term> p. m.</p>
        </div2>
      </div1>
    </body>
  </text>
</TEI>
