<TEI xmlns="http://www.tei-c.org/ns/1.0">
  <teiHeader xml:lang="en">
    <fileDesc>
      <titleStmt>
        <title xml:id="NC-2015-H503"><term type="NE" subtype="ORGANIZATION"> Moore Co </term>. Comm. and Bd. of <term type="NE" subtype="PERSON"> Ed </term>. Changes.</title>
        <author/>
      </titleStmt>
      <editionStmt>
        <edition>v2</edition>
      </editionStmt>
      <publicationStmt>
        <pubPlace>North Carolina</pubPlace>
        <idno>NC-2015-H503</idno>
        <date>2015</date>
      </publicationStmt>
      <sourceDesc>
        <bibl>www.ncleg.net\Sessions\2015\Bills\House\HTML\H503v2.html</bibl>
      </sourceDesc>
    </fileDesc>
  </teiHeader>
  <text xml:lang="en">
    <front>
      <div1 type="abstract">
        <head>A bill to be entitled an act to allow the moore county board of commissioners to redistrict their residency districts and to reduce the size of the moore county board of education from eight members to seven.</head>
      </div1>
    </front>
    <body>
      <div1>
        <opener>
          <salute>The <term type="NE" subtype="ORGANIZATION"> General Assembly of North Carolina </term> enacts:</salute>
        </opener>
        <div2 type="section" n="1">
          <head>SECTION 1. G.S.153A-22. 1, as enacted by Chapter 215 of the <term type="NE" subtype="DATE"> 1995 </term> <term type="NE" subtype="MISC"> Session Laws </term>, and as rewritten by S.L.1998-175 and S.L.</head>
          <p>&#167; 153A-22. 1. Redefining residency district boundaries.</p>
          <p>&#8230;</p>
          <p>
            <hi rend="underlined">(b1)</hi>
            <hi rend="underlined">If a county is divided into residency districts, the board of county commissioners may find as a fact whether the residency districts negatively impact compactness, contiguity, or respect for political subdivisions or communities of interest among the districts. If the board finds there is substantial negative impact among the districts, it may, by resolution, redefine the residency districts to address the identified negative impact.</hi>
          </p>
          <p>&#8230;.</p>
        </div2>
        <div2 type="section" n="2">
          <head>SECTION 2. (a)Notwithstanding Chapter 389 of the <term type="NE" subtype="DATE"> 1997 </term> <term type="NE" subtype="MISC"> Session Laws </term>, effective <term type="NE" subtype="DATE"> the first Monday in December 2016 </term>, the <term type="NE" subtype="ORGANIZATION"> Board of Education of Moore County </term> shall consist of seven members.</head>
        </div2>
        <div2 type="section" n="3">
          <head>SECTION 2. (b)One member of the <term type="NE" subtype="ORGANIZATION"> Moore County Board of Education </term> shall be elected each from Electoral Districts 1, 2, 3, 4, and 5 for members of the <term type="NE" subtype="ORGANIZATION"> Moore County Board of Commissioners </term> as those districts existed on <term type="NE" subtype="DATE"> January 1, 1997 </term>, and two members of the <term type="NE" subtype="ORGANIZATION"> Moore County Board of Education </term> shall be elected from the county at large.</head>
        </div2>
        <div2 type="section" n="4">
          <head>SECTION 2. (c)In <term type="NE" subtype="DATE"> 2016 </term> and quadrennially thereafter, members shall be elected from Districts 1, 2, 4, and 5 for four-year terms. In <term type="NE" subtype="DATE"> 2018 </term> and quadrennially thereafter, a member shall be elected from District 3 and two members shall be elected from the county at large for four-year terms.</head>
        </div2>
        <div2 type="section" n="5">
          <head>SECTION 2. (d)Members shall reside in and represent the districts, but all members are elected by the voters of the county at large by the nonpartisan primary and election method, all as <term type="NE" subtype="DATE"> previously </term> provided by law. Vacancies on the <term type="NE" subtype="ORGANIZATION"> Moore County Board of Education </term> shall be filled in accordance with G.S.115C-37 (f).</head>
        </div2>
        <div2 type="section" n="6">
          <head>SECTION 3. In order to implement the changes to the size of the <term type="NE" subtype="ORGANIZATION"> Moore County Board of Education </term>, as required by Section 2 of this act, one member at large shall be elected in <term type="NE" subtype="DATE"> 2016 </term> to fill the unexpired term on the Board pursuant to G.S.115C-37 (f).</head>
        </div2>
        <div2 type="section" n="7">
          <head>SECTION 4. This act applies to <term type="NE" subtype="LOCATION"> Moore County </term> only.</head>
        </div2>
        <div2 type="section" n="8">
          <head>SECTION 5. This act is effective when it becomes law and applies to elections held in <term type="NE" subtype="DATE"> 2016 </term> and thereafter.</head>
        </div2>
      </div1>
    </body>
  </text>
</TEI>
