<TEI xmlns="http://www.tei-c.org/ns/1.0">
  <teiHeader xml:lang="en">
    <fileDesc>
      <titleStmt>
        <title xml:id="NC-2015-S373">Repeal Map Act.</title>
        <author/>
      </titleStmt>
      <editionStmt>
        <edition>v0</edition>
      </editionStmt>
      <publicationStmt>
        <pubPlace>North Carolina</pubPlace>
        <idno>NC-2015-S373</idno>
        <date>2015</date>
      </publicationStmt>
      <sourceDesc>
        <bibl>www.ncleg.net\Sessions\2015\Bills\Senate\HTML\S373v0.html</bibl>
      </sourceDesc>
    </fileDesc>
  </teiHeader>
  <text xml:lang="en">
    <front>
      <div1 type="abstract">
        <head>A bill to be entitled an act to repeal the transportation corridor official map act.</head>
      </div1>
    </front>
    <body>
      <div1>
        <opener>
          <salute>The <term type="NE" subtype="ORGANIZATION"> General Assembly of North Carolina </term> enacts:</salute>
        </opener>
        <div2 type="section" n="1">
          <head>SECTION 1. Article 2E of Chapter 136 of the General Statutes is repealed.</head>
        </div2>
        <div2 type="section" n="2">
          <head>SECTION 2. G.S.</head>
          <p>(l)This section does not apply to the registration of highway right-of-way plans provided for in G.S.136-19.<hi rend="strikethrough">G.S.136-89. 184, nor to the registration of roadway corridor official maps provided for in Article 2E of Chapter 136 of the General Statutes.</hi><hi rend="underlined">G.S.136-89. 184.</hi></p>
        </div2>
        <div2 type="section" n="3">
          <head>SECTION 3. G.S.160A-458. 4 is repealed.</head>
        </div2>
        <div2 type="section" n="4">
          <head>SECTION 4. Subsection (c)of G.S.161-14 is repealed.</head>
        </div2>
        <div2 type="section" n="5">
          <head>SECTION 5. The <term type="NE" subtype="ORGANIZATION"> Department of Transportation </term> shall study the development of a process for acquiring land for <term type="NE" subtype="DATE"> future </term> highway construction that is in accordance with the holding of the <term type="NE" subtype="ORGANIZATION"> North Carolina Court of Appeals in Kirby </term> v. <term type="NE" subtype="ORGANIZATION"> North Carolina Department of Transportation </term>, No. COA14-184 (<term type="NE" subtype="ORGANIZATION"> N </term>. C.Ct. App. <term type="NE" subtype="DATE"> 2015 </term>). The Department shall report its findings and recommendations, including any legislative proposals, to the <term type="NE" subtype="ORGANIZATION"> Joint Legislative Transportation Oversight Committee </term> no later than <term type="NE" subtype="DURATION"> six months </term> after this act becomes law.</head>
        </div2>
        <div2 type="section" n="6">
          <head>SECTION 6. This act is effective when it becomes law and applies to maps filed on or after that date.</head>
        </div2>
      </div1>
    </body>
  </text>
</TEI>
