<TEI xmlns="http://www.tei-c.org/ns/1.0">
  <teiHeader xml:lang="en">
    <fileDesc>
      <titleStmt>
        <title xml:id="NC-2011-S80"><term type="NE" subtype="ORGANIZATION"> Lewisville Annexations </term>.</title>
        <author/>
      </titleStmt>
      <editionStmt>
        <edition>v1</edition>
      </editionStmt>
      <publicationStmt>
        <pubPlace>North Carolina</pubPlace>
        <idno>NC-2011-S80</idno>
        <date>2011</date>
      </publicationStmt>
      <sourceDesc>
        <bibl>www.ncleg.net\Sessions\2011\Bills\Senate\HTML\S80v1.html</bibl>
      </sourceDesc>
    </fileDesc>
  </teiHeader>
  <text xml:lang="en">
    <front>
      <div1 type="abstract">
        <head>A bill to be entitled an act to restate that the town of lewisville has no authority to petition itself for self-annexation of property it does not own or have any legal interest in.</head>
      </div1>
    </front>
    <body>
      <div1>
        <opener>
          <salute>The <term type="NE" subtype="ORGANIZATION"> General Assembly of North Carolina </term> enacts:</salute>
        </opener>
        <div2 type="section" n="1">
          <head>SECTION 1. The Town of <term type="NE" subtype="LOCATION"> Lewisville </term> has no authority to petition itself for annexation of property it does not own or have any legal interest in.</head>
        </div2>
        <div2 type="section" n="2">
          <head>SECTION 2. This act merely restates the general law.</head>
        </div2>
        <div2 type="section" n="3">
          <head>SECTION 3. This act is effective when it becomes law.</head>
        </div2>
      </div1>
    </body>
  </text>
</TEI>
