<TEI xmlns="http://www.tei-c.org/ns/1.0">
  <teiHeader xml:lang="en">
    <fileDesc>
      <titleStmt>
        <title xml:id="NC-2013-H232">State Health Plan/Statutory Changes.</title>
        <author/>
      </titleStmt>
      <editionStmt>
        <edition>v2</edition>
      </editionStmt>
      <publicationStmt>
        <pubPlace>North Carolina</pubPlace>
        <idno>NC-2013-H232</idno>
        <date>2013</date>
      </publicationStmt>
      <sourceDesc>
        <bibl>www.ncleg.net\Sessions\2013\Bills\House\HTML\H232v2.html</bibl>
      </sourceDesc>
    </fileDesc>
  </teiHeader>
  <text xml:lang="en">
    <front>
      <div1 type="abstract">
        <head>A bill to be entitled an act to make technical and other changes to the state health plan for teachers and state employees statutes, as requested by the state health plan.</head>
      </div1>
    </front>
    <body>
      <div1>
        <opener>
          <salute>The <term type="NE" subtype="ORGANIZATION"> General Assembly of North Carolina </term> enacts:</salute>
        </opener>
        <div2 type="section" n="1">
          <head>SECTION 1. G.S.135-48.</head>
          <p>&#167; 135-48. 30. Powers and duties of the State Treasurer.</p>
          <p>(a)The State Treasurer shall have the following powers and duties:</p>
          <p>(5)<term type="NE" subtype="DATE"> May </term><hi rend="strikethrough">offer</hi><hi rend="underlined">adopt, implement, and administer population health management programs, including case and disease management programs and</hi>wellness<hi rend="underlined">programs or</hi>incentives.</p>
        </div2>
        <div2 type="section" n="2">
          <head>SECTION 2. G.S.135-48.</head>
          <p>(b)Partially Contributory Coverage. - The following persons are eligible for coverage under the Plan, on a partially contributory basis, subject to the provisions of G.S.135-48.</p>
          <p>(1)All<hi rend="strikethrough">permanent</hi>full-time employees of an employing<hi rend="strikethrough">unit</hi><hi rend="underlined">unit.</hi><hi rend="strikethrough">who meet either of the following conditions:</hi></p>
          <p>
            <hi rend="strikethrough">a.</hi>
            <hi rend="strikethrough">Paid from general or special State funds.</hi>
          </p>
          <p>
            <hi rend="strikethrough">b.</hi>
            <hi rend="strikethrough">Paid from <term type="NE" subtype="MISC"> non-State </term> funds and in a group for which his or her employing unit has agreed to provide coverage.</hi>
          </p>
          <p>
            <hi rend="strikethrough">Employees of State agencies, departments, institutions, boards, and commissions not otherwise covered by the Plan who are employed in permanent job positions on a recurring basis and who work 30 or more <term type="NE" subtype="DURATION"> hours </term> per <term type="NE" subtype="DURATION"> week </term> for nine or more <term type="NE" subtype="DURATION"> months </term> per calendar <term type="NE" subtype="DURATION"> year </term> are covered by the provisions of this subdivision.</hi>
            <hi rend="underlined">For the purposes of this section, the full-time status of an employee will be determined by the employing unit in accordance with Section 4980H of the Internal Revenue Code and the applicable regulations, as amended.</hi>
          </p>
        </div2>
        <div2 type="section" n="3">
          <head>SECTION 3. G.S.135-48. 40 (b)(2)is repealed.</head>
        </div2>
        <div2 type="section" n="4">
          <head>SECTION 4. G.S.135-48.</head>
          <p>(e)Eligible employees<hi rend="underlined">and retirees</hi>may only change their elections, including adding or removing dependents, during the Plan year due to a qualifying event as defined under federal law.</p>
        </div2>
        <div2 type="section" n="5">
          <head>SECTION 5. G.S.135-48.</head>
          <p>&#167; 135-48. 43. Effective dates of coverage.</p>
          <p>(a)<hi rend="underlined">Eligible</hi>Employees and Retired Employees. -<hi rend="underlined">Employees and retirees who otherwise satisfy the eligibility requirements set forth in G.S.135-48.</hi></p>
          <p>(1)Employees and retired employees covered under the Predecessor Plan will continue to be covered, subject to the terms hereof.</p>
          <p>(2)New employees may apply for coverage to be effective on <term type="NE" subtype="DATE"> the first day of the month </term> following<hi rend="strikethrough">employment, or on a like date <term type="NE" subtype="DATE"> the following month </term> if the employee has enrolled.</hi><hi rend="underlined">the date that the employee is determined by the employing unit to be a full-time employee as defined in G.S.135-48. 40 (b)(1)or, if later, <term type="NE" subtype="DURATION"> the first day </term> of any applicable stability periods established by the employing unit in accordance with section 4980H of the Internal Revenue Code and the applicable regulations, as amended.</hi></p>
          <p>(3)Employees<hi rend="strikethrough">age 19 or older</hi>not enrolling or adding dependents<hi rend="strikethrough">age 19 and older</hi>when first eligible in accordance with G.S.135-48.42 may enroll later during annual enrollment,<hi rend="strikethrough">but may be subject to a <term type="NE" subtype="DURATION"> 12-month </term> waiting period for a preexisting health condition,</hi>except employees who elect to change their coverage in accordance with rules adopted by the State Treasurer for optional alternative plans offered under the Plan.</p>
          <p>(4)Members of the <term type="NE" subtype="ORGANIZATION"> General Assembly </term>, beginning with the <term type="NE" subtype="DATE"> 1985 </term> Session, shall become <term type="NE" subtype="ORDINAL"> first </term> eligible with the convening of each Session of the <term type="NE" subtype="ORGANIZATION"> General Assembly </term>, regardless of a Member's service during previous Sessions. Members and their dependents enrolled when <term type="NE" subtype="ORDINAL"> first </term> eligible after the convening of each Session of the <term type="NE" subtype="ORGANIZATION"> General Assembly </term> will not be subject to any waiting periods for preexisting health conditions. Members of the <term type="NE" subtype="DATE"> 1983 </term> Session of the <term type="NE" subtype="ORGANIZATION"> General Assembly </term>, not already enrolled, shall be eligible to enroll themselves and their dependents on or before <term type="NE" subtype="DATE"> October 1, 1983 </term>, without being subject to any waiting periods for preexisting health conditions.</p>
          <p>(b)Waiting Periods and Preexisting Conditions.</p>
          <p>&#8230;</p>
          <p>(3)Retiring employees and dependents enrolled when <term type="NE" subtype="ORDINAL"> first </term> eligible after an employee's retirement are subject to no waiting period for preexisting conditions under the Plan.<hi rend="underlined">at a</hi>later<hi rend="strikethrough">on the <term type="NE" subtype="ORDINAL"> first </term> of any <term type="NE" subtype="DATE"> following month </term>,</hi><hi rend="underlined">time during <term type="NE" subtype="SET"> annual </term> enrollment,</hi>but<hi rend="strikethrough">will</hi><hi rend="underlined">may</hi>be subject to a 12-month waiting period for preexisting conditions except as provided in subdivision (a)(3) of this section.</p>
          <p>.&#8230;</p>
        </div2>
        <div2 type="section" n="6">
          <head>SECTION 6. G.S.135-48.</head>
          <p>&#167; 135-48. 51. Coverage and operational mandates related to Chapter 58 of the General Statutes.</p>
          <p>The following provisions of Chapter 58 of the General Statutes apply to the State Health Plan:</p>
          <p>&#8230;</p>
          <p>(8)G.S.58-3-250, Payment obligations for covered services.</p>
          <p>(9)G.S.<hi rend="strikethrough">Payment obligations for covered services.</hi><hi rend="underlined">Prohibition on managed care provider incentives.</hi></p>
          <p>&#8230;.</p>
        </div2>
        <div2 type="section" n="7">
          <head>SECTION 7. G.S.147-86.</head>
          <p>&#167; 147-86. 23. Interest and penalties.</p>
          <p>A State agency shall charge interest at the rate established pursuant to G.S.105-241. 21 on a past-due account receivable from the date the account receivable was due until it is paid. A State agency shall add to a past-due account receivable a late payment penalty of no more than <term type="NE" subtype="PERCENT"> ten percent </term> (<term type="NE" subtype="PERCENT"> 10 % </term>)of the account receivable. A State agency may waive a late-payment penalty for good cause shown. If another statute requires the payment of interest or a penalty on a past-due account receivable, this section does not apply to that past-due account receivable.<hi rend="strikethrough">services or</hi><hi rend="underlined">services,</hi>to the North Carolina Turnpike Authority for money owed to the Authority for<hi rend="strikethrough">tolls.</hi><hi rend="underlined">Tolls, or to the <term type="NE" subtype="ORGANIZATION"> North Carolina State Health Plan </term> for past-due account receivables related to premiums and claims payments.</hi></p>
        </div2>
        <div2 type="section" n="8">
          <head>SECTION 8. Sections 2, 4, and 5 become effective <term type="NE" subtype="DATE"> July 1, 2013 </term>, and apply to plan <term type="NE" subtype="DURATION"> years </term> beginning on or after that date. The remainder of this act is effective when it becomes law.</head>
        </div2>
      </div1>
    </body>
  </text>
</TEI>
