<TEI xmlns="http://www.tei-c.org/ns/1.0">
  <teiHeader xml:lang="en">
    <fileDesc>
      <titleStmt>
        <title xml:id="NC-2011-S850"><term type="NE" subtype="ORGANIZATION"> Legislative Oversight of Fish Wildlife Mgmt </term>.</title>
        <author>Eight members of the House of Representatives appointed by the Speaker of the House of Representatives, at least two of whom are members of the minority party. </author>
      </titleStmt>
      <editionStmt>
        <edition>v0</edition>
      </editionStmt>
      <publicationStmt>
        <pubPlace>North Carolina</pubPlace>
        <idno>NC-2011-S850</idno>
        <date>2011</date>
      </publicationStmt>
      <sourceDesc>
        <bibl>www.ncleg.net\Sessions\2011\Bills\Senate\HTML\S850v0.html</bibl>
      </sourceDesc>
    </fileDesc>
  </teiHeader>
  <text xml:lang="en">
    <front>
      <div1 type="abstract">
        <head>A bill to be entitled an act to establish the joint legislative commission on fish and wildlife.</head>
      </div1>
    </front>
    <body>
      <div1>
        <opener>
          <salute>The <term type="NE" subtype="ORGANIZATION"> General Assembly of North Carolina </term> enacts:</salute>
        </opener>
        <div2 type="section" n="1">
          <head>SECTION 1.</head>
          <p>Article 12F.</p>
          <p><term type="NE" subtype="ORGANIZATION"> Joint Legislative Commission </term> on<hi rend="strikethrough">Seafood and Aquaculture.</hi><hi rend="underlined">Fish and Wildlife.</hi></p>
        </div2>
        <div2 type="section" n="2">
          <head>SECTION 2.</head>
          <p>
            <hi rend="underlined">&#167; 120-70. 67. Creation and membership of <term type="NE" subtype="ORGANIZATION"> Joint Legislative Commission </term> on Fish and Wildlife.</hi>
          </p>
          <p>
            <hi rend="underlined">(a)</hi>
            <hi rend="underlined">The <term type="NE" subtype="ORGANIZATION"> Joint Legislative Commission </term> on Fish and Wildlife is established.</hi>
          </p>
          <p>
            <hi rend="underlined">(b)</hi>
            <hi rend="underlined">The Commission shall consist of 16 members as follows:</hi>
          </p>
          <p>
            <hi rend="underlined">(1)</hi>
            <hi rend="underlined">Eight members of the <term type="NE" subtype="ORGANIZATION"> Senate </term> appointed by the President Pro Tempore of the <term type="NE" subtype="ORGANIZATION"> Senate </term>, at least two of whom are members of the minority party.</hi>
          </p>
          <p>
            <hi rend="underlined">(2)</hi>
            <hi rend="underlined">Eight members of the <term type="NE" subtype="ORGANIZATION"> House of Representatives </term> appointed by the Speaker of the <term type="NE" subtype="ORGANIZATION"> House of Representatives </term>, at least two of whom are members of the minority party.</hi>
          </p>
          <p>
            <hi rend="underlined">(c)</hi>
            <hi rend="underlined">The President Pro Tempore of the <term type="NE" subtype="ORGANIZATION"> Senate </term> and the Speaker of the House of Representatives shall ensure geographic diversity of membership in making the appointments under subsection (b)of this section.</hi>
          </p>
          <p>
            <hi rend="underlined">(d)</hi>
            <hi rend="underlined">Terms on the <term type="NE" subtype="ORGANIZATION"> Commission </term> are for <term type="NE" subtype="DURATION"> two years </term> and begin on the convening of the <term type="NE" subtype="ORGANIZATION"> General Assembly </term> in each odd-numbered <term type="NE" subtype="DURATION"> year </term>. Members may complete a term of service on the <term type="NE" subtype="ORGANIZATION"> Commission </term> even if they do not seek reelection or are not reelected to the <term type="NE" subtype="ORGANIZATION"> General Assembly </term>, but resignation or removal from service in the <term type="NE" subtype="ORGANIZATION"> General Assembly </term> constitutes resignation or removal from service on the <term type="NE" subtype="ORGANIZATION"> Commission </term>. A member continues to serve until a successor is appointed.</hi>
          </p>
          <p>
            <hi rend="underlined">&#167; 120-70. 68. Purpose and powers and duties of <term type="NE" subtype="ORGANIZATION"> Commission </term>.</hi>
          </p>
          <p>
            <hi rend="underlined">(a)</hi>
            <hi rend="underlined">The <term type="NE" subtype="ORGANIZATION"> Joint Legislative Commission </term> on Fish and Wildlife shall exercise legislative oversight over the management of fish and wildlife in the State.</hi>
          </p>
          <p>
            <hi rend="underlined">(1)</hi>
            <hi rend="underlined">Monitor and evaluate the programs, policies, and actions of the <term type="NE" subtype="ORGANIZATION"> Marine Fisheries Commission </term>, the Division of <term type="NE" subtype="ORGANIZATION"> Marine Fisheries </term> of the Department of Environment and Natural Resources, the <term type="NE" subtype="ORGANIZATION"> Wildlife Resources Commission </term>, and of any other board, commission, department, or agency of the State or local government that manages fish and wildlife.</hi>
          </p>
          <p>
            <hi rend="underlined">(2)</hi>
            <hi rend="underlined">Review and evaluate existing and proposed State statutes and rules affecting the management of fish and wildlife in the State and determine whether any modification of these statutes or rules is in the public interest.</hi>
          </p>
          <p>
            <hi rend="underlined">(3)</hi>
            <hi rend="underlined">Monitor changes in federal law and court decisions affecting the management of fish and wildlife in the State.</hi>
          </p>
          <p>
            <hi rend="underlined">(4)</hi>
            <hi rend="underlined">Monitor and evaluate fishing - and hunting-related industries in the State and study measures to promote these industries.</hi>
          </p>
          <p>
            <hi rend="underlined">(5)</hi>
            <hi rend="underlined">Study any other matters related to the management of fish and wildlife in the State that the <term type="NE" subtype="ORGANIZATION"> Commission </term> considers necessary to fulfill its mandate.</hi>
          </p>
          <p>
            <hi rend="underlined">(b)</hi>
            <hi rend="underlined">The Commission may make reports and recommendations, including proposed legislation, to the <term type="NE" subtype="ORGANIZATION"> General Assembly </term> from time to time as to any matter relating to its oversight and the powers and duties set out in this section.</hi>
          </p>
          <p>
            <hi rend="underlined">&#167; 120-70. 69. <term type="NE" subtype="ORGANIZATION"> Organization of Commission </term>.</hi>
          </p>
          <p>
            <hi rend="underlined">(a)</hi>
            <hi rend="underlined">The President Pro Tempore of the <term type="NE" subtype="ORGANIZATION"> Senate </term> and the Speaker of the <term type="NE" subtype="ORGANIZATION"> House of Representatives </term> shall each designate a cochair of the <term type="NE" subtype="ORGANIZATION"> Joint Legislative Commission </term> on Fish and Wildlife. The Commission may meet at any time upon the call of either cochair, whether or not the <term type="NE" subtype="ORGANIZATION"> General Assembly </term> is in session.</hi>
          </p>
          <p>
            <hi rend="underlined">(b)</hi>
            <hi rend="underlined">A quorum of the <term type="NE" subtype="ORGANIZATION"> Commission </term> is eight members.</hi>
          </p>
          <p>
            <hi rend="underlined">(c)</hi>
            <hi rend="underlined">While in the discharge of its official duties, the <term type="NE" subtype="ORGANIZATION"> Commission </term> has the powers of a joint committee under G.S.120-19 and G.S.120-19. 1 through 120-19. 4. The Commission may contract for consultants or hire employees in accordance with G.S.120-32. 02.</hi>
          </p>
          <p>
            <hi rend="underlined">(d)</hi>
            <hi rend="underlined">From funds available to the <term type="NE" subtype="ORGANIZATION"> General Assembly </term>, the <term type="NE" subtype="ORGANIZATION"> Legislative Services Commission </term> shall allocate monies to fund the <term type="NE" subtype="ORGANIZATION"> Joint Legislative Commission </term> on Fish and Wildlife. Members of the <term type="NE" subtype="ORGANIZATION"> Commission </term> receive subsistence and travel expenses as provided in G.S.120-3. 1. The <term type="NE" subtype="ORGANIZATION"> Legislative Services Commission </term>, through the <term type="NE" subtype="ORGANIZATION"> Legislative Services Officer </term>, shall assign professional staff to assist the <term type="NE" subtype="ORGANIZATION"> Commission </term> in its work. Upon the direction of the <term type="NE" subtype="ORGANIZATION"> Legislative Services Commission </term>, the <term type="NE" subtype="ORGANIZATION"> Supervisors of Clerks of the Senate </term> and of the <term type="NE" subtype="ORGANIZATION"> House of Representatives </term> shall assign clerical staff to the Commission. The expenses for clerical employees shall be borne by the <term type="NE" subtype="ORGANIZATION"> Commission </term>.</hi>
          </p>
        </div2>
        <div2 type="section" n="3">
          <head>SECTION 3. Section 1. 2 (a)of S.L.</head>
          <p>SECTION 1. 2.</p>
          <p>(1)<term type="NE" subtype="ORGANIZATION"> Joint Legislative Oversight Committee on Capital Improvements </term>.</p>
          <p>(2)<term type="NE" subtype="ORGANIZATION"> Joint Legislative Commission on Future Strategies for North Carolina </term>.</p>
          <p>(3)Joint Select Committee on <term type="NE" subtype="ORGANIZATION"> Low-Level Radioactive Waste </term>.</p>
          <p>(4)<term type="NE" subtype="ORGANIZATION"> Legislative Committee </term> on New Licensing Boards.</p>
          <p>
            <hi rend="strikethrough">(5)</hi>
            <hi rend="strikethrough"><term type="NE" subtype="ORGANIZATION"> Joint Legislative Commission </term> on Seafood and Aquaculture.</hi>
          </p>
          <p>(6)<term type="NE" subtype="ORGANIZATION"> Joint Legislative Utility Review Commission </term>.</p>
        </div2>
        <div2 type="section" n="4">
          <head>SECTION 4. G.S.</head>
          <p>&#167; 120-76. Powers and duties of the <term type="NE" subtype="ORGANIZATION"> Commission </term>.</p>
          <p>The Commission shall have the following powers:</p>
          <p>(1)To conduct program evaluation studies of the various components of State agency activity as they relate to:</p>
          <p>a.</p>
          <p>b.</p>
          <p>c.</p>
          <p>d. Conformity with legislative intent.</p>
          <p>(2)To study legislation which would result in new programs with statewide implications for feasibility and need. These studies may be jointly conducted with the <term type="NE" subtype="ORGANIZATION"> Fiscal Research Division </term> of the <term type="NE" subtype="ORGANIZATION"> Legislative Services Commission </term>.</p>
          <p>(3)To study on a continuing basis the implementation of State government reorganization with respect to:</p>
          <p>a.</p>
          <p>b.</p>
          <p>c.</p>
          <p>d. Broadening of career opportunities for professional staff.</p>
          <p>(4)To make such studies and reports of the operations and functions of <term type="NE" subtype="ORGANIZATION"> State </term> government as it deems appropriate or upon petition by resolution of either the <term type="NE" subtype="ORGANIZATION"> Senate </term> or the <term type="NE" subtype="ORGANIZATION"> House of Representatives </term>.</p>
          <p>(5)To produce routine written reports of findings for general legislative and public distribution. Special attention shall be given to the presentation of findings to the appropriate committees of the <term type="NE" subtype="ORGANIZATION"> Senate </term> and the <term type="NE" subtype="ORGANIZATION"> House of Representatives </term>. If findings arrived at during a study have a potential impact on either the finance or appropriations deliberations, such findings shall immediately be presented to the committees. Such reports shall contain recommendations for appropriate executive action and when legislation is considered necessary to effect change, draft legislation for that purpose may be included.</p>
          <p>a.</p>
          <p>b.</p>
          <p>c. Areas in which functions of State agencies are duplicative, overlapping, or failing to accomplish legislative objectives, or for any other reason should be redefined or redistributed.</p>
          <p>(6)To devise a system, in cooperation with the <term type="NE" subtype="ORGANIZATION"> Fiscal Research Division </term> of the <term type="NE" subtype="ORGANIZATION"> Legislative Services Commission </term>, whereby all new programs authorized by the <term type="NE" subtype="ORGANIZATION"> General Assembly </term> incorporate an evaluation component. The results of such evaluations may be made to the Appropriations Committees at the beginning of each regular session.</p>
          <p>(7)To evaluate and approve or deny requests from the <term type="NE" subtype="ORGANIZATION"> Department of Transportation </term> regarding the funding of federally eligible construction projects as provided in the <term type="NE" subtype="ORDINAL"> fourth </term> paragraph of G.S.136-44. 2.</p>
          <p>(8)The <term type="NE" subtype="ORGANIZATION"> Joint Legislative Commission </term> on Governmental Operations shall be consulted by the Governor before the Governor does any of the following:</p>
          <p>a. Repealed by Session Laws 2007-117, s. 2, effective <term type="NE" subtype="DATE"> July 1, 2007 </term>.</p>
          <p>b. Authorizes expenditures in excess of the total requirements of a purpose or program as enacted by the <term type="NE" subtype="ORGANIZATION"> General Assembly </term> and as provided by G.S.143C-6-4.</p>
          <p>c. Proceeds to reduce programs subsequent to a reduction of <term type="NE" subtype="PERCENT"> ten percent </term> (<term type="NE" subtype="PERCENT"> 10 % </term>)or more in the federal fund level certified to a department and any subsequent changes in distribution formulas.</p>
          <p>d. Takes extraordinary measures under Article III, Section 5 (3)of the Constitution to effect necessary economies in State expenditures required for balancing the budget due to a revenue shortfall, including, but not limited to, the following: loans among funds, personnel freezes or layoffs, capital project reversions, program eliminations, and use of reserves. However, if the <term type="NE" subtype="ORGANIZATION"> Committee </term> fails to meet within 10 calendar <term type="NE" subtype="DURATION"> days </term> of a request by the Governor for its consultation, the Governor may proceed to take the actions he feels are appropriate and necessary and shall then report those actions at the next meeting of the <term type="NE" subtype="ORGANIZATION"> Commission </term>.</p>
          <p>e. Approves a new capital improvement project funded from gifts, grants, receipts, special funds, self-liquidating indebtedness, and other funds or any combination of funds for the project not specifically authorized by the <term type="NE" subtype="ORGANIZATION"> General Assembly </term>. The budget for each capital project must include projected revenues in an amount not less than projected expenditures.</p>
          <p>(9)To examine, on a continuing basis, capital improvements approved and undertaken for State facilities and institutions and to have oversight over implementation of the <term type="NE" subtype="DURATION"> six-year </term> capital improvements plan developed pursuant to G.S.143C-8-5.</p>
          <p>(10)To establish a subcommittee to evaluate the need for any new licensing board by establishing criteria and procedures for reviewing proposed licensing boards.</p>
          <p>a. The unregulated practice of the profession or occupation can substantially harm or endanger the public health, safety, or welfare, and the potential for such harm is recognizable and not remote or dependent upon tenuous argument.</p>
          <p>b. The profession or occupation possesses qualities that distinguish it from ordinary labor.</p>
          <p>c. Practice of the profession or occupation requires specialized skill or training.</p>
          <p>d. A substantial majority of the public does not have the knowledge or experience to evaluate whether the practitioner is competent.</p>
          <p>e. The public is not effectively protected by other means.</p>
          <p>f. Licensure will not have a substantial adverse economic impact upon consumers of the practitioner's goods or services.</p>
          <p>(11)To evaluate the <term type="NE" subtype="ORGANIZATION"> North Carolina Utilities Commission </term>, by doing the following:</p>
          <p>a. Reviewing the actions of the <term type="NE" subtype="ORGANIZATION"> North Carolina Utilities Commission </term>, including the review of its interim and final orders, to the end that the members of the <term type="NE" subtype="ORGANIZATION"> General Assembly </term> may better judge whether these actions serve the best interest of the citizens of <term type="NE" subtype="LOCATION"> North Carolina </term>, individual and corporate.</p>
          <p>b. Inquiring into the role of the <term type="NE" subtype="ORGANIZATION"> North Carolina Utilities Commission </term>, the <term type="NE" subtype="ORGANIZATION"> Public Staff </term>, and the several utility companies in the development of alternate sources of energy.</p>
          <p>c. Submitting evaluations to the <term type="NE" subtype="ORGANIZATION"> General Assembly </term>, from time to time, of the performance of the <term type="NE" subtype="ORGANIZATION"> North Carolina Utilities Commission </term>, the Public Staff, and the various utilities operating in the State. A proposed draft of such evaluations shall be submitted to the <term type="NE" subtype="ORGANIZATION"> North Carolina Utilities Commission </term>, the <term type="NE" subtype="ORGANIZATION"> Public Staff </term>, and the affected public utilities prior to submission to the <term type="NE" subtype="ORGANIZATION"> General Assembly </term>, and the affected entity shall be given an opportunity to be heard before the <term type="NE" subtype="ORGANIZATION"> Commission </term> prior to the completion of the evaluation and its submission to the <term type="NE" subtype="ORGANIZATION"> General Assembly </term>.</p>
          <p>(12)To make reports and recommendations to the <term type="NE" subtype="ORGANIZATION"> General Assembly </term>, from time to time, on matters relating to the powers and duties set out in this section.</p>
          <p>(13)To review and evaluate changes in federal law and regulations, relevant court decisions, and changes in technology affecting any of the duties of the <term type="NE" subtype="ORGANIZATION"> Commission </term>.</p>
          <p>(14)To review and evaluate changes in federal law and regulation, or changes brought about by court actions, as well as changes in technology affecting any of the duties of the <term type="NE" subtype="ORGANIZATION"> Commission </term>, to determine whether the State's laws require modification as a result of those changes.</p>
          <p>
            <hi rend="strikethrough">(15)</hi>
            <hi rend="strikethrough">With regard to seafood and aquaculture:</hi>
          </p>
          <p>
            <hi rend="strikethrough">a.</hi>
            <hi rend="strikethrough">To monitor and study the seafood industry in <term type="NE" subtype="LOCATION"> North Carolina </term>, including studies of the feasibility of increasing the State's production, processing, and marketing of seafood.</hi>
          </p>
          <p>
            <hi rend="strikethrough">b.</hi>
            <hi rend="strikethrough">To study the potential for increasing the role of aquaculture in all regions of the State.</hi>
          </p>
          <p>
            <hi rend="strikethrough">c.</hi>
            <hi rend="strikethrough">To evaluate the feasibility of creating a central permitting office for fishing and aquaculture matters.</hi>
          </p>
          <p>
            <hi rend="strikethrough">d.</hi>
            <hi rend="strikethrough">To evaluate actions of the Division of Marine Fisheries of the Department of Environment and Natural Resources, the <term type="NE" subtype="ORGANIZATION"> Wildlife Resources Commission </term> of the <term type="NE" subtype="ORGANIZATION"> Department of Environment and Natural Resources </term> and of any other State or local government agency as such actions relate to the seafood and aquaculture industries.</hi>
          </p>
          <p>
            <hi rend="strikethrough">e.</hi>
            <hi rend="strikethrough">To make recommendations regarding regulatory matters relating to the seafood and aquaculture industries including, but not limited to evaluating the necessity to substantially increase penalties for trespass and theft of shellfish and other aquaculture products.</hi>
          </p>
          <p>
            <hi rend="strikethrough">f.</hi>
            <hi rend="strikethrough">To review and evaluate changes in federal law and regulations, relevant court decisions, and changes in technology affecting the seafood and aquaculture industries.</hi>
          </p>
          <p>
            <hi rend="strikethrough">g.</hi>
            <hi rend="strikethrough">To review existing and proposed State law and rules affecting the seafood and aquaculture industries and to determine whether any modification of law or rules is in the public interest.</hi>
          </p>
        </div2>
        <div2 type="section" n="5">
          <head>SECTION 5. G.S.113-175.</head>
          <p>&#167; 113-175. 6. Report.</p>
          <p>The Chair of the <term type="NE" subtype="ORGANIZATION"> Marine Fisheries Commission </term> and the Chair of the <term type="NE" subtype="ORGANIZATION"> Wildlife Resources Commission </term> shall jointly submit to the <term type="NE" subtype="ORGANIZATION"> Joint Legislative Commission </term> on<hi rend="strikethrough">Governmental Operations</hi><hi rend="underlined">Fish and Wildlife</hi>by October 1 of each year a report on the Marine Resources Fund and the Endowment Fund that shall include the source and amounts of all moneys credited to each fund and the purpose and amount of all disbursements from each fund during the prior fiscal year.</p>
        </div2>
        <div2 type="section" n="6">
          <head>SECTION 6. G.S.113-182.</head>
          <p>&#167; 113-182. 1. Fishery Management Plans.</p>
          <p>(a)The Department shall prepare proposed Fishery Management Plans for adoption by the <term type="NE" subtype="ORGANIZATION"> Marine Fisheries Commission </term> for all commercially or recreationally significant species or fisheries that comprise State marine or estuarine resources. Proposed Fishery Management Plans shall be developed in accordance with the Priority List, Schedule, and guidance criteria established by the <term type="NE" subtype="ORGANIZATION"> Marine Fisheries Commission </term> under G.S.143B-289. 52.</p>
          <p>(b)The goal of the plans shall be to ensure the long-term viability of the State's commercially and recreationally significant species or fisheries. Each plan shall be designed to reflect fishing practices so that one plan may apply to a specific fishery, while other plans may be based on gear or geographic areas.</p>
          <p>(1)Contain necessary information pertaining to the fishery or fisheries, including management goals and objectives, status of relevant fish stocks, stock assessments for multiyear species, fishery habitat and water quality considerations consistent with <term type="NE" subtype="ORGANIZATION"> Coastal Habitat Protection Plans </term> adopted pursuant to G.S.143B-279. 8, social and economic impact of the fishery to the State, and user conflicts.</p>
          <p>(2)Recommend management actions pertaining to the fishery or fisheries.</p>
          <p>(3)Include conservation and management measures that will provide the greatest overall benefit to the State, particularly with respect to food production, recreational opportunities, and the protection of marine ecosystems, and that will produce a sustainable harvest.</p>
          <p>(4)Repealed by Session Laws 2010-13, s. 1, effective <term type="NE" subtype="DATE"> June 23, 2010 </term>.</p>
          <p>(5)Specify a time period, not to exceed <term type="NE" subtype="DURATION"> two years </term> from the date of the adoption of the plan, for ending overfishing. This subdivision shall only apply to a plan for a fishery that is not producing a sustainable harvest.</p>
          <p>(6)Specify a time period, not to exceed <term type="NE" subtype="DURATION"> 10 years </term> from the date of the adoption of the plan, for achieving a sustainable harvest. This subdivision shall not apply if the Fisheries Director determines that the biology of the fish, environmental conditions, or lack of sufficient data make implementing the requirements of this subdivision incompatible with professional standards for fisheries management.</p>
          <p>(7)Include a standard of at least <term type="NE" subtype="PERCENT"> fifty percent </term> (<term type="NE" subtype="PERCENT"> 50 % </term>)probability of achieving sustainable harvest for the fishery or fisheries. This subdivision shall not apply if the Fisheries Director determines that the biology of the fish, environmental conditions, or lack of sufficient data make implementing the requirements of this subdivision incompatible with professional standards for fisheries management.</p>
          <p>(c)To assist in the development of each Fishery Management Plan, the Chair of the <term type="NE" subtype="ORGANIZATION"> Marine Fisheries Commission </term> shall appoint a fishery management plan advisory committee. Each fishery management plan advisory committee shall be composed of commercial fishermen, recreational fishermen, and scientists, all with expertise in the fishery for which the Fishery Management Plan is being developed.</p>
          <p>(c1)The Department shall consult with the regional advisory committees established pursuant to G.S.143B-289. 57 (e)regarding the preparation of each Fishery Management Plan.<hi rend="strikethrough">Governmental Operations,</hi><hi rend="underlined">Fish and Wildlife,</hi>the Department shall review any comment or recommendation regarding the plan that a regional advisory committee submits to the Department within the time limits established in the Schedule for the development and adoption of Fishery Management Plans established by G.S.143B-289.52. Before the Commission adopts a management measure to implement a plan, the Commission shall review any comment or recommendation regarding the management measure that a regional advisory committee submits to the Commission.</p>
          <p>(d)Each Fishery Management Plan shall be reviewed at least <term type="NE" subtype="DATE"> once </term> <term type="NE" subtype="SET"> every five years </term>. The <term type="NE" subtype="ORGANIZATION"> Marine Fisheries Commission </term> may revise the Priority List and guidance criteria whenever it determines that a revision of the Priority List or guidance criteria will facilitate or improve the development of Fishery Management Plans or is necessary to restore, conserve, or protect the marine and estuarine resources of the State. The <term type="NE" subtype="ORGANIZATION"> Marine Fisheries Commission </term> may not revise the Schedule for the development of a Fishery Management Plan, <term type="NE" subtype="DATE"> once </term> adopted, without the approval of the Secretary of Environment and Natural Resources.</p>
          <p>(e)The Secretary of Environment and Natural Resources shall monitor progress in the development and adoption of Fishery Management Plans in relation to the Schedule for development and adoption of the plans established by the <term type="NE" subtype="ORGANIZATION"> Marine Fisheries Commission </term>.<hi rend="strikethrough">Governmental Operations</hi><hi rend="underlined">Fish and Wildlife</hi>on progress in developing and implementing the Fishery Management Plans on or before 1 September of each year. The Secretary of Environment and Natural Resources shall report to the Joint Legislative Commission on<hi rend="strikethrough">Seafood and Aquaculture</hi><hi rend="underlined">Fish and Wildlife</hi>within 30 days of the completion or substantial revision of each proposed Fishery Management Plan. The Joint Legislative Commission on<hi rend="strikethrough">Governmental Operations</hi><hi rend="underlined">Fish and Wildlife</hi>shall review each proposed Fishery Management Plan within 30 days of the date the proposed Plan is submitted by the Secretary. The Joint Legislative Commission on<hi rend="strikethrough">Governmental Operations</hi><hi rend="underlined">Fish and Wildlife</hi>may submit comments and recommendations on the proposed Plan to the Secretary within 30 days of the date the proposed Plan is submitted by the Secretary.</p>
          <p>(e1)If the Secretary determines that it is in the interest of the long-term viability of a fishery, the Secretary may authorize the <term type="NE" subtype="ORGANIZATION"> Commission </term> to develop temporary management measures to supplement an existing Fishery Management Plan pursuant to this subsection. Development of temporary management measures pursuant to this subsection is exempt from subsections (c), (c1), and (e)of this section and the Priority List, Schedule, and guidance criteria established by the <term type="NE" subtype="ORGANIZATION"> Marine Fisheries Commission </term> under G.S.143B-289. 52. During the next review period for a Fishery Management Plan supplemented pursuant to this subsection, the <term type="NE" subtype="ORGANIZATION"> Commission </term> shall either incorporate the temporary management measures into the revised Fishery Management Plan or the temporary management measures shall expire on the date the revised Fishery Management Plan is adopted.</p>
          <p>(f)The <term type="NE" subtype="ORGANIZATION"> Marine Fisheries Commission </term> shall adopt rules to implement <term type="NE" subtype="ORGANIZATION"> Fishery Management Plans </term> in accordance with Chapter 150B of the General Statutes.</p>
          <p>(g)To achieve sustainable harvest under a Fishery Management Plan, the <term type="NE" subtype="ORGANIZATION"> Marine Fisheries Commission </term> may include in the Plan a recommendation that the <term type="NE" subtype="ORGANIZATION"> General Assembly </term> limit the number of fishermen authorized to participate in the fishery. The Commission may recommend that the <term type="NE" subtype="ORGANIZATION"> General Assembly </term> limit participation in a fishery only if the <term type="NE" subtype="ORGANIZATION"> Commission </term> determines that sustainable harvest can not otherwise be achieved.</p>
          <p>(1)<term type="NE" subtype="DATE"> Current </term> participation in and dependence on the fishery.</p>
          <p>(2)<term type="NE" subtype="DATE"> Past </term> fishing practices in the fishery.</p>
          <p>(3)Economics of the fishery.</p>
          <p>(4)Capability of fishing vessels used in the fishery to engage in other fisheries.</p>
          <p>(5)Cultural and social factors relevant to the fishery and any affected fishing communities.</p>
          <p>(6)Capacity of the fishery to support biological parameters.</p>
          <p>(7)<term type="NE" subtype="ORGANIZATION"> Equitable </term> resolution of competing social and economic interests.</p>
          <p>(8)Any other relevant considerations.</p>
        </div2>
        <div2 type="section" n="7">
          <head>SECTION 7. G.S.</head>
          <p>(i)Report on <term type="NE" subtype="MISC"> Grant Program </term>.<hi rend="strikethrough">Governmental Operations</hi><hi rend="underlined">Fish and Wildlife</hi>no later than January 1 of each year.</p>
        </div2>
        <div2 type="section" n="8">
          <head>SECTION 8. G.S.143B-279.</head>
          <p>&#167; 143B-279. 8. Coastal Habitat Protection Plans.</p>
          <p>(a)The Department shall coordinate the preparation of draft Coastal Habitat Protection Plans for critical fisheries habitats. The goal of the <term type="NE" subtype="MISC"> Plans </term> shall be the long-term enhancement of coastal fisheries associated with each coastal habitat identified in subdivision (1)of this subsection. The <term type="NE" subtype="ORGANIZATION"> Department </term> shall use the staff of those divisions within the Department that have jurisdiction over marine fisheries, water quality, and coastal area management in the preparation of the Coastal Habitat Protection Plans and shall request assistance from other federal and State agencies as necessary.</p>
          <p>(1)Describe and classify biological systems in the habitats, including wetlands, fish spawning grounds, estuarine or aquatic endangered or threatened species, primary or secondary nursery areas, shellfish beds, submerged aquatic vegetation (SAV)beds, and habitats in outstanding resource waters.</p>
          <p>(2)Evaluate the function, value to coastal fisheries, status, and trends of the habitats.</p>
          <p>(3)Identify existing and potential threats to the habitats and the impact on coastal fishing.</p>
          <p>(4)Recommend actions to protect and restore the habitats.</p>
          <p>(b)<term type="NE" subtype="DATE"> Once </term> a draft Coastal Habitat Protection Plan has been prepared, the chairs of the <term type="NE" subtype="ORGANIZATION"> Coastal Resources Commission </term>, the <term type="NE" subtype="ORGANIZATION"> Environmental Management Commission </term>, and the <term type="NE" subtype="ORGANIZATION"> Marine Fisheries Commission </term> shall each appoint two members of the commission he or she chairs to a six-member review committee. The six-member review committee, in consultation with the Department, shall review the draft Plan and may revise the draft Plan on a consensus basis. The draft Plan, as revised by the six-member review committee, shall then be submitted to the <term type="NE" subtype="ORGANIZATION"> Coastal Resources Commission </term>, the <term type="NE" subtype="ORGANIZATION"> Environmental Management Commission </term>, and the <term type="NE" subtype="ORGANIZATION"> Marine Fisheries Commission </term>, each of which shall independently consider the Plan for adoption. If any of the three commissions is unable to agree to any aspect of a Plan, the chair of each commission shall refer that aspect of the Plan to a six-member conference committee to facilitate the resolution of any differences. The six-member conference committee shall be appointed in the same manner as a six-member review committee and may include members of the six-member review committee that reviewed the Plan. Each final Coastal Habitat Protection Plan shall consist of those provisions adopted by all three commissions. The three commissions shall review and revise each Coastal Habitat Protection Plan at least <term type="NE" subtype="DATE"> once </term> <term type="NE" subtype="SET"> every five years </term>.</p>
          <p>(c)In carrying out their powers and duties, the <term type="NE" subtype="ORGANIZATION"> Coastal Resources Commission </term>, the <term type="NE" subtype="ORGANIZATION"> Environmental Management Commission </term>, and the <term type="NE" subtype="ORGANIZATION"> Marine Fisheries Commission </term> shall ensure, to the maximum extent practicable, that their actions are consistent with the <term type="NE" subtype="ORGANIZATION"> Coastal Habitat Protection Plans </term> as adopted by the three commissions. The obligation to act in a manner consistent with a Coastal Habitat Protection Plan is prospective only and does not oblige any commission to modify any rule adopted, permit decision made, or other action taken prior to the adoption or revision of the Coastal Habitat Protection Plan by the three commissions. The <term type="NE" subtype="ORGANIZATION"> Coastal Resources Commission </term>, the <term type="NE" subtype="ORGANIZATION"> Environmental Management Commission </term>, and the <term type="NE" subtype="ORGANIZATION"> Marine Fisheries Commission </term> shall adopt rules to implement <term type="NE" subtype="ORGANIZATION"> Coastal Habitat Protection Plans </term> in accordance with Chapter 150B of the General Statutes.</p>
          <p>(d)If any of the three commissions concludes that another commission has taken an action that is inconsistent with a Coastal Habitat Protection Plan, that commission may request a written explanation of the action from the other commission. A commission shall provide a written explanation: (i)upon the written request of one of the other two commissions, or (ii)upon its own motion if the commission determines that it must take an action that is inconsistent with a Coastal Habitat Protection Plan.</p>
          <p>(e)The <term type="NE" subtype="ORGANIZATION"> Coastal Resources Commission </term>, the <term type="NE" subtype="ORGANIZATION"> Environmental Management Commission </term>, and the <term type="NE" subtype="ORGANIZATION"> Marine Fisheries Commission </term> shall report to the <term type="NE" subtype="ORGANIZATION"> Joint Legislative Commission </term> on<hi rend="strikethrough">Governmental Operations</hi><hi rend="underlined">Fish and Wildlife</hi>and the Environmental Review Commission on progress in developing and implementing the Coastal Habitat Protection Plans, including the extent to which the actions of the three commissions are consistent with the Plans, on or before 1 September of each year.</p>
          <p>(f)The Secretary of Environment and Natural Resources shall report to the <term type="NE" subtype="ORGANIZATION"> Environmental Review Commission </term> and the <term type="NE" subtype="ORGANIZATION"> Joint Legislative Commission </term> on<hi rend="strikethrough">Seafood and Aquaculture -LSB- <term type="NE" subtype="ORGANIZATION"> Joint Legislative Commission on Governmental Operations </term> -RSB-</hi><hi rend="underlined">Fish and Wildlife</hi>within 30 days of the completion or substantial revision of each draft Coastal Habitat Protection Plan. The Environmental Review Commission and the Joint Legislative Commission on<hi rend="strikethrough">Governmental Operations</hi><hi rend="underlined">Fish and Wildlife</hi>shall concurrently review each draft Coastal Habitat Protection Plan within 30 days of the date the draft Plan is submitted by the Secretary. The Environmental Review Commission and the Joint Legislative Commission on<hi rend="strikethrough">Governmental Operations</hi><hi rend="underlined">Fish and Wildlife</hi>may submit comments and recommendations on the draft Plan to the Secretary within 30 days of the date the draft Plan is submitted by the Secretary.</p>
        </div2>
        <div2 type="section" n="9">
          <head>SECTION 9. This act becomes effective <term type="NE" subtype="DATE"> January 1, 2013 </term>.</head>
        </div2>
      </div1>
    </body>
  </text>
</TEI>
