<TEI xmlns="http://www.tei-c.org/ns/1.0">
  <teiHeader xml:lang="en">
    <fileDesc>
      <titleStmt>
        <title xml:id="NC-2011-H731"/>
        <author>Representative Hackney (Primary Sponsor). </author>
      </titleStmt>
      <editionStmt>
        <edition>v1</edition>
      </editionStmt>
      <publicationStmt>
        <pubPlace>North Carolina</pubPlace>
        <idno>NC-2011-H731</idno>
        <date>2011</date>
      </publicationStmt>
      <sourceDesc>
        <bibl>www.ncleg.net\Sessions\2011\Bills\House\HTML\H731v1.html</bibl>
      </sourceDesc>
    </fileDesc>
  </teiHeader>
  <text xml:lang="en">
    <front>
      <div1 type="abstract">
        <head>A bill to be entitled a house resolution honoring the life and memory of<term type="NE" subtype="PERSON">ike franklin andrews</term >, former member of congress and the<term type="NE" subtype="ORGANIZATION">general assembly</term >.</head>
      </div1>
    </front>
    <body>
      <div1>
        <opener>
          <salute/>
        </opener>
        <p>A HOUSE RESOLUTION honoring the life and memory of <term type="NE" subtype="PERSON"> ike franklin andrews </term>, former member of congress and the <term type="NE" subtype="ORGANIZATION"> general assembly </term>.</p>
        <p>Whereas, <term type="NE" subtype="PERSON"> Ike Franklin Andrews </term> was born in <term type="NE" subtype="LOCATION"> Chatham County </term>, <term type="NE" subtype="LOCATION"> North Carolina </term>, on <term type="NE" subtype="DATE"> September 2, 1925 </term>, to <term type="NE" subtype="PERSON"> Archie Andrews </term> and <term type="NE" subtype="PERSON"> Ina Dunlap Andrews </term>; and</p>
        <p>Whereas, <term type="NE" subtype="PERSON"> Ike Franklin Andrews </term> grew up in the small community known as <term type="NE" subtype="PERSON"> Bonlee </term>, where his father ran the hardware store and served as postmaster and his mother was a school teacher; and</p>
        <p>Whereas, <term type="NE" subtype="PERSON"> Ike Franklin Andrews </term> attended <term type="NE" subtype="ORGANIZATION"> Bonlee High School </term>, <term type="NE" subtype="ORGANIZATION"> Fork Union Military Academy in Fork Union </term>, <term type="NE" subtype="LOCATION"> Virginia </term>, from <term type="NE" subtype="DATE"> 1941 to 1942 </term>, and <term type="NE" subtype="ORGANIZATION"> Mars Hill College </term> from <term type="NE" subtype="DATE"> 1942 to 1943 </term>; and</p>
        <p>Whereas, <term type="NE" subtype="PERSON"> Ike Franklin Andrews </term> enlisted in the <term type="NE" subtype="ORGANIZATION"> United States Army </term> at the age of 18 and served in the <term type="NE" subtype="MISC"> European </term> Theater during <term type="NE" subtype="MISC"> World War II </term> as a Field Artillery Forward Observer from <term type="NE" subtype="DATE"> 1943 to 1945 </term>, attaining the rank of Master Sergeant; and</p>
        <p>Whereas, <term type="NE" subtype="PERSON"> Ike Franklin Andrews </term> was wounded during the <term type="NE" subtype="MISC"> Battle of the Bulge </term> and, upon hearing that the war had ended, left his hospital bed and made his way to <term type="NE" subtype="LOCATION"> London </term>, where he stood in front of No.</p>
        <p>Whereas, <term type="NE" subtype="PERSON"> Ike Franklin Andrews </term> was awarded the Bronze Star and the Purple Heart; and</p>
        <p>Whereas, <term type="NE" subtype="PERSON"> Ike Franklin Andrews </term> married <term type="NE" subtype="PERSON"> JoAnne Johnson </term> of <term type="NE" subtype="LOCATION"> Siler City </term> on <term type="NE" subtype="DATE"> September 13, 1947 </term>, and to their union were born two daughters, <term type="NE" subtype="PERSON"> Alice Cecelia </term> and <term type="NE" subtype="PERSON"> Nina Patricia </term>; and</p>
        <p>Whereas, after serving in the army, <term type="NE" subtype="PERSON"> Ike Franklin Andrews </term> enrolled at the <term type="NE" subtype="ORGANIZATION"> University of North Carolina </term> at <term type="NE" subtype="LOCATION"> Chapel Hill </term>, earning a BS degree in <term type="NE" subtype="DATE"> 1950 </term> and a law degree in <term type="NE" subtype="DATE"> 1952 </term>; and</p>
        <p>Whereas, during his college <term type="NE" subtype="DURATION"> years </term>, <term type="NE" subtype="PERSON"> Ike Franklin Andrews </term> supported his family by selling eggs that he bought from <term type="NE" subtype="LOCATION"> Bonlee </term> area farmers to customers in <term type="NE" subtype="LOCATION"> Chapel Hill </term> and <term type="NE" subtype="LOCATION"> Carrboro </term>; and</p>
        <p>Whereas, <term type="NE" subtype="PERSON"> Ike Franklin Andrews </term> had a successful law practice that began in <term type="NE" subtype="LOCATION"> Pittsboro </term> and later moved to <term type="NE" subtype="LOCATION"> Siler City </term>; and</p>
        <p>Whereas, <term type="NE" subtype="PERSON"> Ike Franklin Andrews </term> served his profession as a member of the <term type="NE" subtype="ORGANIZATION"> North Carolina State Bar, North Carolina Bar Association </term>, <term type="NE" subtype="ORGANIZATION"> American Bar Association </term>, <term type="NE" subtype="ORGANIZATION"> District Board Association Executive Committee, North Carolina Bar Association Standing Committee on Legislation and Law Reform </term>, and the <term type="NE" subtype="ORGANIZATION"> North Carolina Judicial Council </term> from <term type="NE" subtype="DATE"> 1959 to 1961 </term>; and</p>
        <p>Whereas, <term type="NE" subtype="PERSON"> Ike Franklin Andrews </term> showed an outstanding devotion to public service, serving as the Solicitor for <term type="NE" subtype="LOCATION"> Chatham </term>, <term type="NE" subtype="ORGANIZATION"> Orange </term>, and Alamance Counties from <term type="NE" subtype="DATE"> 1961 to 1962 </term>; and</p>
        <p>Whereas, <term type="NE" subtype="PERSON"> Ike Franklin Andrews </term> served with honor and distinction in the <term type="NE" subtype="ORGANIZATION"> General Assembly </term>, serving one term in the State <term type="NE" subtype="ORGANIZATION"> Senate </term> from <term type="NE" subtype="DATE"> 1959 to 1960 </term> and four terms in the <term type="NE" subtype="ORGANIZATION"> North Carolina House of Representatives </term> from <term type="NE" subtype="DATE"> 1961 to 1963 </term> and <term type="NE" subtype="DATE"> 1967 </term> to <term type="NE" subtype="DATE"> 1972 </term>; and</p>
        <p>Whereas, <term type="NE" subtype="PERSON"> Ike Franklin Andrews </term> served as vice-chair of the <term type="NE" subtype="ORGANIZATION"> Senate Committees on Agriculture and Education </term> and as a member of the <term type="NE" subtype="ORGANIZATION"> Senate Committees on Appropriations </term>, Public Roads, <term type="NE" subtype="MISC"> Rules </term>, Retirement and Employment Security, and <term type="NE" subtype="ORGANIZATION"> University Trustees </term>, and served as chair of the <term type="NE" subtype="ORGANIZATION"> House Committees on Constitutional Amendments </term> and Rules and Operations of the <term type="NE" subtype="ORGANIZATION"> House </term>, vice-chair of the <term type="NE" subtype="ORGANIZATION"> House Committees on Conservation and Development </term>, State Government, and <term type="NE" subtype="ORGANIZATION"> University Trustees </term>, and as a member of the <term type="NE" subtype="ORGANIZATION"> House Committees on Banks and Banking </term>; Congressional Districts; Counties, Cites, and Towns; Higher Education; Insurance; Judiciary; Justices of the Peace; <term type="NE" subtype="ORGANIZATION"> Mental Health </term>; and Wildlife Resources; and</p>
        <p>Whereas, <term type="NE" subtype="PERSON"> Ike Franklin Andrews </term> was Chair of the <term type="NE" subtype="ORGANIZATION"> House Committee on Constitutional Amendments </term> during the <term type="NE" subtype="DATE"> 1969 </term> Session of the <term type="NE" subtype="ORGANIZATION"> General Assembly </term> when the committee debated bills proposing a revision of and amendments to the State's constitution; a revised constitution and five amendments were adopted by a vote of the people during the general election held <term type="NE" subtype="DATE"> November 3, 1970 </term>; and</p>
        <p>Whereas, while in the <term type="NE" subtype="ORGANIZATION"> General Assembly </term>, <term type="NE" subtype="PERSON"> Ike Franklin Andrews </term> was a staunch supporter of the interest of the <term type="NE" subtype="ORGANIZATION"> University of North Carolina </term> at <term type="NE" subtype="LOCATION"> Chapel Hill </term> during the reorganization of higher education and played a significant role in crafting the legislation establishing The <term type="NE" subtype="ORGANIZATION"> University of North Carolina </term>; and</p>
        <p>Whereas, in <term type="NE" subtype="DATE"> 1972 </term>, <term type="NE" subtype="PERSON"> Ike Franklin Andrews </term> was elected to the <term type="NE" subtype="LOCATION"> United States </term> <term type="NE" subtype="ORGANIZATION"> Congress </term> and went on to serve six terms until <term type="NE" subtype="DATE"> 1985 </term>; and</p>
        <p>Whereas, as a member of <term type="NE" subtype="ORGANIZATION"> Congress </term>, <term type="NE" subtype="PERSON"> Ike Franklin Andrews </term> served on the <term type="NE" subtype="ORGANIZATION"> House Education and Labor Committee </term> and was Chair of its Subcommittee on Human Resources and took a special interest in issues relating to aging and long-term care; and was Chair of its Subcommittee on Human Resources.</p>
        <p>Whereas, <term type="NE" subtype="PERSON"> Ike Franklin Andrews </term> found time to be active in his community, serving on the Board of Directors of the <term type="NE" subtype="ORGANIZATION"> Siler City Chamber of Commerce, Board of Trustees and Executive Committee </term> of the <term type="NE" subtype="ORGANIZATION"> Chatham Hospital </term>, <term type="NE" subtype="ORGANIZATION"> Executive Committee </term> of the <term type="NE" subtype="ORGANIZATION"> Occoneechee Council of the Boy Scouts of America </term>, and a member of the <term type="NE" subtype="ORGANIZATION"> Chatham County Civil Defense </term>; and</p>
        <p>Whereas, <term type="NE" subtype="PERSON"> Ike Franklin Andrews </term> was a member of the <term type="NE" subtype="ORGANIZATION"> First Baptist Church of Siler City </term>, where he served as chair of the <term type="NE" subtype="ORGANIZATION"> Board of Deacons </term>; and</p>
        <p>Whereas, <term type="NE" subtype="PERSON"> Ike Franklin Andrews </term> died on <term type="NE" subtype="DATE"> May 10, 2010 </term>, at the age of 84; and</p>
        <p>Whereas, <term type="NE" subtype="PERSON"> Ike Franklin Andrews </term> is survived by his wife, <term type="NE" subtype="PERSON"> JoAnne Andrews </term>; a daughter, <term type="NE" subtype="PERSON"> Alice Andrews Joyce </term>; and two grandchildren, <term type="NE" subtype="PERSON"> Kevin Joyce </term> and <term type="NE" subtype="PERSON"> Laura Joyce </term>; and</p>
        <p>Whereas, <term type="NE" subtype="PERSON"> Ike Franklin Andrews </term> will be remembered for his devotion to his family, his patriotism to his country, his commitment to public service, and his admiration and respect for his fellow man; <term type="NE" subtype="DATE"> Now </term>, therefore,</p>
        <p>Be it resolved by the <term type="NE" subtype="ORGANIZATION"> House of Representatives </term>:</p>
        <div2 type="section" n="1">
          <head>SECTION 1. The House of Representatives honors the memory of <term type="NE" subtype="PERSON"> Ike Franklin Andrews </term> and expresses the appreciation of this State and its citizens for the outstanding service he rendered his community, his State, and the nation.</head>
        </div2>
        <div2 type="section" n="2">
          <head>SECTION 2. The <term type="NE" subtype="ORGANIZATION"> House of Representatives </term> extends its deepest sympathy to the family of <term type="NE" subtype="PERSON"> Ike Franklin Andrews </term> for the loss of a beloved family member.</head>
        </div2>
        <div2 type="section" n="3">
          <head>SECTION 3. The Principal Clerk shall transmit a certified copy of this resolution to the family of <term type="NE" subtype="PERSON"> Ike Franklin Andrews </term>.</head>
        </div2>
        <div2 type="section" n="4">
          <head>SECTION 4. This resolution is effective upon adoption.</head>
        </div2>
      </div1>
    </body>
  </text>
</TEI>
