<TEI xmlns="http://www.tei-c.org/ns/1.0">
  <teiHeader xml:lang="en">
    <fileDesc>
      <titleStmt>
        <title xml:id="NC-2011-H749"><term type="NE" subtype="ORGANIZATION"> Modify State Ports Authority </term>.</title>
        <author/>
      </titleStmt>
      <editionStmt>
        <edition>v2</edition>
      </editionStmt>
      <publicationStmt>
        <pubPlace>North Carolina</pubPlace>
        <idno>NC-2011-H749</idno>
        <date>2011</date>
      </publicationStmt>
      <sourceDesc>
        <bibl>www.ncleg.net\Sessions\2011\Bills\House\HTML\H749v2.html</bibl>
      </sourceDesc>
    </fileDesc>
  </teiHeader>
  <text xml:lang="en">
    <front>
      <div1 type="abstract">
        <head>A bill to be entitled an act to ensure that the north carolina state ports authority develops businesses rather than competing with businesses; and to study a project to facilitate shipping up the cape fear river.</head>
      </div1>
    </front>
    <body>
      <div1>
        <opener>
          <salute>Thereafter, at the expiration of each stipulated term of office all appointments made by the <term type="NE" subtype="ORGANIZATION"> General Assembly </term> shall be for terms of <term type="NE" subtype="DURATION"> two years </term>. <term type="NE" subtype="DURATION"> two years </term>, except for terms expiring on or after <term type="NE" subtype="DATE"> June 30, 2011 </term>, after which appointments shall be for terms of <term type="NE" subtype="DURATION"> four years </term>.</salute>
        </opener>
        <div2 type="section" n="1">
          <head>SECTION 1. G.S.</head>
          <p>(e)The <term type="NE" subtype="ORGANIZATION"> General Assembly </term> shall appoint two persons to serve terms expiring <term type="NE" subtype="DATE"> June 30, 1983 </term>. The <term type="NE" subtype="ORGANIZATION"> General Assembly </term> shall appoint four persons to serve terms <term type="NE" subtype="DATE"> beginning July 1, 1983 </term>, to serve until <term type="NE" subtype="DATE"> June 30, 1985 </term>, and successors shall serve for <term type="NE" subtype="DURATION"> two-year </term> terms. Of the two appointments to be made in <term type="NE" subtype="DATE"> 1982 </term>, one shall be made upon the recommendation of the Speaker, and one shall be made upon the recommendation of the President of the <term type="NE" subtype="ORGANIZATION"> Senate </term>. Of the four appointments made in <term type="NE" subtype="DATE"> 1983 </term> and biennially thereafter, two shall be made upon the recommendation of the President of the <term type="NE" subtype="ORGANIZATION"> Senate </term>, and two shall be made upon the recommendation of the Speaker.</p>
          <p>(1)Of the members appointed upon the recommendation of the Speaker to replace the members whose terms expire on <term type="NE" subtype="DATE"> June 30, 1991 </term>, one member shall be appointed to a term of <term type="NE" subtype="DURATION"> one year </term>, to expire on <term type="NE" subtype="DATE"> June 30, 1992 </term>; the other member shall be appointed to a term of <term type="NE" subtype="DURATION"> two years </term>, to expire on <term type="NE" subtype="DATE"> June 30, 1993 </term>;</p>
          <p>(2)Of the members appointed upon the recommendation of the President of the <term type="NE" subtype="ORGANIZATION"> Senate </term> to replace the members whose terms expire on <term type="NE" subtype="DATE"> June 30, 1991 </term>, one member shall be appointed to a term of <term type="NE" subtype="DURATION"> one year </term>, to expire on <term type="NE" subtype="DATE"> June 30, 1992 </term>; the other member shall be appointed to a term of <term type="NE" subtype="DURATION"> two years </term>, to expire on <term type="NE" subtype="DATE"> June 30, 1993 </term>. Successors to these persons for terms beginning on or after <term type="NE" subtype="DATE"> January 1, 1997 </term>, shall be appointed by the <term type="NE" subtype="ORGANIZATION"> General Assembly </term> upon the recommendation of the President Pro Tempore of the <term type="NE" subtype="ORGANIZATION"> Senate </term>.</p>
        </div2>
        <div2 type="section" n="2">
          <head>SECTION 2. G.S.</head>
          <p>
            <hi rend="underlined">(i)</hi>
            <hi rend="underlined">No member of the <term type="NE" subtype="ORGANIZATION"> Authority </term> shall serve more than 12 consecutive <term type="NE" subtype="DURATION"> years </term>.</hi>
          </p>
        </div2>
        <div2 type="section" n="3">
          <head>SECTION 3. G.S.</head>
          <p>&#167; 143B-453. Purposes of <term type="NE" subtype="ORGANIZATION"> Authority </term>.</p>
          <p>Through the <term type="NE" subtype="ORGANIZATION"> Authority </term> hereinbefore created, the State of <term type="NE" subtype="LOCATION"> North Carolina </term> may engage in promoting, developing, constructing, equipping, maintaining and operating the harbors and seaports within the State, or within the jurisdiction of the State, and works of internal improvements incident thereto, including the acquisition or construction, maintenance and operation at such seaports or harbors of watercraft and highways and bridges thereon or essential for the proper operation thereof.</p>
          <p>(1)To develop and improve the harbors or seaports at <term type="NE" subtype="LOCATION"> Wilmington </term>, <term type="NE" subtype="LOCATION"> Morehead City </term> and <term type="NE" subtype="LOCATION"> Southport </term>, <term type="NE" subtype="LOCATION"> North Carolina </term>, and such other places, including inland ports and facilities, as may be deemed feasible for a more expeditious and efficient handling of waterborne commerce from and to any place or places in the <term type="NE" subtype="LOCATION"> State of North Carolina </term> and other states and foreign countries.</p>
          <p>(2)To acquire, construct, equip, maintain, develop and improve the port facilities at said ports and to improve such portions of the waterways thereat as are within the jurisdiction of the federal government.</p>
          <p>(3)To foster and stimulate the shipment of freight and commerce through said ports, whether originating within or without the State of <term type="NE" subtype="LOCATION"> North Carolina </term>, including the investigation and handling of matters pertaining to all transportation rates and rate structures affecting the same.</p>
          <p>(4)To cooperate with the <term type="NE" subtype="LOCATION"> United States of America </term> and any agency, department, corporation or instrumentality thereof in the maintenance, development, improvement and use of said harbors and seaports in connection with and in furtherance of the war operations and needs of the <term type="NE" subtype="LOCATION"> United States </term>.</p>
          <p>(5)To accept funds from any of said counties or cities wherein said ports are located and to use the same in such manner, within the purposes of said <term type="NE" subtype="ORGANIZATION"> Authority </term>, as shall be stipulated by the said county or city, and to act as agent or instrumentality, of any of said counties or cities in any matter coming within the general purposes of said <term type="NE" subtype="ORGANIZATION"> Authority </term>.</p>
          <p>(6)To act as agent for the <term type="NE" subtype="LOCATION"> United States of America </term>, or any agency, department, corporation or instrumentality thereof, in any matter coming within the purposes or powers of the <term type="NE" subtype="ORGANIZATION"> Authority </term>.</p>
          <p>(7)And in general to do and perform any act or function which may tend or be useful toward the development and improvement of harbors, seaports and inland ports of the State of <term type="NE" subtype="LOCATION"> North Carolina </term>, and to increase the movement of waterborne commerce, foreign and domestic, to, through, and from such harbors and ports.</p>
          <p>The enumeration of the above purposes shall not limit or circumscribe the broad objective of developing to the utmost the port possibilities of the State of <term type="NE" subtype="LOCATION"> North Carolina </term>.<hi rend="underlined">In carrying out its purposes, the <term type="NE" subtype="ORGANIZATION"> Authority </term> shall primarily foster and stimulate private industry rather than actively compete with private industry.</hi></p>
        </div2>
        <div2 type="section" n="4">
          <head>SECTION 4. G.S.</head>
          <p>&#167; 143B-455. Approval of acquisition and disposition of real property.</p>
          <p>Any transactions relating to the acquisition or disposition of real property or any estate or interest in real property, by the <term type="NE" subtype="ORGANIZATION"> North Carolina State Ports Authority </term>, shall be subject to prior review by the Governor and <term type="NE" subtype="ORGANIZATION"> Council of State </term>, and shall become effective only after the same has been approved by the Governor and <term type="NE" subtype="ORGANIZATION"> Council of State </term>. Upon the acquisition of real property or other estate therein, by the <term type="NE" subtype="ORGANIZATION"> North Carolina State Ports Authority </term>, the fee title or other estate shall vest in and the instrument of conveyance shall name the <term type="NE" subtype="ORGANIZATION"> North Carolina State Ports Authority </term> as grantee, lessee, or transferee. Upon the disposition of real property or any interest or estate therein, the instrument of conveyance or transfer shall be executed by the <term type="NE" subtype="ORGANIZATION"> North Carolina State Ports Authority </term>. The approval of any transaction by the Governor and <term type="NE" subtype="ORGANIZATION"> Council of State </term> may be evidenced by a duly certified copy of excerpt of <term type="NE" subtype="DURATION"> minutes </term> of the meeting of the Governor and <term type="NE" subtype="ORGANIZATION"> Council of State </term>, attested by the private secretary to the Governor or the Governor, reciting such approval, affixed to the instrument of acquisition or transfer, and said certificate may be recorded as a part thereof, and the same shall be conclusive evidence of review and approval of the subject transaction by the <term type="NE" subtype="ORGANIZATION"> Governor and Council of State </term>.<hi rend="underlined">or she</hi>deems advisable, and he may likewise delegate the review and approval of the severance of buildings and timber from the land.<hi rend="underlined">Additionally, the <term type="NE" subtype="ORGANIZATION"> North Carolina State Ports Authority </term> is subject to G.S.146-29. 1 and shall report in detail all transactions relating to the acquisition or disposition of real property or any estate or interest in real property to the <term type="NE" subtype="ORGANIZATION"> Joint Legislative Commission on Governmental Operations </term>.</hi></p>
        </div2>
        <div2 type="section" n="5">
          <head>SECTION 5. G.S.143B-457 is repealed.</head>
        </div2>
        <div2 type="section" n="6">
          <head>SECTION 6. G.S.</head>
          <p>&#167; 143B-465.<hi rend="underlined">services,</hi>supplies, material and equipment and building contracts.</p>
          <p>(a)All of the provisions of Article 3 of Chapter 143 of the General Statutes relating to the purchase of<hi rend="underlined">services,</hi>supplies, material and equipment by the State government are hereby made applicable to the North Carolina State Ports Authority.</p>
          <p>(b)All of the provisions of Chapter 143 of the General Statutes relating to public building contracts are hereby made applicable to the <term type="NE" subtype="ORGANIZATION"> North Carolina State Ports Authority </term> for those construction projects which may be funded, in whole or in part, by appropriations from the <term type="NE" subtype="ORGANIZATION"> General Assembly </term>.</p>
          <p>(c)Notwithstanding subsections (a)and (b)of this section, if the <term type="NE" subtype="ORGANIZATION"> North Carolina State Ports Authority </term> finds that the delivery of a particular port facility must be expedited for good cause, the <term type="NE" subtype="ORGANIZATION"> Authority </term> shall be exempt from the following statutes, and rules implementing those statutes, to the extent necessary to expedite delivery: G.S.133-1. 1 (g), G.S.143-128 (a)through (e), G.S.143-132, and G.S.143-135. 26.<hi rend="strikethrough">Administration.</hi><hi rend="underlined">Administration and to the individual members of the <term type="NE" subtype="ORGANIZATION"> Authority </term>'s board.</hi>The notice shall contain, at a minimum, the following information: (i) the specific statutory requirement or requirements from which the Authority intends to exercise an exemption; (ii) the reason the exemption is necessary to expedite delivery of a port facility; and (iii) the way the Authority anticipates the exemption will expedite the delivery of a port facility.<hi rend="underlined">The Executive Director shall report to the <term type="NE" subtype="ORGANIZATION"> Authority </term>'s board at each meeting of the board on any contracts to which an exemption authorized by this section was applied since the last meeting of the <term type="NE" subtype="ORGANIZATION"> Authority </term>'s board.</hi>The Authority shall report quarterly to the Joint Legislative Commission on Governmental Operations on any building contracts exceeding two hundred fifty thousand dollars ($250,000) to which an exemption authorized by this subsection is applied.</p>
        </div2>
        <div2 type="section" n="7">
          <head>SECTION 7.</head>
          <p>
            <hi rend="underlined">&#167; 143B-468. Publication of information related to contracts not covered in <term type="NE" subtype="ORGANIZATION"> Authority </term>'s published tariff.</hi>
          </p>
          <p>
            <hi rend="underlined">(a)</hi>
            <hi rend="underlined">In order to foster competition with other service providers, the <term type="NE" subtype="ORGANIZATION"> North Carolina State Ports Authority </term> shall publish, for any services not otherwise provided by the <term type="NE" subtype="ORGANIZATION"> Authority </term>'s latest published tariff, requests for contracts with the <term type="NE" subtype="ORGANIZATION"> Authority </term> and contracts bid by the <term type="NE" subtype="ORGANIZATION"> Authority </term>, including the name of the vendor requesting a contract or vendor for which the <term type="NE" subtype="ORGANIZATION"> Authority </term> is bidding, the cost of services requested or bid, and the date the parties are to enter into a contract.</hi>
          </p>
          <p>
            <hi rend="underlined">(b)</hi>
            <hi rend="underlined">The requests and bids covered by this section shall be published upon the Web site of the <term type="NE" subtype="ORGANIZATION"> Authority </term> within <term type="NE" subtype="DURATION"> 48 hours </term> of submission to the <term type="NE" subtype="ORGANIZATION"> Authority </term>. The <term type="NE" subtype="ORGANIZATION"> Authority </term> shall also publish an <term type="NE" subtype="SET"> annual </term> report of contract activity that consists of all requests and bids covered by this section within a given <term type="NE" subtype="DURATION"> year </term>.</hi>
          </p>
          <p>
            <hi rend="underlined">(c)</hi>
            <hi rend="underlined">This section shall not apply to bids received by the <term type="NE" subtype="ORGANIZATION"> Authority </term>.</hi>
          </p>
        </div2>
        <div2 type="section" n="8">
          <head>SECTION 8.</head>
          <p>
            <hi rend="underlined">&#167; 143B-468. 1. Approval of certain service contracts.</hi>
          </p>
          <p>
            <hi rend="underlined">Any contract for services published in the <term type="NE" subtype="ORGANIZATION"> Authority </term>'s tariff for which the price deviates more than <term type="NE" subtype="PERCENT"> twenty percent </term> (<term type="NE" subtype="PERCENT"> 20 % </term>)from the published tariff rate must be approved by the <term type="NE" subtype="ORGANIZATION"> Council of State </term> prior to the <term type="NE" subtype="ORGANIZATION"> Authority </term> entering into the contract. The <term type="NE" subtype="ORGANIZATION"> Authority </term> shall report <term type="NE" subtype="SET"> quarterly </term> to the <term type="NE" subtype="ORGANIZATION"> Joint Legislative Commission on Governmental Operations </term> on any contracts required to be approved by the <term type="NE" subtype="ORGANIZATION"> Council of State </term> under this section.</hi>
          </p>
        </div2>
        <div2 type="section" n="9">
          <head>SECTION 9. Relocation of Power Lines Study. - The <term type="NE" subtype="ORGANIZATION"> Legislative Research Commission </term> shall study the cost and feasibility of burying or raising the power lines that <term type="NE" subtype="DATE"> currently </term> extend across the <term type="NE" subtype="LOCATION"> Cape Fear River </term> from <term type="NE" subtype="ORGANIZATION"> Progress Energy </term>'s <term type="NE" subtype="LOCATION"> Brunswick Nuclear Plant </term> toward <term type="NE" subtype="PERSON"> Castle Hayne </term> so as to allow ocean-going vessels to travel <term type="NE" subtype="DATE"> past </term> the point that the power lines cross the river. In conducting the study, the <term type="NE" subtype="ORGANIZATION"> Commission </term> shall consider methods to help <term type="NE" subtype="ORGANIZATION"> Progress Energy </term> move the power lines in a manner that maximizes the use of the <term type="NE" subtype="LOCATION"> Cape Fear River </term> for commerce, including, but not limited to, grants to <term type="NE" subtype="ORGANIZATION"> Progress Energy </term> using the proceeds from the sale of unused <term type="NE" subtype="ORGANIZATION"> State Ports Authority </term> land. In conducting the study, the <term type="NE" subtype="ORGANIZATION"> Commission </term> shall compare the costs of moving the power lines to the economic benefit to the State from increased shipping up the <term type="NE" subtype="LOCATION"> Cape Fear River </term>. The costs of the study shall be paid by the <term type="NE" subtype="ORGANIZATION"> North Carolina State Ports Authority </term>.</head>
        </div2>
        <div2 type="section" n="10">
          <head>SECTION 10. Sections 1 through 8 of this act become effective <term type="NE" subtype="DATE"> October 1, 2011 </term>. The remainder of this act is effective when it becomes law.</head>
        </div2>
      </div1>
    </body>
  </text>
</TEI>
