<TEI xmlns="http://www.tei-c.org/ns/1.0">
  <teiHeader xml:lang="en">
    <fileDesc>
      <titleStmt>
        <title xml:id="NC-2011-S874">Arts Education as a Graduation Requirement.</title>
        <author/>
      </titleStmt>
      <editionStmt>
        <edition>v0</edition>
      </editionStmt>
      <publicationStmt>
        <pubPlace>North Carolina</pubPlace>
        <idno>NC-2011-S874</idno>
        <date>2011</date>
      </publicationStmt>
      <sourceDesc>
        <bibl>www.ncleg.net\Sessions\2011\Bills\Senate\HTML\S874v0.html</bibl>
      </sourceDesc>
    </fileDesc>
  </teiHeader>
  <text xml:lang="en">
    <front>
      <div1 type="abstract">
        <head>A bill to be entitled an act directing the state board of education to require one arts education credit for graduation from high school, as recommended by the arts education commission.</head>
      </div1>
    </front>
    <body>
      <div1>
        <opener>
          <salute>The <term type="NE" subtype="ORGANIZATION"> General Assembly of North Carolina </term> enacts:</salute>
        </opener>
        <div2 type="section" n="1">
          <head>SECTION 1. The <term type="NE" subtype="ORGANIZATION"> State Board of Education </term> shall modify the <term type="NE" subtype="ORGANIZATION"> State </term> high school graduation requirements to include one required credit in arts education.</head>
          <p>The <term type="NE" subtype="ORGANIZATION"> State Board of Education </term> shall implement this high school arts education requirement beginning with students entering the <term type="NE" subtype="ORDINAL"> ninth </term> grade in <term type="NE" subtype="DATE"> 2015 </term>.</p>
        </div2>
        <div2 type="section" n="2">
          <head>SECTION 2.</head>
          <p>(1)Establish procedures and a time line for a phased-in implementation of arts education requirement.</p>
          <p>(2)Establish equitable staffing allocations to address small and low-wealth school systems.</p>
          <p>(3)Report to the <term type="NE" subtype="ORGANIZATION"> General Assembly </term> on funding requirements.</p>
        </div2>
        <div2 type="section" n="3">
          <head>SECTION 3. It is the intent of the <term type="NE" subtype="ORGANIZATION"> General Assembly </term> to provide designated additional, categorical funding allotments for arts education positions at the high school level.</head>
        </div2>
        <div2 type="section" n="4">
          <head>SECTION 4. This act is effective when it becomes law.</head>
        </div2>
      </div1>
    </body>
  </text>
</TEI>
