<TEI xmlns="http://www.tei-c.org/ns/1.0">
  <teiHeader xml:lang="en">
    <fileDesc>
      <titleStmt>
        <title xml:id="NC-2011-S8"/>
        <author> Speaker Pro Tempore of the House of Representatives</author>
      </titleStmt>
      <editionStmt>
        <edition>v8</edition>
      </editionStmt>
      <publicationStmt>
        <pubPlace>North Carolina</pubPlace>
        <idno>NC-2011-S8</idno>
        <date>2011</date>
      </publicationStmt>
      <sourceDesc>
        <bibl>www.ncleg.net\Sessions\2011\Bills\Senate\HTML\S8v8.html</bibl>
      </sourceDesc>
    </fileDesc>
  </teiHeader>
  <text xml:lang="en">
    <front>
      <div1 type="abstract">
        <head>A bill to be entitled an act to remove the cap on charter schools; to allow state board of education discretion in granting final approval of charter school applications; to raise the enrollment growth cap to<term type="NE" subtype="PERCENT"><term type="NE" subtype="PERCENT"> twenty percent </term></term>; to permit charter schools to charge fees charged by the local school administrative unit; to strengthen the standards for retaining a charter for a charter school; and to require the state board of education to report to the general assembly on charter schools.</head>
      </div1>
    </front>
    <body>
      <div1>
        <opener>
          <salute>The <term type="NE" subtype="ORGANIZATION"> General Assembly of North Carolina </term> enacts:</salute>
        </opener>
        <div2 type="section" n="1">
          <head>SECTION 1. G.S.115C-238.</head>
          <p>(a)The State Board<hi rend="strikethrough">shall</hi><hi rend="underlined">may</hi>grant final approval of an application if it finds that the application meets the requirements set out in this Part or adopted by the State Board of Education and that granting the application would achieve one or more of the purposes set out in G.S.115C-238.29A. The State Board shall act by March 15 of a calendar year on all applications and appeals it receives prior to February 15 of that calendar year.</p>
        </div2>
        <div2 type="section" n="2">
          <head>SECTION 2. (a)G.S.115C-238. 29D (b)is repealed.</head>
        </div2>
        <div2 type="section" n="3">
          <head>SECTION 2. (b)G.S.115C-105.</head>
          <p>(a)Notwithstanding any other provision of this Article, the <term type="NE" subtype="ORGANIZATION"> State Board of Education </term> is authorized to approve a local board of education's request to reform any school in its administrative unit which the <term type="NE" subtype="ORGANIZATION"> State Board of Education </term> has identified as one of the continually low-performing schools in <term type="NE" subtype="LOCATION"> North Carolina </term>.</p>
          <p>If the <term type="NE" subtype="ORGANIZATION"> State Board of Education </term> approves a local board of education's request to reform a school, the <term type="NE" subtype="ORGANIZATION"> State Board of Education </term> may authorize the local board of education to adopt one of the following models in accordance with <term type="NE" subtype="ORGANIZATION"> State Board of Education </term> requirements:</p>
          <p>&#8230;</p>
          <p>(2)Restart model, in which the <term type="NE" subtype="ORGANIZATION"> State Board of Education </term> would authorize the local board of education to operate the school with the same exemptions from statutes and rules as a charter school authorized under Part 6A of Article 16 of this Chapter, or under the management of an educational management organization that has been selected through a rigorous review process. A school operated under this subdivision remains under the control of the local board of education, and employees assigned to the school are employees of the local school administrative unit with the protections provided by G.S.115C-325.<hi rend="strikethrough">This subdivision shall not be interpreted to increase the maximum number of charter schools provided in G.S.115C-238. 29D (b). No school authorized under this subsection shall count against the limit provided for charter schools in G.S.115C-238. 29D (b).</hi></p>
        </div2>
        <div2 type="section" n="4">
          <head>SECTION 3. G.S.115C-238.</head>
          <p>(d)The <term type="NE" subtype="ORGANIZATION"> State Board of Education </term> may grant the initial charter for a period not to exceed <term type="NE" subtype="DURATION"> 10 years </term> and may renew the charter upon the request of the chartering entity for subsequent periods not to exceed <term type="NE" subtype="DURATION"> 10 years </term> each. The <term type="NE" subtype="ORGANIZATION"> State Board of Education </term> shall review the operations of each charter school at least <term type="NE" subtype="DATE"> once </term> <term type="NE" subtype="SET"> every five years </term> to ensure that the school is meeting the expected academic, financial, and governance standards.</p>
          <p>A material revision of the provisions of a charter application shall be made only upon the approval of the <term type="NE" subtype="ORGANIZATION"> State Board of Education </term>.</p>
          <p>It shall not be considered a material revision of a charter application and shall not require the prior approval of the <term type="NE" subtype="ORGANIZATION"> State Board </term> for a charter school to increase its enrollment during the charter school's <term type="NE" subtype="DATE"> second year </term> of operation and <term type="NE" subtype="SET"> annually </term> thereafter (i)by up to<hi rend="strikethrough">ten</hi><hi rend="underlined">twenty</hi>percent<hi rend="strikethrough">(<term type="NE" subtype="PERCENT"> 10 % </term>)</hi><hi rend="underlined">(<term type="NE" subtype="PERCENT"> 20 % </term>)</hi>of the school's previous year's enrollment or (ii) in accordance with planned growth as authorized in the charter. Other enrollment growth shall be considered a material revision of the charter application, and the State Board may approve such additional enrollment growth of greater than<hi rend="strikethrough">ten</hi><hi rend="underlined">twenty</hi>percent<hi rend="strikethrough">(<term type="NE" subtype="PERCENT"> 10 % </term>)</hi><hi rend="underlined">(<term type="NE" subtype="PERCENT"> 20 % </term>)</hi>only if the State Board finds that:</p>
          <p>(1)The actual enrollment of the charter school is within <term type="NE" subtype="PERCENT"> ten percent </term> (<term type="NE" subtype="PERCENT"> 10 % </term>)of its maximum authorized enrollment;</p>
          <p>(2)The charter school has commitments for <term type="NE" subtype="PERCENT"> ninety percent </term> (<term type="NE" subtype="PERCENT"> 90 % </term>)of the requested maximum growth;</p>
          <p>(3)The board of education of the local school administrative unit in which the charter school is located has had an opportunity to be heard by the <term type="NE" subtype="ORGANIZATION"> State Board of Education </term> on any adverse impact the proposed growth would have on the unit's ability to provide a sound basic education to its students;</p>
          <p>(4)The charter school is not <term type="NE" subtype="DATE"> currently </term> identified as low-performing;</p>
          <p>(5)The charter school meets generally accepted standards of fiscal management; and</p>
          <p>(6)It is otherwise appropriate to approve the enrollment growth.</p>
        </div2>
        <div2 type="section" n="5">
          <head>SECTION 4. G.S.115C-238.</head>
          <p>(b)School Nonsectarian.<hi rend="strikethrough">fees.</hi><hi rend="underlined">fees, except that a charter school may charge any fees that are charged by the local school administrative unit in which the charter school is located.</hi>A charter school shall not be affiliated with a nonpublic sectarian school or a religious institution.</p>
        </div2>
        <div2 type="section" n="6">
          <head>SECTION 5. G.S.115C-238.</head>
          <p>
            <hi rend="underlined">(a1)</hi>
            <hi rend="underlined">The <term type="NE" subtype="ORGANIZATION"> State Board </term> shall adopt criteria for adequate performance by a charter school and shall identify charter schools with inadequate performance. The criteria shall include a requirement that a charter school which demonstrates no growth in student performance and has <term type="NE" subtype="SET"> annual </term> performance composites below <term type="NE" subtype="PERCENT"> sixty percent </term> (<term type="NE" subtype="PERCENT"> 60 % </term>)in any <term type="NE" subtype="DURATION"> two years </term> in a <term type="NE" subtype="DURATION"> three-year </term> period is inadequate.</hi>
          </p>
          <p>
            <hi rend="underlined">(1)</hi>
            <hi rend="underlined">If a charter school is inadequate in <term type="NE" subtype="DURATION"> the first five years </term> of the charter, the charter school shall develop a strategic plan to meet specific goals for student performance that are consistent with <term type="NE" subtype="ORGANIZATION"> State Board </term> criteria and the mission approved in the charter school. The strategic plan shall be reviewed and approved by the <term type="NE" subtype="ORGANIZATION"> State Board </term>. The <term type="NE" subtype="ORGANIZATION"> State Board </term> is authorized to terminate or not renew a charter for failure to demonstrate improvement under the strategic plan.</hi>
          </p>
          <p>
            <hi rend="underlined">(2)</hi>
            <hi rend="underlined">If a charter school is inadequate and has had a charter for <term type="NE" subtype="DURATION"> more than five years </term>, the <term type="NE" subtype="ORGANIZATION"> State Board </term> is authorized to terminate or not renew the charter.</hi>
            <hi rend="underlined"> </hi>
          </p>
        </div2>
        <div2 type="section" n="7">
          <head>SECTION 6. The <term type="NE" subtype="ORGANIZATION"> State Board of Education </term> shall submit a preliminary report and a final report to the <term type="NE" subtype="ORGANIZATION"> General Assembly </term> on the implementation of this act, including (i)the creation, composition, and function of an advisory committee; (ii)the charter school application process; (iii)a profile of applicants and the basis for acceptance or rejection; and (iv)resources required at the State level for implementation of the charter school laws in Part 6A of Article 16 of Chapter 115C of the <term type="NE" subtype="ORGANIZATION"> North Carolina General Statutes </term>. The preliminary report shall be submitted by <term type="NE" subtype="DATE"> May 10, 2012 </term>, and the final report shall be submitted by <term type="NE" subtype="DATE"> June 11, 2012 </term>.</head>
          <p>SECTION 7. This act becomes effective <term type="NE" subtype="DATE"> July 1, 2011 </term>.</p>
          <p>In the <term type="NE" subtype="ORGANIZATION"> General Assembly </term> read three times and ratified <term type="NE" subtype="DATE"> this the 13th day of June, 2011 </term>.</p>
          <p>s/<term type="NE" subtype="PERSON"> Walter H </term>.</p>
          <p>President of the <term type="NE" subtype="ORGANIZATION"> Senate </term></p>
          <p>s/<term type="NE" subtype="PERSON"> Dale R </term>.</p>
          <p>Speaker Pro Tempore of the House of Representatives</p>
          <p>s/Beverly E.</p>
          <p>Governor</p>
          <p>Approved <term type="NE" subtype="TIME"> 5:09 </term> p. m.</p>
        </div2>
      </div1>
    </body>
  </text>
</TEI>
