<TEI xmlns="http://www.tei-c.org/ns/1.0">
  <teiHeader xml:lang="en">
    <fileDesc>
      <titleStmt>
        <title xml:id="NC-2011-H717">Private Mortgage Insurance Premiums.</title>
        <author>Representative Wray (Primary Sponsor). </author>
      </titleStmt>
      <editionStmt>
        <edition>v1</edition>
      </editionStmt>
      <publicationStmt>
        <pubPlace>North Carolina</pubPlace>
        <idno>NC-2011-H717</idno>
        <date>2011</date>
      </publicationStmt>
      <sourceDesc>
        <bibl>www.ncleg.net\Sessions\2011\Bills\House\HTML\H717v1.html</bibl>
      </sourceDesc>
    </fileDesc>
  </teiHeader>
  <text xml:lang="en">
    <front>
      <div1 type="abstract">
        <head>A bill to be entitled an act to exclude any private mortgage insurance premiums in excess of one and<term type="NE" subtype="PERCENT"><term type="NE" subtype="PERCENT"> one-quarter percent </term></term>of the loan amount from the definition of points and fees in high-cost home loans.</head>
      </div1>
    </front>
    <body>
      <div1>
        <opener>
          <salute>The <term type="NE" subtype="ORGANIZATION"> General Assembly of North Carolina </term> enacts:</salute>
        </opener>
        <div2 type="section" n="1">
          <head>SECTION 1. G.S.24-1.</head>
          <p>(5)'Points and fees is defined as provided in this subdivision.</p>
          <p>a.</p>
          <p>1. All items paid by a borrower at or before closing and that are required to be disclosed under sections 226. 4 (a)and 226. 4 (b)of Title 12 of the Code of Federal Regulations, as amended from time to time, except interest or the time-price differential. However, the meaning of the term points and fees shall not include either (i)the portion of the up-front fees collected and paid to the <term type="NE" subtype="ORGANIZATION"> Federal Housing Administration </term>, the <term type="NE" subtype="ORGANIZATION"> Veterans' Administration </term>, or the U.S.<term type="NE" subtype="ORGANIZATION"> Department of Agriculture </term> to insure or guarantee a home loan that exceeds one and <term type="NE" subtype="PERCENT"> one-quarter percent </term> (1. <term type="NE" subtype="PERCENT"> 25 % </term>)of the total loan amount or (ii)the portion of any up-front private mortgage insurance premium, charge, or fee that exceeds one and <term type="NE" subtype="PERCENT"> one-quarter percent </term> (1.<hi rend="strikethrough">amount, provided that the private mortgage insurance premium, charge or fee is required to be refundable on a prorated basis, the refund is automatically issued upon notification of the satisfaction of the underlying mortgage loan, and the borrower has the right to request or receive a prorated refund in accordance with state or federal law.</hi><hi rend="underlined">amount.</hi></p>
          <p>.&#8230;</p>
        </div2>
        <div2 type="section" n="2">
          <head>SECTION 2. This act becomes effective <term type="NE" subtype="DATE"> October 1, 2011 </term>.</head>
        </div2>
      </div1>
    </body>
  </text>
</TEI>
