<TEI xmlns="http://www.tei-c.org/ns/1.0">
  <teiHeader xml:lang="en">
    <fileDesc>
      <titleStmt>
        <title xml:id="NC-2015-H503"><term type="NE" subtype="ORGANIZATION"> Allow Moore Co </term>. Commissioners to Redistrict.</title>
        <author>Representatives Boles and McNeill (Primary Sponsors). </author>
      </titleStmt>
      <editionStmt>
        <edition>v1</edition>
      </editionStmt>
      <publicationStmt>
        <pubPlace>North Carolina</pubPlace>
        <idno>NC-2015-H503</idno>
        <date>2015</date>
      </publicationStmt>
      <sourceDesc>
        <bibl>www.ncleg.net\Sessions\2015\Bills\House\HTML\H503v1.html</bibl>
      </sourceDesc>
    </fileDesc>
  </teiHeader>
  <text xml:lang="en">
    <front>
      <div1 type="abstract">
        <head>A bill to be entitled an act to allow the moore county board of commissioners to redistrict their residency districts.</head>
      </div1>
    </front>
    <body>
      <div1>
        <opener>
          <salute>The <term type="NE" subtype="ORGANIZATION"> General Assembly of North Carolina </term> enacts:</salute>
        </opener>
        <div2 type="section" n="1">
          <head>SECTION 1. G.S.153A-22. 1, as enacted by Chapter 215 of the <term type="NE" subtype="DATE"> 1995 </term> <term type="NE" subtype="MISC"> Session Laws </term>, and as rewritten by S.L.1998-175 and S.L.</head>
          <p>&#167; 153A-22. 1. Redefining residency district boundaries.</p>
          <p>&#8230;</p>
          <p>
            <hi rend="underlined">(b1)</hi>
            <hi rend="underlined">If a county is divided into residency districts, the board of county commissioners may find as a fact whether the residency districts negatively impact compactness, contiguity, or respect for political subdivisions or communities of interest among the districts. If the board finds there is substantial negative impact among the districts, it may, by resolution, redefine the residency districts to address the identified negative impact.</hi>
          </p>
          <p>&#8230;.</p>
        </div2>
        <div2 type="section" n="2">
          <head>SECTION 2. This act applies to <term type="NE" subtype="LOCATION"> Moore County </term> only.</head>
        </div2>
        <div2 type="section" n="3">
          <head>SECTION 3. This act is effective when it becomes law.</head>
        </div2>
      </div1>
    </body>
  </text>
</TEI>
