<TEI xmlns="http://www.tei-c.org/ns/1.0">
  <teiHeader xml:lang="en">
    <fileDesc>
      <titleStmt>
        <title xml:id="NC-2007-H1544"><term type="NE" subtype="MISC"> Medicaid Dental Reimb Rate </term>.</title>
        <author>Representative Allen. </author>
      </titleStmt>
      <editionStmt>
        <edition>v0</edition>
      </editionStmt>
      <publicationStmt>
        <pubPlace>North Carolina</pubPlace>
        <idno>NC-2007-H1544</idno>
        <date>2007</date>
      </publicationStmt>
      <sourceDesc>
        <bibl>www.ncleg.net\Sessions\2007\Bills\House\HTML\H1544v0.html</bibl>
      </sourceDesc>
    </fileDesc>
  </teiHeader>
  <text xml:lang="en">
    <front>
      <div1 type="abstract">
        <head>A bill to be entitled an act to appropriate funds to increase dental rates under medicaid.</head>
      </div1>
    </front>
    <body>
      <div1>
        <opener>
          <salute>The <term type="NE" subtype="ORGANIZATION"> General Assembly of North Carolina </term> enacts:</salute>
        </opener>
        <div2 type="section" n="1">
          <head>SECTION 1. There is appropriated from the <term type="NE" subtype="ORGANIZATION"> General Fund </term> to the <term type="NE" subtype="ORGANIZATION"> Department of Health and Human Services </term>, Division of Medical Assistance, the sum of <term type="NE" subtype="MONEY"> five million dollars </term> (<term type="NE" subtype="MONEY"> $ 5,000,000 </term>)for the <term type="NE" subtype="DURATION"> 2007-2008 </term> fiscal <term type="NE" subtype="DURATION"> year </term> and the sum of <term type="NE" subtype="MONEY"> five million dollars </term> (<term type="NE" subtype="MONEY"> $ 5,000,000 </term>)for the <term type="NE" subtype="DURATION"> 2008-2009 </term> fiscal <term type="NE" subtype="DURATION"> year </term>. These funds shall be used to increase dental rates under the State Medical Assistance Plan.</head>
        </div2>
        <div2 type="section" n="2">
          <head>SECTION 2. This act becomes effective <term type="NE" subtype="DATE"> July 1, 2007 </term>.</head>
        </div2>
      </div1>
    </body>
  </text>
</TEI>
