<TEI xmlns="http://www.tei-c.org/ns/1.0">
  <teiHeader xml:lang="en">
    <fileDesc>
      <titleStmt>
        <title xml:id="NC-2009-S897">Appropriations Act of <term type="NE" subtype="DATE"> 2009 </term>.</title>
        <author/>
      </titleStmt>
      <editionStmt>
        <edition>v1</edition>
      </editionStmt>
      <publicationStmt>
        <pubPlace>North Carolina</pubPlace>
        <idno>NC-2009-S897</idno>
        <date>2009</date>
      </publicationStmt>
      <sourceDesc>
        <bibl>www.ncleg.net\Sessions\2009\Bills\Senate\HTML\S897v1.html</bibl>
      </sourceDesc>
    </fileDesc>
  </teiHeader>
  <text xml:lang="en">
    <front>
      <div1 type="abstract">
        <head>A bill to be entitled an act</head>
      </div1>
    </front>
    <body>
      <div1>
        <opener>
          <salute>The <term type="NE" subtype="ORGANIZATION"> General Assembly of North Carolina </term> enacts:<p>PART i.</p><p>INTRODUCTION</p></salute>
        </opener>
        <div2 type="section" n="1">
          <head>SECTION 1. 1. The appropriations made in this act are for maximum amounts necessary to provide the services and accomplish the purposes described in the budget in accordance with the State Budget Act. Savings shall be affected where the total amounts appropriated are not required to perform these services and accomplish these purposes, and the savings shall revert to the appropriate fund at the end of each fiscal <term type="NE" subtype="DURATION"> year </term>, except as otherwise provided by law.</head>
          <p>TITLE OF ACT</p>
        </div2>
        <div2 type="section" n="2">
          <head>SECTION 1. 2. This act shall be known as the <term type="NE" subtype="DATE"> Current </term> Operations and Capital Improvements Appropriations Act of <term type="NE" subtype="DATE"> 2009 </term>.</head>
          <p>PART iI.</p>
          <p><term type="NE" subtype="DATE"> CURRENT </term> OPERATIONS AND EXPANSION/GENERAL FUND</p>
        </div2>
        <div2 type="section" n="3">
          <head>SECTION 2. 1.</head>
          <p>GENERAL FUND AVAILABILITY STATEMENT</p>
        </div2>
        <div2 type="section" n="4">
          <head>SECTION 2. 2.</head>
          <p>PART iII.</p>
          <p><term type="NE" subtype="DATE"> CURRENT </term> OPERATIONS AND EXPANSION/HIGHWAY FUND</p>
        </div2>
        <div2 type="section" n="5">
          <head>SECTION 3. 1.</head>
          <p>HIGHWAY FUND AVAILABILITY STATEMENT</p>
        </div2>
        <div2 type="section" n="6">
          <head>SECTION 3. 2.</head>
          <p>PART iv.</p>
          <p>HIGHWAY TRUST FUND APPROPRIATIONS</p>
        </div2>
        <div2 type="section" n="7">
          <head>SECTION 4. 1.</head>
          <p>PART V.</p>
          <p>DHHS BLOCK GRANTS</p>
        </div2>
        <div2 type="section" n="8">
          <head>SECTION 5. 1.</head>
          <p>NER BLOCK GRANTS</p>
        </div2>
        <div2 type="section" n="9">
          <head>SECTION 5. 2.</head>
          <p>PART vi.</p>
          <p>STATE BUDGET ACT APPLIES</p>
        </div2>
        <div2 type="section" n="10">
          <head>SECTION 6. 1. The provisions of the State Budget Act, Chapter 143C of the General Statutes, are reenacted and shall remain in full force and effect and are incorporated in this act by reference.</head>
          <p>MOST TEXT APPLIES ONLY TO THE <term type="NE" subtype="DURATION"> 2009-2011 </term> FISCAL BIENNIUM</p>
        </div2>
        <div2 type="section" n="11">
          <head>SECTION 6. 2. Except for statutory changes or other provisions that clearly indicate an intention to have effects beyond the <term type="NE" subtype="DURATION"> 2009-2011 </term> fiscal biennium, the textual provisions of this act apply only to funds appropriated for, and activities occurring during, the <term type="NE" subtype="DURATION"> 2009-2011 </term> fiscal biennium.</head>
          <p>EFFECT OF HEADINGS</p>
        </div2>
        <div2 type="section" n="12">
          <head>SECTION 6. 3. The headings to the parts and sections of this act are a convenience to the reader and are for reference only. The headings do not expand, limit, or define the text of this act, except for effective dates referring to a Part.</head>
          <p>SEVERABILITY CLAUSE</p>
        </div2>
        <div2 type="section" n="13">
          <head>SECTION 6. 4. If any section or provision of this act is declared unconstitutional or invalid by the courts, it does not affect the validity of this act as a whole or any part other than the part so declared to be unconstitutional or invalid.</head>
          <p>EFFECTIVE DATE</p>
        </div2>
        <div2 type="section" n="14">
          <head>SECTION 6. 5. Except as otherwise provided, this act becomes effective <term type="NE" subtype="DATE"> July 1, 2009 </term>.</head>
        </div2>
      </div1>
    </body>
  </text>
</TEI>
