<TEI xmlns="http://www.tei-c.org/ns/1.0">
  <teiHeader xml:lang="en">
    <fileDesc>
      <titleStmt>
        <title xml:id="NC-2015-H1102"/>
        <author>Representatives Harrison, Fisher, Holley, and Sgro  (Primary Sponsors). </author>
      </titleStmt>
      <editionStmt>
        <edition>v1</edition>
      </editionStmt>
      <publicationStmt>
        <pubPlace>North Carolina</pubPlace>
        <idno>NC-2015-H1102</idno>
        <date>2015</date>
      </publicationStmt>
      <sourceDesc>
        <bibl>www.ncleg.net\Sessions\2015\Bills\House\HTML\H1102v1.html</bibl>
      </sourceDesc>
    </fileDesc>
  </teiHeader>
  <text xml:lang="en">
    <front>
      <div1 type="abstract">
        <head>A bill to be entitled a joint resolution authorizing the<term type="NE" subtype="DATE"><term type="NE" subtype="DATE"> 2015 </term></term>general assembly to consider a bill to be entitled an act to ban an employer from inquiring about whether an applicant for employment has been convicted of a criminal offense and setting a civil penalty for violations of that ban the box requirement.</head>
      </div1>
    </front>
    <body>
      <div1>
        <opener>
          <salute/>
        </opener>
        <p>Be it resolved by the <term type="NE" subtype="ORGANIZATION"> House of Representatives </term>, the <term type="NE" subtype="ORGANIZATION"> Senate </term> concurring:</p>
        <div2 type="section" n="1">
          <head>SECTION 2. This resolution is effective upon ratification.</head>
        </div2>
      </div1>
    </body>
  </text>
</TEI>
