<TEI xmlns="http://www.tei-c.org/ns/1.0">
  <teiHeader xml:lang="en">
    <fileDesc>
      <titleStmt>
        <title xml:id="NC-2007-H1503">Stimulate Economy Manufacturing.</title>
        <author>Representative Blackwood. </author>
      </titleStmt>
      <editionStmt>
        <edition>v0</edition>
      </editionStmt>
      <publicationStmt>
        <pubPlace>North Carolina</pubPlace>
        <idno>NC-2007-H1503</idno>
        <date>2007</date>
      </publicationStmt>
      <sourceDesc>
        <bibl>www.ncleg.net\Sessions\2007\Bills\House\HTML\H1503v0.html</bibl>
      </sourceDesc>
    </fileDesc>
  </teiHeader>
  <text xml:lang="en">
    <front>
      <div1 type="abstract">
        <head>A bill to be entitled an act to stimulate the economy by exempting from income tax income derived from manufacturing and by exempting manufacturing corporations from the franchise tax.</head>
      </div1>
    </front>
    <body>
      <div1>
        <opener>
          <salute>The <term type="NE" subtype="ORGANIZATION"> General Assembly of North Carolina </term> enacts:</salute>
        </opener>
        <div2 type="section" n="1">
          <head>SECTION 1. G.S.105-228.</head>
          <p>(b)Definitions.</p>
          <p>&#8230;</p>
          <p>
            <hi rend="underlined">(4b)</hi>
            <hi rend="underlined">Manufacturing. - An industry in manufacturing sectors 31 through 33, as defined by NAICS, but not including quick printing or retail bakeries.</hi>
          </p>
        </div2>
        <div2 type="section" n="2">
          <head>SECTION 2. G.S.105-130.</head>
          <p>
            <hi rend="underlined">(23)</hi>
            <hi rend="underlined">Income, net of expenses, directly attributable to manufacturing activities. This deduction is optional at the election of the taxpayer.</hi>
          </p>
        </div2>
        <div2 type="section" n="3">
          <head>SECTION 3. G.S.105-134.</head>
          <p>
            <hi rend="underlined">(19)</hi>
            <hi rend="underlined">Income, net of expenses, directly attributable to manufacturing activities. This deduction is optional at the election of the taxpayer.</hi>
          </p>
        </div2>
        <div2 type="section" n="4">
          <head>SECTION 4. G.S.105-129.</head>
          <p>(16)Manufacturing.<hi rend="strikethrough">An industry in manufacturing sectors 31 through 33, as defined by NAICS, but not including quick printing or retail bakeries.</hi><hi rend="underlined">Defined in G.S.105-228. 90.</hi></p>
        </div2>
        <div2 type="section" n="5">
          <head>SECTION 5. G.S.105-129.</head>
          <p>(15)Manufacturing.<hi rend="strikethrough">An industry in manufacturing sectors 31 through 33, as defined by NAICS, but not including quick printing or retail bakeries.</hi><hi rend="underlined">Defined in G.S.105-228. 90.</hi></p>
        </div2>
        <div2 type="section" n="6">
          <head>SECTION 6. G.S.105-130.</head>
          <p>(i)All business income of corporations other than public utilities and excluded corporations shall be apportioned to this State by multiplying the income by a fraction, the numerator of which is the property factor plus the payroll factor plus twice the sales factor, and the denominator of which is four.<hi rend="strikethrough">Provided, that where</hi><hi rend="underlined">If</hi>the sales factor does not exist, the denominator of the fraction<hi rend="strikethrough">shall be</hi><hi rend="underlined">is</hi>the number of existing factors and<hi rend="strikethrough">where</hi><hi rend="underlined">if</hi>the sales factor exists but the payroll factor or the property factor does not exist, the denominator of the fraction<hi rend="strikethrough">shall be</hi><hi rend="underlined">is</hi>the number of existing factors plus one.</p>
          <p>
            <hi rend="underlined">For taxpayers that elect to deduct manufacturing income pursuant to G.S.105-130. 5 (b)(22), in calculating the property factor, the payroll factor, and the sales factor under this section, the following shall be excluded from both the numerator and the denominator: property used directly and primarily for manufacturing, compensation paid directly and primarily for manufacturing, and receipts derived directly and primarily from manufacturing.</hi>
          </p>
        </div2>
        <div2 type="section" n="7">
          <head>SECTION 7.</head>
          <p>(1)For corporations that are taxable in <term type="NE" subtype="LOCATION"> North Carolina </term> and not taxable in any other states, the calculation under Section 2 of this act is the only calculation that applies. Section 5 of this act does not apply to those corporations.</p>
          <p>(2)For a corporation that is taxable in more than one state, if the corporation is <term type="NE" subtype="DATE"> currently </term> allocating and apportioning its income to <term type="NE" subtype="LOCATION"> North Carolina </term> by using the fraction provided in G.S.105-130. 4 (i), the provisions of Section 5 of this act govern how that fraction is calculated. Section 5 of this act does not itself require a corporation to use the fraction method.</p>
          <p>(3)Alternatively, G.S.105-130. 4 (t)sets out the circumstances under which a corporation taxable in more than one state may determine the portion of its income taxable to <term type="NE" subtype="LOCATION"> North Carolina </term> based on its books of account, in accordance with generally accepted accounting procedures as established by the <term type="NE" subtype="ORGANIZATION"> Financial Accounting Standards Board </term>.</p>
          <p>(4)Section 5 of this act would not, therefore, apply to corporations <term type="NE" subtype="DATE"> currently </term> using the separate accounting method under G.S.105-130. 4 (t).</p>
        </div2>
        <div2 type="section" n="8">
          <head>SECTION 8. G.S.</head>
          <p>(a)Exemptions. - The following corporations are exempt from the taxes levied by this Article.</p>
          <p>&#8230;</p>
          <p>
            <hi rend="underlined">(10)</hi>
            <hi rend="underlined">A corporation that derives at least <term type="NE" subtype="PERCENT"> eighty percent </term> (<term type="NE" subtype="PERCENT"> 80 % </term>)of its <term type="NE" subtype="SET"> annual </term> revenue directly from manufacturing activities.</hi>
          </p>
        </div2>
        <div2 type="section" n="9">
          <head>SECTION 9. This act is effective for taxable <term type="NE" subtype="DURATION"> years </term> beginning on or after <term type="NE" subtype="DATE"> January 1, 2007 </term>.</head>
        </div2>
      </div1>
    </body>
  </text>
</TEI>
