<TEI xmlns="http://www.tei-c.org/ns/1.0">
  <teiHeader xml:lang="en">
    <fileDesc>
      <titleStmt>
        <title xml:id="NC-2011-H774"><term type="NE" subtype="ORGANIZATION"> Study Insurance for Contract Growers </term>.</title>
        <author>Representative (Primary Sponsor). </author>
      </titleStmt>
      <editionStmt>
        <edition>v1</edition>
      </editionStmt>
      <publicationStmt>
        <pubPlace>North Carolina</pubPlace>
        <idno>NC-2011-H774</idno>
        <date>2011</date>
      </publicationStmt>
      <sourceDesc>
        <bibl>www.ncleg.net\Sessions\2011\Bills\House\HTML\H774v1.html</bibl>
      </sourceDesc>
    </fileDesc>
  </teiHeader>
  <text xml:lang="en">
    <front>
      <div1 type="abstract">
        <head>A bill to be entitled an act to direct the departments of agriculture and insurance to study options for agricultural contract growers to protect themselves against financial losses due to weather, natural disasters, or other acts of god.</head>
      </div1>
    </front>
    <body>
      <div1>
        <opener>
          <salute>The <term type="NE" subtype="ORGANIZATION"> General Assembly of North Carolina </term> enacts:</salute>
        </opener>
        <div2 type="section" n="1">
          <head>SECTION 1. The Commissioner of Insurance, with the assistance of the Commissioner of Agriculture, shall study the availability and need for insurance products or statutory contractual requirements that will enable agricultural contract growers to protect themselves from financial loss resulting from loss of the contracted animals due to weather, natural disaster, or other act of God.</head>
          <p>(1)The <term type="NE" subtype="DATE"> current </term> availability of and need for insurance products to protect contract growers who have a financial investment in the animals they tend, even if they do not own the animals.</p>
          <p>(2)Standard contract language and terms in common use in the agricultural contract growing industry, and whether statutory protections or requirements are necessary to protect agricultural contract growers in the State from ruinous financial loss due to weather, natural disasters, or other acts of God.</p>
          <p>The Commissioners may submit an interim report to the <term type="NE" subtype="DATE"> 2012 </term> Regular Session of the <term type="NE" subtype="DATE"> 2011 </term> <term type="NE" subtype="ORGANIZATION"> General Assembly </term> and shall submit a final report of their findings and recommendations, including any legislative proposals, to the <term type="NE" subtype="DATE"> 2013 </term> <term type="NE" subtype="ORGANIZATION"> General Assembly </term>.</p>
        </div2>
        <div2 type="section" n="2">
          <head>SECTION 2. This act is effective when it becomes law.</head>
        </div2>
      </div1>
    </body>
  </text>
</TEI>
