<TEI xmlns="http://www.tei-c.org/ns/1.0">
  <teiHeader xml:lang="en">
    <fileDesc>
      <titleStmt>
        <title xml:id="NC-2011-H966">Repeal Prohibition on Teacher Prepayment.</title>
        <author>Representatives Holloway, Johnson, Blackwell, and  Hilton (Primary Sponsors). </author>
      </titleStmt>
      <editionStmt>
        <edition>v1</edition>
      </editionStmt>
      <publicationStmt>
        <pubPlace>North Carolina</pubPlace>
        <idno>NC-2011-H966</idno>
        <date>2011</date>
      </publicationStmt>
      <sourceDesc>
        <bibl>www.ncleg.net\Sessions\2011\Bills\House\HTML\H966v1.html</bibl>
      </sourceDesc>
    </fileDesc>
  </teiHeader>
  <text xml:lang="en">
    <front>
      <div1 type="abstract">
        <head>A bill to be entitled an act to repeal the prohibition on teacher prepayment provision in the school and teacher paperwork reduction act of<term type="NE" subtype="DATE"><term type="NE" subtype="DATE"> 2011 </term></term >, as recommended by the joint legislative education oversight committee.</head>
      </div1>
    </front>
    <body>
      <div1>
        <opener>
          <salute>The <term type="NE" subtype="ORGANIZATION"> General Assembly of North Carolina </term> enacts:</salute>
        </opener>
        <div2 type="section" n="1">
          <head>SECTION 1. Section 5 of S.L.2011-379 is repealed.</head>
        </div2>
        <div2 type="section" n="2">
          <head>SECTION 2. This act becomes effective <term type="NE" subtype="DATE"> July 1, 2012 </term>.</head>
        </div2>
      </div1>
    </body>
  </text>
</TEI>
