<TEI xmlns="http://www.tei-c.org/ns/1.0">
  <teiHeader xml:lang="en">
    <fileDesc>
      <titleStmt>
        <title xml:id="NC-2011-S137">Establish Forgivable Loan Fund.</title>
        <author/>
      </titleStmt>
      <editionStmt>
        <edition>v4</edition>
      </editionStmt>
      <publicationStmt>
        <pubPlace>North Carolina</pubPlace>
        <idno>NC-2011-S137</idno>
        <date>2011</date>
      </publicationStmt>
      <sourceDesc>
        <bibl>www.ncleg.net\Sessions\2011\Bills\Senate\HTML\S137v4.html</bibl>
      </sourceDesc>
    </fileDesc>
  </teiHeader>
  <text xml:lang="en">
    <front>
      <div1 type="abstract">
        <head>A bill to be entitled an act to establish the forgivable education loans for service program and the forgivable education loans for service fund as recommended by the joint select committee on state-funded student financial aid.</head>
      </div1>
    </front>
    <body>
      <div1>
        <opener>
          <salute>The <term type="NE" subtype="ORGANIZATION"> General Assembly of North Carolina </term> enacts:</salute>
        </opener>
        <div2 type="section" n="1">
          <head>SECTION 1.</head>
          <p>
            <hi rend="underlined">&#167; 116-209. 45. <term type="NE" subtype="ORGANIZATION"> Forgivable Education Loans for Service Program </term> and Fund.</hi>
          </p>
          <p>
            <hi rend="underlined">(a)</hi>
            <hi rend="underlined">Policy. - The <term type="NE" subtype="ORGANIZATION"> General Assembly </term> finds that it is in the public interest to provide financial assistance in the form of forgivable loans for service to qualified students who are committed to working in the State in order to respond to critical employment shortages.</hi>
          </p>
          <p>
            <hi rend="underlined">(b)</hi>
            <hi rend="underlined">Definitions.</hi>
          </p>
          <p>
            <hi rend="underlined">(1)</hi>
            <hi rend="underlined">Eligible Institution. - Notwithstanding G.S.116-201 (b)(5)and G.S.</hi>
          </p>
          <p>
            <hi rend="underlined">a.</hi>
            <hi rend="underlined">A postsecondary constituent institution of The <term type="NE" subtype="ORGANIZATION"> University of North Carolina </term> as defined in G.S.116-2 (4).</hi>
          </p>
          <p>
            <hi rend="underlined">b.</hi>
            <hi rend="underlined">A community college as defined in G.S.115D-2 (2).</hi>
          </p>
          <p>
            <hi rend="underlined">c.</hi>
            <hi rend="underlined">A nonprofit postsecondary institution as defined in G.S.116-22 (1)or G.S.116-43. 5.</hi>
          </p>
          <p>
            <hi rend="underlined">d.</hi>
            <hi rend="underlined">A postsecondary institution owned or operated by a hospital authority as defined in G.S.131E-16 (14).</hi>
          </p>
          <p>
            <hi rend="underlined">e.</hi>
            <hi rend="underlined">A school of nursing affiliated with a nonprofit postsecondary institution as defined in G.S.116-22 (1).</hi>
          </p>
          <p>
            <hi rend="underlined">f.</hi>
            <hi rend="underlined">Another public or nonprofit postsecondary institution offering a program of study not otherwise available in <term type="NE" subtype="LOCATION"> North Carolina </term> that is deemed to be eligible under rules promulgated by the <term type="NE" subtype="ORGANIZATION"> Authority </term>.</hi>
          </p>
          <p>
            <hi rend="underlined">(2)</hi>
            <hi rend="underlined">Fund. - The <term type="NE" subtype="ORGANIZATION"> Forgivable Education Loans for Service Fund </term>.</hi>
          </p>
          <p>
            <hi rend="underlined">(3)</hi>
            <hi rend="underlined">Loan. - A forgivable loan made under the Program.</hi>
          </p>
          <p>
            <hi rend="underlined">(4)</hi>
            <hi rend="underlined">Program. - The <term type="NE" subtype="ORGANIZATION"> Forgivable Education Loans for Service Program </term>.</hi>
          </p>
          <p>
            <hi rend="underlined">(c)</hi>
            <hi rend="underlined"><term type="NE" subtype="ORGANIZATION"> Establish Forgivable Education Loans for Service Program </term>. - There is established the <term type="NE" subtype="ORGANIZATION"> Forgivable Education Loans for Service Program </term> to be administered by the <term type="NE" subtype="ORGANIZATION"> Authority </term>. The purpose of the Program is to facilitate and promote the making, insuring, and collection of loans from the <term type="NE" subtype="ORGANIZATION"> Forgivable Education Loans for Service Fund </term>. The Program shall initially target <term type="NE" subtype="DATE"> future </term> teachers, nurses, and allied health professionals.</hi>
          </p>
          <p>
            <hi rend="underlined">(d)</hi>
            <hi rend="underlined">Establish Forgivable Loans for Service Fund. - There is established the Forgivable Education Loans for Service Fund to be administered by the <term type="NE" subtype="ORGANIZATION"> Authority </term>. The purpose of the Fund is to provide financial assistance to qualified students to enable them to obtain the requisite education beyond the high school level to work in <term type="NE" subtype="LOCATION"> North Carolina </term> in certain high-need professions as identified by the <term type="NE" subtype="ORGANIZATION"> General Assembly </term> and to respond to <term type="NE" subtype="DATE"> current </term> as well as <term type="NE" subtype="DATE"> future </term> employment shortages in <term type="NE" subtype="LOCATION"> North Carolina </term>.</hi>
          </p>
          <p>
            <hi rend="underlined">(e)</hi>
            <hi rend="underlined">Eligibility for Loans. - The <term type="NE" subtype="ORGANIZATION"> Authority </term> shall establish the criteria for initial and continuing eligibility to participate in the Program. All loan recipients shall be residents of <term type="NE" subtype="LOCATION"> North Carolina </term> and shall attend an eligible institution.</hi>
          </p>
          <p>
            <hi rend="underlined">The <term type="NE" subtype="ORGANIZATION"> Authority </term> shall adopt standards deemed appropriate by the <term type="NE" subtype="ORGANIZATION"> Authority </term> to ensure that only qualified, potential recipients receive a loan under the Program. The standards may include minimum grade point average and satisfactory academic progress.</hi>
          </p>
          <p>
            <hi rend="underlined">(f)</hi>
            <hi rend="underlined">Loan Terms and Conditions.</hi>
          </p>
          <p>
            <hi rend="underlined">(1)</hi>
            <hi rend="underlined">Promissory note. - All loans shall be evidenced by promissory notes made payable to the <term type="NE" subtype="ORGANIZATION"> Authority </term>.</hi>
          </p>
          <p>
            <hi rend="underlined">(2)</hi>
            <hi rend="underlined">Interest. - All promissory notes shall bear an interest rate established by the <term type="NE" subtype="ORGANIZATION"> Authority </term> that does not exceed <term type="NE" subtype="PERCENT"> ten percent </term> (<term type="NE" subtype="PERCENT"> 10 % </term>)and is in relation to the <term type="NE" subtype="DATE"> current </term> interest rate for nonneed-based federal loans made pursuant to Title IV of the Higher Education Act of <term type="NE" subtype="DATE"> 1965 </term>, as amended. Interest shall accrue from the date of disbursement of the loan funds.</hi>
          </p>
          <p>
            <hi rend="underlined">(3)</hi>
            <hi rend="underlined">Loan amount. - The <term type="NE" subtype="ORGANIZATION"> Authority </term> shall establish the amount of the loan based on funds available and factors such as the recipient's educational program, enrollment status, and field of study.</hi>
          </p>
          <p>
            <hi rend="underlined">(4)</hi>
            <hi rend="underlined">Repayment. - The <term type="NE" subtype="ORGANIZATION"> Authority </term> shall establish the criteria for loan forgiveness for employment in a designated field in <term type="NE" subtype="LOCATION"> North Carolina </term>. These criteria may provide for accelerated repayment and less than full-time employment options. The <term type="NE" subtype="ORGANIZATION"> Authority </term> shall collect cash repayments when service repayment is not completed. The <term type="NE" subtype="ORGANIZATION"> Authority </term> shall establish the terms for cash repayment, including a minimum <term type="NE" subtype="SET"> monthly </term> repayment amount and maximum period of time to complete repayment.</hi>
          </p>
          <p>
            <hi rend="underlined">(5)</hi>
            <hi rend="underlined">Death and disability. - The <term type="NE" subtype="ORGANIZATION"> Authority </term> may forgive all or part of a loan if it determines that it is impossible for the recipient to repay the loan in cash or service because of the death or disability of the recipient.</hi>
          </p>
          <p>
            <hi rend="underlined">(6)</hi>
            <hi rend="underlined">Hardship. - The <term type="NE" subtype="ORGANIZATION"> Authority </term> may grant a forbearance, a deferment, or both in hardship circumstances when a good faith effort has been made to repay the loan in a timely manner.</hi>
          </p>
          <p>
            <hi rend="underlined">(7)</hi>
            <hi rend="underlined">Other. - The <term type="NE" subtype="ORGANIZATION"> Authority </term> may establish other terms and conditions that are necessary or convenient to effectuate the Program.</hi>
          </p>
          <p>
            <hi rend="underlined">(g)</hi>
            <hi rend="underlined"><term type="NE" subtype="ORGANIZATION"> Advisory Group </term>. - The <term type="NE" subtype="ORGANIZATION"> Authority </term> shall appoint an advisory group composed of, at minimum, appropriate representatives from higher education institutions and health and labor departments, agencies, or commissions to make recommendations to the <term type="NE" subtype="ORGANIZATION"> Authority </term> regarding the <term type="NE" subtype="ORGANIZATION"> Authority </term>'s <term type="NE" subtype="DATE"> future </term> apportionment and distribution of Program loans based on projected labor market shortages, higher education enrollment projections, and other relevant information.</hi>
          </p>
          <p>
            <hi rend="underlined">(h)</hi>
            <hi rend="underlined">Use of Fund Monies. - All funds appropriated to or otherwise received by the <term type="NE" subtype="ORGANIZATION"> Authority </term> to provide loans through the Program, all funds received as repayment of loans, and all interest earned on these funds shall be placed in the Fund. The Fund shall be used only for loans made pursuant to this section and for administrative costs of the <term type="NE" subtype="ORGANIZATION"> Authority </term>.</hi>
          </p>
          <p>
            <hi rend="underlined">(i)</hi>
            <hi rend="underlined">Rule-making <term type="NE" subtype="ORGANIZATION"> Authority </term>. - The <term type="NE" subtype="ORGANIZATION"> Authority </term> may adopt rules necessary to implement, administer, and enforce the provisions of this section.</hi>
          </p>
          <p>
            <hi rend="underlined">(j)</hi>
            <hi rend="underlined">Report to the <term type="NE" subtype="ORGANIZATION"> General Assembly </term>. - The <term type="NE" subtype="ORGANIZATION"> Authority </term> shall report no later than <term type="NE" subtype="DATE"> December 1, 2013 </term>, and <term type="NE" subtype="SET"> annually </term> thereafter to the <term type="NE" subtype="ORGANIZATION"> Joint Legislative Education Oversight Committee </term> regarding the Fund and loans awarded from the Fund.</hi>
          </p>
        </div2>
        <div2 type="section" n="2">
          <head>SECTION 2. (a)G.S.90-171. 100 and G.S.90-171. 101 are repealed.</head>
        </div2>
        <div2 type="section" n="3">
          <head>SECTION 2. (b)All financial obligations to any student awarded a scholarship loan from the Graduate Nurse Scholarship Program for Faculty Production Fund before <term type="NE" subtype="DATE"> July 1, 2012 </term>, shall be fulfilled with funds from the <term type="NE" subtype="ORGANIZATION"> Forgivable Education Loans for Service Fund </term> established under G.S.116-209. 45 provided the student remains eligible under the provisions of the Graduate Nurse Scholarship Program for Faculty Production Fund. All contractual agreements between a student awarded a scholarship loan from the Graduate Nurse Scholarship Program for Faculty Production Fund before <term type="NE" subtype="DATE"> July 1, 2012 </term>, and the <term type="NE" subtype="ORGANIZATION"> State Education Assistance Authority </term> remain enforceable and the provisions of G.S.90-171. 100 and G.S.90-171. 101 that would be applicable but for this section shall remain applicable with regard to any scholarship loan awarded before <term type="NE" subtype="DATE"> July 1, 2012 </term>.</head>
        </div2>
        <div2 type="section" n="4">
          <head>SECTION 2. (c)All assets and liabilities in the Graduate Nurse Scholarship Program for Faculty Production Fund shall be transferred to the <term type="NE" subtype="ORGANIZATION"> Forgivable Education Loans for Service Fund </term> established under G.S.116-209. 45.</head>
        </div2>
        <div2 type="section" n="5">
          <head>SECTION 3. (a)G.S.90-171. 60, 90-171. 61, and 90-171. 62 are repealed.</head>
        </div2>
        <div2 type="section" n="6">
          <head>SECTION 3. (b)All financial obligations to any student awarded a scholarship loan from the Nursing Scholars Program Fund and the <term type="NE" subtype="MISC"> Masters Nursing Scholars Program Fund </term> before <term type="NE" subtype="DATE"> July 1, 2012 </term>, shall be fulfilled with funds from the <term type="NE" subtype="ORGANIZATION"> Forgivable Education Loans for Service Fund </term> established under G.S.116-209. 45 provided the student remains eligible under the provisions of the Nursing Scholars Program Fund and the <term type="NE" subtype="MISC"> Masters Nursing Scholars Program Fund </term>. All contractual agreements between a student awarded a scholarship loan from the Nursing Scholars Program Fund and the <term type="NE" subtype="MISC"> Masters Nursing Scholars Program Fund </term> before <term type="NE" subtype="DATE"> July 1, 2012 </term>, and the <term type="NE" subtype="ORGANIZATION"> State Education Assistance Authority </term> remain enforceable and the provisions of G.S.90-171. 60, 90-171. 61, and 90-171. 62 that would be applicable but for this section shall remain applicable with regard to any scholarship loan awarded before <term type="NE" subtype="DATE"> July 1, 2012 </term>.</head>
        </div2>
        <div2 type="section" n="7">
          <head>SECTION 3. (c)All assets and liabilities in the <term type="NE" subtype="MISC"> Nursing Scholars Program Fund </term> and the <term type="NE" subtype="MISC"> Masters Nursing Scholars Program Fund </term> shall be transferred to the <term type="NE" subtype="ORGANIZATION"> Forgivable Education Loans for Service Fund </term> established under G.S.116-209. 45.</head>
        </div2>
        <div2 type="section" n="8">
          <head>SECTION 4. (a)G.S.90-171. 65 is repealed.</head>
        </div2>
        <div2 type="section" n="9">
          <head>SECTION 4. (b)All financial obligations to any student awarded a scholarship loan from the <term type="NE" subtype="ORGANIZATION"> Nurse Education Scholarship Loan Fund </term> before <term type="NE" subtype="DATE"> July 1, 2012 </term>, shall be fulfilled with funds from the <term type="NE" subtype="ORGANIZATION"> Forgivable Education Loans for Service Fund </term> established under G.S.116-209. 45 provided the student remains eligible under the provisions of the <term type="NE" subtype="ORGANIZATION"> Nurse Education Scholarship Loan Fund </term>. All contractual agreements between a student awarded a scholarship loan from the <term type="NE" subtype="ORGANIZATION"> Nurse Education Scholarship Loan Fund </term> before <term type="NE" subtype="DATE"> July 1, 2012 </term>, and the <term type="NE" subtype="ORGANIZATION"> State Education Assistance Authority </term> remain enforceable and the provisions of G.S.90-171. 65 that would be applicable but for this section shall remain applicable with regard to any scholarship loan awarded before <term type="NE" subtype="DATE"> July 1, 2012 </term>.</head>
        </div2>
        <div2 type="section" n="10">
          <head>SECTION 4. (c)All assets and liabilities in the <term type="NE" subtype="MISC"> Nurse Education Scholarship Loan Fund </term> shall be transferred to the <term type="NE" subtype="ORGANIZATION"> Forgivable Education Loans for Service Fund </term> established under G.S.116-209. 45.</head>
        </div2>
        <div2 type="section" n="11">
          <head>SECTION 5. (a)G.S.116-40. 10 is repealed.</head>
        </div2>
        <div2 type="section" n="12">
          <head>SECTION 5. (b)All financial obligations to any student awarded a scholarship loan from the <term type="NE" subtype="ORGANIZATION"> Board of Governors' Dental Scholarship Loan Fund </term> before <term type="NE" subtype="DATE"> July 1, 2012 </term>, shall be fulfilled with funds from the <term type="NE" subtype="ORGANIZATION"> Forgivable Education Loans for Service Fund </term> established under G.S.116-209. 45 provided the student remains eligible under the provisions of the <term type="NE" subtype="ORGANIZATION"> Board of Governors' Dental Scholarship Loan Fund </term>. All contractual agreements between a student awarded a scholarship loan from the <term type="NE" subtype="ORGANIZATION"> Board of Governors' Dental Scholarship Loan Fund </term> before <term type="NE" subtype="DATE"> July 1, 2012 </term>, and the <term type="NE" subtype="ORGANIZATION"> State Education Assistance Authority </term> remain enforceable and the provisions of G.S.116-40. 10 that would be applicable but for this section shall remain applicable with regard to any scholarship loan awarded before <term type="NE" subtype="DATE"> July 1, 2012 </term>.</head>
        </div2>
        <div2 type="section" n="13">
          <head>SECTION 5. (c)All assets and liabilities in the <term type="NE" subtype="ORGANIZATION"> Board of Governors' Dental Scholarship Loan Fund </term> shall be transferred to the <term type="NE" subtype="ORGANIZATION"> Forgivable Education Loans for Service Fund </term> established under G.S.116-209. 45.</head>
        </div2>
        <div2 type="section" n="14">
          <head>SECTION 6. (a)G.S.116-40. 9 is repealed.</head>
        </div2>
        <div2 type="section" n="15">
          <head>SECTION 6. (b)All financial obligations to any student awarded a scholarship loan from the <term type="NE" subtype="ORGANIZATION"> Board of Governors' Medical Scholarship Loan Fund </term> before <term type="NE" subtype="DATE"> July 1, 2012 </term>, shall be fulfilled with funds from the <term type="NE" subtype="ORGANIZATION"> Forgivable Education Loans for Service Fund </term> established under G.S.116-209. 45 provided the student remains eligible under the provisions of the <term type="NE" subtype="ORGANIZATION"> Board of Governors' Medical Scholarship Loan Fund </term>. All contractual agreements between a student awarded a scholarship loan from the <term type="NE" subtype="ORGANIZATION"> Board of Governors' Medical Scholarship Loan Fund </term> before <term type="NE" subtype="DATE"> July 1, 2012 </term>, and the <term type="NE" subtype="ORGANIZATION"> State Education Assistance Authority </term> remain enforceable and the provisions of G.S.116-40. 9 that would be applicable but for this section shall remain applicable with regard to any scholarship loan awarded before <term type="NE" subtype="DATE"> July 1, 2012 </term>.</head>
        </div2>
        <div2 type="section" n="16">
          <head>SECTION 6. (c)All assets and liabilities in the <term type="NE" subtype="ORGANIZATION"> Board of Governors </term>' Medical Scholarship Loan Fund shall be transferred to the <term type="NE" subtype="ORGANIZATION"> Forgivable Education Loans for Service Fund </term> established under G.S.116-209. 45.</head>
        </div2>
        <div2 type="section" n="17">
          <head>SECTION 7. (a)G.S.116-209. 33 and G.S.116-209. 34 are repealed.</head>
        </div2>
        <div2 type="section" n="18">
          <head>SECTION 7. (b)All financial obligations to any student awarded a scholarship loan from the Prospective Teachers Scholarship Loan Fund before <term type="NE" subtype="DATE"> July 1, 2012 </term>, shall be fulfilled with funds from the <term type="NE" subtype="ORGANIZATION"> Forgivable Education Loans for Service Fund </term> established under G.S.116-209. 45 provided the student remains eligible under the provisions of the Prospective Teachers Scholarship Loan Fund. All contractual agreements between a student awarded a scholarship loan from the Prospective Teachers Scholarship Loan Fund before <term type="NE" subtype="DATE"> July 1, 2012 </term>, and the <term type="NE" subtype="ORGANIZATION"> State Education Assistance Authority </term> remain enforceable and the provisions of G.S.116-209. 33 and G.S.116-209. 34 that would be applicable but for this section shall remain applicable with regard to any scholarship loan awarded before <term type="NE" subtype="DATE"> July 1, 2012 </term>.</head>
        </div2>
        <div2 type="section" n="19">
          <head>SECTION 7. (c)All assets and liabilities in the Prospective Teachers Scholarship Loan Fund shall be transferred to the <term type="NE" subtype="ORGANIZATION"> Forgivable Education Loans for Service Fund </term> established under G.S.116-209. 45.</head>
        </div2>
        <div2 type="section" n="20">
          <head>SECTION 8. G.S.116-209. 35 is repealed.</head>
        </div2>
        <div2 type="section" n="21">
          <head>SECTION 9. (a)G.S.116-209. 30 is repealed.</head>
        </div2>
        <div2 type="section" n="22">
          <head>SECTION 9. (b)All contractual agreements between a student awarded a scholarship loan from the <term type="NE" subtype="ORGANIZATION"> Social Workers' Education Loan Fund </term> before <term type="NE" subtype="DATE"> July 1, 2012 </term>, and the <term type="NE" subtype="ORGANIZATION"> State Education Assistance Authority </term> remain enforceable and the provisions of G.S.116-209. 30 that would be applicable but for this section shall remain applicable with regard to any scholarship loan awarded before <term type="NE" subtype="DATE"> July 1, 2012 </term>.</head>
        </div2>
        <div2 type="section" n="23">
          <head>SECTION 9. (c)All assets and liabilities in the <term type="NE" subtype="ORGANIZATION"> Social Workers' Education Loan Fund </term> shall be transferred to the <term type="NE" subtype="ORGANIZATION"> Forgivable Education Loans for Service Fund </term> established under G.S.116-209. 45.</head>
        </div2>
        <div2 type="section" n="24">
          <head>SECTION 10. (a)All financial obligations to any student awarded a scholarship loan from the <term type="NE" subtype="ORGANIZATION"> Student Loan Program for Health </term>, <term type="NE" subtype="ORGANIZATION"> Science and Mathematics Fund </term> before <term type="NE" subtype="DATE"> July 1, 2012 </term>, shall be fulfilled with funds from the <term type="NE" subtype="ORGANIZATION"> Forgivable Education Loans for Service Fund </term> established under G.S.116-209. 45 provided the student remains eligible under the provisions of the <term type="NE" subtype="ORGANIZATION"> Student Loan Program for Health </term>, <term type="NE" subtype="ORGANIZATION"> Science and Mathematics Fund </term>. All contractual agreements between a student awarded a scholarship loan from the <term type="NE" subtype="ORGANIZATION"> Student Loan Program for Health </term>, <term type="NE" subtype="ORGANIZATION"> Science and Mathematics Fund </term> before <term type="NE" subtype="DATE"> July 1, 2012 </term>, and the <term type="NE" subtype="ORGANIZATION"> State Education Assistance Authority </term> regarding the loan remain enforceable.</head>
        </div2>
        <div2 type="section" n="25">
          <head>SECTION 10. (b)All assets and liabilities in the <term type="NE" subtype="ORGANIZATION"> Student Loan Program for Health </term>, Science and Mathematics Fund shall be transferred to the <term type="NE" subtype="ORGANIZATION"> Forgivable Education Loans for Service Fund </term> established under G.S.116-209. 45.</head>
        </div2>
        <div2 type="section" n="26">
          <head>SECTION 11. All assets and liabilities in <term type="NE" subtype="DATE"> the </term> <term type="NE" subtype="ORGANIZATION"> Future Teachers of North Carolina Fund </term> shall be transferred to the <term type="NE" subtype="ORGANIZATION"> Forgivable Education Loans for Service Fund </term> established under G.S.116-209. 45.</head>
        </div2>
        <div2 type="section" n="27">
          <head>SECTION 12. All assets and liabilities in the Physical Education - Coaching Scholarship Loan Fund shall be transferred to the <term type="NE" subtype="ORGANIZATION"> Forgivable Education Loans for Service Fund </term> established under G.S.116-209. 45.</head>
        </div2>
        <div2 type="section" n="28">
          <head>SECTION 13. All assets and liabilities in the <term type="NE" subtype="MISC"> Optometry Scholarship Loan Fund </term> shall be transferred to the <term type="NE" subtype="ORGANIZATION"> Forgivable Education Loans for Service Fund </term> established under G.S.116-209. 45.</head>
        </div2>
        <div2 type="section" n="29">
          <head>SECTION 14. Except as otherwise provided herein, this act becomes effective <term type="NE" subtype="DATE"> July 1, 2012 </term>.</head>
        </div2>
      </div1>
    </body>
  </text>
</TEI>
