<TEI xmlns="http://www.tei-c.org/ns/1.0">
  <teiHeader xml:lang="en">
    <fileDesc>
      <titleStmt>
        <title xml:id="NC-2011-H792"><term type="NE" subtype="MISC"> Gfeller-Waller Concussion Awareness Act </term>.</title>
        <author>Representatives Folwell, Cook, McGrady, and Glazier  (Primary Sponsors). </author>
      </titleStmt>
      <editionStmt>
        <edition>v1</edition>
      </editionStmt>
      <publicationStmt>
        <pubPlace>North Carolina</pubPlace>
        <idno>NC-2011-H792</idno>
        <date>2011</date>
      </publicationStmt>
      <sourceDesc>
        <bibl>www.ncleg.net\Sessions\2011\Bills\House\HTML\H792v1.html</bibl>
      </sourceDesc>
    </fileDesc>
  </teiHeader>
  <text xml:lang="en">
    <front>
      <div1 type="abstract">
        <head>A bill to be entitled an act to enact the gfeller-waller concussion awareness act.</head>
      </div1>
    </front>
    <body>
      <div1>
        <opener>
          <salute>The <term type="NE" subtype="ORGANIZATION"> General Assembly of North Carolina </term> enacts:<p>Title of Act.</p></salute>
        </opener>
        <div2 type="section" n="1">
          <head>SECTION 1. This act may be known and cited as the <term type="NE" subtype="MISC"> Gfeller-Waller Concussion Awareness Act </term>.</head>
          <p>Development of an athletic concussion safety training program.</p>
        </div2>
        <div2 type="section" n="2">
          <head>SECTION 2. (a)The <term type="NE" subtype="MISC"> Matthew A </term>. <term type="NE" subtype="ORGANIZATION"> Gfeller Sport-Related Traumatic Brain Injury Research Center </term> at <term type="NE" subtype="ORGANIZATION"> UNC-Chapel Hill </term> in consultation with the <term type="NE" subtype="ORGANIZATION"> North Carolina Medical Society </term>, the <term type="NE" subtype="ORGANIZATION"> North Carolina Athletic Trainers Association </term>, the <term type="NE" subtype="ORGANIZATION"> Brain Injury Association of North Carolina </term>, the <term type="NE" subtype="ORGANIZATION"> North Carolina Neuropsychological Society </term>, the <term type="NE" subtype="ORGANIZATION"> North Carolina High School Athletic Association, Inc </term>., and the <term type="NE" subtype="ORGANIZATION"> Department of Public Instruction </term>, shall develop an athletic concussion safety training program. The program shall be developed for the use of coaches, school nurses, school athletic directors, volunteers, students who participate in interscholastic athletic activities in the public schools, and the parents of these students.</head>
        </div2>
        <div2 type="section" n="3">
          <head>SECTION 2.</head>
          <p>(1)Written information detailing the recognition of the signs and symptoms of concussions and other head injuries.</p>
          <p>(2)A description of the physiology and the potential short-term and long-term effects of concussions and other head injuries.</p>
          <p>(3)The medical return-to-play protocol for postconcussion participation in extracurricular athletics.</p>
          <p>concussion safety requirements for interscholastic athletic competition.</p>
        </div2>
        <div2 type="section" n="4">
          <head>SECTION 3. G.S.</head>
          <p>(23)Power to Adopt Eligibility Rules for Interscholastic Athletic Competition. - The <term type="NE" subtype="ORGANIZATION"> State Board of Education </term> may adopt rules governing interscholastic athletic activities conducted by local boards of education, including eligibility for student participation.<hi rend="underlined">With regard to middle schools and high schools, the rules shall provide for the following:</hi></p>
          <p>
            <hi rend="underlined">a.</hi>
            <hi rend="underlined">All coaches, school nurses, athletic directors, <term type="NE" subtype="ORDINAL"> first </term> responders, volunteers, students who participate in interscholastic athletic activities, and the parents of those students shall receive, on an <term type="NE" subtype="SET"> annual </term> basis, a concussion and head injury information sheet. School employees, volunteers, and students must sign the sheet and return it to the coach before they can participate in interscholastic athletic activities, including tryouts, practices, or competition. Parents must sign the sheet and return it to the coach before their children can participate in any such extracurricular athletic activities. The signed sheets shall be maintained in accordance with sub-subdivision d. of this subdivision.</hi>
          </p>
          <p>
            <hi rend="underlined">For the purpose of this subdivision, a concussion is a traumatic brain injury caused by a direct or indirect impact to the head that results in disruption of normal brain function, which may or may not result in loss of consciousness.</hi>
          </p>
          <p>
            <hi rend="underlined">b.</hi>
            <hi rend="underlined">If an athlete participating in an extracurricular athletic activity exhibits signs or symptoms consistent with concussion, the athlete shall be removed from the activity at that time and shall not be allowed to return to play or practice that <term type="NE" subtype="DURATION"> day </term>. The athlete shall not return to play or practice on a subsequent <term type="NE" subtype="DURATION"> day </term> until the athlete is evaluated by and receives written clearance for such participation from (i)a licensed medical physician with training in concussion management or (ii)one of the following health care providers who has training in concussion management and is working in consultation with one of the following medical physicians: a neuropsychologist, a licensed athletic trainer, a licensed physician's assistant, or a licensed nurse practitioner.</hi>
          </p>
          <p>
            <hi rend="underlined">c.</hi>
            <hi rend="underlined">Each school shall develop a school specific emergency action plan to deal with serious injuries and acute medical conditions in which the condition of the patient may deteriorate rapidly. The plan shall include a delineation of roles, methods of communication, available emergency equipment, and access to and plan for emergency transport. This plan must be (i)in writing, (ii)reviewed by an athletic trainer licensed in <term type="NE" subtype="LOCATION"> North Carolina </term>, (iii)approved by the principal of the school, (iv)distributed to all appropriate personnel, (v)posted conspicuously at all venues, and (vi)reviewed and rehearsed <term type="NE" subtype="SET"> annually </term> by all licensed athletic trainers, <term type="NE" subtype="ORDINAL"> first </term> responders, coaches, school nurses, athletic directors, and volunteers for extracurricular athletic activities.</hi>
          </p>
          <p>
            <hi rend="underlined">d.</hi>
            <hi rend="underlined">Each school shall maintain complete and accurate records of its compliance with the requirements of this subdivision pertaining to head injuries.</hi>
          </p>
          <p>The <term type="NE" subtype="ORGANIZATION"> State Board of Education </term> may authorize a designated organization to apply and enforce the Board's rules governing participation in interscholastic athletic activities at the high school level.</p>
          <p>effective date.</p>
        </div2>
        <div2 type="section" n="5">
          <head>SECTION 4. This act is effective when it becomes law and applies beginning with the <term type="NE" subtype="DURATION"> 2011-2012 </term> school <term type="NE" subtype="DURATION"> year </term>.</head>
        </div2>
      </div1>
    </body>
  </text>
</TEI>
