<TEI xmlns="http://www.tei-c.org/ns/1.0">
  <teiHeader xml:lang="en">
    <fileDesc>
      <titleStmt>
        <title xml:id="NC-2009-S1069"/>
        <author>(4) Eight members appointed by the Speaker of the House of Representatives, to include:</author>
      </titleStmt>
      <editionStmt>
        <edition>v4</edition>
      </editionStmt>
      <publicationStmt>
        <pubPlace>North Carolina</pubPlace>
        <idno>NC-2009-S1069</idno>
        <date>2009</date>
      </publicationStmt>
      <sourceDesc>
        <bibl>www.ncleg.net\Sessions\2009\Bills\Senate\HTML\S1069v4.html</bibl>
      </sourceDesc>
    </fileDesc>
  </teiHeader>
  <text xml:lang="en">
    <front>
      <div1 type="abstract">
        <head>A bill to be entitled an act to establish the joint legislative joining our businesses and schools (jobs)study commission.</head>
      </div1>
    </front>
    <body>
      <div1>
        <opener>
          <salute>The <term type="NE" subtype="ORGANIZATION"> General Assembly of North Carolina </term> enacts:</salute>
        </opener>
        <p>Whereas, the <term type="NE" subtype="MISC"> Innovative Education Initiatives Act </term> became law in <term type="NE" subtype="DATE"> 2003 </term>; and</p>
        <p>Whereas, as a result of this act, 52 Early and <term type="NE" subtype="ORGANIZATION"> Middle College </term> programs have been developed as a collaboration between the public schools, the community colleges, and private business; and</p>
        <p>Whereas, these schools have generally evidenced a decrease in their dropout rates and, as a result, have won national awards; and</p>
        <p>Whereas, <term type="NE" subtype="LOCATION"> North Carolina </term> has seven identified economic development regions, each with its own challenges in <term type="NE" subtype="DATE"> today </term>'s changing and demanding job market; and</p>
        <p>Whereas, <term type="NE" subtype="LOCATION"> North Carolina </term> has numerous innovative public and private programs based in Science, Technology, Engineering, and Mathematics (STEM); and</p>
        <p>Whereas, to be efficient with the taxpayers' dollars, to continue to increase the graduation rate, and to prepare our students for <term type="NE" subtype="ORDINAL"> twenty-first </term> <term type="NE" subtype="DURATION"> century </term> jobs, it would be beneficial to map these innovative education programs, including the development of additional Early and Middle College programs and STEM programs, and other public and private education programs that have instructional programs that prepare students to meet the particular employment and workforce preparation needs of the respective economic development regions.</p>
        <p>Whereas, the <term type="NE" subtype="ORGANIZATION"> United States Department of Education </term> has identified 16 career clusters as a tool to connect career technical education (CTE)to education, workforce preparation, and economic development; and</p>
        <p>Whereas, the <term type="NE" subtype="LOCATION"> North Carolina </term> STEM Community Collaborative/MCNC is supporting the creation of a replicable community visioning process, engaging business, policy, education, and community stakeholders in mapping their local needs and producing a plan for sustainable, local education innovation based in science, technology, engineering, and mathematics; and</p>
        <p>Whereas, it would be beneficial to position each region and the <term type="NE" subtype="ORGANIZATION"> State </term> to compete in the regional, national, and global economy by creating a joint legislative study commission to review the vision plans and overall needs of each economic development region as well as the overall needs of the State; and</p>
        <p>Whereas, the <term type="NE" subtype="ORGANIZATION"> Commission </term> should advise the <term type="NE" subtype="ORGANIZATION"> North Carolina Education Cabinet </term> and specifically the <term type="NE" subtype="ORGANIZATION"> Department of Public Instruction </term> as they develop standard instructional programs for <term type="NE" subtype="ORDINAL"> twenty-first </term> <term type="NE" subtype="DURATION"> century </term> career paths in accordance with the Early and <term type="NE" subtype="ORGANIZATION"> Middle College </term> and STEM models and study the implementation of pilot programs in these respective regions that will best suit the potential of the region and better prepare students for the increased academic demands of a global economy; <term type="NE" subtype="DATE"> Now </term>, therefore,</p>
        <div2 type="section" n="1">
          <head>SECTION 1. There is established the Joint Legislative JOBS (Joining Our Businesses and Schools)<term type="NE" subtype="ORGANIZATION"> Study Commission (Commission </term>).</head>
        </div2>
        <div2 type="section" n="2">
          <head>SECTION 2.</head>
          <p>(1)The Lieutenant Governor serving as the Chair.</p>
          <p>(2)Two members appointed by the Governor.</p>
          <p>(3)Eight members appointed by the President Pro Tempore of the <term type="NE" subtype="ORGANIZATION"> Senate </term>, to include:</p>
          <p>a. Three members of the <term type="NE" subtype="ORGANIZATION"> Senate </term>, with one designated to serve as a vice - chair.</p>
          <p>b. A representative of <term type="NE" subtype="ORGANIZATION"> The University of North Carolina </term>.</p>
          <p>c. A representative of the <term type="NE" subtype="ORGANIZATION"> Department of Public Instruction </term>.</p>
          <p>d. A representative of <term type="NE" subtype="LOCATION"> North Carolina </term>'s business and industry.</p>
          <p>e. A public school teacher.</p>
          <p>f. An individual with expertise in STEM education.</p>
          <p>(4)Eight members appointed by the Speaker of the <term type="NE" subtype="ORGANIZATION"> House of Representatives </term>, to include:</p>
          <p>a. Three members of the <term type="NE" subtype="ORGANIZATION"> House of Representatives </term>, with one designated to serve as a vice-chair.</p>
          <p>b. A representative of the <term type="NE" subtype="ORGANIZATION"> Community College System </term>.</p>
          <p>c. A representative of the Independent Colleges and Universities.</p>
          <p>d. A representative of the <term type="NE" subtype="ORGANIZATION"> Department of Commerce </term>.</p>
          <p>e. A representative of <term type="NE" subtype="LOCATION"> North Carolina </term>'s business and industry.</p>
          <p>f. A representative of <term type="NE" subtype="LOCATION"> North Carolina </term>'s school superintendents.</p>
          <p>(5)The Executive Director of the <term type="NE" subtype="ORGANIZATION"> Education Cabinet </term> or the Executive Director's designee, serving ex officio.</p>
        </div2>
        <div2 type="section" n="3">
          <head>SECTION 2. (b)Members of the Commission shall serve a <term type="NE" subtype="DURATION"> three-year </term> term, beginning on <term type="NE" subtype="DATE"> July 1, 2009 </term>. The terms for members of the <term type="NE" subtype="ORGANIZATION"> House of Representatives </term> or the <term type="NE" subtype="ORGANIZATION"> Senate </term> shall end upon the expiration of the members' legislative term.</head>
        </div2>
        <div2 type="section" n="4">
          <head>SECTION 2. (c)Members shall serve at the pleasure of the appointing authority. Vacancies on the <term type="NE" subtype="ORGANIZATION"> Commission </term> shall be filled by the same appointing authority who made the initial appointment.</head>
        </div2>
        <div2 type="section" n="5">
          <head>SECTION 2. (d)A vice-chair shall serve as Chair in the absence of the Chair.</head>
        </div2>
        <div2 type="section" n="6">
          <head>SECTION 3.</head>
          <p>(1)Technical and vocational needs of each economic development region;</p>
          <p>(2)Employment and workforce preparation needs of the State as a whole;</p>
          <p>(3)The economic vision plans for each economic development region;</p>
          <p>(4)The shortage of highly skilled employees such as technicians, teachers, allied health practitioners, including, but not limited to, nurses and doctors, scientists, and engineers;</p>
          <p>(5)The 16 career clusters identified by the <term type="NE" subtype="ORGANIZATION"> United States Department of Education </term> as well as additional career paths;</p>
          <p>(6)The development of a framework for assessment of readiness of a community or region to support <term type="NE" subtype="ORDINAL"> twenty-first </term> <term type="NE" subtype="DURATION"> century </term> economic demands of business and industry development and the scaling of innovative local programs to impact broader numbers of individuals in communities around the <term type="NE" subtype="ORGANIZATION"> State </term>; and</p>
          <p>(7)Any other matter pertinent to connecting career technical education to education, workforce preparation, and economic development through innovative schools.</p>
        </div2>
        <div2 type="section" n="7">
          <head>SECTION 3. (b)The Chair shall appoint from the <term type="NE" subtype="ORGANIZATION"> Commission </term>'s membership a <term type="NE" subtype="ORGANIZATION"> North Carolina STEM Community Collaborative Advisory Committee </term> (Community Collaborative)to ensure that the efforts of the <term type="NE" subtype="ORGANIZATION"> Commission </term> and the Community Collaborative are aligned and that the <term type="NE" subtype="ORGANIZATION"> Commission </term> is informed of the Community Collaborative's activities and that the Community Collaborative is informed of the <term type="NE" subtype="ORGANIZATION"> Commission </term>'s activities.</head>
        </div2>
        <div2 type="section" n="8">
          <head>SECTION 4. The Commission shall prioritize and customize the career clusters and identify additional career paths and report its recommendations to the <term type="NE" subtype="ORGANIZATION"> State Board of Education </term>. The Commission shall (i)advise the <term type="NE" subtype="ORGANIZATION"> North Carolina Education Cabinet </term> and specifically the <term type="NE" subtype="ORGANIZATION"> Department of Public Instruction </term> as they develop, incrementally, standard instructional programs for career clusters and their corresponding career paths in accordance with the Early and <term type="NE" subtype="ORGANIZATION"> Middle College </term> model, and (ii)study the implementation of pilot programs in the seven economic development regions of the State that will best suit the needs of the regions and prepare students for the increased academic demands of a global economy.</head>
        </div2>
        <div2 type="section" n="9">
          <head>SECTION 5. The Commission shall also study issues related to economic growth by the creation of measures and metrics which define the readiness of a community to deliver to all stakeholders the services that equip the workforce to be competitive in a STEM-intensive economy, including ensuring that students throughout the education pipeline gain the skills learned from science, technology, engineering, math, and other rigorous subjects.</head>
          <p>(1)A replicable and perpetual model for aligning efforts of local business, industry, policy, and education stakeholders in community engagement for visioning student-centered learning;</p>
          <p>(2)The documentation and study of the innovative education programs critical for communities to be competitive in the STEM environment in the <term type="NE" subtype="ORDINAL"> twenty-first </term> <term type="NE" subtype="DURATION"> century </term>;</p>
          <p>(3)A framework to network these economic development regions, aligning State, regional, and external investment in replicable innovation;</p>
          <p>(4)Opportunities to leverage existing research, programs such as the <term type="NE" subtype="ORGANIZATION"> College Foundation of North Carolina Bridges </term> program, and other resources to maximize the impact of these existing resources and assets to avoid duplication, to achieve greater economies of scale, and to broaden the impact of these efforts by the most cost-effective means possible; and</p>
          <p>(5)Any other topics deemed relevant by the <term type="NE" subtype="ORGANIZATION"> Commission </term>.</p>
        </div2>
        <div2 type="section" n="10">
          <head>SECTION 6. (a)The Commission shall, within <term type="NE" subtype="DURATION"> the first eight months </term> of its creation, meet at least <term type="NE" subtype="DATE"> once </term> in each economic development region. The Commission may use any and all appropriate technology to enhance participation in its meetings and to reduce the costs incurred by the <term type="NE" subtype="ORGANIZATION"> Commission </term>. The Chair may appoint a volunteer advisory committee in each economic development region to assist the <term type="NE" subtype="ORGANIZATION"> Commission </term> in its work.</head>
        </div2>
        <div2 type="section" n="11">
          <head>SECTION 6. (b)The Commission shall work closely with the business community across the State and shall encourage businesses and business leaders to partner with the <term type="NE" subtype="ORGANIZATION"> Commission </term> on the work of the <term type="NE" subtype="ORGANIZATION"> Commission </term> and to establish public-private partnerships with the pilot schools.</head>
        </div2>
        <div2 type="section" n="12">
          <head>SECTION 6. (c)<term type="NE" subtype="ORGANIZATION"> The University of North Carolina </term> shall inform the Commission on the work of its constituent institutions on the elementary and middle school fundamental building blocks for secondary STEM success. This work should be a consideration for all communities which engage in visioning student-centered learning. The Commission shall also be informed by The <term type="NE" subtype="ORGANIZATION"> University of North Carolina </term> on its <term type="NE" subtype="LOCATION"> North Carolina </term> STEM program inventory and how to make this inventory available to communities which engage in visioning student-centered learning.</head>
        </div2>
        <div2 type="section" n="13">
          <head>SECTION 7. The Commission shall meet upon the call of the Chair. A quorum of the <term type="NE" subtype="ORGANIZATION"> Commission </term> shall be a majority of its members. The <term type="NE" subtype="ORGANIZATION"> Legislative Services Commission </term> shall grant adequate meeting space to the <term type="NE" subtype="ORGANIZATION"> Commission </term> in the <term type="NE" subtype="LOCATION"> State Legislative Building </term> or the <term type="NE" subtype="LOCATION"> Legislative Office Building </term>. G.S.120-19 applies to requests made on behalf of the <term type="NE" subtype="ORGANIZATION"> Commission </term>.</head>
        </div2>
        <div2 type="section" n="14">
          <head>SECTION 8. (a)The expenses of the <term type="NE" subtype="ORGANIZATION"> Commission </term> shall be paid by the <term type="NE" subtype="ORGANIZATION"> Legislative Services Commission </term> from available funds appropriated to the <term type="NE" subtype="ORGANIZATION"> General Assembly </term>. The <term type="NE" subtype="ORGANIZATION"> Legislative Services Commission </term> may accept grants on behalf of the State to be used to help defray the expenses of the <term type="NE" subtype="ORGANIZATION"> Commission </term>. Any application and receipt of grants under this section shall be subject to the requirements of Chapters 120C and 138A of the General Statutes, and Article 14 of Chapter 120 of the General Statutes. Reasonable expenses of the <term type="NE" subtype="ORGANIZATION"> Commission </term> may include the cost of travel on a learning tour of innovative schools both inside and out of the State. Any grants funds received under this section shall be held by the <term type="NE" subtype="ORGANIZATION"> General Assembly </term> in a non-reverting special fund known as the JOBS Commission Fund to be administered by the <term type="NE" subtype="ORGANIZATION"> Legislative Services Commission </term> for expenses of the <term type="NE" subtype="ORGANIZATION"> Commission </term>. Any funds remaining in the JOBS Commission Fund shall transfer to the reserves of the <term type="NE" subtype="ORGANIZATION"> General Assembly </term> upon termination of the Commission.</head>
        </div2>
        <div2 type="section" n="15">
          <head>SECTION 8. (b)Members of the Commission shall receive per diem, subsistence, and travel allowances in accordance with G.S.120-3. 1, 138-5, or 138-6, as appropriate. Individual expenses of <term type="NE" subtype="MONEY"> five thousand dollars </term> (<term type="NE" subtype="MONEY"> $ 5,000 </term>)or less, including per diem, travel, and subsistence expenses of members of the <term type="NE" subtype="ORGANIZATION"> Commission </term>, shall be paid upon authorization of the Chair of the <term type="NE" subtype="ORGANIZATION"> Commission </term>. Individual expenses in excess of <term type="NE" subtype="MONEY"> five thousand dollars </term> (<term type="NE" subtype="MONEY"> $ 5,000 </term>)shall be paid upon written approval of the President Pro Tempore of the <term type="NE" subtype="ORGANIZATION"> Senate </term> and the Speaker of the <term type="NE" subtype="ORGANIZATION"> House of Representatives </term>.</head>
        </div2>
        <div2 type="section" n="16">
          <head>SECTION 8. (c)With approval of the <term type="NE" subtype="ORGANIZATION"> Legislative Services Commission </term>, the <term type="NE" subtype="ORGANIZATION"> Legislative Services Officer </term> shall assign professional and clerical staff to assist the <term type="NE" subtype="ORGANIZATION"> Commission </term> in its work during the interims between legislative sessions. The Directors of Legislative Assistants of the <term type="NE" subtype="ORGANIZATION"> House of Representatives </term> and the <term type="NE" subtype="ORGANIZATION"> Senate </term> shall assign clerical staff to the Commission. The <term type="NE" subtype="ORGANIZATION"> Commission </term> may contract for additional professional or consultant services in accordance with G.S.120-32. 02.</head>
        </div2>
        <div2 type="section" n="17">
          <head>SECTION 9. (a)The Commission shall make an initial report of the results of its study to the <term type="NE" subtype="ORGANIZATION"> State Board of Education </term> by <term type="NE" subtype="DATE"> March 1, 2010 </term>. In its report, the <term type="NE" subtype="ORGANIZATION"> Commission </term> shall recommend at least four of the 16 career clusters identified by the <term type="NE" subtype="ORGANIZATION"> United States Department of Education </term> that will best and most broadly serve the immediate employment and workforce preparation needs of the State and the respective regions. Upon consideration of the recommendations of the <term type="NE" subtype="ORGANIZATION"> Commission </term>, the <term type="NE" subtype="ORGANIZATION"> State Board of Education </term>, in consultation with the <term type="NE" subtype="ORGANIZATION"> Department of Public Instruction </term>, shall develop the instructional programs for at least four career clusters and shall implement at least one JOBS Early or Middle College in each of the economic development regions beginning with the <term type="NE" subtype="DURATION"> 2010-2011 </term> school <term type="NE" subtype="DURATION"> year </term> where feasible, and in all other regions by the <term type="NE" subtype="DURATION"> 2011-2012 </term> school <term type="NE" subtype="DURATION"> year </term>.</head>
        </div2>
        <div2 type="section" n="18">
          <head>SECTION 9. (b)The Commission may make recommendations resulting from its study to the <term type="NE" subtype="ORGANIZATION"> State Board of Education </term> and the <term type="NE" subtype="ORGANIZATION"> Department of Public Instruction </term> from time to time in its discretion.</head>
        </div2>
        <div2 type="section" n="19">
          <head>SECTION 9. (c)The Commission shall monitor the implementation of its recommendations to the <term type="NE" subtype="ORGANIZATION"> State Board of Education </term> and the <term type="NE" subtype="ORGANIZATION"> Department of Public Instruction </term> and shall report and recommend to the <term type="NE" subtype="ORGANIZATION"> General Assembly </term> any legislation necessary to implement its recommendations.</head>
        </div2>
        <div2 type="section" n="20">
          <head>SECTION 9. (d)The Commission shall make an interim report of the results of its study and its recommendations, including any proposed legislation, to the <term type="NE" subtype="ORGANIZATION"> Joint Legislative Education Oversight Committee </term> and the <term type="NE" subtype="DATE"> 2010 </term> Regular Session of the <term type="NE" subtype="DATE"> 2009 </term> <term type="NE" subtype="ORGANIZATION"> General Assembly </term> no later than <term type="NE" subtype="DATE"> May 15, 2010 </term>, and to the <term type="NE" subtype="ORGANIZATION"> Joint Legislative Education Oversight Committee </term> and the <term type="NE" subtype="DATE"> 2011 </term> Regular Session of the <term type="NE" subtype="DATE"> 2011 </term> <term type="NE" subtype="ORGANIZATION"> General Assembly </term> no later than <term type="NE" subtype="DATE"> February 1, 2011 </term>, and a final report to the <term type="NE" subtype="ORGANIZATION"> Joint Legislative Education Oversight Committee </term> and the <term type="NE" subtype="DATE"> 2012 </term> Regular Session of the <term type="NE" subtype="DATE"> 2011 </term> <term type="NE" subtype="ORGANIZATION"> General Assembly </term> no later than <term type="NE" subtype="DATE"> May 15, 2012 </term>. The <term type="NE" subtype="ORGANIZATION"> Commission </term> shall file a copy of each <term type="NE" subtype="ORGANIZATION"> Commission </term> report with the President Pro Tempore of the <term type="NE" subtype="ORGANIZATION"> Senate </term>'s office, the Speaker of the <term type="NE" subtype="ORGANIZATION"> House of Representatives </term>' office, and the <term type="NE" subtype="ORGANIZATION"> Legislative Library </term>.</head>
        </div2>
        <div2 type="section" n="21">
          <head>SECTION 10. The Commission shall terminate on <term type="NE" subtype="DATE"> June 30, 2012 </term>, or upon the filing of its final report in accordance with Section 9. (d)of this act.</head>
        </div2>
        <div2 type="section" n="22">
          <head>SECTION 11. This act is effective when it becomes law.</head>
          <p>In the <term type="NE" subtype="ORGANIZATION"> General Assembly </term> read three times and ratified <term type="NE" subtype="DATE"> this the 15th day of July, 2009 </term>.</p>
          <p>_____________________________________</p>
          <p><term type="NE" subtype="PERSON"> Walter H </term>.</p>
          <p>President of the <term type="NE" subtype="ORGANIZATION"> Senate </term></p>
          <p>_____________________________________</p>
          <p><term type="NE" subtype="PERSON"> Joe Hackney </term></p>
          <p>Speaker of the House of Representatives</p>
          <p>_____________________________________</p>
          <p>Beverly E.</p>
          <p>Governor</p>
          <p>Approved __________. m.</p>
        </div2>
      </div1>
    </body>
  </text>
</TEI>
