<TEI xmlns="http://www.tei-c.org/ns/1.0">
  <teiHeader xml:lang="en">
    <fileDesc>
      <titleStmt>
        <title xml:id="NC-2011-H749"><term type="NE" subtype="ORGANIZATION"> Modify State Ports Authority </term>.</title>
        <author>Representative McComas. </author>
      </titleStmt>
      <editionStmt>
        <edition>v0</edition>
      </editionStmt>
      <publicationStmt>
        <pubPlace>North Carolina</pubPlace>
        <idno>NC-2011-H749</idno>
        <date>2011</date>
      </publicationStmt>
      <sourceDesc>
        <bibl>www.ncleg.net\Sessions\2011\Bills\House\HTML\H749v0.html</bibl>
      </sourceDesc>
    </fileDesc>
  </teiHeader>
  <text xml:lang="en">
    <front>
      <div1 type="abstract">
        <head>A bill to be entitled an act to ensure that the north carolina state ports authority develops businesses rather than competing with businesses; and to study a project to facilitate shipping up the cape fear river.</head>
      </div1>
    </front>
    <body>
      <div1>
        <opener>
          <salute>Thereafter, at the expiration of each stipulated term of office all appointments made by the <term type="NE" subtype="ORGANIZATION"> General Assembly </term> shall be for terms of <term type="NE" subtype="DURATION"> two years </term>. <term type="NE" subtype="DURATION"> two years </term>, except for terms expiring on or after <term type="NE" subtype="DATE"> June 30, 2011 </term>, after which appointments shall be for terms of <term type="NE" subtype="DURATION"> four years </term>.</salute>
        </opener>
        <div2 type="section" n="1">
          <head>SECTION 1. G.S.</head>
          <p>(e)The <term type="NE" subtype="ORGANIZATION"> General Assembly </term> shall appoint two persons to serve terms expiring <term type="NE" subtype="DATE"> June 30, 1983 </term>. The <term type="NE" subtype="ORGANIZATION"> General Assembly </term> shall appoint four persons to serve terms <term type="NE" subtype="DATE"> beginning July 1, 1983 </term>, to serve until <term type="NE" subtype="DATE"> June 30, 1985 </term>, and successors shall serve for <term type="NE" subtype="DURATION"> two-year </term> terms. Of the two appointments to be made in <term type="NE" subtype="DATE"> 1982 </term>, one shall be made upon the recommendation of the Speaker, and one shall be made upon the recommendation of the President of the <term type="NE" subtype="ORGANIZATION"> Senate </term>. Of the four appointments made in <term type="NE" subtype="DATE"> 1983 </term> and biennially thereafter, two shall be made upon the recommendation of the President of the <term type="NE" subtype="ORGANIZATION"> Senate </term>, and two shall be made upon the recommendation of the Speaker.</p>
          <p>(1)Of the members appointed upon the recommendation of the Speaker to replace the members whose terms expire on <term type="NE" subtype="DATE"> June 30, 1991 </term>, one member shall be appointed to a term of <term type="NE" subtype="DURATION"> one year </term>, to expire on <term type="NE" subtype="DATE"> June 30, 1992 </term>; the other member shall be appointed to a term of <term type="NE" subtype="DURATION"> two years </term>, to expire on <term type="NE" subtype="DATE"> June 30, 1993 </term>;</p>
          <p>(2)Of the members appointed upon the recommendation of the President of the <term type="NE" subtype="ORGANIZATION"> Senate </term> to replace the members whose terms expire on <term type="NE" subtype="DATE"> June 30, 1991 </term>, one member shall be appointed to a term of <term type="NE" subtype="DURATION"> one year </term>, to expire on <term type="NE" subtype="DATE"> June 30, 1992 </term>; the other member shall be appointed to a term of <term type="NE" subtype="DURATION"> two years </term>, to expire on <term type="NE" subtype="DATE"> June 30, 1993 </term>. Successors to these persons for terms beginning on or after <term type="NE" subtype="DATE"> January 1, 1997 </term>, shall be appointed by the <term type="NE" subtype="ORGANIZATION"> General Assembly </term> upon the recommendation of the President Pro Tempore of the <term type="NE" subtype="ORGANIZATION"> Senate </term>.</p>
        </div2>
        <div2 type="section" n="2">
          <head>SECTION 2. G.S.</head>
          <p>&#167; 143B-453. Purposes of <term type="NE" subtype="ORGANIZATION"> Authority </term>.</p>
          <p>Through the <term type="NE" subtype="ORGANIZATION"> Authority </term> hereinbefore created, the State of <term type="NE" subtype="LOCATION"> North Carolina </term> may engage in promoting, developing, constructing, equipping, maintaining and operating the harbors and seaports within the State, or within the jurisdiction of the State, and works of internal improvements incident thereto, including the acquisition or construction, maintenance and operation at such seaports or harbors of watercraft and highways and bridges thereon or essential for the proper operation thereof.</p>
          <p>(1)To develop and improve the harbors or seaports at <term type="NE" subtype="LOCATION"> Wilmington </term>, <term type="NE" subtype="LOCATION"> Morehead City </term> and <term type="NE" subtype="LOCATION"> Southport </term>, <term type="NE" subtype="LOCATION"> North Carolina </term>, and such other places, including inland ports and facilities, as may be deemed feasible for a more expeditious and efficient handling of waterborne commerce from and to any place or places in the <term type="NE" subtype="LOCATION"> State of North Carolina </term> and other states and foreign countries.</p>
          <p>(2)To acquire, construct, equip, maintain, develop and improve the port facilities at said ports and to improve such portions of the waterways thereat as are within the jurisdiction of the federal government.</p>
          <p>(3)To foster and stimulate the shipment of freight and commerce through said ports, whether originating within or without the State of <term type="NE" subtype="LOCATION"> North Carolina </term>, including the investigation and handling of matters pertaining to all transportation rates and rate structures affecting the same.</p>
          <p>(4)To cooperate with the <term type="NE" subtype="LOCATION"> United States of America </term> and any agency, department, corporation or instrumentality thereof in the maintenance, development, improvement and use of said harbors and seaports in connection with and in furtherance of the war operations and needs of the <term type="NE" subtype="LOCATION"> United States </term>.</p>
          <p>(5)To accept funds from any of said counties or cities wherein said ports are located and to use the same in such manner, within the purposes of said <term type="NE" subtype="ORGANIZATION"> Authority </term>, as shall be stipulated by the said county or city, and to act as agent or instrumentality, of any of said counties or cities in any matter coming within the general purposes of said <term type="NE" subtype="ORGANIZATION"> Authority </term>.</p>
          <p>(6)To act as agent for the <term type="NE" subtype="LOCATION"> United States of America </term>, or any agency, department, corporation or instrumentality thereof, in any matter coming within the purposes or powers of the <term type="NE" subtype="ORGANIZATION"> Authority </term>.</p>
          <p>(7)And in general to do and perform any act or function which may tend or be useful toward the development and improvement of harbors, seaports and inland ports of the State of <term type="NE" subtype="LOCATION"> North Carolina </term>, and to increase the movement of waterborne commerce, foreign and domestic, to, through, and from such harbors and ports.</p>
          <p>The enumeration of the above purposes shall not limit or circumscribe the broad objective of developing to the utmost the port possibilities of the State of <term type="NE" subtype="LOCATION"> North Carolina </term>.<hi rend="underlined">In carrying out its purposes, the <term type="NE" subtype="ORGANIZATION"> Authority </term> shall foster and stimulate private industry rather than directly compete with private industry.</hi></p>
        </div2>
        <div2 type="section" n="3">
          <head>SECTION 3. G.S.</head>
          <p>&#167; 143B-454. <term type="NE" subtype="ORGANIZATION"> Powers of Authority </term>.</p>
          <p>(a)In order to enable it to carry out the purposes of this Part, the said Authority<hi rend="strikethrough">shall:</hi><hi rend="underlined">shall, subject to the other provisions of this Article, including G.S.143B-465 and G.S.143B-465.</hi></p>
          <p>(1)Have the powers of a body corporate, including the power to sue and be sued, to make contracts, and to adopt and use a common seal and to alter the same as may be deemed expedient;</p>
          <p>(2)Have the authority to make all necessary contracts and arrangements with other port authorities of this and other states for the interchange of business, and for such other purposes as will facilitate and increase the business of the <term type="NE" subtype="ORGANIZATION"> North Carolina State Ports Authority </term>;</p>
          <p>(3)Be authorized and empowered to rent, lease, buy, own, acquire, mortgage, otherwise encumber, and dispose of such property, real or personal, as said <term type="NE" subtype="ORGANIZATION"> Authority </term> may deem proper to carry out the purposes and provisions of this Part, all or any of them;</p>
          <p>(4)Be authorized and empowered to acquire, construct, maintain, equip and operate any wharves, docks, piers, quays, elevators, compresses, refrigeration storage plants, warehouses and other structures, and any and all facilities needful for the convenient use of the same in the aid of commerce, including the dredging of approaches thereto, and the construction of beltline roads and highways and bridges and causeways thereon, and other bridges and causeways necessary or useful in connection therewith, and shipyards, shipping facilities, and transportation facilities incident thereto and useful or convenient for the use thereof, and to acquire, construct, and maintain, but not operate, such rail facilities as may be necessary or useful in connection with the operation of the State Ports, provided that nothing in this subdivision shall be construed as requiring or allowing the <term type="NE" subtype="ORGANIZATION"> North Carolina State Ports Authority </term> to become a carrier by rail subject to the federal laws regulating those carriers;</p>
          <p>(5)The <term type="NE" subtype="ORGANIZATION"> Authority </term> shall appoint an Executive Director, whose salary shall be fixed by the <term type="NE" subtype="ORGANIZATION"> Authority </term>, to serve at its pleasure. The Executive Director or his designee shall appoint, employ, dismiss and, within the limits of available funding, fix the compensation of such other employees as he deems necessary to carry out the purposes of this Part. There shall be an executive committee consisting of the chairman of the <term type="NE" subtype="ORGANIZATION"> Authority </term> and two other members elected <term type="NE" subtype="SET"> annually </term> by the <term type="NE" subtype="ORGANIZATION"> Authority </term>. The executive committee shall be vested with authority to do all acts which are authorized by the bylaws of the <term type="NE" subtype="ORGANIZATION"> Authority </term>.</p>
          <p>(6)Establish an office for the transaction of its business at such place or places as, in the opinion of the <term type="NE" subtype="ORGANIZATION"> Authority </term>, shall be advisable or necessary in carrying out the purposes of this Part;</p>
          <p>(7)Be authorized and empowered to create and operate such agencies and departments as said board may deem necessary or useful for the furtherance of any of the purposes of this Part;</p>
          <p>(8)Be authorized and empowered to pay all necessary costs and expenses involved in and incident to the formation and organization of said <term type="NE" subtype="ORGANIZATION"> Authority </term>, and incident to the administration and operation thereof, and to pay all other costs and expenses reasonably necessary or expedient in carrying out and accomplishing the purposes of this Part;</p>
          <p>(9)Be authorized and empowered to apply for and accept loans and grants of money from any federal agency or the <term type="NE" subtype="LOCATION"> State of North Carolina </term> or any political subdivision thereof or from any public or private sources available for any and all of the purposes authorized in this Article, and to expend the same in accordance with the directions and requirements attached thereto, or imposed thereon by any such federal agency, the <term type="NE" subtype="LOCATION"> State of North Carolina </term>, or any political subdivision thereof, or any public or private lender or donor, and to give such evidences of indebtedness as shall be required, provided, however, that no indebtedness of any kind incurred or created by the <term type="NE" subtype="ORGANIZATION"> Authority </term> shall constitute an indebtedness of the State of <term type="NE" subtype="LOCATION"> North Carolina </term>, or any political subdivision thereof, and no such indebtedness shall involve or be secured by the faith, credit or taxing power of the State of <term type="NE" subtype="LOCATION"> North Carolina </term>, or any political subdivision thereof;</p>
          <p>(10)Be authorized and empowered to act as agent for the <term type="NE" subtype="LOCATION"> United States of America </term>, or any agency, department, corporation, or instrumentality thereof, in any matter coming within the purposes or powers of the <term type="NE" subtype="ORGANIZATION"> Authority </term>;</p>
          <p>(11)Have power to adopt, alter or repeal its own bylaws, rules and regulations governing the manner in which its business may be transacted and in which the power granted to it may be enjoyed, and may provide for the appointment of such committees, and the functions thereof, as the <term type="NE" subtype="ORGANIZATION"> Authority </term> may deem necessary or expedient in facilitating its business. The <term type="NE" subtype="ORGANIZATION"> Authority </term> may establish fees for its services. In establishing these fees, the <term type="NE" subtype="ORGANIZATION"> Authority </term> shall consider the cost of providing service, revenue requirements, the cost of similar services at other seaports in the <term type="NE" subtype="LOCATION"> South Atlantic </term> region, and any other factors it considers relevant. The <term type="NE" subtype="ORGANIZATION"> Authority </term> shall report the establishment or increase of any fee to the <term type="NE" subtype="ORGANIZATION"> Joint Legislative Commission on Governmental Operations </term> no later than 30 business <term type="NE" subtype="DURATION"> days </term> after it establishes or increases the fee.</p>
          <p>(12)Be authorized and empowered to do any and all other acts and things in this Part authorized or required to be done, whether or not included in the general powers in this section mentioned; and</p>
          <p>(13)Be authorized and empowered to do any and all things necessary to accomplish the purposes of this Part: Provided, that said <term type="NE" subtype="ORGANIZATION"> Authority </term> shall not engage in shipbuilding.</p>
          <p>The property of the <term type="NE" subtype="ORGANIZATION"> Authority </term> shall not be subject to any taxes or assessments thereon.</p>
          <p>(b)In order to execute the powers enumerated in subsection (a), the <term type="NE" subtype="ORGANIZATION"> Authority </term> shall determine the policies of the <term type="NE" subtype="ORGANIZATION"> North Carolina State Ports Authority </term> by majority vote of all members of the <term type="NE" subtype="ORGANIZATION"> Authority </term> <term type="NE" subtype="DATE"> present </term> and voting. <term type="NE" subtype="DATE"> Once </term> a policy is determined, the <term type="NE" subtype="ORGANIZATION"> Authority </term> shall communicate it to the Executive Director, who shall have the sole and exclusive authority to execute the policy of the <term type="NE" subtype="ORGANIZATION"> Authority </term>. No member of the <term type="NE" subtype="ORGANIZATION"> Authority </term> shall have responsibility or authority to give operational directives to any employee of the <term type="NE" subtype="ORGANIZATION"> North Carolina State Ports Authority </term> other than the Executive Director.</p>
        </div2>
        <div2 type="section" n="4">
          <head>SECTION 4. G.S.143B-457 is repealed.</head>
        </div2>
        <div2 type="section" n="5">
          <head>SECTION 5. G.S.</head>
          <p>&#167; 143B-465.<hi rend="underlined">services,</hi>supplies, material and equipment and building contracts.</p>
          <p>(a)All of the provisions of Article 3 of Chapter 143 of the General Statutes relating to the purchase of<hi rend="underlined">services,</hi>supplies, material and equipment by the State government are hereby made applicable to the North Carolina State Ports Authority.</p>
          <p>(b)All of the provisions of Chapter 143 of the General Statutes relating to public building contracts are hereby made applicable to the <term type="NE" subtype="ORGANIZATION"> North Carolina State Ports Authority </term> for those construction projects which may be funded, in whole or in part, by appropriations from the <term type="NE" subtype="ORGANIZATION"> General Assembly </term>.</p>
          <p>
            <hi rend="strikethrough">(c)</hi>
            <hi rend="strikethrough">Notwithstanding subsections (a)and (b)of this section, if the <term type="NE" subtype="ORGANIZATION"> North Carolina State Ports Authority </term> finds that the delivery of a particular port facility must be expedited for good cause, the <term type="NE" subtype="ORGANIZATION"> Authority </term> shall be exempt from the following statutes, and rules implementing those statutes, to the extent necessary to expedite delivery: G.S.133-1. 1 (g), G.S.143-128 (a)through (e), G.S.143-132, and G.S.143-135. 26. Prior to exercising an exemption authorized under this subsection, the <term type="NE" subtype="ORGANIZATION"> North Carolina State Ports Authority </term>, through its Executive Director, shall give notice in writing of the <term type="NE" subtype="ORGANIZATION"> Authority </term>'s intent to exercise the exemption to the Secretary of Administration. The notice shall contain, at a minimum, the following information: (i)the specific statutory requirement or requirements from which the <term type="NE" subtype="ORGANIZATION"> Authority </term> intends to exercise an exemption; (ii)the reason the exemption is necessary to expedite delivery of a port facility; and (iii)the way the <term type="NE" subtype="ORGANIZATION"> Authority </term> anticipates the exemption will expedite the delivery of a port facility. The <term type="NE" subtype="ORGANIZATION"> Authority </term> shall report <term type="NE" subtype="SET"> quarterly </term> to the <term type="NE" subtype="ORGANIZATION"> Joint Legislative Commission on Governmental Operations </term> on any building contracts exceeding <term type="NE" subtype="MONEY"> two hundred fifty thousand dollars </term> (<term type="NE" subtype="MONEY"> $ 250,000 </term>)to which an exemption authorized by this subsection is applied.</hi>
          </p>
        </div2>
        <div2 type="section" n="6">
          <head>SECTION 6.</head>
          <p>
            <hi rend="underlined">&#167; 143B-468. Publication of requests and bids for contracts.</hi>
          </p>
          <p>
            <hi rend="underlined">(a)</hi>
            <hi rend="underlined">In order to foster competition with other service providers, the <term type="NE" subtype="ORGANIZATION"> North Carolina State Ports Authority </term> shall publish all requests for contracts with the <term type="NE" subtype="ORGANIZATION"> Authority </term> and all contracts bid by the <term type="NE" subtype="ORGANIZATION"> Authority </term>, including the name of the vendor requesting a contract or vendor for which the <term type="NE" subtype="ORGANIZATION"> Authority </term> is bidding, the cost of services requested or bid, and the date the parties are to enter into a contract.</hi>
          </p>
          <p>
            <hi rend="underlined">(b)</hi>
            <hi rend="underlined">The requests and bids shall be published upon the Web site of the <term type="NE" subtype="ORGANIZATION"> Authority </term> within <term type="NE" subtype="DURATION"> 48 hours </term> of submission to the <term type="NE" subtype="ORGANIZATION"> Authority </term>. The <term type="NE" subtype="ORGANIZATION"> Authority </term> shall also publish an <term type="NE" subtype="SET"> annual </term> report of contract activity that consists of all requests and bids within a given <term type="NE" subtype="DURATION"> year </term>.</hi>
          </p>
          <p>
            <hi rend="underlined">(c)</hi>
            <hi rend="underlined">This section shall not apply to bids received by the <term type="NE" subtype="ORGANIZATION"> Authority </term>.</hi>
          </p>
        </div2>
        <div2 type="section" n="7">
          <head>SECTION 7.</head>
          <p>
            <hi rend="underlined">&#167; 143B-468. 1. Rental of Authority properties.</hi>
          </p>
          <p>
            <hi rend="underlined">Prior to leasing any of its properties, the <term type="NE" subtype="ORGANIZATION"> North Carolina State Ports Authority </term> shall publicly publish the availability of any given property and shall allow members of the public to acquire the lease. Unless the property is fungible property such as berths or storage areas, the lease of Authority property shall be subject to a competitive bid process.</hi>
          </p>
        </div2>
        <div2 type="section" n="8">
          <head>SECTION 8. Relocation of Power Lines Study. - The <term type="NE" subtype="ORGANIZATION"> Legislative Research Commission </term> is authorized to study the cost and feasibility of burying or raising the power lines that <term type="NE" subtype="DATE"> currently </term> extend across the <term type="NE" subtype="LOCATION"> Cape Fear River </term> from <term type="NE" subtype="ORGANIZATION"> Progress Energy </term>'s <term type="NE" subtype="LOCATION"> Brunswick Nuclear Plant </term> toward <term type="NE" subtype="PERSON"> Castle Hayne </term> so as to allow ocean-going vessels to travel <term type="NE" subtype="DATE"> past </term> the point that the power lines cross the river. In conducting the study, the <term type="NE" subtype="ORGANIZATION"> Commission </term> shall consider methods to help <term type="NE" subtype="ORGANIZATION"> Progress Energy </term> move the power lines in a manner that maximizes the use of the <term type="NE" subtype="LOCATION"> Cape Fear River </term> for commerce, including, but not limited to, grants to <term type="NE" subtype="ORGANIZATION"> Progress Energy </term> using the proceeds from the sale of unused <term type="NE" subtype="ORGANIZATION"> State Ports Authority </term> land. In conducting the study, the <term type="NE" subtype="ORGANIZATION"> Commission </term> shall compare the costs of moving the power lines to the economic benefit to the State from increased shipping up the <term type="NE" subtype="LOCATION"> Cape Fear River </term>. If the <term type="NE" subtype="ORGANIZATION"> Legislative Research Commission </term> undertakes the study authorized under this section, the costs of the study shall be paid by the <term type="NE" subtype="ORGANIZATION"> North Carolina State Ports Authority </term>.</head>
        </div2>
        <div2 type="section" n="9">
          <head>SECTION 9. Sections 1 through 7 of this act becomes effective <term type="NE" subtype="DATE"> October 1, 2011 </term>. The remainder of this act is effective when it becomes law.</head>
        </div2>
      </div1>
    </body>
  </text>
</TEI>
