<TEI xmlns="http://www.tei-c.org/ns/1.0">
  <teiHeader xml:lang="en">
    <fileDesc>
      <titleStmt>
        <title xml:id="NC-2013-S141"/>
        <author> shall constitute a formal nomination of a candidate. Delivery to the Office of the Senate Principal Clerk of a nomination form by facsimile transmission or e-mail transmission shall not constitute a formal nomination of a candidate. An individual is not eligible for nomination in the Senate if he or she was nominated and not elected to the Board of Governors by the House of Representatives during the 2013 Session. </author>
      </titleStmt>
      <editionStmt>
        <edition>v1</edition>
      </editionStmt>
      <publicationStmt>
        <pubPlace>North Carolina</pubPlace>
        <idno>NC-2013-S141</idno>
        <date>2013</date>
      </publicationStmt>
      <sourceDesc>
        <bibl>www.ncleg.net\Sessions\2013\Bills\Senate\HTML\S141v1.html</bibl>
      </sourceDesc>
    </fileDesc>
  </teiHeader>
  <text xml:lang="en">
    <front>
      <div1 type="abstract">
        <head>A bill to be entitled a senate resolution to amend the procedure for nominating and electing members of the board of governors of the university of north carolina.</head>
      </div1>
    </front>
    <body>
      <div1>
        <opener>
          <salute/>
        </opener>
        <p>A SENATE RESOLUTION to amend the procedure for nominating and electing members of the board of governors of the university of north carolina.</p>
        <p>Be it resolved by the <term type="NE" subtype="ORGANIZATION"> Senate </term>:</p>
        <div2 type="section" n="1">
          <head>SECTION 1. Section 1. I.2.</head>
          <p>2.<hi rend="strikethrough"><term type="NE" subtype="DATE"> February 22, 2013 </term>.</hi><hi rend="underlined"><term type="NE" subtype="DATE"> March 1, 2013 </term>.</hi>In 2013, the total number of positions available for election by the Senate is eight, and each position is for a four-year term. A Senator may propose candidates for nomination only for the openings available for election by the Senate. In order for a person to have standing to be considered as a candidate for nomination by the Senate Committee, that person must be formally nominated as a candidate by a member of the Senate. Only a written nomination on a form provided by the Chair of the Senate Committee for that purpose and received in the Office of the Senate Principal Clerk on or after Monday, February 18, 2013, and no later than 5:00 P.M. on Friday,<hi rend="strikethrough"><term type="NE" subtype="DATE"> February 22, 2013 </term>,</hi><hi rend="underlined"><term type="NE" subtype="DATE"> March 1, 2013 </term>,</hi>shall constitute a formal nomination of a candidate. Delivery to the Office of the Senate Principal Clerk of a nomination form by facsimile transmission or e-mail transmission shall not constitute a formal nomination of a candidate. An individual is not eligible for nomination in the Senate if he or she was nominated and not elected to the Board of Governors by the House of Representatives during the 2013 Session.</p>
        </div2>
        <div2 type="section" n="2">
          <head>SECTION 2. Section 1. I.3.</head>
          <p>3. Notwithstanding G.S.<hi rend="underlined"><term type="NE" subtype="DATE"> 2013 </term> Long Form</hi>Statement of Economic Interest with the North Carolina State Ethics Commission to be received by the North Carolina State Ethics Commission no later than 5:00 P.M. on Friday,<hi rend="strikethrough"><term type="NE" subtype="DATE"> February 22, 2013 </term>.</hi><hi rend="underlined"><term type="NE" subtype="DATE"> March 1, 2013 </term>. Submission of a <term type="NE" subtype="MISC"> Statement of Economic Interest </term> <term type="NE" subtype="DATE"> 2013 </term> <term type="NE" subtype="MISC"> No Change Form </term> shall not constitute a complete submission for a formal nomination of a candidate.</hi>The<hi rend="underlined"><term type="NE" subtype="DATE"> 2013 </term> Long Form</hi>Statement of Economic Interest must clearly state that the person is a candidate who has been nominated for the Board of Governors of The University of North Carolina.</p>
        </div2>
        <div2 type="section" n="3">
          <head>SECTION 3. Section 1. I.4.</head>
          <p>4.<hi rend="strikethrough"><term type="NE" subtype="DATE"> February 23, 2013 </term>,</hi><hi rend="underlined"><term type="NE" subtype="DATE"> March 4, 2013 </term>,</hi>the Senate Committee shall list all proposed candidates for nomination. The Senate Committee shall screen the proposed candidates for nomination as to their qualifications and background and may interview each one to make sure that suitable persons are nominated. The Senate Committee shall ascertain that each candidate for nomination is willing and able to serve and has no statutory disability. On completion of the screening process, the Senate Committee shall conduct a vote to ensure that the slate of legally qualified candidates lists no more than twice the number of candidates for the total seats open.</p>
        </div2>
        <div2 type="section" n="4">
          <head>SECTION 4. This resolution is effective upon adoption.</head>
        </div2>
      </div1>
    </body>
  </text>
</TEI>
