<TEI xmlns="http://www.tei-c.org/ns/1.0">
  <teiHeader xml:lang="en">
    <fileDesc>
      <titleStmt>
        <title xml:id="NC-2011-H733">Modify Abandoned Property Provisions.</title>
        <author>Representatives Jordan, Starnes, and Stevens (Primary  Sponsors). </author>
      </titleStmt>
      <editionStmt>
        <edition>v0</edition>
      </editionStmt>
      <publicationStmt>
        <pubPlace>North Carolina</pubPlace>
        <idno>NC-2011-H733</idno>
        <date>2011</date>
      </publicationStmt>
      <sourceDesc>
        <bibl>www.ncleg.net\Sessions\2011\Bills\House\HTML\H733v0.html</bibl>
      </sourceDesc>
    </fileDesc>
  </teiHeader>
  <text xml:lang="en">
    <front>
      <div1 type="abstract">
        <head>A bill to be entitled an act to provide that multiple payee checks may be presumed abandoned with respect to an owner not claiming the check within<term type="NE" subtype="DURATION"><term type="NE" subtype="DURATION"> three years </term></term>and to limit the scope of the regulation of property finder agreements to only those agreements that involve property that is presumed abandoned.</head>
      </div1>
    </front>
    <body>
      <div1>
        <opener>
          <salute>The <term type="NE" subtype="ORGANIZATION"> General Assembly of North Carolina </term> enacts:</salute>
        </opener>
        <div2 type="section" n="1">
          <head>SECTION 1. G.S.</head>
          <p>(c)Property is presumed abandoned if it is unclaimed by the apparent owner during the time set forth below for the particular property:</p>
          <p>&#8230;</p>
          <p>(3)Money order, cashier's check, teller's check, and certified check, <term type="NE" subtype="DURATION"> seven years </term> after issuance.</p>
          <p>
            <hi rend="underlined">(3a)</hi>
            <hi rend="underlined">Money order, cashier's check, teller's check, or certified check issued to multiple payees, <term type="NE" subtype="DURATION"> three years </term> after issuance, with respect to the payee who has not claimed the property.</hi>
          </p>
          <p>&#8230;.</p>
        </div2>
        <div2 type="section" n="2">
          <head>SECTION 2. G.S.</head>
          <p>&#167; 116B-78. Agreement to locate property.</p>
          <p>&#8230;</p>
          <p>(a1)Agreements Covered.<hi rend="strikethrough">distributable to the owner or</hi>presumed abandoned.</p>
          <p>(a2)Void Agreements.<hi rend="strikethrough">distributable to the owner</hi><hi rend="underlined">presumed abandoned</hi>and extending to a time that is 24 months after the date the property is paid or delivered to the Treasurer. This subsection does not apply to an owner's agreement with an attorney to file a claim or special proceeding as to identified property or contest the Treasurer's denial of a claim or a clerk's denial of a petition.</p>
          <p>&#8230;.</p>
        </div2>
        <div2 type="section" n="3">
          <head>SECTION 3. This act becomes effective <term type="NE" subtype="DATE"> October 1, 2011 </term>.</head>
        </div2>
      </div1>
    </body>
  </text>
</TEI>
