<TEI xmlns="http://www.tei-c.org/ns/1.0">
  <teiHeader xml:lang="en">
    <fileDesc>
      <titleStmt>
        <title xml:id="NC-2011-H789">Energy Efficiency Required for REPS.</title>
        <author>Representatives Glazier, Harrison, and Weiss (Primary  Sponsors). </author>
      </titleStmt>
      <editionStmt>
        <edition>v1</edition>
      </editionStmt>
      <publicationStmt>
        <pubPlace>North Carolina</pubPlace>
        <idno>NC-2011-H789</idno>
        <date>2011</date>
      </publicationStmt>
      <sourceDesc>
        <bibl>www.ncleg.net\Sessions\2011\Bills\House\HTML\H789v1.html</bibl>
      </sourceDesc>
    </fileDesc>
  </teiHeader>
  <text xml:lang="en">
    <front>
      <div1 type="abstract">
        <head>A bill to be entitled an act to change to a mandate the<term type="NE" subtype="DATE"><term type="NE" subtype="DATE"> current </term></term>option that an electric public utility meet up to<term type="NE" subtype="PERCENT"><term type="NE" subtype="PERCENT"> twenty-five percent </term></term>of its renewable energy and energy efficiency portfolio standard (reps)requirements through savings due to implementation of energy efficiency measures through calendar<term type="NE" subtype="DATE"><term type="NE" subtype="DATE"> year 2020 </term></term>and, beginning in calendar<term type="NE" subtype="DATE"><term type="NE" subtype="DATE"> year 2021 </term></term >, meet up to<term type="NE" subtype="PERCENT"><term type="NE" subtype="PERCENT"> forty percent </term></term>of its reps requirements through savings due to implementation of energy efficiency measures.</head>
      </div1>
    </front>
    <body>
      <div1>
        <opener>
          <salute>The <term type="NE" subtype="ORGANIZATION"> General Assembly of North Carolina </term> enacts:</salute>
        </opener>
        <div2 type="section" n="1">
          <head>SECTION 1. G.S.62-133. 8 (b)(2)c.</head>
          <p>(2)An electric public utility may meet the requirements of this section by any one or more of the following:</p>
          <p>&#8230;</p>
          <p>c.<hi rend="strikethrough">may</hi><hi rend="underlined">shall</hi>meet up to twenty-five percent (25%) of the requirements of this section through savings due to implementation of energy efficiency measures. Beginning in calendar year 2021 and each year thereafter, an electric public utility<hi rend="strikethrough">may</hi><hi rend="underlined">shall</hi>meet up to forty percent (40%) of the requirements of this section through savings due to implementation of energy efficiency measures.</p>
          <p>&#8230;.</p>
        </div2>
        <div2 type="section" n="2">
          <head>SECTION 2. This act becomes effective <term type="NE" subtype="DATE"> October 1, 2011 </term>.</head>
        </div2>
      </div1>
    </body>
  </text>
</TEI>
