<TEI xmlns="http://www.tei-c.org/ns/1.0">
  <teiHeader xml:lang="en">
    <fileDesc>
      <titleStmt>
        <title xml:id="NC-2013-H447">Restore Teaching Fellows Program.</title>
        <author>Representatives McManus and Queen (Primary Sponsors). </author>
      </titleStmt>
      <editionStmt>
        <edition>v1</edition>
      </editionStmt>
      <publicationStmt>
        <pubPlace>North Carolina</pubPlace>
        <idno>NC-2013-H447</idno>
        <date>2013</date>
      </publicationStmt>
      <sourceDesc>
        <bibl>www.ncleg.net\Sessions\2013\Bills\House\HTML\H447v1.html</bibl>
      </sourceDesc>
    </fileDesc>
  </teiHeader>
  <text xml:lang="en">
    <front>
      <div1 type="abstract">
        <head>A bill to be entitled an act to restore funding for the teaching fellows program.</head>
      </div1>
    </front>
    <body>
      <div1>
        <opener>
          <salute>The <term type="NE" subtype="ORGANIZATION"> General Assembly of North Carolina </term> enacts:</salute>
        </opener>
        <div2 type="section" n="1">
          <head>SECTION 1. There is appropriated from the <term type="NE" subtype="ORGANIZATION"> General Fund </term> to the Department of Public Instruction the sum of <term type="NE" subtype="MONEY"> three million two hundred fifty thousand dollars </term> (<term type="NE" subtype="MONEY"> $ 3,250,000 </term>)in recurring funds for the <term type="NE" subtype="DURATION"> 2013-2014 </term> and <term type="NE" subtype="DURATION"> 2014-2015 </term> fiscal <term type="NE" subtype="DURATION"> years </term> to restore funding for the <term type="NE" subtype="DURATION"> 2013-2014 </term> class and subsequent classes of the Teaching Fellows Program.</head>
        </div2>
        <div2 type="section" n="2">
          <head>SECTION 2. Section 1. 38 of S.L.2011-266 is repealed.</head>
        </div2>
        <div2 type="section" n="3">
          <head>SECTION 3. This act becomes effective <term type="NE" subtype="DATE"> July 1, 2013 </term>.</head>
        </div2>
      </div1>
    </body>
  </text>
</TEI>
