<TEI xmlns="http://www.tei-c.org/ns/1.0">
  <teiHeader xml:lang="en">
    <fileDesc>
      <titleStmt>
        <title xml:id="NC-2011-H713">Public Contracts/Multiple Award.</title>
        <author/>
      </titleStmt>
      <editionStmt>
        <edition>v5</edition>
      </editionStmt>
      <publicationStmt>
        <pubPlace>North Carolina</pubPlace>
        <idno>NC-2011-H713</idno>
        <date>2011</date>
      </publicationStmt>
      <sourceDesc>
        <bibl>www.ncleg.net\Sessions\2011\Bills\House\HTML\H713v5.html</bibl>
      </sourceDesc>
    </fileDesc>
  </teiHeader>
  <text xml:lang="en">
    <front>
      <div1 type="abstract">
        <head>A bill to be entitled an act to authorize the department of administration to use multiple award schedule contracts for the purchase of all ground maintenance, construction, communications, and forestry equipment.</head>
      </div1>
    </front>
    <body>
      <div1>
        <opener>
          <salute>The <term type="NE" subtype="ORGANIZATION"> General Assembly of North Carolina </term> enacts:</salute>
        </opener>
        <div2 type="section" n="1">
          <head>SECTION 1.</head>
          <p>
            <hi rend="underlined">&#167; 143-52. 3. Multiple award schedule contracts.</hi>
          </p>
          <p>
            <hi rend="underlined">(a)</hi>
            <hi rend="underlined">Definitions.</hi>
          </p>
          <p>
            <hi rend="underlined">(1)</hi>
            <hi rend="underlined">Communications equipment. - Mobile communications systems, desktop communications systems, base and repeater communications systems, gateway devices, audio switch units, radio routers, microwave radios, microwave antennae, Ethernet switches, wireless access points, or equivalent products and attachments.</hi>
          </p>
          <p>
            <hi rend="underlined">(2)</hi>
            <hi rend="underlined">Construction equipment. - Excavators, wheel excavators, track loaders, compact track loaders, wheel loaders, skid steer loaders, backhoe loaders, crawler dozers, crawler loaders, wheel dozers, motor graders, utility cranes, compactors, and appropriate attachments, or equivalent products and attachments.</hi>
          </p>
          <p>
            <hi rend="underlined">(3)</hi>
            <hi rend="underlined">Forestry equipment. - <term type="NE" subtype="PERSON"> Feller </term> bunchers, knuckleboom loaders, forestry swing machines, harvesters, and appropriate attachments, or equivalent products and attachments.</hi>
          </p>
          <p>
            <hi rend="underlined">(4)</hi>
            <hi rend="underlined">Ground maintenance equipment. - Hand-held equipment, walk-behind products, lawn tractors, lawn and garden tractors, commercial walk-behind mowers, zero turn radius mowers, front mowers, compact utility tractors, utility tractors, utility vehicles, golf and turf equipment, agricultural tractors and implements, and appropriate attachments, or equivalent products and attachments.</hi>
          </p>
          <p>
            <hi rend="underlined">(5)</hi>
            <hi rend="underlined">Multiple award schedule contract. - A contract that allows multiple vendors to be awarded a <term type="NE" subtype="ORGANIZATION"> State </term> contract for goods or services by providing their total catalogues for lines of equipment and attachments to eligible purchasers, including <term type="NE" subtype="ORGANIZATION"> State </term> agencies, departments, institutions, public school districts, political subdivisions, community colleges, and constituent institutions of The <term type="NE" subtype="ORGANIZATION"> University of North Carolina </term>.</hi>
          </p>
          <p>
            <hi rend="underlined">(b)</hi>
            <hi rend="underlined">Intent. - The intent of multiple award schedule contracts is to evaluate vendors based upon a variety of factors, including discounts, total lifecycle costs, service, warranty, distribution channel, and <term type="NE" subtype="DATE"> past </term> vendor performance. Multiple award schedule contracts allow multiple vendors to compete and be awarded a contract based upon the value of their products or services and result in competitive pricing, transparency, administrative savings, expedited procurement, and flexibility for State purchasers.</hi>
          </p>
          <p>
            <hi rend="underlined">(c)</hi>
            <hi rend="underlined">Multiple Award Schedule Contracts Required. - The acquisition of ground maintenance equipment, construction equipment, communications equipment, and forestry equipment shall be conducted using multiple award schedule contracts, except as provided in this section. Not later than <term type="NE" subtype="DATE"> August 31, 2011 </term>, the <term type="NE" subtype="ORGANIZATION"> Department of Administration </term> shall issue requests for proposals for multiple award schedule contracts for all ground maintenance equipment product categories, construction equipment product categories, communications equipment product categories, and forestry equipment product categories. Contracts awarded under this subsection shall be for a term of not <term type="NE" subtype="DURATION"> less than three years </term> with <term type="NE" subtype="SET"> annual </term> product and pricing update periods.</hi>
          </p>
          <p>
            <hi rend="underlined">(d)</hi>
            <hi rend="underlined">Limitation. - Any contract awarded under subsection (c)of this section shall be in addition to any existing term contracts for ground maintenance equipment, construction equipment, communications equipment, and forestry equipment. Nothing in this section shall limit the ability of the <term type="NE" subtype="ORGANIZATION"> Department of Administration </term> to issue additional term contracts for the specific purchase of equipment otherwise available through a multiple award schedule contract. The <term type="NE" subtype="ORGANIZATION"> Department of Crime Control and Public Safety </term> shall not be required to purchase from contracts awarded under subsection (c)of this section for communications equipment.</hi>
          </p>
        </div2>
        <div2 type="section" n="2">
          <head>SECTION 2. This act is effective when it becomes law.</head>
        </div2>
      </div1>
    </body>
  </text>
</TEI>
