<TEI xmlns="http://www.tei-c.org/ns/1.0">
  <teiHeader xml:lang="en">
    <fileDesc>
      <titleStmt>
        <title xml:id="NC-2009-S663">Increase Access to Justice.</title>
        <author/>
      </titleStmt>
      <editionStmt>
        <edition>v0</edition>
      </editionStmt>
      <publicationStmt>
        <pubPlace>North Carolina</pubPlace>
        <idno>NC-2009-S663</idno>
        <date>2009</date>
      </publicationStmt>
      <sourceDesc>
        <bibl>www.ncleg.net\Sessions\2009\Bills\Senate\HTML\S663v0.html</bibl>
      </sourceDesc>
    </fileDesc>
  </teiHeader>
  <text xml:lang="en">
    <front>
      <div1 type="abstract">
        <head>A bill to be entitled an act to increase access to justice in the civil courts, as recommended by the chief justice's north carolina equal access to justice commission.</head>
      </div1>
    </front>
    <body>
      <div1>
        <opener>
          <salute>The <term type="NE" subtype="ORGANIZATION"> General Assembly of North Carolina </term> enacts:</salute>
        </opener>
        <p>Whereas, open and fair civil courts and tribunals of justice are one of the preeminent hallmarks of our constitutional democracy and an historic legacy of this State since its colonial <term type="NE" subtype="DURATION"> days </term>; and</p>
        <p>Whereas, many of our State's citizens can not afford legal representation even for cases in which vital decisions about their lives and families are being decided; and</p>
        <p>Whereas, more than <term type="NE" subtype="ORDINAL"> one-third </term> - nearly 3.</p>
        <p>Whereas, our courts and tribunals can not be considered open and fair unless access to competent legal assistance is more readily available; and</p>
        <p>Whereas, civil legal representation helps tens of thousands of <term type="NE" subtype="LOCATION"> North Carolina </term> residents <term type="NE" subtype="SET"> annually </term> to meet such basic needs as adequate housing, health care, increased income, and safety from domestic violence; and</p>
        <p>Whereas, the <term type="NE" subtype="ORGANIZATION"> General Assembly </term> resolves to expand openness and fairness in our State's courts and tribunals by making more readily available competent legal assistance to those in financial need by enacting the following legislation; <term type="NE" subtype="DATE"> Now </term>, therefore,</p>
        <div2 type="section" n="1">
          <head>SECTION 1. 1. G.S.</head>
          <p>(4)For support of the <term type="NE" subtype="ORGANIZATION"> General Court of Justice </term>, the sum of <term type="NE" subtype="MONEY"> ninety-five dollars </term> and <term type="NE" subtype="MONEY"> fifty cents </term> (<term type="NE" subtype="MONEY"> $ 95 </term>. 50)in the district court, including cases before a magistrate, and the sum of <term type="NE" subtype="MONEY"> one hundred two dollars </term> and <term type="NE" subtype="MONEY"> fifty cents </term> (<term type="NE" subtype="MONEY"> $ 102 </term>. 50)in the superior court, to be remitted to the State Treasurer. For a person convicted of a felony in superior court who has made a <term type="NE" subtype="ORDINAL"> first </term> appearance in district court, both the district court and superior court fees shall be assessed.<hi rend="strikethrough"><term type="NE" subtype="MONEY"> two dollars </term> and <term type="NE" subtype="MONEY"> five cents </term> (<term type="NE" subtype="MONEY"> $ 2 </term>. 05)of each fee collected under this subdivision to the <term type="NE" subtype="ORGANIZATION"> North Carolina State Bar </term> for the provision of services described in G.S.7A-474.</hi>ninety-five cents ($.95) of each fee collected under this subdivision to the North Carolina State Bar for the provision of services described in<hi rend="strikethrough">G.S.7A-474. 19.</hi><hi rend="underlined">G.S.7A-474. 19, and a portion of each fee collected under this subdivision, in an amount equal to that specified in the table below, to the <term type="NE" subtype="ORGANIZATION"> North Carolina State Bar </term> for the provision of services described in G.S.7A-474.</hi></p>
          <p>
            <hi rend="underlined">Fiscal <term type="NE" subtype="DURATION"> Year </term></hi>
            <hi rend="underlined">Amount</hi>
          </p>
          <p>
            <hi rend="underlined"><term type="NE" subtype="DURATION"> 2009-2010 </term></hi>
            <hi rend="underlined"><term type="NE" subtype="MONEY"> $ 4 </term>.</hi>
          </p>
          <p>
            <hi rend="underlined"><term type="NE" subtype="DURATION"> 2010-2011 </term></hi>
            <hi rend="underlined">6.</hi>
          </p>
          <p>
            <hi rend="underlined"><term type="NE" subtype="DURATION"> 2011-2012 </term></hi>
            <hi rend="underlined">8.</hi>
          </p>
          <p>
            <hi rend="underlined"><term type="NE" subtype="DURATION"> 2012-2013 </term> and after</hi>
            <hi rend="underlined">10. 00.</hi>
          </p>
        </div2>
        <div2 type="section" n="2">
          <head>SECTION 1. 2. G.S.</head>
          <p>(2)For support of the <term type="NE" subtype="ORGANIZATION"> General Court of Justice </term>, the sum of <term type="NE" subtype="MONEY"> ninety-three dollars </term> (<term type="NE" subtype="MONEY"> $ 93 </term>. 00)in the superior court, except that if a case is assigned to a special superior court judge as a complex business case under G.S.7A-45. 3, an additional <term type="NE" subtype="MONEY"> two hundred dollars </term> (<term type="NE" subtype="MONEY"> $ 200 </term>. 00)shall be paid upon its assignment, and the sum of <term type="NE" subtype="MONEY"> seventy-three dollars </term> (<term type="NE" subtype="MONEY"> $ 73 </term>. 00)in the district court except that if the case is assigned to a magistrate the sum shall be <term type="NE" subtype="MONEY"> sixty-three dollars </term> (<term type="NE" subtype="MONEY"> $ 63 </term>. 00). Sums collected under this subdivision shall be remitted to the State Treasurer.<hi rend="strikethrough"><term type="NE" subtype="MONEY"> two dollars </term> and <term type="NE" subtype="MONEY"> five cents </term> (<term type="NE" subtype="MONEY"> $ 2 </term>. 05)of each fee collected under this subdivision to the <term type="NE" subtype="ORGANIZATION"> North Carolina State Bar </term> for the provision of services described in G.S.7A-474.</hi>ninety-five cents ($.95) of each fee collected under this subdivision to the North Carolina State Bar for the provision of services described in<hi rend="strikethrough">G.S.7A-474. 19.</hi><hi rend="underlined">G.S.7A-474. 19, and a portion of each fee collected under this subdivision, in an amount equal to that specified in the table below, to the <term type="NE" subtype="ORGANIZATION"> North Carolina State Bar </term> for the provision of services described in G.S.7A-474.</hi></p>
          <p>
            <hi rend="underlined">Fiscal <term type="NE" subtype="DURATION"> Year </term></hi>
            <hi rend="underlined">Amount</hi>
          </p>
          <p>
            <hi rend="underlined"><term type="NE" subtype="DURATION"> 2009-2010 </term></hi>
            <hi rend="underlined"><term type="NE" subtype="MONEY"> $ 4 </term>.</hi>
          </p>
          <p>
            <hi rend="underlined"><term type="NE" subtype="DURATION"> 2010-2011 </term></hi>
            <hi rend="underlined">6.</hi>
          </p>
          <p>
            <hi rend="underlined"><term type="NE" subtype="DURATION"> 2011-2012 </term></hi>
            <hi rend="underlined">8.</hi>
          </p>
          <p>
            <hi rend="underlined"><term type="NE" subtype="DURATION"> 2012-2013 </term> and after</hi>
            <hi rend="underlined">10. 00.</hi>
          </p>
        </div2>
        <div2 type="section" n="3">
          <head>SECTION 1. 3. G.S.</head>
          <p>(2)For support of the <term type="NE" subtype="ORGANIZATION"> General Court of Justice </term> the sum of <term type="NE" subtype="MONEY"> forty dollars </term> (<term type="NE" subtype="MONEY"> $ 40 </term>. 00). In addition, in proceedings involving land, except boundary disputes, if the fair market value of the land involved is over <term type="NE" subtype="MONEY"> one hundred dollars </term> (<term type="NE" subtype="MONEY"> $ 100 </term>. 00), there shall be an additional sum of <term type="NE" subtype="MONEY"> thirty cents </term> (<term type="NE" subtype="MONEY"> 30 cents </term>)per <term type="NE" subtype="MONEY"> one hundred dollars </term> (<term type="NE" subtype="MONEY"> $ 100 </term>. 00)of value, or major fraction thereof, not to exceed a maximum additional sum of <term type="NE" subtype="MONEY"> two hundred dollars </term> (<term type="NE" subtype="MONEY"> $ 200 </term>. 00). Fair market value is determined by the sale price if there is a sale, the appraiser's valuation if there is no sale, or the appraised value from the property tax records if there is neither a sale nor an appraiser's valuation. Sums collected under this subdivision shall be remitted to the State Treasurer.<hi rend="strikethrough">the sum of <term type="NE" subtype="MONEY"> two dollars </term> and <term type="NE" subtype="MONEY"> five cents </term> (<term type="NE" subtype="MONEY"> $ 2 </term>.</hi><hi rend="underlined">a portion</hi>of each forty-dollar ($40.00) General Court of Justice fee collected under this<hi rend="strikethrough">subdivision</hi><hi rend="underlined">subdivision, in an amount equal to that specified in the table below,</hi>to the North Carolina State Bar for the provision of services described in<hi rend="strikethrough">G.S.7A-474. 4.</hi><hi rend="underlined">G.S.7A-474.</hi></p>
          <p>
            <hi rend="underlined">Fiscal <term type="NE" subtype="DURATION"> Year </term></hi>
            <hi rend="underlined">Amount</hi>
          </p>
          <p>
            <hi rend="underlined"><term type="NE" subtype="DURATION"> 2009-2010 </term></hi>
            <hi rend="underlined"><term type="NE" subtype="MONEY"> $ 4 </term>.</hi>
          </p>
          <p>
            <hi rend="underlined"><term type="NE" subtype="DURATION"> 2010-2011 </term></hi>
            <hi rend="underlined">6.</hi>
          </p>
          <p>
            <hi rend="underlined"><term type="NE" subtype="DURATION"> 2011-2012 </term></hi>
            <hi rend="underlined">8.</hi>
          </p>
          <p>
            <hi rend="underlined"><term type="NE" subtype="DURATION"> 2012-2013 </term> and after</hi>
            <hi rend="underlined">10. 00.</hi>
          </p>
        </div2>
        <div2 type="section" n="4">
          <head>SECTION 1. 4. G.S.</head>
          <p>(2)For support of the <term type="NE" subtype="ORGANIZATION"> General Court of Justice </term>, the sum of <term type="NE" subtype="MONEY"> fifty dollars </term> (<term type="NE" subtype="MONEY"> $ 50 </term>. 00), plus an additional <term type="NE" subtype="MONEY"> forty cents </term> (<term type="NE" subtype="MONEY"> 40 cents </term>)per <term type="NE" subtype="MONEY"> one hundred dollars </term> (<term type="NE" subtype="MONEY"> $ 100 </term>. 00), or major fraction thereof, of the gross estate, not to exceed <term type="NE" subtype="MONEY"> six thousand dollars </term> (<term type="NE" subtype="MONEY"> $ 6,000 </term>). Gross estate shall include the fair market value of all personalty when received, and all proceeds from the sale of realty coming into the hands of the fiduciary, but shall not include the value of realty. In collections of personal property by affidavit, the fee based on the gross estate shall be computed from the information in the final affidavit of collection made pursuant to G.S.28A-25-3 and shall be paid when that affidavit is filed. In all other cases, this fee shall be computed from the information reported in the inventory and shall be paid when the inventory is filed with the clerk. If additional gross estate, including income, comes into the hands of the fiduciary after the filing of the inventory, the fee for such additional value shall be assessed and paid upon the filing of any account or report disclosing such additional value. For each filing the minimum fee shall be <term type="NE" subtype="MONEY"> fifteen dollars </term> (<term type="NE" subtype="MONEY"> $ 15 </term>. 00). Sums collected under this subdivision shall be remitted to the State Treasurer.<hi rend="strikethrough"><term type="NE" subtype="MONEY"> two dollars </term> and <term type="NE" subtype="MONEY"> five cents </term> (<term type="NE" subtype="MONEY"> $ 2 </term>.</hi><hi rend="underlined">a portion</hi>of each fifty-dollar ($50.00) General Court of Justice fee collected under this<hi rend="strikethrough">subdivision</hi><hi rend="underlined">subdivision, in an amount equal to that specified in the table below,</hi>to the North Carolina State Bar for the provision of services described in<hi rend="strikethrough">G.S.7A-474. 4.</hi><hi rend="underlined">G.S.7A-474.</hi></p>
          <p>
            <hi rend="underlined">Fiscal <term type="NE" subtype="DURATION"> Year </term></hi>
            <hi rend="underlined">Amount</hi>
          </p>
          <p>
            <hi rend="underlined"><term type="NE" subtype="DURATION"> 2009-2010 </term></hi>
            <hi rend="underlined"><term type="NE" subtype="MONEY"> $ 4 </term>.</hi>
          </p>
          <p>
            <hi rend="underlined"><term type="NE" subtype="DURATION"> 2010-2011 </term></hi>
            <hi rend="underlined">6.</hi>
          </p>
          <p>
            <hi rend="underlined"><term type="NE" subtype="DURATION"> 2011-2012 </term></hi>
            <hi rend="underlined">8.</hi>
          </p>
          <p>
            <hi rend="underlined"><term type="NE" subtype="DURATION"> 2012-2013 </term> and after</hi>
            <hi rend="underlined">10. 00.</hi>
          </p>
        </div2>
        <div2 type="section" n="5">
          <head>SECTION 1. 5. G.S.</head>
          <p>(1)Foreclosure under power of sale in deed of trust or mortgage........... <term type="NE" subtype="MONEY"> $ 75 </term>.</p>
          <p><hi rend="underlined">The State Treasurer shall remit the sum of <term type="NE" subtype="MONEY"> fifty dollars </term> (<term type="NE" subtype="MONEY"> $ 50 </term>. 00)of each fee collected under this subdivision to the <term type="NE" subtype="ORGANIZATION"> North Carolina State Bar </term> for the provision of foreclosure services described in G.S.7A-474. 4.</hi>If the property is sold under the power of sale, an additional amount will be charged, determined by the following formula: forty-five cents (.45) per one hundred dollars ($100.00), or major fraction thereof, of the final sale price. If the amount determined by the formula is less than ten dollars ($10.00), a minimum ten dollar ($10.00) fee will be collected. If the amount determined by the formula is more than five hundred dollars ($500.00), a maximum five hundred-dollar ($500.00) fee will be collected.</p>
        </div2>
        <div2 type="section" n="6">
          <head>SECTION 2. 1. The <term type="NE" subtype="ORGANIZATION"> General Assembly </term> finds that homeownership is the primary means by which families and individuals of low and moderate incomes build wealth. The <term type="NE" subtype="ORGANIZATION"> General Assembly </term> further finds that homeownership and a healthy housing market are essential to the health and economic vitality of <term type="NE" subtype="LOCATION"> North Carolina </term>.</head>
        </div2>
        <div2 type="section" n="7">
          <head>SECTION 2. 2. There is appropriated from the <term type="NE" subtype="ORGANIZATION"> General Fund </term> to the <term type="NE" subtype="ORGANIZATION"> North Carolina State Bar </term> the sum of <term type="NE" subtype="MONEY"> one million eight hundred thousand dollars </term> (<term type="NE" subtype="MONEY"> $ 1,800,000 </term>)for the <term type="NE" subtype="DURATION"> 2009-2010 </term> fiscal <term type="NE" subtype="DURATION"> year </term> and the sum of <term type="NE" subtype="MONEY"> one million eight hundred thousand dollars </term> (<term type="NE" subtype="MONEY"> $ 1,800,000 </term>)for the <term type="NE" subtype="DURATION"> 2010-2011 </term> fiscal <term type="NE" subtype="DURATION"> year </term> in recurring funds to be allocated to the established legal services programs under G.S.7A-474. 2 to provide access to legal assistance to low-income consumers in cases involving predatory mortgage lending, mortgage broker and loan services abuses, foreclosure defense, and other legal issues that relate to helping low-income consumers avoid foreclosure and home loss.</head>
        </div2>
        <div2 type="section" n="8">
          <head>SECTION 3. 1. Section 22. 6 of S.L.</head>
          <p>The <term type="NE" subtype="ORGANIZATION"> Office of State Budget and Management </term>, in consultation with the <term type="NE" subtype="ORGANIZATION"> Department of Administration </term>, shall study the level of <term type="NE" subtype="ORGANIZATION"> State </term> assistance provided to county veterans service programs by the <term type="NE" subtype="MISC"> Aid to Counties </term> program within the <term type="NE" subtype="ORGANIZATION"> Department of Administration </term> pursuant to G.S.165-6 (9). The <term type="NE" subtype="ORGANIZATION"> Office </term> will collect data from county programs, including a <term type="NE" subtype="DURATION"> five-year </term> analysis of county spending, the number and type of veteran claims filed, and the number of FTE staff assigned to the county programs, to assess the level of services provided. The study should examine the effect of changing the amount of assistance that a county is eligible to receive pursuant to G.S.165-6 (9).<hi rend="underlined">the number of cases requiring appeal; whether the assistance of an attorney was provided on appeals;</hi>and the county veteran population. The study should also include a section on recommended statutory changes, budgetary increases, distribution reallocations, and administrative changes to the Division of Veterans Affairs.</p>
          <p>The <term type="NE" subtype="ORGANIZATION"> Office of State Budget and Management </term> shall submit a final report of its findings and recommendations to the <term type="NE" subtype="ORGANIZATION"> House Appropriations Subcommittee </term> on General Government, the <term type="NE" subtype="ORGANIZATION"> Senate Appropriations Subcommittee </term> on General Government and <term type="NE" subtype="ORGANIZATION"> Information Technology </term>, and the <term type="NE" subtype="ORGANIZATION"> Fiscal Research Division </term> no later than<hi rend="strikethrough"><term type="NE" subtype="DATE"> March 1, 2009 </term>.</hi><hi rend="underlined"><term type="NE" subtype="DATE"> March 1, 2010 </term>.</hi></p>
        </div2>
        <div2 type="section" n="9">
          <head>SECTION 3. 2.</head>
          <p>(1)Approximately 150,000 veterans reside in <term type="NE" subtype="LOCATION"> North Carolina </term>;</p>
          <p>(2)<term type="NE" subtype="MISC"> North Carolinians </term> have over 19,000 claims for veterans benefits pending with the <term type="NE" subtype="ORGANIZATION"> Veterans Administration </term>; and</p>
          <p>(3)The resolution of these claims affects veterans as well as thousands of family members in the State.</p>
          <p>Therefore, it is fitting and appropriate that the State of <term type="NE" subtype="LOCATION"> North Carolina </term> ensure that veterans and their families are provided with adequate legal assistance to pursue their just claims for benefits against the <term type="NE" subtype="ORGANIZATION"> Veterans Administration </term> and other federal agencies that provide veterans with benefits, including claims for disability. Veterans from across this State and from all branches of the armed services deserve adequate review and representation for their claims.</p>
        </div2>
        <div2 type="section" n="10">
          <head>SECTION 3. 3. There is appropriated from the General Fund to the Division of <term type="NE" subtype="ORGANIZATION"> Veterans Affairs, Department of Administration </term>, the sum of <term type="NE" subtype="MONEY"> three million dollars </term> (<term type="NE" subtype="MONEY"> $ 3,000,000 </term>)for the <term type="NE" subtype="DURATION"> 2009-2010 </term> fiscal <term type="NE" subtype="DURATION"> year </term> and the sum of <term type="NE" subtype="MONEY"> three million dollars </term> (<term type="NE" subtype="MONEY"> $ 3,000,000 </term>)for the <term type="NE" subtype="DURATION"> 2010-2011 </term> fiscal <term type="NE" subtype="DURATION"> year </term> in recurring funds to contract with one or more of the established legal services programs under G.S.7A-474. 2 and <term type="NE" subtype="ORGANIZATION"> Disability Rights of North Carolina </term> to provide adequate legal representation to veterans and their families in all 100 counties of the State in cases involving appeal of denials beyond the administrative level to the appropriate federal agency, administrative law process, or appellate court as well as in cases involving other legal issues as the Division of Veterans Affairs concludes is most helpful to veterans and their immediate families residing in <term type="NE" subtype="LOCATION"> North Carolina </term>.</head>
        </div2>
        <div2 type="section" n="11">
          <head>SECTION 4. 1. G.S.7A-474.</head>
          <p>(1)Eligible client means a resident of <term type="NE" subtype="LOCATION"> North Carolina </term> financially eligible for representation under the Legal Services Corporation Act, regulations, and interpretations adopted thereunder (45 C.F.R.<hi rend="strikethrough">G.S.14-43. 11 (d).</hi><hi rend="underlined">G.S.14-43. 11 (d), or to a veteran of the <term type="NE" subtype="LOCATION"> United States </term> armed forces, reserves, or national guard, who is a resident of the State.</hi></p>
        </div2>
        <div2 type="section" n="12">
          <head>SECTION 4. 2. G.S.7A-474.</head>
          <p>(b)Eligible Cases.</p>
          <p>(1)Family violence or spouse abuse;</p>
          <p>
            <hi rend="strikethrough">(2)</hi>
            <hi rend="strikethrough">Assistance for the disabled in obtaining federal <term type="NE" subtype="ORGANIZATION"> Social Security </term> benefits;</hi>
          </p>
          <p>(2a)Assistance for eligible clients in obtaining benefits or assistance under any federal law or program providing benefits or assistance for human trafficking victims.</p>
          <p>
            <hi rend="underlined">(2b)</hi>
            <hi rend="underlined">Representation of eligible veterans and their families in cases involving appeal of denials of veterans benefits beyond the administrative level to the appropriate federal agency, administrative law process, or appellate court as well as in cases involving other legal issues as the Division of Veterans Affairs concludes is most helpful to veterans and their immediate families residing in <term type="NE" subtype="LOCATION"> North Carolina </term>.</hi>
          </p>
          <p>(3)Representation of eligible farmers faced with the potential of farm foreclosure;</p>
          <p>(4)Representation of eligible clients<hi rend="underlined">who are disabled or</hi>over the age of 60 regarding the following matters:</p>
          <p>a.</p>
          <p>b.</p>
          <p>c.</p>
          <p>d.<hi rend="underlined">Obtaining</hi>Social<hi rend="strikethrough">Security</hi><hi rend="underlined">Security, Supplemental Security Income, <term type="NE" subtype="MISC"> Medicaid </term>,</hi>and Medicare<hi rend="strikethrough">rights;</hi><hi rend="underlined">rights and benefits; and</hi></p>
          <p>
            <hi rend="strikethrough">e.</hi>
            <hi rend="strikethrough">Access to health care;</hi>
          </p>
          <p>
            <hi rend="strikethrough">f.</hi>
            <hi rend="strikethrough">Food and nutrition; and</hi>
          </p>
          <p>g. Transportation.</p>
          <p>(5)Representation of eligible clients designed to enable them to obtain the necessary skills and means to obtain meaningful employment at a decent wage and reduce the public welfare rolls; and</p>
          <p>(6)Representation of eligible clients under the age of 21 or eligible families with legal problems affecting persons under the age of 21 regarding the following matters:</p>
          <p>a.</p>
          <p>b.</p>
          <p>c.</p>
          <p>d.</p>
          <p>e.</p>
          <p>f. Access to health care.</p>
          <p>(7)Legal assistance to consumers in cases involving predatory mortgage lending, mortgage broker and loan services abuses, foreclosure defense, and other legal issues that relate to helping consumers avoid foreclosure and home loss.</p>
          <p>
            <hi rend="underlined">(8)</hi>
            <hi rend="underlined">Representation of eligible clients in cases involving access to health care, food, and nutrition.</hi>
          </p>
          <p>
            <hi rend="underlined">(9)</hi>
            <hi rend="underlined">Assistance and advocacy support in special education matters to at-risk students from low-income families.</hi>
          </p>
        </div2>
        <div2 type="section" n="13">
          <head>SECTION 5. 1.</head>
          <p>(1)The completion of a high school education is essential to the maintenance of a competitive workforce;</p>
          <p>(2)Dropout prevention is a necessary component to ensure adequate high school graduation rates;</p>
          <p>(3)Children with learning disabilities constitute twenty-one and eight-tenths percent (21. <term type="NE" subtype="PERCENT"> 8 % </term>)of students subject to short-term suspensions and <term type="NE" subtype="PERCENT"> thirty-three percent </term> (<term type="NE" subtype="PERCENT"> 33 % </term>)of students charged with criminal offenses involving other students and school staff, factors that contribute to increased dropout rates among these students.</p>
          <p>(4)Providing legal assistance in special education matters to these at-risk students would decrease the dropout rate for this vulnerable population. The <term type="NE" subtype="ORGANIZATION"> General Assembly </term> further finds that education is a protective factor in helping to improve the employment rate of students with disabilities and to reduce juvenile delinquency, unemployment, and incarceration.</p>
          <p>Therefore, it is fitting that the State of <term type="NE" subtype="LOCATION"> North Carolina </term> will improve the educational opportunities and outcomes of children with disabilities with training, collaboration, and legal assistance.</p>
        </div2>
        <div2 type="section" n="14">
          <head>SECTION 5. 2. There is appropriated from the <term type="NE" subtype="ORGANIZATION"> General Fund </term> to the <term type="NE" subtype="ORGANIZATION"> North Carolina State Bar </term> the sum of <term type="NE" subtype="MONEY"> one million dollars </term> (<term type="NE" subtype="MONEY"> $ 1,000,000 </term>)for the <term type="NE" subtype="DURATION"> 2009-2010 </term> fiscal <term type="NE" subtype="DURATION"> year </term> and the sum of <term type="NE" subtype="MONEY"> one million dollars </term> (<term type="NE" subtype="MONEY"> $ 1,000,000 </term>)for the <term type="NE" subtype="DURATION"> 2010-2011 </term> fiscal <term type="NE" subtype="DURATION"> year </term> in recurring funds to reduce school suspension, dropout rates, and juvenile court referrals by providing advocacy support in special education matters to at-risk students from low-income families. These funds are to be allocated to the established legal programs under G.S.7A-474. 2, <term type="NE" subtype="ORGANIZATION"> Disability Rights of North Carolina </term> and other organizations providing legal services to low-income families and individuals as may be approved by the <term type="NE" subtype="ORGANIZATION"> North Carolina State Bar </term>.</head>
        </div2>
        <div2 type="section" n="15">
          <head>SECTION 6. Section 1. 1 of this act becomes effective <term type="NE" subtype="DATE"> July 1, 2009 </term>, and applies to all costs assessed or collected on or after that date, except that in misdemeanor or infraction cases disposed of on or after that date by written appearance, waiver of trial or hearing, and plea of guilt or admission of responsibility pursuant to G.S.7A-180 (4)or G.S.7A-273 (2), in which the citation or other criminal process was issued before that date, the cost shall be the lesser of those specified in G.S.7A-304 (a), as amended by Section 1. 1 of this act, or those specified in the notice portion of the defendant's or respondent's copy of the citation or other criminal process, if any costs are specified in that notice. Sections 1. 2 through 1. 5 of this act become effective <term type="NE" subtype="DATE"> July 1, 2009 </term>, and apply to fees assessed or collected on or after that date. The remainder of this act becomes effective <term type="NE" subtype="DATE"> July 1, 2009 </term>.</head>
        </div2>
      </div1>
    </body>
  </text>
</TEI>
