<TEI xmlns="http://www.tei-c.org/ns/1.0">
  <teiHeader xml:lang="en">
    <fileDesc>
      <titleStmt>
        <title xml:id="NC-2015-H1100"/>
        <author>Representatives Harrison, Fisher, and D. Hall (Primary  Sponsors). </author>
      </titleStmt>
      <editionStmt>
        <edition>v1</edition>
      </editionStmt>
      <publicationStmt>
        <pubPlace>North Carolina</pubPlace>
        <idno>NC-2015-H1100</idno>
        <date>2015</date>
      </publicationStmt>
      <sourceDesc>
        <bibl>www.ncleg.net\Sessions\2015\Bills\House\HTML\H1100v1.html</bibl>
      </sourceDesc>
    </fileDesc>
  </teiHeader>
  <text xml:lang="en">
    <front>
      <div1 type="abstract">
        <head>A bill to be entitled a joint resolution authorizing the<term type="NE" subtype="DATE"><term type="NE" subtype="DATE"> 2015 </term></term>general assembly to consider a bill to be entitled an act increasing the state's minimum wage in phases until<term type="NE" subtype="DATE"><term type="NE" subtype="DATE"> 2020 </term></term >, when the wage shall be adjusted automatically<term type="NE" subtype="SET"><term type="NE" subtype="SET"> each year </term></term>by increases in the cost-of-living, changing the way tips are credited to phase-in increases in the wages of tipped employees, and granting a<term type="NE" subtype="PERCENT"><term type="NE" subtype="PERCENT"> five percent </term></term>cost-of-living adjustment for state retirees.</head>
      </div1>
    </front>
    <body>
      <div1>
        <opener>
          <salute/>
        </opener>
        <p>Be it resolved by the <term type="NE" subtype="ORGANIZATION"> House of Representatives </term>, the <term type="NE" subtype="ORGANIZATION"> Senate </term> concurring:</p>
        <div2 type="section" n="1">
          <head>SECTION 2. This resolution is effective upon ratification.</head>
        </div2>
      </div1>
    </body>
  </text>
</TEI>
