<TEI xmlns="http://www.tei-c.org/ns/1.0">
  <teiHeader xml:lang="en">
    <fileDesc>
      <titleStmt>
        <title xml:id="NC-2011-H1085"/>
        <author> Presiding Officer of the House of Representatives</author>
      </titleStmt>
      <editionStmt>
        <edition>v4</edition>
      </editionStmt>
      <publicationStmt>
        <pubPlace>North Carolina</pubPlace>
        <idno>NC-2011-H1085</idno>
        <date>2011</date>
      </publicationStmt>
      <sourceDesc>
        <bibl>www.ncleg.net\Sessions\2011\Bills\House\HTML\H1085v4.html</bibl>
      </sourceDesc>
    </fileDesc>
  </teiHeader>
  <text xml:lang="en">
    <front>
      <div1 type="abstract">
        <head>A bill to be entitled an act to, for the state health plan for teachers and state employees, which covers retirees within the retirement system, (1)amend the definition of dependent child in order to comply with the affordable care act, (2)limit enrollment without a qualifying event to the<term type="NE" subtype="SET"><term type="NE" subtype="SET"> annual </term></term>enrollment period, (3)repeal the optional program of long-term care benefits, and (4)make a clarifying change related to coinsurance.</head>
      </div1>
    </front>
    <body>
      <div1>
        <opener>
          <salute>The <term type="NE" subtype="ORGANIZATION"> General Assembly of North Carolina </term> enacts:</salute>
        </opener>
        <div2 type="section" n="1">
          <head>SECTION 1. G.S.135-48.</head>
          <p>(9)Dependent child. - Subject to the eligibility requirements of subsections (a)and (b)of G.S.135-48.</p>
          <p>a. A natural or legally adopted child or children of the employee, whether or not the child is living with the employee.</p>
          <p>b.<hi rend="strikethrough">employee, as long as the employee is legally responsible for the child's maintenance and support.</hi><hi rend="underlined">employee.</hi></p>
          <p>c.<hi rend="strikethrough">guardian, as long as the employee is legally responsible for the child's maintenance and support.</hi><hi rend="underlined">guardian.</hi></p>
          <p>d. A stepchild of a member who is married to the stepchild's natural parent.</p>
          <p>e. Repealed by Session Laws 2011-96, s. 3 (a), effective <term type="NE" subtype="DATE"> July 1, 2011 </term>.</p>
        </div2>
        <div2 type="section" n="2">
          <head>SECTION 2. (a)G.S.135-48.</head>
          <p>(g)An eligible surviving spouse and any eligible surviving dependent child of a deceased retiree, teacher, <term type="NE" subtype="ORGANIZATION"> State </term> employee, member of the <term type="NE" subtype="ORGANIZATION"> General Assembly </term>, former member of the <term type="NE" subtype="ORGANIZATION"> General Assembly </term>, or Disability Income Plan beneficiary shall be eligible for group benefits under this section without waiting periods for preexisting conditions provided coverage is elected within <term type="NE" subtype="DURATION"> 90 days </term> after the death of the former plan member.<hi rend="underlined">during an <term type="NE" subtype="SET"> annual </term> enrollment period,</hi>but<hi rend="strikethrough">will</hi><hi rend="underlined">members <term type="NE" subtype="DURATION"> 19 years </term> of age and older may</hi>be subject to the 12-month waiting period for preexisting conditions and will be effective the first day of the month following receipt of the application.</p>
        </div2>
        <div2 type="section" n="3">
          <head>SECTION 2. (b)G.S.135-48.</head>
          <p>&#167; 135-48. 42. Enrollment.</p>
          <p>(a)Except as otherwise required by applicable federal law, new employees must be given the opportunity to enroll or decline enrollment for themselves and their dependents within <term type="NE" subtype="DURATION"> 30 days </term> from the date of employment or from <term type="NE" subtype="ORDINAL"> first </term> becoming eligible on a partially contributory basis. Coverage may become effective on <term type="NE" subtype="DATE"> the first day of the month </term> following date of entry on payroll or on <term type="NE" subtype="DATE"> the first day of the following month </term>.<hi rend="strikethrough">on <term type="NE" subtype="DURATION"> the first day </term> of any <term type="NE" subtype="DURATION"> month </term></hi><hi rend="underlined">during <term type="NE" subtype="SET"> annual </term> enrollment,</hi>but<hi rend="strikethrough">will</hi><hi rend="underlined">may</hi>be subject to a 12-month waiting period for preexisting health conditions, except for employees who elect to change their coverage in accordance with rules established by the State Treasurer for optional or alternative plans available under the Plan. Children born to covered employees having coverage type (2) or (3), as outlined in G.S.135-48.43(d) shall be automatically covered at the time of birth without any waiting period for preexisting health conditions. Children born to covered employees having coverage type (1) shall be automatically covered at birth without any waiting period for preexisting health conditions so long as the claims processor receives notification within 30 days of the date of birth that the employee desires to change from coverage (1) to coverage type (2) or (3), provided that the employee pays any additional premium required by the coverage type selected retroactive to the first day of the month in which the child was born.</p>
          <p>(b)Except as otherwise required by applicable federal law, newly acquired dependents (spouse/child)age 19 and older enrolled within <term type="NE" subtype="DURATION"> 30 days </term> of becoming an eligible dependent will not be subject to the <term type="NE" subtype="DURATION"> 12-month </term> waiting period for preexisting conditions.<hi rend="strikethrough">qualified</hi><hi rend="underlined"><term type="NE" subtype="ORDINAL"> first </term> eligible</hi>due to marriage, adoption,<hi rend="underlined">legal guardianship,</hi>entering a foster child relationship, and at the beginning of each legislative session (applies only to enrolled legislators). Effective date for newly acquired dependents if application was made within the 30 days can be the first day of the following month. Effective date for an adopted child can be date of adoption, or date of placement in the adoptive parents' home, or the first of the month following the date of adoption or placement. Firefighters, rescue squad workers, and members of the National Guard, and their eligible dependents, are subject to the same terms and conditions as are new employees and their dependents covered by this subdivision. Enrollments in these circumstances must occur within 30 days of eligibility to enroll.</p>
          <p>(c)Eligible employees younger than age 19 and dependents younger than age <term type="NE" subtype="DATE"> 19 may </term> be enrolled<hi rend="strikethrough">at any time</hi><hi rend="underlined">during <term type="NE" subtype="SET"> annual </term> enrollment</hi>and shall not be subject to any waiting period for a preexisting condition.</p>
          <p>(d)When an eligible or enrolled member applies to enroll the member's eligible dependent child or spouse, the member shall provide the documentation required by the Plan to verify the dependent's eligibility for coverage.</p>
          <p>
            <hi rend="underlined">(e)</hi>
            <hi rend="underlined">Eligible employees may only change their elections, including adding or removing dependents, during the Plan <term type="NE" subtype="DURATION"> year </term> due to a qualifying event as defined under federal law.</hi>
          </p>
        </div2>
        <div2 type="section" n="4">
          <head>SECTION 2. (c)G.S.135-48.</head>
          <p>&#167; 135-48. 43. Effective dates of coverage.</p>
          <p>(a)Employees and Retired Employees.</p>
          <p>(1)Employees and retired employees covered under the Predecessor Plan will continue to be covered, subject to the terms hereof.</p>
          <p>(2)New employees may apply for coverage to be effective on <term type="NE" subtype="DATE"> the first day of the month </term> following employment, or on a like date <term type="NE" subtype="DATE"> the following month </term> if the employee has enrolled.</p>
          <p>(3)Employees age 19 or older not enrolling or adding dependents age 19 and older when <term type="NE" subtype="ORDINAL"> first </term> eligible in accordance with G.S.135-48.<hi rend="strikethrough">on the <term type="NE" subtype="ORDINAL"> first </term> of any <term type="NE" subtype="DATE"> following month </term></hi><hi rend="underlined">during <term type="NE" subtype="SET"> annual </term> enrollment,</hi>but<hi rend="strikethrough">will</hi><hi rend="underlined">may</hi>be subject to a 12-month waiting period for a preexisting health condition, except employees who elect to change their coverage in accordance with rules adopted by the State Treasurer for optional alternative plans offered under the Plan.</p>
          <p>&#8230;</p>
          <p>(b)Waiting Periods and Preexisting Conditions.</p>
          <p>(1)New employees and dependents age 19 and older enrolling when <term type="NE" subtype="ORDINAL"> first </term> eligible are subject to no waiting period for preexisting conditions under the Plan.</p>
          <p>(2)Employees age 19 or older not enrolling or not adding dependents age 19 and older when <term type="NE" subtype="ORDINAL"> first </term> eligible may enroll later<hi rend="strikethrough">on the <term type="NE" subtype="ORDINAL"> first </term> of any <term type="NE" subtype="DATE"> following month </term>,</hi><hi rend="underlined">during <term type="NE" subtype="SET"> annual </term> enrollment,</hi>but<hi rend="strikethrough">will</hi><hi rend="underlined">enrollees age 19 or older may</hi>be subject to a twelve-month waiting period for preexisting conditions except as provided in subdivision (a)(3) of this section. The waiting period under this subdivision is subject to applicable federal law.</p>
          <p>&#8230;</p>
          <p>(c)Dependents of Employees and Retired Employees.</p>
          <p>&#8230;</p>
          <p>(5)Employees not adding dependents age 19 and older when <term type="NE" subtype="ORDINAL"> first </term> eligible may enroll later<hi rend="strikethrough">on the <term type="NE" subtype="ORDINAL"> first </term> of any <term type="NE" subtype="DATE"> following month </term>,</hi><hi rend="underlined">during <term type="NE" subtype="SET"> annual </term> enrollment,</hi>but dependents<hi rend="strikethrough">will</hi><hi rend="underlined">may</hi>be subject to a 12-month waiting period for preexisting health conditions except as provided in subdivision (a)(3) of this section.</p>
          <p>&#8230;.</p>
        </div2>
        <div2 type="section" n="5">
          <head>SECTION 3.</head>
          <p>Article 3B.</p>
          <p>State Health Plan for Teachers and State<hi rend="strikethrough">Employees; Long-term Care Benefits.</hi><hi rend="underlined">Employees.</hi></p>
        </div2>
        <div2 type="section" n="6">
          <head>SECTION 3. (b)G.S.135-48. 5 (c)is repealed.</head>
        </div2>
        <div2 type="section" n="7">
          <head>SECTION 3. (c)Subdivisions (15)and (16)of G.S.135-48. 30 are repealed.</head>
        </div2>
        <div2 type="section" n="8">
          <head>SECTION 3. (d)Part 6 of Article 3B of Chapter 135 of the General Statutes is repealed.</head>
        </div2>
        <div2 type="section" n="9">
          <head>SECTION 3. (e)An employee, retired employee, or dependent enrolled under long-term care under Part 6 of Article 3B of Chapter 136 of the General Statutes at the <term type="NE" subtype="DATE"> time </term> of that Part's repeal shall be entitled to a conversion to a nongroup plan of long-term care benefits. The Executive Administrator and Board of Trustees of the Plan shall determine how those conversion rights shall be administered.</head>
        </div2>
        <div2 type="section" n="10">
          <head>SECTION 3. (f)Any unencumbered administrative fees collected by the Plan under Part 6 of Article 3B of Chapter 135 of the General Statutes are transferred to the <term type="NE" subtype="ORGANIZATION"> Public Employee Health Benefit Fund </term> created under G.S.135-48. 5 (a).</head>
        </div2>
        <div2 type="section" n="11">
          <head>SECTION 4. (a)G.S.135-48.</head>
          <p>(2)Approve premium rates, co-pays, deductibles, and coinsurance<hi rend="underlined">percentages and</hi>maximums for the Plan, as provided in G.S.135-48.30(a)(2).</p>
        </div2>
        <div2 type="section" n="12">
          <head>SECTION 4. (b)G.S.135-48.</head>
          <p>(2)Set benefits, premium rates, co-pays, deductibles, and coinsurance<hi rend="underlined">percentages and</hi>maximums, subject to approval by the Board of Trustees. In setting premium rates, the State Treasurer may set a partially contributory rate of zero dollars, subject to approval by the Board of Trustees.</p>
        </div2>
        <div2 type="section" n="13">
          <head>SECTION 5. G.S.135-48.</head>
          <p>&#167; 135-48. 3. Right to amend.</p>
          <p>The <term type="NE" subtype="ORGANIZATION"> General Assembly </term> reserves the right to alter, amend, or repeal<hi rend="strikethrough">Parts 2 and 3 of</hi>this Article.</p>
        </div2>
        <div2 type="section" n="14">
          <head>SECTION 6. This act becomes effective <term type="NE" subtype="DATE"> July 1, 2012 </term>, except that Sections 3 (a), 3 (b), 3 (c), 3 (d), and 3 (f)become effective <term type="NE" subtype="DATE"> January 1, 2013 </term>.</head>
          <p>In the <term type="NE" subtype="ORGANIZATION"> General Assembly </term> read three times and ratified <term type="NE" subtype="DATE"> this the 29th day of June, 2012 </term>.</p>
          <p>s/<term type="NE" subtype="PERSON"> Neal Hunt </term></p>
          <p>Presiding Officer of the <term type="NE" subtype="ORGANIZATION"> Senate </term></p>
          <p>s/<term type="NE" subtype="PERSON"> Paul Stam </term></p>
          <p>Presiding Officer of the <term type="NE" subtype="ORGANIZATION"> House of Representatives </term></p>
          <p>_____________________________________</p>
          <p>Beverly E.</p>
          <p>Governor</p>
          <p>Approved __________. m.</p>
        </div2>
      </div1>
    </body>
  </text>
</TEI>
