<TEI xmlns="http://www.tei-c.org/ns/1.0">
  <teiHeader xml:lang="en">
    <fileDesc>
      <titleStmt>
        <title xml:id="NC-2011-H796"/>
        <author> Speaker of the House of Representatives</author>
      </titleStmt>
      <editionStmt>
        <edition>v4</edition>
      </editionStmt>
      <publicationStmt>
        <pubPlace>North Carolina</pubPlace>
        <idno>NC-2011-H796</idno>
        <date>2011</date>
      </publicationStmt>
      <sourceDesc>
        <bibl>www.ncleg.net\Sessions\2011\Bills\House\HTML\H796v4.html</bibl>
      </sourceDesc>
    </fileDesc>
  </teiHeader>
  <text xml:lang="en">
    <front>
      <div1 type="abstract">
        <head>A bill to be entitled an act to allow all permittees that have been issued a brewery permit by the north carolina alcoholic beverage control commission to sell at retail malt beverages that have been manufactured at the brewery or at another location out of state by the same permittee only on the premises of the brewery after receiving the proper permits, to clarify that certain high school students may be permitted to take noncredit courses at state community colleges, and to authorize the department of public instruction to allot small county supplemental funding to the cherokee county schools.</head>
      </div1>
    </front>
    <body>
      <div1>
        <opener>
          <salute>The <term type="NE" subtype="ORGANIZATION"> General Assembly of North Carolina </term> enacts:</salute>
        </opener>
        <div2 type="section" n="1">
          <head>SECTION 1. G.S.</head>
          <p>&#167; 18B-1104. Authorization of brewery permit.</p>
          <p>The holder of a brewery permit may:</p>
          <p>&#8230;</p>
          <p>(7)In an area where the sale of any type of alcoholic beverage is authorized by law, sell the brewery's malt beverages<hi rend="underlined">or malt beverages manufactured by the permittee in some other state that have been approved by the <term type="NE" subtype="ORGANIZATION"> Commission </term> for sale in <term type="NE" subtype="LOCATION"> North Carolina </term> only</hi>at the brewery upon receiving a permit under G.S.18B-1001(1).<hi rend="strikethrough">The brewery also may obtain a malt beverage wholesaler permit to sell, deliver, and ship at wholesale only malt beverages manufactured by the brewery. The authorization of this subdivision applies to a brewery that sells, to consumers at the brewery, to wholesalers, to retailers, and to exporters, fewer than 25,000 barrels, as defined in G.S.81A-9, of malt beverages produced by it per <term type="NE" subtype="DURATION"> year </term>. A brewery not exceeding the sales quantity limitations in this subdivision may also sell the malt beverages manufactured by the brewery at not more than three other locations in the <term type="NE" subtype="LOCATION"> State </term>, where the sale is legal, upon obtaining the appropriate permits under G.S.18B-1001. A brewery operating any additional retail location pursuant to this subdivision shall also offer for sale at that location a reasonable selection of competitive malt beverage products.</hi></p>
          <p>
            <hi rend="underlined">(8)</hi>
            <hi rend="underlined">Obtain a malt beverage wholesaler permit to sell, deliver, and ship at wholesale only malt beverages manufactured by the brewery. The authorization of this subdivision applies to a brewery that sells, to consumers at the brewery, to wholesalers, to retailers, and to exporters, fewer than 25,000 barrels, as defined in G.S.81A-9, of malt beverages produced by it per <term type="NE" subtype="DURATION"> year </term>. A brewery not exceeding the sales quantity limitations in this subdivision may also sell the malt beverages manufactured by the brewery at not more than three other locations in the <term type="NE" subtype="LOCATION"> State </term>, where the sale is legal, upon obtaining the appropriate permits under G.S.18B-1001. A brewery operating any additional retail location pursuant to this subdivision shall also offer for sale at that location a reasonable selection of competitive malt beverage products.</hi>
          </p>
          <p>A sale or gift under subdivision (5)or (6)shall not be considered a retail or wholesale sale under the <term type="NE" subtype="ORGANIZATION"> ABC </term> laws.</p>
        </div2>
        <div2 type="section" n="2">
          <head>SECTION 2. G.S.115D-20 (4), as amended by Section 7. 1A (h)of S.L.2011-145 and by Section 13 (c)of S.L.</head>
          <p>&#167; 115D-20. Powers and duties of trustees.</p>
          <p>The trustees of each institution shall constitute the local administrative board of such institution, with such powers and duties as are provided in this Chapter and as are delegated to it by the <term type="NE" subtype="ORGANIZATION"> State Board of Community Colleges </term>.</p>
          <p>&#8230;</p>
          <p>(4)To apply the standards and requirements for admission and graduation of students and other standards established by the <term type="NE" subtype="ORGANIZATION"> State Board of Community Colleges </term>.</p>
          <p>a.</p>
          <p>1. Cooperative innovative high school programs as provided by Part 9 of Article 16 of Chapter 115C of the General Statutes.</p>
          <p>2. Academic transition pathways for qualified junior and senior high school students that lead to a career technical education certificate or diploma.</p>
          <p>3. College transfer certificates requiring the successful completion of thirty semester credit <term type="NE" subtype="DURATION"> hours </term> of transfer courses, including <term type="NE" subtype="MISC"> English </term> and mathematics, for qualified junior and senior high school students.</p>
          <p>b. During the <term type="NE" subtype="DATE"> summer quarter </term>, persons <term type="NE" subtype="DATE"> less than 16 years old may </term> be permitted to take noncredit courses on a self-supporting basis, subject to rules of the <term type="NE" subtype="ORGANIZATION"> State Board of Community Colleges </term>.</p>
          <p>c. High school students may be permitted to take noncredit courses in safe driving on a self-supporting basis during <term type="NE" subtype="DATE"> the academic year </term> or the <term type="NE" subtype="DATE"> summer </term>.</p>
          <p>
            <hi rend="underlined">d.</hi>
            <hi rend="underlined">High school students <term type="NE" subtype="DURATION"> 16 years </term> and older may be permitted to take noncredit courses, except adult basic skills, subject to rules promulgated by the <term type="NE" subtype="ORGANIZATION"> State Board of Community Colleges </term>.</hi>
          </p>
          <p>&#8230;.</p>
        </div2>
        <div2 type="section" n="3">
          <head>SECTION 3. Notwithstanding Section 7. 12 (c)of S.L.2011-145, the <term type="NE" subtype="ORGANIZATION"> Department of Public Instruction </term> is authorized to allot funds from the Small County Supplemental Funding Allotment to the Cherokee County Schools for the <term type="NE" subtype="DURATION"> 2011-2012 </term> fiscal <term type="NE" subtype="DURATION"> year </term>. The amount allotted shall not exceed the allotment to the Cherokee County Schools for the <term type="NE" subtype="DURATION"> 2010-2011 </term> fiscal <term type="NE" subtype="DURATION"> year </term>.</head>
        </div2>
        <div2 type="section" n="4">
          <head>SECTION 4. This act is effective when it becomes law.</head>
          <p>In the <term type="NE" subtype="ORGANIZATION"> General Assembly </term> read three times and ratified <term type="NE" subtype="DATE"> this the 29th day of November, 2011 </term>.</p>
          <p>s/<term type="NE" subtype="ORGANIZATION"> Philip E </term>.</p>
          <p>President Pro Tempore of the <term type="NE" subtype="ORGANIZATION"> Senate </term></p>
          <p>s/<term type="NE" subtype="PERSON"> Thom Tillis </term></p>
          <p>Speaker of the House of Representatives</p>
          <p>s/Beverly E.</p>
          <p>Governor</p>
          <p>Approved <term type="NE" subtype="TIME"> 8:19 </term> a. m.</p>
        </div2>
      </div1>
    </body>
  </text>
</TEI>
