<TEI xmlns="http://www.tei-c.org/ns/1.0">
  <teiHeader xml:lang="en">
    <fileDesc>
      <titleStmt>
        <title xml:id="NC-2015-H276">Agency Participation Procedures Act of <term type="NE" subtype="DATE"> 2015 </term>.</title>
        <author/>
      </titleStmt>
      <editionStmt>
        <edition>v4</edition>
      </editionStmt>
      <publicationStmt>
        <pubPlace>North Carolina</pubPlace>
        <idno>NC-2015-H276</idno>
        <date>2015</date>
      </publicationStmt>
      <sourceDesc>
        <bibl>www.ncleg.net\Sessions\2015\Bills\House\HTML\H276v4.html</bibl>
      </sourceDesc>
    </fileDesc>
  </teiHeader>
  <text xml:lang="en">
    <front>
      <div1 type="abstract">
        <head>A bill to be entitled an act to enact the agency participation procedures act of<term type="NE" subtype="DATE"><term type="NE" subtype="DATE"> 2015 </term></term >.</head>
      </div1>
    </front>
    <body>
      <div1>
        <opener>
          <salute>The <term type="NE" subtype="ORGANIZATION"> General Assembly of North Carolina </term> enacts:</salute>
        </opener>
        <div2 type="section" n="1">
          <head>SECTION 1. G.S.135-5.</head>
          <p>&#167; 135-5. 3. Optional participation for charter schools operated by private nonprofit corporations.</p>
          <p>
            <hi rend="strikethrough">(a)</hi>
            <hi rend="strikethrough">The board of directors of each charter school operated by a private nonprofit corporation shall elect whether to become a participating employer in the Retirement System in accordance with this Article. This election shall be in writing, shall be made no later than <term type="NE" subtype="DURATION"> 30 days </term> after this section becomes law, and shall be filed with the <term type="NE" subtype="MISC"> Retirement System </term> and with the <term type="NE" subtype="ORGANIZATION"> State Board of Education </term>. For each charter school employee who is employed on or before the date the board makes the election to participate, membership in the <term type="NE" subtype="MISC"> System </term> is effective as of the date the board makes the election to participate. For each charter school employee who is employed after the date the board makes the election, membership in the <term type="NE" subtype="MISC"> System </term> is effective as of the date of that employee's entry into eligible service. This subsection applies only to charter schools that received <term type="NE" subtype="ORGANIZATION"> State Board of Education </term> approval under -LSB- former -RSB- G.S.115C-238. 29D in <term type="NE" subtype="DATE"> 1997 </term> or <term type="NE" subtype="DATE"> 1998 </term>.</hi>
          </p>
          <p>
            <hi rend="strikethrough">(b)</hi>
            <hi rend="strikethrough">No later than <term type="NE" subtype="DURATION"> 30 days </term> after both parties have signed the written charter under G.S.115C-218. 15, the board of directors of a charter school operated by a private nonprofit corporation shall elect whether to become a participating employer in the Retirement System in accordance with this Article. This election shall be in writing and filed with the <term type="NE" subtype="MISC"> Retirement System </term> and with the <term type="NE" subtype="ORGANIZATION"> State Board of Education </term> and is effective for each charter school employee as of the date of that employee's entry into eligible service. This subsection applies to charter schools that receive <term type="NE" subtype="ORGANIZATION"> State Board of Education </term> approval under -LSB- former -RSB- G.S.115C-238. 29D -LSB- or G.S.115C-218. 5 -RSB- after <term type="NE" subtype="DATE"> 1998 </term>.</hi>
          </p>
          <p>
            <hi rend="underlined">(b1)</hi>
            <hi rend="underlined">The board of directors of a charter school operated by a private nonprofit corporation and that has received <term type="NE" subtype="ORGANIZATION"> State Board of Education </term> approval under G.S.115C-218. <term type="NE" subtype="DATE"> 5 may </term> elect to become a participating employer in the Retirement System in accordance with this Article.</hi>
          </p>
          <p>
            <hi rend="underlined">(b2)</hi>
            <hi rend="underlined">A charter school desiring to participate in the <term type="NE" subtype="MISC"> Retirement System </term> shall file with the <term type="NE" subtype="ORGANIZATION"> Board of Trustees </term> an application for participation on a form approved by the <term type="NE" subtype="ORGANIZATION"> Board of Trustees </term>. In the application, the charter school shall agree to make the contributions required of participating employers, to deduct from the salaries of employees who may become members the contributions required of members under this Chapter, and to transmit the contributions to the <term type="NE" subtype="ORGANIZATION"> Board of Trustees </term>. The charter school shall also agree to make the employer's contributions for the participation in the Retirement System of all employees entering the service of the employer, after the charter school's participation begins, who shall become members.</hi>
          </p>
          <p>
            <hi rend="underlined">(b3)</hi>
            <hi rend="underlined">A charter school seeking to become a participating employer in the <term type="NE" subtype="MISC"> Retirement System </term> prior to <term type="NE" subtype="DURATION"> the end of the initial year </term> of operation shall be granted provisional entry into the Retirement System for <term type="NE" subtype="DURATION"> one year </term>. In the event the employee or employer contributions required under G.S.135-8 (f)are not received by the date set by the <term type="NE" subtype="ORGANIZATION"> Board of Trustees </term>, the <term type="NE" subtype="ORGANIZATION"> Board of Trustees </term> may revoke the charter school's provisional entry into the Retirement System. The Board must notify a charter school in writing not <term type="NE" subtype="DURATION"> less than 90 days </term> prior to revoking a charter school's provisional entry into the Retirement System. <term type="NE" subtype="DURATION"> One year </term> after the charter school was granted provisional entry into the Retirement System, the charter school shall undergo an actuarial and financial review as required by the <term type="NE" subtype="ORGANIZATION"> Board of Trustees </term>.</hi>
          </p>
          <p>
            <hi rend="underlined">(b4)</hi>
            <hi rend="underlined">A charter school seeking to become a participating employer in the <term type="NE" subtype="MISC"> Retirement System </term> after <term type="NE" subtype="DURATION"> the end of the initial year </term> of operation shall undergo an actuarial and financial review as required by the <term type="NE" subtype="ORGANIZATION"> Board of Trustees </term> prior to entry into the Retirement System.</hi>
          </p>
          <p>
            <hi rend="underlined">(b5)</hi>
            <hi rend="underlined">The actuarial review will result in an estimate of the amount of the withdrawal liability that would be required under G.S.135-8 (i)to cease participation in the <term type="NE" subtype="MISC"> Retirement System </term> after <term type="NE" subtype="DURATION"> five years </term> and the amount that would be required to cease participation after <term type="NE" subtype="DURATION"> 10 years </term>. The cost of this actuarial review shall be paid by the charter school and shall not exceed <term type="NE" subtype="MONEY"> two thousand five hundred dollars </term> (<term type="NE" subtype="MONEY"> $ 2,500 </term>). A charter school that was granted provisional entry into the <term type="NE" subtype="MISC"> Retirement System </term> shall not be required to pay the cost of this actuarial review, and this cost may be classified as costs of administering investment programs under G.S.147-69. 3.</hi>
          </p>
          <p>
            <hi rend="underlined">(b6)</hi>
            <hi rend="underlined">The financial review will be based on financial statements and independent audit reports held by the <term type="NE" subtype="ORGANIZATION"> Local Government Commission </term> or functionally equivalent financial statements and independent audit reports submitted to the <term type="NE" subtype="ORGANIZATION"> Board of Trustees </term> by the charter school.</hi>
          </p>
          <p>
            <hi rend="underlined">(b7)</hi>
            <hi rend="underlined">The <term type="NE" subtype="ORGANIZATION"> Board of Trustees </term> may grant final approval of the application if it finds the following:</hi>
          </p>
          <p>
            <hi rend="underlined">(1)</hi>
            <hi rend="underlined">The application meets the requirements set out in this Article.</hi>
          </p>
          <p>
            <hi rend="underlined">(2)</hi>
            <hi rend="underlined">All members of the board of directors of the charter school have signed a written statement acknowledging and accepting the estimate provided under subsection (b5)of this section and the provisions of G.S.135-8 (i).</hi>
          </p>
          <p>
            <hi rend="underlined">(3)</hi>
            <hi rend="underlined">The charter school has not been identified as inadequate by the <term type="NE" subtype="ORGANIZATION"> State Board of Education </term> as provided in G.S.115C-218. 95 (b).</hi>
          </p>
          <p>
            <hi rend="underlined">(4)</hi>
            <hi rend="underlined">The charter school's most recent audited financial statements and independent audit report demonstrate that it is financially sound and can meet the financial obligations of participation in the Retirement System.</hi>
          </p>
          <p>
            <hi rend="underlined">(b8)</hi>
            <hi rend="underlined">Upon acceptance by the <term type="NE" subtype="ORGANIZATION"> Board of Trustees </term> of the application to become a participating employer, the charter school shall be a fully participating employer in the Retirement System. The Board may make the final decision for acceptance of the application contingent upon the receipt of a financially sound independent audit report for <term type="NE" subtype="DATE"> the fiscal year </term> ending prior to acceptance of the application.</hi>
          </p>
          <p>
            <hi rend="underlined">(b9)</hi>
            <hi rend="underlined">For each charter school employee who is employed on or before the date the charter school is granted entry into the Retirement System, membership in the Retirement System is effective as of the date of entry. For each charter school employee who is employed after the date the charter school is granted entry into the Retirement System, membership in the Retirement System is effective as of the date of that employee's entry into eligible service. Provisional entry is considered entry into the <term type="NE" subtype="MISC"> Retirement System </term> for the purpose of this subsection.</hi>
          </p>
          <p>(c)A<hi rend="underlined">charter school</hi>board's election to become a participating employer in the Retirement System under this section<hi rend="strikethrough">is irrevocable and</hi>shall require all eligible employees of the charter school to participate.</p>
          <p>(d)No retirement benefit, death benefit, or other benefit payable under the <term type="NE" subtype="MISC"> Retirement System </term> shall be paid by the State of <term type="NE" subtype="LOCATION"> North Carolina </term> or the <term type="NE" subtype="ORGANIZATION"> Board of Trustees of the Teachers </term>' and <term type="NE" subtype="ORGANIZATION"> State Employees </term>' Retirement System on account of employment with a charter school with respect to any employee, or with respect to any beneficiary of an employee, of a charter school<hi rend="strikethrough">whose board of directors does not elect to become</hi><hi rend="underlined">that is not</hi>a participating employer in the Retirement<hi rend="strikethrough">System under this section.</hi><hi rend="underlined">System.</hi></p>
          <p>(e)The board of directors of each charter school shall notify each of its employees as to whether the board elected to become a participating employer in the Retirement System under this section. This notification shall be in writing and shall be provided within <term type="NE" subtype="DURATION"> 30 days </term> of the board's election or at the <term type="NE" subtype="DATE"> time </term> an initial offer for employment is made, whichever occurs last. If the board did not elect to join the Retirement System, the notice shall include a statement that the employee shall have no legal recourse against the board or the State for any possible credit or reimbursement under the Retirement System. The employee shall provide written acknowledgment of the employee's receipt of the notification under this subsection.</p>
          <p>
            <hi rend="underlined">(f)</hi>
            <hi rend="underlined">The board of directors of a charter school may elect to cease participation in the <term type="NE" subtype="MISC"> Retirement System </term> for all of its employees by following the procedure in G.S.135-8 (i).</hi>
          </p>
        </div2>
        <div2 type="section" n="2">
          <head>SECTION 2. (a)The catch line of G.S.</head>
          <p>&#167; 120-114.<hi rend="strikethrough">notes.</hi><hi rend="underlined">notes; Retirement System cost estimates.</hi></p>
        </div2>
        <div2 type="section" n="3">
          <head>SECTION 2. (b)G.S.</head>
          <p>
            <hi rend="underlined">(f)</hi>
            <hi rend="underlined">In addition to the other requirements of this section, if a bill or resolution contemplates removing a public agency as a participating employer from the Teachers' and <term type="NE" subtype="ORGANIZATION"> State Employees </term>' Retirement System or the <term type="NE" subtype="ORGANIZATION"> Local Governmental Employees' Retirement System </term>, the <term type="NE" subtype="ORGANIZATION"> Fiscal Research Division </term> shall obtain an estimate of cost of the withdrawal liability the agency would owe under procedures established by the Boards of Trustees of the Retirement Systems.</hi>
          </p>
        </div2>
        <div2 type="section" n="4">
          <head>SECTION 3. (a)G.S.</head>
          <p>
            <hi rend="underlined">(i)</hi>
            <hi rend="underlined">Procedure and Payment to Cease Participation.</hi>
          </p>
          <p>
            <hi rend="underlined">(1)</hi>
            <hi rend="underlined">The employer shall notify its employees and the <term type="NE" subtype="ORGANIZATION"> Board of Trustees </term>, in writing, of its action. An employer shall automatically be considered to have requested a complete withdrawal from the <term type="NE" subtype="MISC"> Retirement System </term> the date the employer permanently ceases to employ active members. A withdrawing employer shall be required to make a lump-sum withdrawal liability payment to the <term type="NE" subtype="ORGANIZATION"> Board of Trustees </term> as provided by this section.</hi>
          </p>
          <p>
            <hi rend="underlined">(2)</hi>
            <hi rend="underlined">Complete withdrawal by an employer shall be <term type="NE" subtype="DATE"> the first day of the month </term> following the date the employer ceases to employ active members or <term type="NE" subtype="DATE"> the first day of the month following 60 days </term> from the date the <term type="NE" subtype="ORGANIZATION"> Board of Trustees </term> receives the employer's written request to withdraw. However, the complete withdrawal date shall not occur before the withdrawal liability is determined, as provided in subdivision (5)of this subsection.</hi>
          </p>
          <p>
            <hi rend="underlined">(3)</hi>
            <hi rend="underlined">After complete withdrawal, all employees of the withdrawing employer shall be ineligible to accrue <term type="NE" subtype="DATE"> future </term> benefits with the Retirement System due to employment with the withdrawing employer. The withdrawing employer shall be ineligible to elect to become a participating employer in the Retirement System, as provided in G.S.135-5. 3, for <term type="NE" subtype="DURATION"> five years </term> after its complete withdrawal date.</hi>
          </p>
          <p>
            <hi rend="underlined">(4)</hi>
            <hi rend="underlined">All active or inactive members of the employer shall be eligible for benefits accrued with the Retirement System up to the complete withdrawal date. However, no retirement allowance or return of accumulated contributions shall be paid until the member actually terminates employment and completely separates from active service with the withdrawing employer, and there is no intent or agreement, express or implied, to return to service with the withdrawing employer.</hi>
          </p>
          <p>
            <hi rend="underlined">(5)</hi>
            <hi rend="underlined">On the date of complete withdrawal, the withdrawal liability of an employer is the greater of <term type="NE" subtype="MONEY"> one thousand dollars </term> (<term type="NE" subtype="MONEY"> $ 1,000 </term>)or the amount determined by a. multiplied by the ratio of b. to c.</hi>
          </p>
          <p>
            <hi rend="underlined">a.</hi>
            <hi rend="underlined">The excess of the actuarial <term type="NE" subtype="DATE"> present </term> value of the vested accrued benefits of the Retirement System's members over the market value of its assets, both as of the date of the last actuarial valuation adopted by the <term type="NE" subtype="ORGANIZATION"> Board of Trustees </term> prior to the complete withdrawal date based on the plan provisions and actuarial assumptions used in the last actuarial valuation adopted by the <term type="NE" subtype="ORGANIZATION"> Board of Trustees </term> prior to the complete withdrawal date, except the interest rate assumption shall be reduced by an amount determined by the consulting actuary to reflect the increased investment, mortality, and other actuarial risk for the exiting agency's participants.</hi>
          </p>
          <p>
            <hi rend="underlined">b.</hi>
            <hi rend="underlined">The total <term type="NE" subtype="DATE"> present </term> value of accrued benefits of all active members of the withdrawing employer as of the last actuarial valuation adopted by the <term type="NE" subtype="ORGANIZATION"> Board of Trustees </term> prior to the complete withdrawal date.</hi>
          </p>
          <p>
            <hi rend="underlined">c.</hi>
            <hi rend="underlined">The total <term type="NE" subtype="DATE"> present </term> value of accrued benefits of all active members of the Retirement System as of the last actuarial valuation adopted by the <term type="NE" subtype="ORGANIZATION"> Board of Trustees </term> prior to the complete withdrawal date.</hi>
          </p>
          <p>
            <hi rend="underlined">(6)</hi>
            <hi rend="underlined">The actuarial costs to determine the amount described in subdivision (5)of this subsection shall be paid by the withdrawing employer. An employer that does not pay the lump-sum withdrawal liability payment described in subdivision (5)of this subsection and the actuarial costs to determine this withdrawal liability within <term type="NE" subtype="DURATION"> 90 days </term> of the complete withdrawal date will continue to be a participating employer. No withdrawal liability payment shall be required if an employer exits before <term type="NE" subtype="DATE"> the end of the first year </term> following the date of participation or if the <term type="NE" subtype="ORGANIZATION"> Board of Trustees </term> revokes entry as provided in G.S.135-5. 3 (b8).</hi>
          </p>
          <p>
            <hi rend="underlined">(7)</hi>
            <hi rend="underlined">Upon the complete withdrawal of the employer, the <term type="NE" subtype="MISC"> Retirement System </term> shall have no further legal obligation to the employer or its employees, nor shall the <term type="NE" subtype="MISC"> Retirement System </term> be held accountable for the continued <term type="NE" subtype="DATE"> future </term> accrual of any retirement benefit rights to which the employees may be entitled beyond the complete withdrawal date. Any litigation regarding the forfeiture of any benefits because of the employer's complete withdrawal from the <term type="NE" subtype="MISC"> Retirement System </term> shall be the sole legal responsibility of the withdrawing employer, and the withdrawing employer shall indemnify and hold harmless the Retirement System, its <term type="NE" subtype="ORGANIZATION"> Board of Trustees </term>, its employees, and the <term type="NE" subtype="ORGANIZATION"> State of North Carolina </term> from any claims, losses, costs, damages, expenses, and liabilities, including, without limitation, court costs, and reasonable attorneys' fees asserted by any person or entity as a result of the employer's withdrawal from the Retirement System.</hi>
          </p>
        </div2>
        <div2 type="section" n="5">
          <head>SECTION 3. (b)G.S.</head>
          <p>
            <hi rend="underlined">(i)</hi>
            <hi rend="underlined">Procedure and Payment to Cease Participation.</hi>
          </p>
          <p>
            <hi rend="underlined">(1)</hi>
            <hi rend="underlined">The employer shall notify its employees and the <term type="NE" subtype="ORGANIZATION"> Board of Trustees </term>, in writing, of its action. A withdrawing employer shall be required to make a lump-sum withdrawal liability payment to the <term type="NE" subtype="ORGANIZATION"> Board of Trustees </term> as provided by this section.</hi>
          </p>
          <p>
            <hi rend="underlined">(2)</hi>
            <hi rend="underlined">Complete withdrawal by an employer shall be <term type="NE" subtype="DATE"> the first day of the month </term> following the date the Board of Trustees receives the employer's written notification. However, the complete withdrawal date shall not occur before the withdrawal liability is determined, as provided in subdivision (5)of this subsection.</hi>
          </p>
          <p>
            <hi rend="underlined">(3)</hi>
            <hi rend="underlined">After complete withdrawal, all employees of the withdrawing employer shall be ineligible to accrue <term type="NE" subtype="DATE"> future </term> benefits with the Retirement System due to employment with the withdrawing employer.</hi>
          </p>
          <p>
            <hi rend="underlined">(4)</hi>
            <hi rend="underlined">All active or inactive members of the employer shall be eligible for benefits accrued with the Retirement System up to the complete withdrawal date. However, no retirement allowance or return of accumulated contributions shall be paid until the member actually terminates employment and completely separates from active service with the withdrawing employer, and there is no intent or agreement, express or implied, to return to service with the withdrawing employer.</hi>
          </p>
          <p>
            <hi rend="underlined">(5)</hi>
            <hi rend="underlined">On the date of complete withdrawal, the withdrawal liability of an employer is the greater of <term type="NE" subtype="MONEY"> one thousand dollars </term> (<term type="NE" subtype="MONEY"> $ 1,000 </term>)or the amount determined by a. multiplied by the ratio of b. to c.</hi>
          </p>
          <p>
            <hi rend="underlined">a.</hi>
            <hi rend="underlined">The excess of the actuarial <term type="NE" subtype="DATE"> present </term> value of the vested accrued benefits of the Retirement System's members over the market value of its assets, both as of the date of the last actuarial valuation adopted by the <term type="NE" subtype="ORGANIZATION"> Board of Trustees </term> prior to the complete withdrawal date based on the plan provisions and actuarial assumptions used in the last actuarial valuation adopted by the <term type="NE" subtype="ORGANIZATION"> Board of Trustees </term> prior to the complete withdrawal date, except the interest rate assumption shall be reduced by an amount determined by the consulting actuary to reflect the increased investment, mortality, and other actuarial risk for the exiting agency's participants.</hi>
          </p>
          <p>
            <hi rend="underlined">b.</hi>
            <hi rend="underlined">The total <term type="NE" subtype="DATE"> present </term> value of accrued benefits of all active members of the withdrawing employer as of the last actuarial valuation adopted by the <term type="NE" subtype="ORGANIZATION"> Board of Trustees </term> prior to the complete withdrawal date.</hi>
          </p>
          <p>
            <hi rend="underlined">c.</hi>
            <hi rend="underlined">The total <term type="NE" subtype="DATE"> present </term> value of accrued benefits of all active members of the Retirement System as of the last actuarial valuation adopted by the <term type="NE" subtype="ORGANIZATION"> Board of Trustees </term> prior to the complete withdrawal date.</hi>
          </p>
          <p>
            <hi rend="underlined">(6)</hi>
            <hi rend="underlined">The actuarial costs to determine the amount described in subdivision (5)of this subsection shall be paid by the withdrawing employer. An employer that does not pay the lump-sum withdrawal liability payment described in subdivision (5)of this subsection and the actuarial costs to determine this withdrawal liability within <term type="NE" subtype="DURATION"> 90 days </term> of the complete withdrawal date will continue to be a participating employer.</hi>
          </p>
          <p>
            <hi rend="underlined">(7)</hi>
            <hi rend="underlined">Upon the complete withdrawal of the employer, the <term type="NE" subtype="MISC"> Retirement System </term> shall have no further legal obligation to the employer or its employees, nor shall the <term type="NE" subtype="MISC"> Retirement System </term> be held accountable for the continued <term type="NE" subtype="DATE"> future </term> accrual of any retirement benefit rights to which the employees may be entitled beyond the complete withdrawal date. Any litigation regarding the forfeiture of any benefits because of the employer's complete withdrawal from the <term type="NE" subtype="MISC"> Retirement System </term> shall be the sole legal responsibility of the withdrawing employer, and the withdrawing employer shall indemnify and hold harmless the Retirement System, its <term type="NE" subtype="ORGANIZATION"> Board of Trustees </term>, its employees, and the <term type="NE" subtype="ORGANIZATION"> State of North Carolina </term> from any claims, losses, costs, damages, expenses, and liabilities, including, without limitation, court costs, and reasonable attorneys' fees asserted by any person or entity as a result of the employer's withdrawal from the Retirement System.</hi>
          </p>
        </div2>
        <div2 type="section" n="6">
          <head>SECTION 4. G.S.115C-218.</head>
          <p>
            <hi rend="underlined">(a1)</hi>
            <hi rend="underlined">In the event of a voluntary or involuntary dissolution of the charter school, the funds reserved for closure proceedings in subsection (a)of this section shall be used to pay wages owed to charter school employees, funds owed to the <term type="NE" subtype="ORGANIZATION"> North Carolina Retirement System </term> pursuant to G.S.135-8, and funds owed to the State Health Plan, in that order. Other expenses shall be paid from the remaining balance in the funds reserved for closure proceedings in subsection (a)of this section.</hi>
          </p>
        </div2>
        <div2 type="section" n="7">
          <head>SECTION 5. G.S.</head>
          <p>&#167; 128-21. Definitions.</p>
          <p>The following words and phrases as used in this Article, unless a different meaning is plainly required by the context, shall have the following meanings:</p>
          <p>&#8230;</p>
          <p>(17)Prior service shall mean the service of a member rendered before the date he becomes a member of the <term type="NE" subtype="MISC"> System </term>, certified on his prior service certificate and allowable as provided by G.S.128-26.<hi rend="underlined">No prior service shall be allowed at any employer for which participation is adopted and approved by the <term type="NE" subtype="ORGANIZATION"> Board of Trustees </term> in this Retirement System on or after <term type="NE" subtype="DATE"> August 1, 2015 </term>.</hi></p>
          <p>&#8230;.</p>
        </div2>
        <div2 type="section" n="8">
          <head>SECTION 6. G.S.</head>
          <p>(a)Each person who becomes a member during <term type="NE" subtype="DURATION"> the first year </term> of his or her employer's participation,<hi rend="underlined">if and only if that participation begins prior to <term type="NE" subtype="DATE"> November 1, 2015 </term>,</hi>and who was an employee of the same employer at any time during the year immediately preceding the date of participation, shall file a detailed statement of all service rendered by him or her to that employer prior to the date of participation for which he or she claims credit.</p>
        </div2>
        <div2 type="section" n="9">
          <head>SECTION 7. (a)G.S.</head>
          <p>(jj)Contribution-Based Benefit Cap Purchase Provision. -- If a member's retirement allowance is subject to an adjustment pursuant to the contribution-based benefit cap established in G.S.135-5 (a3), the retirement system shall notify the member and the member's employer that the member's retirement allowance has been capped. The retirement system shall compute and notify the member and the member's employer of the total additional amount the member would need to contribute in order to make the member not subject to the contribution-based benefit cap. This total additional amount shall be the actuarial equivalent of a single life annuity adjusted for the age of the member at the <term type="NE" subtype="DATE"> time </term> of retirement, or when appropriate, the age at the <term type="NE" subtype="DATE"> time </term> of the member's death that would have had to have been purchased to increase the member's benefit to the pre-cap level.<hi rend="strikethrough">The</hi><hi rend="underlined">Except as otherwise provided in this subsection, the</hi>member shall have until 90 days after notification regarding this additional amount or until 90 days after the effective date of retirement, whichever is later, to submit a lump sum payment to the annuity savings fund in order for the retirement system to restore the retirement allowance to the uncapped amount. Nothing contained in this subsection shall prevent an employer from paying all or part of the cost of the amount necessary to restore the member's retirement allowance to the pre-cap amount.<hi rend="underlined">Notwithstanding the requirement that the payment be made as a lump sum, the retirement system may allow an employer of a member who became a member before <term type="NE" subtype="DATE"> January 1, 2015 </term>, or who has not earned <term type="NE" subtype="DURATION"> at least five years </term> of membership service in the retirement system after <term type="NE" subtype="DATE"> January 1, 2015 </term>, to pay the lump-sum amount required in this subsection on an installment payment plan beginning <term type="NE" subtype="DURATION"> no less than 90 days </term> after the retirement of the member and ending <term type="NE" subtype="DURATION"> no less than one year </term> after the retirement of the member. Payment under such an installment plan must be completed regardless of whether the member continues to receive a recurring <term type="NE" subtype="SET"> monthly </term> retirement benefit through the end of the installment period.</hi></p>
        </div2>
        <div2 type="section" n="10">
          <head>SECTION 7. (b)G.S.</head>
          <p>(y)Contribution-Based Benefit Cap Purchase Provision. -- If a member's retirement allowance is subject to an adjustment pursuant to the contribution-based benefit cap established in G.S.128-27 (a3), the retirement system shall notify the member and the member's employer that the member's retirement allowance has been capped. The retirement system shall compute and notify the member and the member's employer of the total additional amount the member would need to contribute in order to make the member not subject to the contribution-based benefit cap. This total additional amount shall be the actuarial equivalent of a single life annuity adjusted for the age of the member at the <term type="NE" subtype="DATE"> time </term> of retirement, or when appropriate, the age at the <term type="NE" subtype="DATE"> time </term> of the member's death that would have had to have been purchased to increase the member's benefit to the pre-cap level.<hi rend="strikethrough">The</hi><hi rend="underlined">Except as otherwise provided in this subsection, the</hi>member shall have until 90 days after notification regarding this additional amount or until 90 days after the effective date of retirement, whichever is later, to submit a lump sum payment to the annuity savings fund in order for the retirement system to restore the retirement allowance to the uncapped amount. Nothing contained in this subsection shall prevent an employer from paying all or part of the cost of the amount necessary to restore the member's retirement allowance to the pre-cap amount.<hi rend="underlined">Notwithstanding the requirement that the payment be made as a lump sum, the retirement system may allow an employer of a member who became a member before <term type="NE" subtype="DATE"> January 1, 2015 </term>, or who has not earned <term type="NE" subtype="DURATION"> at least five years </term> of membership service in the retirement system after <term type="NE" subtype="DATE"> January 1, 2015 </term>, to pay the lump-sum amount required in this subsection on an installment payment plan beginning <term type="NE" subtype="DURATION"> no less than 90 days </term> after the retirement of the member and ending <term type="NE" subtype="DURATION"> no less than one year </term> after the retirement of the member. Payment under such an installment plan must be completed regardless of whether the member continues to receive a recurring <term type="NE" subtype="SET"> monthly </term> retirement benefit through the end of the installment period.</hi></p>
        </div2>
        <div2 type="section" n="11">
          <head>SECTION 8. Sections 5, 6, and 7 of this act become effective when this act becomes law. The remainder of the act becomes effective <term type="NE" subtype="DATE"> January 1, 2016 </term>.</head>
        </div2>
      </div1>
    </body>
  </text>
</TEI>
