<TEI xmlns="http://www.tei-c.org/ns/1.0">
  <teiHeader xml:lang="en">
    <fileDesc>
      <titleStmt>
        <title xml:id="NC-2013-H334"/>
        <author> Speaker of the House of Representatives</author>
      </titleStmt>
      <editionStmt>
        <edition>v3</edition>
      </editionStmt>
      <publicationStmt>
        <pubPlace>North Carolina</pubPlace>
        <idno>NC-2013-H334</idno>
        <date>2013</date>
      </publicationStmt>
      <sourceDesc>
        <bibl>www.ncleg.net\Sessions\2013\Bills\House\HTML\H334v3.html</bibl>
      </sourceDesc>
    </fileDesc>
  </teiHeader>
  <text xml:lang="en">
    <front>
      <div1 type="abstract">
        <head>A bill to be entitled an act authorizing buncombe county to use some lottery funds to expand digital learning in the public schools.</head>
      </div1>
    </front>
    <body>
      <div1>
        <opener>
          <salute>The <term type="NE" subtype="ORGANIZATION"> General Assembly of North Carolina </term> enacts:</salute>
        </opener>
        <p>Whereas, the <term type="NE" subtype="ORGANIZATION"> North Carolina Education Lottery </term> legislation requires the distribution of lottery net proceeds for specific education purposes, including <term type="NE" subtype="PERCENT"> 40 % </term> of the net proceeds to the <term type="NE" subtype="ORGANIZATION"> Public School Building Capital Fund </term> for school construction; and</p>
        <p>Whereas, lottery funds may not <term type="NE" subtype="DATE"> currently </term> be used for school connectivity, digital textbooks, digital devices, or professional development for teachers to learn how to most effectively use digital learning for teaching; and</p>
        <p>Whereas, since the lottery's enactment in <term type="NE" subtype="DATE"> 2005 </term>, the innovation of digital learning and its growing use throughout schools in <term type="NE" subtype="LOCATION"> North Carolina </term> have significantly altered the landscape of public education in the State; and</p>
        <p>Whereas, while the lottery money is <term type="NE" subtype="DATE"> currently </term> designated for other necessary education causes, the expansion of digital learning is also a crucial component to ensure <term type="NE" subtype="LOCATION"> North Carolina </term>'s students graduate from high school globally competitive for work and postsecondary education and prepared for life in <term type="NE" subtype="DATE"> the 21st Century </term>; and</p>
        <p>Whereas, <term type="NE" subtype="LOCATION"> Buncombe County </term> has designated one-half of the local government sales and use tax revenue distributed to the County under Article 39 of Chapter 105 of the General Statutes to be used for school construction, improvement, and renovation; and</p>
        <p>Whereas, <term type="NE" subtype="LOCATION"> Buncombe County </term> <term type="NE" subtype="DATE"> currently </term> has lottery funds on hand that are not needed for the purposes to which they are limited; <term type="NE" subtype="DATE"> Now </term>, therefore,</p>
        <div2 type="section" n="1">
          <head>SECTION 1. G.S.115C-546.</head>
          <p>(d)Monies transferred into the Fund in accordance with Chapter 18C of the General Statutes shall be allocated for capital projects for school construction projects as follows:</p>
          <p>(1)A sum equal to <term type="NE" subtype="PERCENT"> sixty-five percent </term> (<term type="NE" subtype="PERCENT"> 65 % </term>)of those monies transferred in accordance with G.S.18C-164 shall be allocated on a per average <term type="NE" subtype="SET"> daily </term> membership basis according to the average <term type="NE" subtype="SET"> daily </term> membership for the budget <term type="NE" subtype="DURATION"> year </term> as determined and certified by the <term type="NE" subtype="ORGANIZATION"> State Board of Education </term>.</p>
          <p>(2)A sum equal to <term type="NE" subtype="PERCENT"> thirty-five percent </term> (<term type="NE" subtype="PERCENT"> 35 % </term>)of those monies transferred in accordance with G.S.</p>
          <p>a. Effective county tax rate means the actual county rate for <term type="NE" subtype="DATE"> the previous fiscal year </term>, including any countywide supplemental taxes levied for the benefit of public schools, multiplied by a <term type="NE" subtype="DURATION"> three-year </term> weighted average of the most recent <term type="NE" subtype="SET"> annual </term> sales assessment ratio studies.</p>
          <p>b. State average effective tax rate means the average effective county tax rates for all counties.</p>
          <p>c. Sales assessment ratio studies means sales assessment ratio studies performed by the Department of Revenue under G.S.105-289 (h).</p>
          <p>(3)No county shall have to provide matching funds required under subsection (c)of this section.</p>
          <p>(4)A county may use monies in this Fund to pay for school construction projects in local school administrative units and to retire indebtedness incurred for school construction projects.</p>
          <p>(5)<hi rend="strikethrough">A county may not use monies in this Fund to pay for school technology needs.</hi><hi rend="underlined">A county may use monies in this Fund for digital learning needs such as school connectivity, digital textbooks and instructional resources, digital devices, and associated ongoing professional development for teachers.</hi></p>
        </div2>
        <div2 type="section" n="2">
          <head>SECTION 2. This act applies only to <term type="NE" subtype="LOCATION"> Buncombe County </term>.</head>
        </div2>
        <div2 type="section" n="3">
          <head>SECTION 3. This act is effective when it becomes law and applies only to unencumbered funds received by the County prior to that date.</head>
          <p>In the <term type="NE" subtype="ORGANIZATION"> General Assembly </term> read three times and ratified <term type="NE" subtype="DATE"> this the 9th day of July, 2013 </term>.</p>
          <p>s/<term type="NE" subtype="PERSON"> Daniel J </term>.</p>
          <p>President of the <term type="NE" subtype="ORGANIZATION"> Senate </term></p>
          <p>s/<term type="NE" subtype="PERSON"> Thom Tillis </term></p>
          <p>Speaker of the House of Representatives</p>
        </div2>
      </div1>
    </body>
  </text>
</TEI>
