<TEI xmlns="http://www.tei-c.org/ns/1.0">
  <teiHeader xml:lang="en">
    <fileDesc>
      <titleStmt>
        <title xml:id="NC-2011-S831"><term type="NE" subtype="ORGANIZATION"> Morganton Deannexation </term>.</title>
        <author/>
      </titleStmt>
      <editionStmt>
        <edition>v1</edition>
      </editionStmt>
      <publicationStmt>
        <pubPlace>North Carolina</pubPlace>
        <idno>NC-2011-S831</idno>
        <date>2011</date>
      </publicationStmt>
      <sourceDesc>
        <bibl>www.ncleg.net\Sessions\2011\Bills\Senate\HTML\S831v1.html</bibl>
      </sourceDesc>
    </fileDesc>
  </teiHeader>
  <text xml:lang="en">
    <front>
      <div1 type="abstract">
        <head>A bill to be entitled an act removing certain described noncontiguous property from the corporate limits of the city of morganton.</head>
      </div1>
    </front>
    <body>
      <div1>
        <opener>
          <salute>The <term type="NE" subtype="ORGANIZATION"> General Assembly of North Carolina </term> enacts:</salute>
        </opener>
        <div2 type="section" n="1">
          <head>SECTION 1.</head>
          <p>Tract 1: All that property designated as lots 1, 2, and 3 (2. 57 acres total)as shown on map recorded in Plat Book 39, pages 101-102, recorded in the <term type="NE" subtype="ORGANIZATION"> Burke County Register of Deeds </term>; said property being located in <term type="NE" subtype="LOCATION"> Morganton Township </term>, <term type="NE" subtype="LOCATION"> Burke County </term>, and also assigned <term type="NE" subtype="ORGANIZATION"> Burke County Tax Record Numbers </term> 60305, 35234, and 60306.</p>
          <p>Tract 2: All that property designated as Parcel A (23. 87 acres)as shown on map recorded in Plat Book 37, Page 17, in the <term type="NE" subtype="ORGANIZATION"> Burke County Register of Deeds </term>; said property being located in <term type="NE" subtype="LOCATION"> Morganton Township </term>, <term type="NE" subtype="LOCATION"> Burke County </term>, and also being assigned <term type="NE" subtype="PERSON"> Burke </term> County Tax Record Number 59930.</p>
        </div2>
        <div2 type="section" n="2">
          <head>SECTION 2. Section 1 of this act shall have no effect upon the validity of any liens of the City of <term type="NE" subtype="LOCATION"> Morganton </term> for ad valorem taxes or special assessments outstanding before the effective date of this act. Such liens may be collected or foreclosed upon after the effective date of this act as though the property was still within the corporate limits of the City of <term type="NE" subtype="LOCATION"> Morganton </term>.</head>
        </div2>
        <div2 type="section" n="3">
          <head>SECTION 3. The property removed from the corporate limits of the City of <term type="NE" subtype="LOCATION"> Morganton </term> by Section 1 of this act shall remain under the jurisdiction of that city for the purposes of Article 19 of Chapter 160A of the General Statutes under G.S.160A-360 until removed from that jurisdiction as provided in G.S.160A-360.</head>
        </div2>
        <div2 type="section" n="4">
          <head>SECTION 4. This act becomes effective <term type="NE" subtype="DATE"> June 30, 2012 </term>.</head>
        </div2>
      </div1>
    </body>
  </text>
</TEI>
