<TEI xmlns="http://www.tei-c.org/ns/1.0">
  <teiHeader xml:lang="en">
    <fileDesc>
      <titleStmt>
        <title xml:id="NC-2011-S849">Amend Officer Salary Continuation.</title>
        <author/>
      </titleStmt>
      <editionStmt>
        <edition>v2</edition>
      </editionStmt>
      <publicationStmt>
        <pubPlace>North Carolina</pubPlace>
        <idno>NC-2011-S849</idno>
        <date>2011</date>
      </publicationStmt>
      <sourceDesc>
        <bibl>www.ncleg.net\Sessions\2011\Bills\Senate\HTML\S849v2.html</bibl>
      </sourceDesc>
    </fileDesc>
  </teiHeader>
  <text xml:lang="en">
    <front>
      <div1 type="abstract">
        <head>A bill to be entitled an act to amend the salary continuation laws to provide that only officers injured and incapacitated as the result of extreme activity in the course of performing their official duties receive a higher compensation rate for the<term type="NE" subtype="DURATION"><term type="NE" subtype="DURATION"> two-year </term></term>period before reverting to the rates provided under the workers' compensation laws, as recommended by the joint legislative oversight committee on justice and public safety.</head>
      </div1>
    </front>
    <body>
      <div1>
        <opener>
          <salute>The <term type="NE" subtype="ORGANIZATION"> General Assembly of North Carolina </term> enacts:</salute>
        </opener>
        <div2 type="section" n="1">
          <head>SECTION 1.</head>
          <p>Article 12B.</p>
          <p>Salary Continuation Plan for Certain State Law-Enforcement Officers.</p>
          <p>&#167; 143-166. 13. Persons entitled to benefits under Article.</p>
          <p>(a)The following persons who are subject to the Criminal Justice Training and Standards Act are entitled to benefits under this Article:</p>
          <p>(1)State Government Security Officers, <term type="NE" subtype="ORGANIZATION"> Department of Administration </term>;</p>
          <p>(2)State Correctional Officers, Division of Adult Correction of the Department of Public Safety;</p>
          <p>(3)State Probation and Parole Officers, Division of Adult Correction of the Department of Public Safety;</p>
          <p>(4)Sworn State Law-Enforcement Officers with the power of arrest, Division of Adult Correction of the Department of Public Safety;</p>
          <p>(5)Alcohol Law-Enforcement Agents, <term type="NE" subtype="ORGANIZATION"> Department of Public Safety </term>;</p>
          <p>(6)State Highway Patrol Officers, <term type="NE" subtype="ORGANIZATION"> Department of Public Safety </term>;</p>
          <p>(7)<term type="NE" subtype="ORGANIZATION"> General Assembly Special Police </term>, <term type="NE" subtype="ORGANIZATION"> General Assembly </term>;</p>
          <p>(8)Sworn State Law-Enforcement Officers with the power of arrest, <term type="NE" subtype="ORGANIZATION"> Department of Health and Human Services </term>;</p>
          <p>(9)Juvenile Justice Officers, Division of <term type="NE" subtype="ORGANIZATION"> Juvenile Justice of the Department of Public Safety </term>;</p>
          <p>(10)Insurance Investigators, <term type="NE" subtype="ORGANIZATION"> Department of Insurance </term>;</p>
          <p>(11)<term type="NE" subtype="ORGANIZATION"> State Bureau of Investigation Officers and Agents </term>, <term type="NE" subtype="ORGANIZATION"> Department of Justice </term>;</p>
          <p>(12)Director and Assistant Director, <term type="NE" subtype="ORGANIZATION"> License and Theft Enforcement Section </term>, Division of Motor Vehicles, <term type="NE" subtype="ORGANIZATION"> Department of Transportation </term>;</p>
          <p>(13)Members of License and Theft Enforcement Section, Division of Motor Vehicles, <term type="NE" subtype="ORGANIZATION"> Department of Transportation </term>, designated by the Commissioner of Motor Vehicles as either inspectors or uniformed weigh station personnel;</p>
          <p>(14)<term type="NE" subtype="ORGANIZATION"> Utilities Commission Transportation Inspectors </term> and Special Investigators;</p>
          <p>(15)<term type="NE" subtype="ORGANIZATION"> North Carolina Ports Authority Police </term>, <term type="NE" subtype="ORGANIZATION"> Department of Transportation </term>;</p>
          <p>(16)Sworn State Law-Enforcement Officers with the power of arrest, Department of Environment and Natural Resources;</p>
          <p>(17)Sworn State Law-Enforcement Officers with the power of arrest, <term type="NE" subtype="ORGANIZATION"> Department of Public Safety </term>.</p>
          <p>(18)Sworn State Law-Enforcement Officers with the power of arrest, Department of Revenue.</p>
          <p>(19)Sworn State Law-Enforcement Officers with the power of arrest, University System.</p>
          <p>(b)The following persons are entitled to benefits under this Article regardless of whether they are subject to the Criminal Justice Training and Standards Act:</p>
          <p>(1)Driver License Examiners injured by accident arising out of and in the course of giving a road test, Division of Motor Vehicles, <term type="NE" subtype="ORGANIZATION"> Department of Transportation </term>;</p>
          <p>(2)Employees of the Division of Adult Correction of the Department of Public Safety injured by a direct and deliberate act of an offender supervised by the Division or while performing supervisory duties over offenders which place the employees at risk of such injury.</p>
          <p>
            <hi rend="underlined">(c)</hi>
            <hi rend="underlined">As used in this Article, the term eligible person or person shall mean any individual listed under subsection (a)or (b)of this section.</hi>
          </p>
          <p>&#167; 143-166. 14. Payment of salary notwithstanding incapacity; Workers' Compensation Act applicable after <term type="NE" subtype="DURATION"> two years </term>; duration of payment.</p>
          <p>The salary of any<hi rend="strikethrough">of the above listed persons</hi><hi rend="underlined">eligible person</hi>shall be paid as long as<hi rend="strikethrough">his</hi><hi rend="underlined">the person's</hi>employment in that position continues, notwithstanding<hi rend="strikethrough">his</hi><hi rend="underlined">the person's</hi>total or partial incapacity to perform any duties to which<hi rend="strikethrough">he</hi><hi rend="underlined">the person</hi>may be lawfully assigned, if that incapacity is the result of an injury<hi rend="strikethrough">by accident or an occupational disease arising out of and in the course of the performance by him of his</hi><hi rend="underlined">or injuries due to extreme activity which occurred in the course and scope of the eligible person's</hi>official duties, except if that incapacity continues for more than two years from its inception, the person shall, during the further continuance of that incapacity, be subject to the provisions of Chapter 97 of the General Statutes pertaining to workers' compensation. Salary paid to<hi rend="strikethrough">a</hi><hi rend="underlined">an eligible</hi>person pursuant to this Article shall cease upon the resumption of<hi rend="strikethrough">his</hi><hi rend="underlined">the person's</hi>regularly assigned duties, retirement, resignation, or death, whichever first occurs, except that temporary return to duty shall not prohibit payment of salary for a subsequent period of incapacity which can be shown to be directly related to the original injury.</p>
          <p>&#167; 143-166. 15. Application of &#167; <term type="NE" subtype="DATE"> 97-27 </term>; how payments made.</p>
          <p>Notwithstanding the provisions of G.S.143-166. 14 of this Article, the persons entitled to benefits shall be subject to the provisions of G.S.97-27 during the <term type="NE" subtype="DURATION"> two-year </term> period of payment of full salary. All payments of salary shall be made at the same time and in the same manner as other salaries are paid to other persons in the same department.</p>
          <p>&#167; 143-166. 16. Effect on workers' compensation and other benefits; application of &#167; <term type="NE" subtype="DATE"> 97-24 </term>.</p>
          <p>The provisions of G.S.143-166. 14 shall be in lieu of all compensation provided for <term type="NE" subtype="DURATION"> the first two years </term> of incapacity by G.S.97-29 and <term type="NE" subtype="DATE"> 97-30 </term>, but shall be in addition to any other benefits or compensation to which such person shall be entitled under the provisions of the Workers' Compensation Act. The provisions of G.S.97-24 will commence at the end of the <term type="NE" subtype="DURATION"> two-year </term> period for which salary is paid pursuant to G.S.143-166. 14.</p>
          <p>&#167; 143-166. 17. Period of incapacity not charged against sick leave or other leave.</p>
          <p>The period for which the salary of any person is paid pursuant to G.S.143-166.<hi rend="strikethrough">he</hi><hi rend="underlined">the person</hi>is incapacitated as a result of an injury<hi rend="strikethrough">by accident or an occupational disease arising out of and in the course of the performance by him of his</hi><hi rend="underlined">or injuries due to extreme activity which occurred in the course and scope of the eligible person's</hi>official duties, shall not be charged against any sick or other leave to which<hi rend="strikethrough">he</hi><hi rend="underlined">the person</hi>shall be entitled under any other provision of law.</p>
          <p>&#167; 143-166. 18. Report of incapacity.</p>
          <p>Any person designated in G.S.143-166.<hi rend="strikethrough">by accident arising out of and in the course of the performance by him of his</hi><hi rend="underlined">or injuries due to extreme activity which occurred in the course and scope of the eligible person's</hi>official duties, is totally or partially incapacitated to perform any duties to which<hi rend="strikethrough">he</hi><hi rend="underlined">the person</hi>may be lawfully assigned, shall report the incapacity as soon as practicable in the manner required by the secretary or other head of the department to which the agency is assigned by statute.</p>
          <p>&#167; 143-166. 19. Determination of cause and extent of incapacity; hearing before <term type="NE" subtype="ORGANIZATION"> Industrial Commission </term>; appeal; effect of refusal to perform duties.</p>
          <p>Upon the filing of the report, the secretary or other head of the department or, in the case of the <term type="NE" subtype="ORGANIZATION"> General Assembly </term>, the Legislative Services Officer, shall determine the cause of the incapacity and to what extent the claimant may be assigned to other than<hi rend="strikethrough">his</hi><hi rend="underlined">the claimant's</hi>normal duties. The finding of the secretary or other head of the department shall determine the right of the claimant to benefits under this Article. Notice of the finding shall be filed with the North Carolina Industrial Commission.<hi rend="strikethrough">Unless the claimant, within <term type="NE" subtype="DURATION"> 30 days </term> after he receives notice, files with the <term type="NE" subtype="ORGANIZATION"> North Carolina Industrial Commission </term>, upon the form it shall require, a request for a hearing, the finding of the secretary or other department head shall be final.</hi><hi rend="underlined">The finding of the secretary or other department head shall be final unless the claimant, within <term type="NE" subtype="DURATION"> 30 days </term> of receipt of the notice, files a request for a hearing with the <term type="NE" subtype="ORGANIZATION"> North Carolina Industrial Commission </term> using a form required by the <term type="NE" subtype="ORGANIZATION"> Commission </term>.</hi>Upon the filing of a request, the North Carolina Industrial Commission shall proceed to hear the matter in accordance with its regularly established procedure for hearing claims filed under the Worker's Compensation Act, and shall report its findings to the secretary or other head of the department. From the decision of the North Carolina Industrial Commission, an appeal shall lie as in other matters heard and determined by the Commission. Any person who refuses to perform any duties to which<hi rend="strikethrough">he</hi><hi rend="underlined">the person</hi>may be properly assigned as a result of the finding of the secretary, other head of the department or of the North Carolina Industrial Commission shall be entitled to no benefits pursuant to this Article as long as the refusal continues.</p>
          <p>&#167; 143-166. 20. Subrogation.</p>
          <p>The same rights and remedies set forth in G.S.97-10.<hi rend="strikethrough">his</hi><hi rend="underlined">the officer's</hi>period of disability.</p>
        </div2>
        <div2 type="section" n="2">
          <head>SECTION 2. This act becomes effective <term type="NE" subtype="DATE"> October 1, 2012 </term>, and applies to incapacity commencing on or after that date.</head>
        </div2>
      </div1>
    </body>
  </text>
</TEI>
