<TEI xmlns="http://www.tei-c.org/ns/1.0">
  <teiHeader xml:lang="en">
    <fileDesc>
      <titleStmt>
        <title xml:id="NC-2011-H263"/>
        <author> Speaker of the House of Representatives</author>
      </titleStmt>
      <editionStmt>
        <edition>v3</edition>
      </editionStmt>
      <publicationStmt>
        <pubPlace>North Carolina</pubPlace>
        <idno>NC-2011-H263</idno>
        <date>2011</date>
      </publicationStmt>
      <sourceDesc>
        <bibl>www.ncleg.net\Sessions\2011\Bills\House\HTML\H263v3.html</bibl>
      </sourceDesc>
    </fileDesc>
  </teiHeader>
  <text xml:lang="en">
    <front>
      <div1 type="abstract">
        <head>A bill to be entitled an act to allow certain retired members of the teachers' and state employees' retirement system and the local governmental employees' retirement system who remarried prior to the effective date of a technical correction to the retirement laws to nominate their new spouses to receive the survivor benefits in accordance with that technical correction.</head>
      </div1>
    </front>
    <body>
      <div1>
        <opener>
          <salute>The <term type="NE" subtype="ORGANIZATION"> General Assembly of North Carolina </term> enacts:</salute>
        </opener>
        <div2 type="section" n="1">
          <head>SECTION 1. Notwithstanding any other provision of law, a retired member of the Teachers' and <term type="NE" subtype="ORGANIZATION"> State Employees </term>' Retirement System or the <term type="NE" subtype="MISC"> Local Governmental Employees' Retirement System </term> (i)who designated a spouse as survivor under Option 5 as set forth in G.S.135-5 (g)or G.S.128-27 (g), (ii)whose designated spouse predeceased him or her, and (iii)who remarried prior to the enactment of S.L.2010-72 may nominate the new spouse to receive the survivor retirement benefits in accordance with G.S.135-5 (g)or G.S.128-27 (g), provided that nomination is made within <term type="NE" subtype="DURATION"> 90 days </term> of the effective date of this act.</head>
        </div2>
        <div2 type="section" n="2">
          <head>SECTION 2. This act is effective when it becomes law.</head>
          <p>In the <term type="NE" subtype="ORGANIZATION"> General Assembly </term> read three times and ratified <term type="NE" subtype="DATE"> this the 15th day of June, 2011 </term>.</p>
          <p>s/<term type="NE" subtype="PERSON"> Walter H </term>.</p>
          <p>President of the <term type="NE" subtype="ORGANIZATION"> Senate </term></p>
          <p>s/<term type="NE" subtype="PERSON"> Thom Tillis </term></p>
          <p>Speaker of the House of Representatives</p>
          <p>s/Beverly E.</p>
          <p>Governor</p>
          <p>Approved <term type="NE" subtype="TIME"> 12:00 </term> p. m.</p>
        </div2>
      </div1>
    </body>
  </text>
</TEI>
