<TEI xmlns="http://www.tei-c.org/ns/1.0">
  <teiHeader xml:lang="en">
    <fileDesc>
      <titleStmt>
        <title xml:id="NC-2007-H1584"><term type="NE" subtype="ORGANIZATION"> Public Safety Employer/Employee Coop </term>. Act.</title>
        <author>Representative Blue. </author>
      </titleStmt>
      <editionStmt>
        <edition>v0</edition>
      </editionStmt>
      <publicationStmt>
        <pubPlace>North Carolina</pubPlace>
        <idno>NC-2007-H1584</idno>
        <date>2007</date>
      </publicationStmt>
      <sourceDesc>
        <bibl>www.ncleg.net\Sessions\2007\Bills\House\HTML\H1584v0.html</bibl>
      </sourceDesc>
    </fileDesc>
  </teiHeader>
  <text xml:lang="en">
    <front>
      <div1 type="abstract">
        <head>A bill to be entitled an act to establish a public safety employer-employee cooperation act.</head>
      </div1>
    </front>
    <body>
      <div1>
        <opener>
          <salute>The <term type="NE" subtype="ORGANIZATION"> General Assembly of North Carolina </term> enacts:</salute>
        </opener>
        <div2 type="section" n="1">
          <head>SECTION 1.</head>
          <p>
            <hi rend="underlined">Chapter 17F.</hi>
          </p>
          <p>
            <hi rend="underlined">Public Safety Employer-Employee Cooperation Act.</hi>
          </p>
          <p>
            <hi rend="underlined">&#167; 17F-1. Definitions.</hi>
          </p>
          <p>
            <hi rend="underlined">The following definitions apply in this Chapter:</hi>
          </p>
          <p>
            <hi rend="underlined">(1)</hi>
            <hi rend="underlined">Emergency medical services personnel. - An individual who provides out-of-hospital emergency medical care, including an emergency medical technician, paramedic, or <term type="NE" subtype="ORDINAL"> first </term> responder.</hi>
          </p>
          <p>
            <hi rend="underlined">(2)</hi>
            <hi rend="underlined">Employer or public safety employer. - Any city, town, county, or other municipality or political subdivision of the State that employs public safety officers.</hi>
          </p>
          <p>
            <hi rend="underlined">(3)</hi>
            <hi rend="underlined">Firefighter. - An individual employed by a fire department who (i)primarily performs work directly related to the control and extinguishment of fires; (ii)is responsible for the maintenance and use of firefighting apparatus and equipment, fire prevention, and investigation, or communications and dispatch; or (iii)provides emergency medical care.</hi>
          </p>
          <p>
            <hi rend="underlined">(4)</hi>
            <hi rend="underlined">Public safety officer. - An employee of a city, town, county, or other municipal entity or agency, who is a firefighter, or emergency medical services personnel. Public safety officer includes an individual who is temporarily transferred to a supervisory or administrative position, but does not include a permanent management or supervisory employee.</hi>
          </p>
          <p>
            <hi rend="underlined">(5)</hi>
            <hi rend="underlined">Public safety officer association. - An association or labor organization of public safety officers composed of (i)public safety officers employed by a fire department; (ii)public safety officers employed by an emergency medical or ambulance service.</hi>
          </p>
          <p>
            <hi rend="underlined">(6)</hi>
            <hi rend="underlined">Supervisory employee. - An individual employed by a public safety employer who (i)has the authority in the interest of the employer to hire, direct, assign, promote, reward, transfer, furlough, lay off, recall, suspend, discipline, or remove public safety officers, or to adjust their grievances or effectively recommend such adjustment, provided that the exercise of the authority is not merely routine or clerical in nature but requires the consistent exercise of independent judgment; and (ii)devotes a majority of time at work exercising that authority.</hi>
          </p>
          <p>
            <hi rend="underlined">&#167; 17F-2. Rights of public safety officers.</hi>
          </p>
          <p>
            <hi rend="underlined">Public safety officers have the following rights:</hi>
          </p>
          <p>
            <hi rend="underlined">(1)</hi>
            <hi rend="underlined">To form and join an association or labor organization that does not include management or supervisory employees.</hi>
          </p>
          <p>
            <hi rend="underlined">(2)</hi>
            <hi rend="underlined">To be free from reprisal or discrimination in the terms or conditions of their employment for joining or supporting an association or labor organization.</hi>
          </p>
          <p>
            <hi rend="underlined">&#167; 17F-3. Rights of public safety officer associations.</hi>
          </p>
          <p>
            <hi rend="underlined">Public safety officer associations that have demonstrated through petitions, authorization cards, or other reliable methods that they represent more than half of the public safety officers in an agency or department have the following rights:</hi>
          </p>
          <p>
            <hi rend="underlined">(1)</hi>
            <hi rend="underlined">To advocate on behalf of and represent their members concerning the terms and conditions of their members' employment.</hi>
          </p>
          <p>
            <hi rend="underlined">(2)</hi>
            <hi rend="underlined">Upon the request of one of their members, to have a representative <term type="NE" subtype="DATE"> present </term> during any questioning of a member by management or supervisory employees during any investigation that could lead to discipline against the member.</hi>
          </p>
          <p>
            <hi rend="underlined">(3)</hi>
            <hi rend="underlined">To meet with officials of a public safety employer to discuss matters affecting the terms and conditions of employment of public safety officers, including matters pertaining to wages and <term type="NE" subtype="DURATION"> hours </term> of work.</hi>
          </p>
          <p>
            <hi rend="underlined">(4)</hi>
            <hi rend="underlined">To have any agreements reached with a public safety employer as a result of discussions reduced to writing in the form of a memorandum of understanding.</hi>
          </p>
          <p>
            <hi rend="underlined">(5)</hi>
            <hi rend="underlined">Notwithstanding the provisions of G.S.95-98, to enforce a memorandum of understanding with a public safety employer by bringing an action in court.</hi>
          </p>
          <p>
            <hi rend="underlined">&#167; 17F-4. Enforcement.</hi>
          </p>
          <p>
            <hi rend="underlined">(a)</hi>
            <hi rend="underlined">A public safety officer who believes that his or her rights under G.S.17F-2 have been violated, or a public safety officer association that believes its rights under G.S.17F-3 have been violated, may bring a civil action in the superior court of the county where the violation occurred or where the employer resides. In any such action, the officer or association may seek, and the court may award, such relief and damages as will make the officer or association whole and correct the effects of any violations.</hi>
          </p>
          <p>
            <hi rend="underlined">(1)</hi>
            <hi rend="underlined">An injunction to prevent <term type="NE" subtype="DATE"> future </term> or continued violations of this Chapter.</hi>
          </p>
          <p>
            <hi rend="underlined">(2)</hi>
            <hi rend="underlined">Removal from an officer's personnel file or record any records of discipline or other unfavorable actions taken by an employer in violation of G.S.17F-2.</hi>
          </p>
          <p>
            <hi rend="underlined">(3)</hi>
            <hi rend="underlined">Promotion or reassignment of any officer denied a promotion or assignment in violation of G.S.17F-2.</hi>
          </p>
          <p>
            <hi rend="underlined">(4)</hi>
            <hi rend="underlined">Reassignment of the officer to the same position held before the retaliatory action or discrimination to an equivalent position, or to a position of higher classification if it is shown that the officer would have been eligible for promotion during the period of the retaliatory discharge.</hi>
          </p>
          <p>
            <hi rend="underlined">(5)</hi>
            <hi rend="underlined">Reinstatement of an officer's full fringe benefits and seniority.</hi>
          </p>
          <p>
            <hi rend="underlined">(6)</hi>
            <hi rend="underlined">Compensation to an officer for the consequences of the discrimination or retaliation, including lost wages, lost benefits, and other economic losses proximately caused by the retaliatory or discriminatory action.</hi>
          </p>
          <p>
            <hi rend="underlined">(7)</hi>
            <hi rend="underlined">Compensation to an association for the consequences of the violations of its rights.</hi>
          </p>
          <p>
            <hi rend="underlined">(b)</hi>
            <hi rend="underlined">In an action under this section, if the court finds that a public safety officer was injured by a willful violation of the rights granted under G.S.17F-2, the court shall treble the amount of damages it awards for loss of wages and benefits.</hi>
          </p>
          <p>
            <hi rend="underlined">(c)</hi>
            <hi rend="underlined">The court may award to a plaintiff who obtains relief in an action to enforce the rights granted by this Chapter and assess against the defendant the reasonable costs and expenses less attorneys' fees, of bringing the action. If the court determines that the plaintiff's action was frivolous, it may award to the defendant and assess against the plaintiff the reasonable costs and expenses, less attorneys' fees, of defending the action.</hi>
          </p>
          <p>
            <hi rend="underlined">(d)</hi>
            <hi rend="underlined">Parties to a civil action brought pursuant to this section shall have the right to a jury trial as provided under G.S.1A-1, Rules of Civil Procedure.</hi>
          </p>
          <p>
            <hi rend="underlined">&#167; 17F-5. Effect of Chapter on other rights.</hi>
          </p>
          <p>
            <hi rend="underlined">Nothing in this Chapter shall be deemed to diminish any other rights or remedies of public safety officers or associations under other statutes, the State or federal constitution, or at common law.</hi>
          </p>
        </div2>
        <div2 type="section" n="2">
          <head>SECTION 2. This act is effective when it becomes law and applies to actions taken on or after that date.</head>
        </div2>
      </div1>
    </body>
  </text>
</TEI>
