<TEI xmlns="http://www.tei-c.org/ns/1.0">
  <teiHeader xml:lang="en">
    <fileDesc>
      <titleStmt>
        <title xml:id="NC-2013-H230">Amend Law Defining Home Schools.</title>
        <author>Representatives Malone, Martin, Brody, and Samuelson  (Primary Sponsors). </author>
      </titleStmt>
      <editionStmt>
        <edition>v0</edition>
      </editionStmt>
      <publicationStmt>
        <pubPlace>North Carolina</pubPlace>
        <idno>NC-2013-H230</idno>
        <date>2013</date>
      </publicationStmt>
      <sourceDesc>
        <bibl>www.ncleg.net\Sessions\2013\Bills\House\HTML\H230v0.html</bibl>
      </sourceDesc>
    </fileDesc>
  </teiHeader>
  <text xml:lang="en">
    <front>
      <div1 type="abstract">
        <head>A bill to be entitled an act to amend the law defining home schools.</head>
      </div1>
    </front>
    <body>
      <div1>
        <opener>
          <salute>The <term type="NE" subtype="ORGANIZATION"> General Assembly of North Carolina </term> enacts:</salute>
        </opener>
        <div2 type="section" n="1">
          <head>SECTION 1. G.S.</head>
          <p>&#167; 115C-563. Definitions.</p>
          <p>As used in this Part or Parts 1 and 2 of this<hi rend="strikethrough">section:</hi><hi rend="underlined">Article:</hi></p>
          <p>(a)Home school means a nonpublic school<hi rend="strikethrough">in which one or more</hi><hi rend="underlined">consisting of the</hi>children of not more than two families or<hi rend="strikethrough">households receive academic instruction from parents or legal guardians, or a member of either household.</hi><hi rend="underlined">households, where the parents or legal guardians or members of either household determine the scope and sequence of academic instruction, provide academic instruction, and determine additional sources of academic instruction.</hi></p>
          <p>(b)Duly authorized representative of the <term type="NE" subtype="ORGANIZATION"> State </term> means the Director, Division of <term type="NE" subtype="ORGANIZATION"> Nonpublic Education </term>, or his staff.</p>
        </div2>
        <div2 type="section" n="2">
          <head>SECTION 2. This act is effective when it becomes law and applies beginning with the <term type="NE" subtype="DURATION"> 2013-2014 </term> school <term type="NE" subtype="DURATION"> year </term>.</head>
        </div2>
      </div1>
    </body>
  </text>
</TEI>
