<TEI xmlns="http://www.tei-c.org/ns/1.0">
  <teiHeader xml:lang="en">
    <fileDesc>
      <titleStmt>
        <title xml:id="NC-2013-H334">Buncombe Cty Sales Tax Use Expansion.</title>
        <author>Representative Ramsey. </author>
      </titleStmt>
      <editionStmt>
        <edition>v0</edition>
      </editionStmt>
      <publicationStmt>
        <pubPlace>North Carolina</pubPlace>
        <idno>NC-2013-H334</idno>
        <date>2013</date>
      </publicationStmt>
      <sourceDesc>
        <bibl>www.ncleg.net\Sessions\2013\Bills\House\HTML\H334v0.html</bibl>
      </sourceDesc>
    </fileDesc>
  </teiHeader>
  <text xml:lang="en">
    <front>
      <div1 type="abstract">
        <head>A bill to be entitled an act to augment the uses of certain moneys in the buncombe school capital fund.</head>
      </div1>
    </front>
    <body>
      <div1>
        <opener>
          <salute>The <term type="NE" subtype="ORGANIZATION"> General Assembly of North Carolina </term> enacts:</salute>
        </opener>
        <div2 type="section" n="1">
          <head>SECTION 1.</head>
          <p>Section 1. There is hereby created a <term type="NE" subtype="ORGANIZATION"> Commission </term> to be known as the <term type="NE" subtype="ORGANIZATION"> School Capital Fund Commission for Buncombe County </term>, which <term type="NE" subtype="ORGANIZATION"> Commission </term> shall have and possess all the powers conferred by this act and such other powers as may be useful or necessary to permit it fully to carry out the purposes of this act. The Commission is hereby declared to be a corporation with perpetual succession, the right to adopt and use a corporate seal, to sue and to be sued, and to hold, manage and control the moneys and properties received by it under the provisions of this act. It shall have the right to make reasonable rules and regulations for the conduct of its business.</p>
          <p><term type="NE" subtype="DURATION"> Sec </term>. 2. The Commission shall consist of five members. Initial members of the <term type="NE" subtype="ORGANIZATION"> Commission </term> shall be <term type="NE" subtype="PERSON"> Richard B </term>. Stone, <term type="NE" subtype="PERSON"> Ronald K </term>. <term type="NE" subtype="PERSON"> Payne </term>, <term type="NE" subtype="PERSON"> John F </term>. <term type="NE" subtype="PERSON"> Shuford </term>, <term type="NE" subtype="MISC"> Nilous </term> M.<term type="NE" subtype="PERSON"> Avery </term>, and <term type="NE" subtype="PERSON"> John L </term>. <term type="NE" subtype="PERSON"> Simmons </term>, who shall each serve for a term ending <term type="NE" subtype="DATE"> June 30, 1985 </term>, or as soon thereafter as his successor is appointed. After <term type="NE" subtype="DATE"> June 30, 1985 </term>, members of the <term type="NE" subtype="ORGANIZATION"> Commission </term> shall serve <term type="NE" subtype="DURATION"> two-year </term> terms and shall be appointed as follows: one appointed by the <term type="NE" subtype="ORGANIZATION"> Asheville City Council </term>, one appointed by the <term type="NE" subtype="ORGANIZATION"> Asheville City Board of Education </term>, one appointed by the <term type="NE" subtype="ORGANIZATION"> Buncombe County Board of Education </term>, one appointed by the <term type="NE" subtype="ORGANIZATION"> Buncombe County Board of Commissioners </term>, and one appointed by the other four appointees. A member appointed by a local governing board or a school board shall serve at the pleasure of that board. The member appointed by the other appointees shall serve at the pleasure of the majority of the other appointees. Any vacancy occurring during the term of the original appointees shall be filled by the other members of the <term type="NE" subtype="ORGANIZATION"> Commission </term>. Vacancies occurring after <term type="NE" subtype="DATE"> June 30, 1985 </term>, shall be filled by the appointing authority of the member creating the vacancy to fill the unexpired term.</p>
          <p><term type="NE" subtype="DURATION"> Sec </term>. 3. A quorum shall be three members of the <term type="NE" subtype="ORGANIZATION"> Commission </term>.</p>
          <p><term type="NE" subtype="DURATION"> Sec </term>. 4. The <term type="NE" subtype="ORDINAL"> first </term> meeting of the <term type="NE" subtype="ORGANIZATION"> Commission </term> shall be held within <term type="NE" subtype="DURATION"> 30 days </term> after the ratification of this act, at which meeting, or any adjournment thereof, the <term type="NE" subtype="ORGANIZATION"> Commission </term> shall organize, adopt bylaws or rules and regulations to govern its procedure and the conduct of the business and affairs of the <term type="NE" subtype="ORGANIZATION"> Commission </term> and appoint a chairman and vice-chairman from among its membership who shall serve a <term type="NE" subtype="DURATION"> one-year </term> term and appoint a secretary for a <term type="NE" subtype="DURATION"> one-year </term> term and until their successors are appointed by the <term type="NE" subtype="ORGANIZATION"> Commission </term>. The finance officer for <term type="NE" subtype="LOCATION"> Buncombe County </term> shall be the finance officer of the <term type="NE" subtype="ORGANIZATION"> Commission </term>. The county finance officer shall give bond for the faithful performance of his duties as the finance officer of the <term type="NE" subtype="ORGANIZATION"> Commission </term> in an amount determined by the <term type="NE" subtype="ORGANIZATION"> Commission </term>. The finance officer of the <term type="NE" subtype="ORGANIZATION"> Commission </term> shall manage the funds of the <term type="NE" subtype="ORGANIZATION"> Commission </term> only as directed by the <term type="NE" subtype="ORGANIZATION"> Commission </term>. At said meeting the <term type="NE" subtype="ORGANIZATION"> Commission </term> shall select and appoint an attorney of the <term type="NE" subtype="ORGANIZATION"> Commission </term> and fix his compensation, such attorney to serve at the pleasure of the <term type="NE" subtype="ORGANIZATION"> Commission </term>.</p>
          <p><term type="NE" subtype="DURATION"> Sec </term>. 5. Regular or stated meetings of the <term type="NE" subtype="ORGANIZATION"> Commission </term> shall be held at such time and place as may be provided by the <term type="NE" subtype="ORGANIZATION"> Commission </term> in its bylaws or rules and regulations, and special meetings may be held on the call of the chairman after due notice.</p>
          <p><term type="NE" subtype="DURATION"> Sec </term>. 6. One half of any local government sales and use tax revenue distributed to <term type="NE" subtype="LOCATION"> Buncombe County </term> under G.S.105-472, and one half of any State sales and use tax revenue distributed to <term type="NE" subtype="LOCATION"> Buncombe County </term>, shall be paid to the Commission by the Secretary of Revenue; provided that if distribution of the local government sales and use tax revenue is made under G.S.105-472 (2), (the ad valorem method), then taxing districts shall receive their funds under G.S.105-472 (2)as if no funds had been paid to the Commission by the Secretary of Revenue, and in computing what amount is one-half of the sales and use tax revenue, the Secretary of Revenue shall not reduce the total by the amount to be distributed to the taxing districts. This section does not affect the distribution of any local or State sales and use tax revenue to the municipalities in <term type="NE" subtype="LOCATION"> Buncombe County </term>.</p>
          <p><term type="NE" subtype="DURATION"> Sec </term>. 7. All of the special property tax levied by <term type="NE" subtype="LOCATION"> Buncombe County </term> for necessary capital outlay improvements of <term type="NE" subtype="LOCATION"> County </term> and City Schools in <term type="NE" subtype="LOCATION"> Buncombe County </term>, approved by the voters of <term type="NE" subtype="LOCATION"> Buncombe County </term> in <term type="NE" subtype="DATE"> 1959 </term>, shall be appropriated by <term type="NE" subtype="LOCATION"> Buncombe County </term> to the <term type="NE" subtype="ORGANIZATION"> Commission </term> and paid by the Tax Collector to the <term type="NE" subtype="ORGANIZATION"> Commission </term>.</p>
          <p><term type="NE" subtype="DURATION"> Sec </term>. 8. Any other funds appropriated by <term type="NE" subtype="LOCATION"> Buncombe County </term> for public school construction of any amount, and public school improvement and renovation projects estimated to cost in excess of <term type="NE" subtype="MONEY"> one hundred thousand dollars </term> (<term type="NE" subtype="MONEY"> $ 100,000 </term>)in any one location in <term type="NE" subtype="LOCATION"> Buncombe County </term> shall be paid to the <term type="NE" subtype="ORGANIZATION"> Commission </term>, provided that the board of county commissioners may choose to designate funds under this section to a specific account under Section 10 of this act rather than pro rata.</p>
          <p><term type="NE" subtype="DURATION"> Sec </term>. 9. All funds received by the <term type="NE" subtype="ORGANIZATION"> Commission </term> under Sections 6, 7, and 8 of this act shall be placed in a capital reserve fund as provided in Part 2 of Article 3 of Chapter 159 of the General Statutes.</p>
          <p><term type="NE" subtype="DURATION"> Sec </term>. 10.<hi rend="strikethrough">fund</hi><hi rend="underlined">fund, other than unencumbered revenue distributed to <term type="NE" subtype="LOCATION"> Buncombe County </term> under G.S.</hi>shall be used to finance new public school construction of any amount, and public school improvement and renovation projects estimated to cost in excess of one hundred thousand dollars ($100,000) at any one location or to retire any indebtedness incurred by the county after July 1, 1983 for these purposes.<hi rend="underlined">Unencumbered revenue distributed to <term type="NE" subtype="LOCATION"> Buncombe County </term> under G.S.105-472 shall be used (i)to finance new public school construction of any amount and public school improvement and renovation projects estimated to cost in excess of <term type="NE" subtype="MONEY"> one hundred thousand dollars </term> (<term type="NE" subtype="MONEY"> $ 100,000 </term>)at any one location, (ii)to retire any indebtedness incurred by the county after <term type="NE" subtype="DATE"> July 1, 1983 </term>, for these purposes, or (iii)to provide for digital learning needs such as school connectivity, digital textbooks and instructional resources, digital devices, and associated ongoing professional development for teachers.</hi>The Commission shall annually divide the funds received that year into two accounts, one for the Buncombe County Board of Education and one for the Asheville City Board of Education. The division of funds shall be pro rata according to average daily membership in the two systems. If the funds in the capital reserve fund are to be expended to retire any indebtedness incurred by the county, they shall be drawn out of the two accounts established by this section pro rata, according to the average daily membership in the two systems. Any funds not expended in a fiscal year shall remain in that system's account for use in later years, including any accrued interest.</p>
          <p>By joint agreement of the <term type="NE" subtype="ORGANIZATION"> Board of County Commissioners </term> and both boards of education, money may be transferred from the account under this section of one board of education to the account under this section of the other board of education, provided that the agreement must require a transfer back of an equal amount of funds at some fixed date in <term type="NE" subtype="DATE"> the future </term>, plus a sum to be determined at that date which represents interest which would have accrued on the funds if they had remained in the <term type="NE" subtype="ORDINAL"> first </term> account.</p>
          <p><term type="NE" subtype="DURATION"> Sec </term>. 11. Moneys in the <term type="NE" subtype="ORGANIZATION"> Capital Reserve Fund </term> shall be subject to appropriation by the board of county commissioners. The Commission shall disburse such moneys as a ministerial duty upon receiving a written request from the board of county commissioners after the county board of commissioners has adopted an ordinance and after receipt of a written request from the appropriate board of education indicating it is prepared to enter into a contract, and G.S.115C-521 shall continue to apply.</p>
          <p><term type="NE" subtype="DURATION"> Sec </term>. 11. 1. Notwithstanding any other provision of this act, if the <term type="NE" subtype="ORGANIZATION"> Buncombe County Board of Commissioners </term> appropriates any federal revenue sharing funds to the Commission for the purpose of substituting revenue sharing funds for sales tax funds, then it must at the same time appropriate from the <term type="NE" subtype="ORGANIZATION"> Commission </term> to the county an equal amount of funds received under Section 6 to be used for such purposes as the <term type="NE" subtype="ORGANIZATION"> Board of Commissioners </term> shall deem appropriate and are otherwise authorized by law, provided that such federal revenue sharing funds shall be divided pro rata under Section 10 of this act.</p>
          <p><term type="NE" subtype="DURATION"> Sec </term>. 12. The reasonable and necessary expenses of the <term type="NE" subtype="ORGANIZATION"> Commission </term>, including the compensation of its officers and employees and the cost of any bond required by it, shall be paid by the County of <term type="NE" subtype="LOCATION"> Buncombe </term>. The chairman of the <term type="NE" subtype="ORGANIZATION"> Commission </term> shall, on or <term type="NE" subtype="DURATION"> about the first day </term> of each calendar <term type="NE" subtype="DURATION"> month </term>, certify to the governing body of <term type="NE" subtype="LOCATION"> Buncombe County </term> the expenses of the <term type="NE" subtype="ORGANIZATION"> Commission </term> incurred during the preceding <term type="NE" subtype="DURATION"> month </term>, and the governing body of the county shall forthwith, and within <term type="NE" subtype="DURATION"> five days </term> thereafter, cause to be paid to the Commission the expenses required to be paid. All such payments shall be charged to the general fund of the county.</p>
          <p><term type="NE" subtype="DURATION"> Sec </term>. 13. Sections 1 through 5, 11. 1 and 12 of this act are effective upon ratification. Sections 6 through 11 shall become effective <term type="NE" subtype="DATE"> July 1, 1983 </term>. The Secretary shall make the <term type="NE" subtype="ORDINAL"> first </term> distribution of local sales and use tax revenue to the <term type="NE" subtype="ORGANIZATION"> Commission </term> at <term type="NE" subtype="DATE"> the end of the quarter </term> that begins on <term type="NE" subtype="DATE"> July 1, 1983 </term>.</p>
        </div2>
        <div2 type="section" n="2">
          <head>SECTION 2. This act is effective when it becomes law.</head>
        </div2>
      </div1>
    </body>
  </text>
</TEI>
