<TEI xmlns="http://www.tei-c.org/ns/1.0">
  <teiHeader xml:lang="en">
    <fileDesc>
      <titleStmt>
        <title xml:id="NC-2009-H817"/>
        <author>c. A gathering of a person or governmental unit to which the entire board of which a public servant is a member, at least 10 public servants, all the members of the House of Representatives, all the members of the Senate, all the members of a county or municipal legislative delegation, all the members of a recognized legislative caucus with regular meetings other than meetings with one or more lobbyists, all the members of a committee, a standing subcommittee, a joint committee or joint commission of the House of Representatives, the Senate, or the General Assembly, or all legislative employees are invited, and one of the following applies:</author>
      </titleStmt>
      <editionStmt>
        <edition>v5</edition>
      </editionStmt>
      <publicationStmt>
        <pubPlace>North Carolina</pubPlace>
        <idno>NC-2009-H817</idno>
        <date>2009</date>
      </publicationStmt>
      <sourceDesc>
        <bibl>www.ncleg.net\Sessions\2009\Bills\House\HTML\H817v5.html</bibl>
      </sourceDesc>
    </fileDesc>
  </teiHeader>
  <text xml:lang="en">
    <front>
      <div1 type="abstract">
        <head>A bill to be entitled an act to make technical and other changes to chapters 120, 120c, and 138a of the general statutes.</head>
      </div1>
    </front>
    <body>
      <div1>
        <opener>
          <salute>The <term type="NE" subtype="ORGANIZATION"> General Assembly of North Carolina </term> enacts:</salute>
        </opener>
        <div2 type="section" n="1">
          <head>SECTION 1. G.S.120-103.</head>
          <p>&#167; 120-103. 1. Investigations by the <term type="NE" subtype="ORGANIZATION"> Committee </term>.</p>
          <p>(a)Institution of Proceedings.</p>
          <p>(1)The application or alleged violation of Chapter 138A of the General Statutes and of this Article.</p>
          <p>(2)Repealed by Session Laws 2007-348, s. 2, effective <term type="NE" subtype="DATE"> August 9, 2007 </term>.</p>
          <p>(3)The alleged violation of the criminal law by a legislator while acting in the legislator's official capacity as a participant in the lawmaking process.</p>
          <p>(a1)Complaints on Its Own Motion. - An investigation initiated by the <term type="NE" subtype="ORGANIZATION"> Committee </term> on its own motion instituted under subsection (a)of this section shall be treated as a complaint for purposes of this section and need not be sworn or verified.<hi rend="underlined">Any requirements under this section that require the <term type="NE" subtype="ORGANIZATION"> Committee </term> to notify the complainant shall not apply to complaints taken up by the <term type="NE" subtype="ORGANIZATION"> Committee </term> on its own motion. If the <term type="NE" subtype="ORGANIZATION"> Committee </term> is acting on a complaint referred to the <term type="NE" subtype="ORGANIZATION"> Committee </term> by the <term type="NE" subtype="ORGANIZATION"> Commission </term> where the <term type="NE" subtype="ORGANIZATION"> Commission </term> was acting on its own motion, the <term type="NE" subtype="ORGANIZATION"> Committee </term> shall be deemed to have satisfied the notice requirements by providing notice to the <term type="NE" subtype="ORGANIZATION"> Commission </term>. Any notice provided to the <term type="NE" subtype="ORGANIZATION"> Commission </term> under this section is confidential and shall not be disclosed by the <term type="NE" subtype="ORGANIZATION"> Commission </term>.</hi></p>
          <p>(b)<hi rend="underlined">Initial Consideration of a</hi>Complaint. -<hi rend="underlined">All of the following shall apply to the <term type="NE" subtype="ORGANIZATION"> Committee </term>'s initial consideration of a complaint:</hi></p>
          <p>(1)The <term type="NE" subtype="ORGANIZATION"> Committee </term> may, in its sole discretion, request additional information to be provided by the complainant within a specified period of time of no less than seven business <term type="NE" subtype="DURATION"> days </term>.</p>
          <p>(2)The <term type="NE" subtype="ORGANIZATION"> Committee </term> may decline to accept or further investigate a complaint if it determines that any of the following apply:</p>
          <p>a. The complaint is frivolous or brought in bad faith.</p>
          <p>b. The individuals and conduct complained of have already been the subject of a prior complaint.</p>
          <p>c. The conduct complained of is primarily a matter more appropriately and adequately addressed and handled by other federal, <term type="NE" subtype="ORGANIZATION"> State </term>, or local agencies or authorities, including law enforcement authorities. If other agencies or authorities are conducting an investigation of the same actions or conduct involved in a complaint filed under this section, the <term type="NE" subtype="ORGANIZATION"> Committee </term> may stay its complaint investigation pending final resolution of the other investigation.</p>
          <p>
            <hi rend="strikethrough">(3)</hi>
            <hi rend="strikethrough">The <term type="NE" subtype="ORGANIZATION"> Committee </term> shall send a notice of the initiation of an investigation under this section to the legislator who is the subject of the complaint within <term type="NE" subtype="DURATION"> 10 days </term> of the date of the decision to initiate the investigation.</hi>
          </p>
          <p>(4)Notwithstanding any other provisions of this section, complaints filed with the <term type="NE" subtype="ORGANIZATION"> Committee </term> concerning the conduct of the Lieutenant Governor shall be referred to the <term type="NE" subtype="ORGANIZATION"> State Ethics Commission </term> under Chapter 138A of the General Statutes without investigation by the <term type="NE" subtype="ORGANIZATION"> Committee </term>.</p>
          <p>(c)Investigation of<hi rend="strikethrough">Complaints by the <term type="NE" subtype="ORGANIZATION"> Committee </term></hi><hi rend="underlined">Complaints</hi>. - The Committee shall investigate all complaints properly before the Committee in a timely manner. Within 60 days of<hi rend="strikethrough">the</hi><hi rend="underlined">receiving a complaint or a</hi>referral of<hi rend="strikethrough">the</hi><hi rend="underlined">a</hi>complaint<hi rend="strikethrough">with</hi><hi rend="underlined">to</hi>the Committee, the Committee shall<hi rend="underlined">do at least one of the following:</hi></p>
          <p>
            <hi rend="underlined">(1)</hi>
            <hi rend="underlined">Dismiss the complaint.</hi>
          </p>
          <p>
            <hi rend="underlined">(2)</hi>
            <hi rend="underlined">Initiate a preliminary investigation of the complaint.</hi>
          </p>
          <p><hi rend="underlined">(3)</hi><hi rend="strikethrough">refer</hi><hi rend="underlined">Refer</hi>the complaint for<hi rend="underlined">further investigation and a</hi>hearing in accordance with subsection (i) of this<hi rend="strikethrough">section or initiate an investigation of a complaint or dismiss the complaint.</hi><hi rend="underlined">section.</hi></p>
          <p>
            <hi rend="underlined">(4)</hi>
            <hi rend="underlined">Make recommendations to the house in which the legislator who is the subject of the complaint is a member without further investigation, if the referral is from the <term type="NE" subtype="ORGANIZATION"> State Ethics Commission </term>.</hi>
          </p>
          <p><hi rend="underlined">(c1)</hi><hi rend="underlined">Preliminary Investigation. - The <term type="NE" subtype="ORGANIZATION"> Committee </term> may initiate a preliminary investigation if it determines that the complaint alleges facts sufficient to constitute a violation of matters over which the <term type="NE" subtype="ORGANIZATION"> Committee </term> has jurisdiction as set forth in subsection (a)of this section.</hi>In determining whether there is reason to believe that a violation has or may have occurred, a member of the Committee may take general notice of available information even if not formally provided to the Committee in the form of a complaint. The Committee may utilize the services of a hired investigator when conducting investigations.<hi rend="underlined">The <term type="NE" subtype="ORGANIZATION"> Committee </term> shall provide written notification of the initiation of an investigation under this section to the legislator who is the subject of the complaint within <term type="NE" subtype="DURATION"> 10 days </term> of the date of the <term type="NE" subtype="ORGANIZATION"> Committee </term>'s decision to initiate an investigation.</hi></p>
          <p>
            <hi rend="strikethrough">(d)</hi>
            <hi rend="strikethrough">On a referral from the <term type="NE" subtype="ORGANIZATION"> State Ethics Commission </term>, the <term type="NE" subtype="ORGANIZATION"> Committee </term> shall do at least one of the following:</hi>
          </p>
          <p>
            <hi rend="strikethrough">(1)</hi>
            <hi rend="strikethrough">Make recommendations to the house in which the legislator who is the subject of the complaint is a member without further investigation.</hi>
          </p>
          <p>
            <hi rend="strikethrough">(2)</hi>
            <hi rend="strikethrough">Conduct further investigations and hearings under this section.</hi>
          </p>
          <p>
            <hi rend="strikethrough">(3)</hi>
            <hi rend="strikethrough">Dismiss the complaint.</hi>
          </p>
          <p>(e)Investigation by the <term type="NE" subtype="ORGANIZATION"> Committee </term> of Matters Other Than Complaints. - The <term type="NE" subtype="ORGANIZATION"> Committee </term> may investigate matters other than complaints properly before the <term type="NE" subtype="ORGANIZATION"> Committee </term> under subsection (a)of this section. For any investigation initiated under this subsection, the <term type="NE" subtype="ORGANIZATION"> Committee </term> may take any action it deems necessary or appropriate to further compliance with this Article, including the initiation of a complaint, the issuance of an advisory opinion under G.S.120-104, or referral to appropriate law enforcement or other authorities pursuant to subdivision (j)(2)of this section.</p>
          <p>(f)Legislator Cooperation with Investigation. - Legislators shall promptly and fully cooperate with the <term type="NE" subtype="ORGANIZATION"> Committee </term> in any <term type="NE" subtype="MISC"> Committee-related </term> investigation. Failure to cooperate fully with the <term type="NE" subtype="ORGANIZATION"> Committee </term> in any investigation shall be grounds for sanctions under this section.</p>
          <p>(g)Dismissal of Complaint After Preliminary<hi rend="strikethrough">Inquiry.</hi><hi rend="underlined">Investigation.</hi>- If the Committee determines at the end of its preliminary<hi rend="strikethrough">inquiry</hi><hi rend="underlined">investigation</hi>that the complaint does not allege facts sufficient to constitute a violation of matters over which the Committee has jurisdiction as set forth in subsection (a) of this section, the Committee shall dismiss the complaint and provide written notice of the dismissal to the individual who filed the complaint and<hi rend="underlined">to</hi>the legislator against whom the complaint was filed.</p>
          <p>(h)<hi rend="strikethrough">Notice.</hi><hi rend="underlined">Probable Cause Determination.</hi>- If at the end of its preliminary<hi rend="strikethrough">inquiry,</hi><hi rend="underlined">investigation,</hi>the Committee determines that probable cause exists to proceed with further investigation into the conduct of a legislator, the Committee shall<hi rend="underlined">determine the charges that will be the basis for further investigation of the complaint and</hi>provide written notice to the individual who filed the complaint and the legislator<hi rend="strikethrough">as to the fact of the</hi><hi rend="underlined">that the <term type="NE" subtype="ORGANIZATION"> Committee </term> will conduct further</hi>investigation and the charges against the legislator. The legislator shall be given an opportunity to file a written response<hi rend="underlined">to the charges</hi>with the Committee.</p>
          <p>
            <hi rend="underlined">(h1)</hi>
            <hi rend="underlined">Consideration of Response and Notice of Hearing. - The <term type="NE" subtype="ORGANIZATION"> Committee </term> shall give full and fair consideration to the complaint and to the legislator's response to the complaint. If the <term type="NE" subtype="ORGANIZATION"> Committee </term> determines that the complaint can not be resolved without further investigation and a hearing, or if the legislator requests a public hearing, the <term type="NE" subtype="ORGANIZATION"> Committee </term> shall hold a hearing on the charges against the legislator. The <term type="NE" subtype="ORGANIZATION"> Committee </term> shall send a notice of the hearing to the complainant and to the legislator. The notice shall contain the charges against the legislator and the time and place for the hearing. The <term type="NE" subtype="ORGANIZATION"> Committee </term> shall begin the hearing no sooner than <term type="NE" subtype="DURATION"> 15 days </term> and no later than <term type="NE" subtype="DURATION"> 90 days </term> after the date of the notice of hearing.</hi>
          </p>
          <p>(i)Hearing.<hi rend="underlined">All the following shall apply to</hi></p>
          <p>
            <hi rend="strikethrough">(1)</hi>
            <hi rend="strikethrough">The <term type="NE" subtype="ORGANIZATION"> Committee </term> shall give full and fair consideration to all complaints and responses received. If the <term type="NE" subtype="ORGANIZATION"> Committee </term> determines that the complaint can not be resolved without a hearing, or if the legislator requests a public hearing, a hearing shall be held.</hi>
          </p>
          <p>
            <hi rend="strikethrough">(2)</hi>
            <hi rend="strikethrough">The <term type="NE" subtype="ORGANIZATION"> Committee </term> shall send a notice of the hearing to the complainant and the legislator. The notice shall contain the time and place for a hearing on the matter, which shall begin <term type="NE" subtype="DURATION"> no less than 30 days </term> and <term type="NE" subtype="DURATION"> no more than 90 days </term> after the date of the notice.</hi>
          </p>
          <p><hi rend="strikethrough">(3)</hi><hi rend="strikethrough">At</hi>any hearing<hi rend="underlined">on a complaint</hi>held by the Committee:</p>
          <p><hi rend="underlined">(4)</hi><hi rend="strikethrough">a.</hi>Oral evidence shall be taken only on oath or affirmation.</p>
          <p><hi rend="underlined">(5)</hi><hi rend="strikethrough">b.</hi>The hearing shall be open to the public, except for matters that could otherwise be considered in closed session under G.S.143-318.11, matters involving minors, or matters involving a personnel record. In any event, the deliberations by the Commission on a complaint may be held in closed session.</p>
          <p><hi rend="underlined">(6)</hi><hi rend="strikethrough">c.</hi>The legislator being investigated shall have the right to present evidence, call and examine witnesses, cross-examine witnesses, introduce exhibits, and be represented by counsel.</p>
          <p>(j)Disposition of Investigations.<hi rend="strikethrough">a</hi><hi rend="underlined">the</hi>matter before the Committee under this section, in any of the following ways:</p>
          <p>(1)If the <term type="NE" subtype="ORGANIZATION"> Committee </term> finds that the alleged violation is not established by clear and convincing evidence, the <term type="NE" subtype="ORGANIZATION"> Committee </term> shall dismiss the complaint.</p>
          <p>(2)If the <term type="NE" subtype="ORGANIZATION"> Committee </term> finds that the alleged violation is established by clear and convincing evidence, the <term type="NE" subtype="ORGANIZATION"> Committee </term> shall do one or more of the following:</p>
          <p>a. Issue a public or private admonishment to the legislator.</p>
          <p>b. Refer the matter to the Attorney General for investigation and referral to the district attorney for possible prosecution or the appropriate house for appropriate action, or both, if the <term type="NE" subtype="ORGANIZATION"> Committee </term> finds substantial evidence of a violation of a criminal statute.</p>
          <p>c.<hi rend="strikethrough">expulsion, if the <term type="NE" subtype="ORGANIZATION"> Committee </term> finds substantial evidence of a violation of this Article or other unethical activities.</hi><hi rend="underlined">expulsion.</hi></p>
          <p>(3)If the <term type="NE" subtype="ORGANIZATION"> Committee </term> issues an admonishment as provided in subdivision (2)a. of this subsection, the legislator affected may, upon written request to the Committee, have the matter referred as provided under subdivision (2)c. of this subsection.</p>
          <p>(k)Effect of Dismissal or Private Admonishment.<hi rend="strikethrough">In the case of a dismissal or private admonishment,</hi><hi rend="underlined">If the <term type="NE" subtype="ORGANIZATION"> Committee </term> dismisses a complaint or issues a private admonishment prior to commencing a hearing under subsection (i)of this section,</hi>the Committee shall retain its records or findings in confidence, unless the legislator under inquiry requests in writing that the records and findings be made public. If the Committee later finds that a legislator's subsequent unethical activities were similar to and the subject of an earlier private admonishment, then the Committee may make public the earlier admonishment and the records and findings related to it.</p>
          <p>(l)Confidentiality. - Except as provided under subsection (k)of this section, the complaint, response, records, and findings of the <term type="NE" subtype="ORGANIZATION"> Committee </term> connected to an inquiry under this section shall be confidential and not matters of public record, except as otherwise provided in this section or when the legislator under inquiry requests in writing that the complaint, response, and findings be made public.<hi rend="underlined">subsection (i)of</hi>this section commences the complaint, response, Committee's report to the house, and all other documents offered at the hearing in conjunction with the complaint,<hi rend="underlined">that are</hi>not otherwise privileged or confidential under law, shall be public records. If no hearing is held, at such time as the Committee recommends sanctions to the house of which the legislator is a member, the complaint, response, and Committee's report to the house shall be made public.</p>
          <p>(m)<hi rend="underlined">Concurrent Jurisdiction.</hi>Any action or lack of action by the Committee under this section shall not limit the right of each house of the General Assembly to discipline or to expel its members.</p>
          <p>(n)<hi rend="underlined">Reports.</hi>The Committee shall publish annual statistics on complaints filed with or considered by the Committee, including the number of complaints filed, the number of complaints dismissed, the number of complaints resulting in admonishment, the number of complaints referred to the appropriate house for appropriate action, the number of complaints referred for criminal prosecution, and the number and age of complaints pending action by the Committee.</p>
        </div2>
        <div2 type="section" n="2">
          <head>SECTION 2. G.S.</head>
          <p>
            <hi rend="underlined">(a1)</hi>
            <hi rend="underlined">A designated individual appointed to a board determined and designated as nonadvisory under G.S.138A-10 (a)(3)by the <term type="NE" subtype="ORGANIZATION"> Commission </term> shall attend lobbying education and awareness programs within <term type="NE" subtype="DURATION"> six months </term> of notification of the designation by the <term type="NE" subtype="ORGANIZATION"> Commission </term> and at least <term type="NE" subtype="SET"> every two years </term> thereafter in a manner as the <term type="NE" subtype="ORGANIZATION"> Commission </term> deems appropriate.</hi>
          </p>
        </div2>
        <div2 type="section" n="3">
          <head>SECTION 3. G.S.</head>
          <p>(d)<hi rend="strikethrough">Each</hi><hi rend="underlined">Unless a resignation is filed under G.S.</hi>registration statement of a lobbyist required under this Chapter shall be effective from the date of filing until January 1 of the following year. The lobbyist shall file a new registration statement after that date, and the applicable fee shall be due and payable.</p>
        </div2>
        <div2 type="section" n="4">
          <head>SECTION 4. G.S.</head>
          <p>&#167; 120C-206. Lobbyist principal's authorization.</p>
          <p>(a)A written authorization signed by the lobbyist principal authorizing the lobbyist to represent the principal shall be filed with the Secretary of <term type="NE" subtype="ORGANIZATION"> State </term> within<hi rend="strikethrough">10</hi><hi rend="underlined">20</hi>business days after the lobbyist's registration.<hi rend="underlined">If the written authorization is filed more than 20 business <term type="NE" subtype="DURATION"> days </term> after the lobbyist's registration and before <term type="NE" subtype="DATE"> January 1 of the following year </term>, the lobbyist registration is effective from the date of filing of the lobbyist registration and all reports due under Article 4 of this Chapter shall be filed.</hi></p>
          <p>(b)The form of the<hi rend="underlined">written</hi>authorization shall be prescribed by the Secretary of State and shall include the lobbyist principal's full name, complete address, and telephone number, name and title of any official authorized to sign for the lobbyist principal, and the name of each lobbyist registered to represent that principal.</p>
          <p>(c)An amended authorization shall be filed with the Secretary of <term type="NE" subtype="ORGANIZATION"> State </term> no later than 10 business <term type="NE" subtype="DURATION"> days </term> after any change in the information on the principal's authorization. Each supplementary authorization shall include a complete statement of the information that has changed.</p>
        </div2>
        <div2 type="section" n="5">
          <head>SECTION 5.</head>
          <p>
            <hi rend="underlined">&#167; 120C-210. Resignation and termination.</hi>
          </p>
          <p>
            <hi rend="underlined">(a)</hi>
            <hi rend="underlined">A registration of a lobbyist under G.S.120C-200 and the written authorization of that lobbyist principal under G.S.120C-206 are terminated upon the filing of either a lobbyist resignation or a principal termination with the Secretary of <term type="NE" subtype="ORGANIZATION"> State </term>, whichever occurs <term type="NE" subtype="ORDINAL"> first </term>.</hi>
          </p>
          <p>
            <hi rend="underlined">(b)</hi>
            <hi rend="underlined">Lobbyist resignations and lobbyist principal terminations are effective upon filing.</hi>
          </p>
        </div2>
        <div2 type="section" n="6">
          <head>SECTION 6. The <term type="NE" subtype="ORGANIZATION"> Joint Legislative Ethics Committee </term> and the <term type="NE" subtype="ORGANIZATION"> State Ethics Commission </term> shall jointly study the process for issuing, reviewing, and revising formal advisory opinions, and the process for publishing formal and informal advisory opinions, applicable to all persons covered under Chapters 120, 120C, and 138A of the General Statutes. The joint study shall review the redacted opinions of both the <term type="NE" subtype="ORGANIZATION"> Legislative Ethics Committee </term> and the <term type="NE" subtype="ORGANIZATION"> State Ethics Commission </term>, with a specific focus on all opinions related to indirect gifts. The <term type="NE" subtype="ORGANIZATION"> Joint Legislative Ethics Committee </term> and the <term type="NE" subtype="ORGANIZATION"> State Ethics Commission </term> may each make recommendations to the <term type="NE" subtype="DATE"> 2010 </term> Regular Session of the <term type="NE" subtype="DATE"> 2009 </term> <term type="NE" subtype="ORGANIZATION"> General Assembly </term>.</head>
        </div2>
        <div2 type="section" n="7">
          <head>SECTION 7. (a)G.S.</head>
          <p>(a)Reports shall be filed whether or not reportable expenditures are made and shall be due<hi rend="strikethrough">10</hi><hi rend="underlined">15</hi>business days after the end of the reporting period.</p>
        </div2>
        <div2 type="section" n="8">
          <head>SECTION 7. (b)G.S.</head>
          <p>(f)Within<hi rend="strikethrough">10</hi><hi rend="underlined">15</hi>business days after the end of the quarter in which the reportable expenditure was made, reports required by this section shall be filed with the Secretary of State in a manner prescribed by the Secretary of State, which may include electronic reports. If the designated individual is required to file a statement of economic interest under G.S.138A-24, then that designated individual may opt to report any information required by this section in the statement of economic interest.</p>
        </div2>
        <div2 type="section" n="9">
          <head>SECTION 8. G.S.</head>
          <p>&#167; 138A-10. Powers and duties.</p>
          <p>(a)In addition to other powers and duties specified in this Chapter, the Commission shall:</p>
          <p>&#8230;</p>
          <p>(4)Receive and review all statements of economic interests filed with the Commission by prospective and actual covered persons and evaluate whether (i)the statements conform to the law and the rules of the <term type="NE" subtype="ORGANIZATION"> Commission </term>, and (ii)the financial interests and other information reported reveals actual or potential conflicts of interest.<hi rend="underlined">Pursuant to G.S.138A-24 (e), this subdivision does not apply to statements of economic interest of legislators and judicial officers.</hi></p>
          <p>&#8230;</p>
          <p>(12)Publish <term type="NE" subtype="SET"> annually </term> statistics on complaints filed with or considered by the <term type="NE" subtype="ORGANIZATION"> Commission </term>, including the number of complaints filed, the number of complaints referred under G.S.138A-12 (b), the number of complaints dismissed under G.S.138A-12 (c)(4), the number of complaints dismissed under G.S.138A-12 (f), the number of complaints referred for criminal prosecution under G.S.138A-12, the number of complaints dismissed under G.S.138A-12 (h), the number of complaints referred for appropriate action under G.S.138A-12 (h)or G.S.<hi rend="underlined">and age</hi>of complaints pending action by the Commission.</p>
          <p>&#8230;.</p>
        </div2>
        <div2 type="section" n="10">
          <head>SECTION 9. G.S.</head>
          <p>(a1)Notice of Allegation.<hi rend="strikethrough">an</hi><hi rend="underlined">a</hi>written allegation of unethical conduct by a covered person or legislative employee, or the initiation by the Commission of an inquiry into unethical conduct under subsection (b) of this section, the Commission shall immediately notify the covered person or legislative employee subject to the allegation or inquiry in writing.</p>
        </div2>
        <div2 type="section" n="11">
          <head>SECTION 10. G.S.</head>
          <p>(i)Hearing.</p>
          <p>&#8230;</p>
          <p>(3)The Commission shall make available to the public servant<hi rend="underlined">or that public servant's private legal counsel</hi><hi rend="strikethrough">prior to a hearing all relevant information</hi><hi rend="underlined">all documents or other evidence which are intended to be presented at the hearing to</hi><hi rend="strikethrough">collected by</hi>the Commission<hi rend="underlined">or which a reasonable person would believe might exculpate the accused public servant <term type="NE" subtype="DURATION"> at least 30 days </term> prior to the date of the hearing held</hi>in connection with<hi rend="strikethrough">its</hi><hi rend="underlined">the</hi>investigation of a complaint.<hi rend="underlined">Any documents or other evidence discovered within <term type="NE" subtype="DURATION"> less than 30 days </term> of the hearing shall be furnished as soon as possible after discovery but prior to the hearing.</hi></p>
          <p>&#8230;.</p>
        </div2>
        <div2 type="section" n="12">
          <head>SECTION 11. G.S.</head>
          <p>(l)Notice of Dismissal. - Upon the dismissal of a complaint under this section, the Commission shall provide written notice of the dismissal to the individual who filed the complaint and the covered person or legislative employee against whom the complaint was filed. The Commission shall forward copies of complaints and notices of dismissal of complaints against legislators to the <term type="NE" subtype="ORGANIZATION"> Committee </term>, against legislative employees to the employing entity for legislative employees, and against judicial officers to the <term type="NE" subtype="ORGANIZATION"> Judicial Standards Commission </term> for complaints against justices and judges, and the senior resident superior court judge of the district or county for complaints against district attorneys, or the chief district court judge of the district or county for complaints against clerks of court.<hi rend="underlined">The Commission shall also forward a copy of the notice of dismissal to the employing entity of the covered person against whom a complaint was filed if the employing entity received a copy of the complaint under subdivision (5)of subsection (c)of this section. Except as provided in subsection (n)of this section, the complaint and notice of dismissal are confidential and not public records.</hi></p>
        </div2>
        <div2 type="section" n="13">
          <head>SECTION 12. G.S.138A-14, as amended by Section 4 of S.L.</head>
          <p>&#167; 138A-14. Ethics education program.</p>
          <p>(a)The Commission shall develop and implement an ethics education and awareness program designed to instill in all covered persons and their immediate staffs, and legislative employees, a keen and continuing awareness of their ethical obligations and a sensitivity to situations that might result in real or potential conflicts of interest.</p>
          <p>(b)The <term type="NE" subtype="ORGANIZATION"> Commission </term> shall make basic ethics education and awareness presentations to all public servants and their immediate staffs, upon their election, appointment, or employment, and shall offer periodic refresher presentations as the <term type="NE" subtype="ORGANIZATION"> Commission </term> deems appropriate.<hi rend="strikethrough">and the immediate staff of every public servant</hi>shall participate in an ethics presentation approved by the Commission within six months of the public servant's election, reelection, appointment, or employment, and shall attend refresher ethics education presentations at least every two years thereafter in a manner as the Commission deems appropriate.</p>
          <p>
            <hi rend="underlined">(b1)</hi>
            <hi rend="underlined">A public servant appointed to a board determined and designated as nonadvisory under G.S.138A-10 (a)(3)shall attend an ethics presentation approved by the <term type="NE" subtype="ORGANIZATION"> Commission </term> within <term type="NE" subtype="DURATION"> six months </term> of notification of the designation by the <term type="NE" subtype="ORGANIZATION"> Commission </term> and at least <term type="NE" subtype="SET"> every two years </term> thereafter in a manner as the <term type="NE" subtype="ORGANIZATION"> Commission </term> deems appropriate.</hi>
          </p>
          <p>(c)The Commission, jointly with the <term type="NE" subtype="ORGANIZATION"> Committee </term>, shall make basic ethics education and awareness presentations to all legislators and legislative employees upon their election, reelection, appointment, or employment and shall offer periodic refresher presentations as the <term type="NE" subtype="ORGANIZATION"> Commission </term> and the <term type="NE" subtype="ORGANIZATION"> Committee </term> deem appropriate. Every legislator shall participate in an ethics presentation approved by the <term type="NE" subtype="ORGANIZATION"> Commission </term> and <term type="NE" subtype="ORGANIZATION"> Committee </term> within <term type="NE" subtype="DURATION"> two months </term> of either the convening of the <term type="NE" subtype="ORGANIZATION"> General Assembly </term> to which the legislator is elected or within <term type="NE" subtype="DURATION"> two months </term> of the legislator's appointment, whichever is later. Every legislative employee shall participate in an ethics presentation approved by the <term type="NE" subtype="ORGANIZATION"> Commission </term> and <term type="NE" subtype="ORGANIZATION"> Committee </term> within <term type="NE" subtype="DURATION"> three months </term> of employment, and shall attend refresher ethics education presentations at least <term type="NE" subtype="SET"> every two years </term> thereafter, in a manner as the <term type="NE" subtype="ORGANIZATION"> Commission </term> and <term type="NE" subtype="ORGANIZATION"> Committee </term> deem appropriate.</p>
          <p>(d)Upon request, the <term type="NE" subtype="ORGANIZATION"> Commission </term> shall assist each agency in developing in-house education programs and procedures necessary or desirable to meet the agency's particular needs for ethics education, conflict identification, and conflict avoidance.</p>
          <p>(e)Each agency head shall designate an ethics liaison who shall maintain active communication with the <term type="NE" subtype="ORGANIZATION"> Commission </term> on all agency ethical issues.<hi rend="underlined">attend ethics education and awareness programs as provided under this section and lobbying education and awareness programs as provided under G.S.</hi>continuously assess and advise the Commission of any issues or conduct which might reasonably be expected to result in a conflict of interest and seek advice and rulings from the Commission as to their appropriate resolution.</p>
          <p>(f)The <term type="NE" subtype="ORGANIZATION"> Commission </term> shall publish a newsletter containing summaries of the <term type="NE" subtype="ORGANIZATION"> Commission </term>'s opinions, policies, procedures, and interpretive bulletins as issued from time to time. The newsletter shall be distributed to all covered persons and legislative employees. Publication under this subsection may be done electronically.</p>
          <p>(g)The Commission shall assemble and maintain a collection of relevant State laws, rules, and regulations that set forth ethical standards applicable to covered persons. This collection shall be made available electronically as resource material to public servants, and ethics liaisons, upon request.</p>
          <p>
            <hi rend="strikethrough">(h)</hi>
            <hi rend="strikethrough">As used in this section, immediate staff means those individuals who report directly to the public servant.</hi>
          </p>
          <p>(i)This section shall not apply to judicial officers.</p>
        </div2>
        <div2 type="section" n="14">
          <head>SECTION 13. G.S.</head>
          <p>(a)Every covered person subject to this Chapter who is elected, appointed, or employed, including one appointed to fill a vacancy in elective office, except for public servants<hi rend="underlined">(i)</hi>included under G.S.138A-3(30)b., e., f., or g. whose annual compensation from the State is less than sixty thousand dollars ($60,000),<hi rend="underlined">or (ii)who are ex officio student members under Chapters 115D and 116 of the General Statutes,</hi>shall file a statement of economic interest with the Commission prior to the covered person's initial appointment, election, or employment and no later than April 15 of every year thereafter, except as otherwise filed under subsections (c1) and (d) of this section. A prospective covered person required to file a statement under this Chapter shall not be appointed, employed, or receive a certificate of election, prior to submission by the Commission of the Commission's evaluation of the statement in accordance with this Article. The requirement for an annual filing under this subsection also shall apply to covered persons whose terms have expired but who continue to serve until the covered person's replacement is appointed. Once a statement of economic interest is properly completed and filed under this Article, the statement of economic interest does not need to be supplemented or refiled prior to the next due date set forth in this subsection.</p>
        </div2>
        <div2 type="section" n="15">
          <head>SECTION 14. G.S.</head>
          <p>
            <hi rend="underlined">(c2)</hi>
            <hi rend="underlined">A public servant appointed to a board determined and designated as nonadvisory under G.S.138A-10 (a)(3)shall file the initial statement of economic interest within <term type="NE" subtype="DURATION"> 60 days </term> of notification of the designation by the <term type="NE" subtype="ORGANIZATION"> Commission </term> and as provided in this section thereafter.</hi>
          </p>
        </div2>
        <div2 type="section" n="16">
          <head>SECTION 15. G.S.</head>
          <p>(a)Within <term type="NE" subtype="DURATION"> 30 days </term> after the date due under G.S.138A-22, the <term type="NE" subtype="ORGANIZATION"> Commission </term> shall notify filing persons who have failed to file or filing persons whose statement has been deemed incomplete.<hi rend="underlined">and the ethics liaison</hi>that if the statement of economic interest is not filed or completed within 30 days of receipt of the notice of failure to file or complete, the filing person shall be subject to a fine as provided for in this section.</p>
        </div2>
        <div2 type="section" n="17">
          <head>SECTION 16. G.S.</head>
          <p>(a)Except as permitted under G.S.<hi rend="strikethrough">benefit, direct or indirect,</hi><hi rend="underlined">benefit</hi>to the covered person or legislative employee, a member of the covered person's or legislative employee's extended family, or business with which the covered person or legislative employee is associated. This subsection shall not apply to financial or other benefits derived by a covered person or legislative employee that the covered person or legislative employee would enjoy to an extent no greater than that which other citizens of the State would or could enjoy, or that are so remote, tenuous, insignificant, or speculative that a reasonable person would conclude under the circumstances that the covered person's or legislative employee's ability to protect the public interest and perform the covered person's or legislative employee's official duties would not be compromised.</p>
        </div2>
        <div2 type="section" n="18">
          <head>SECTION 17. G.S.</head>
          <p>(e)Subsections (c), (d), and (d1)of this section shall not apply to any of the following:</p>
          <p>(1)Food and beverages for immediate consumption in connection with any of the following:</p>
          <p>a. An open meeting of a public body, provided that the open meeting is properly noticed under Article 33C of Chapter 143 of the General Statutes.</p>
          <p>b.<hi rend="strikethrough">an organization</hi><hi rend="underlined">a person or governmental unit</hi>with at least 10 or more individuals in attendance open to the general public, provided that a sign or other communication containing a message that is reasonably designed to convey to the general public that the gathering is open to the general public is displayed at the gathering.</p>
          <p>c.</p>
          <p>1. At least 10 individuals associated with the person or governmental unit actually attend, other than the covered person or legislative employee, or the immediate family of the covered person or legislative employee.</p>
          <p>2. All shareholders, employees, board members, officers, members, or subscribers of the person or governmental unit located in <term type="NE" subtype="LOCATION"> North Carolina </term> are notified and invited to attend.</p>
          <p>For purposes of this sub-subdivision only, the term invited shall mean written notice from at least one host or sponsor of the gathering containing the date, time, and location of the gathering given <term type="NE" subtype="DURATION"> at least 24 hours </term> in advance of the gathering to the specific qualifying group listed in this sub-subdivision. If it is known at the <term type="NE" subtype="DATE"> time </term> of the written notice that at least one sponsor is a lobbyist or lobbyist principal, the written notice shall also state whether or not the gathering is permitted under this section.</p>
        </div2>
        <div2 type="section" n="19">
          <head>SECTION 18. G.S.143-47.</head>
          <p>&#167; 143-47. 7. Notice and record of appointment required.</p>
          <p>(a)Within <term type="NE" subtype="DURATION"> 30 days </term> after acceptance of appointment by a person appointed to public office, the appointing authority shall file written notice of the appointment with the Governor, the Secretary of <term type="NE" subtype="ORGANIZATION"> State </term>, the <term type="NE" subtype="ORGANIZATION"> Legislative Library </term>, the <term type="NE" subtype="LOCATION"> State Library </term>,<hi rend="underlined">the <term type="NE" subtype="ORGANIZATION"> State Ethics Commission </term>,</hi>and the State Controller. For the purposes of this section, a copy of the letter from the appointing authority, a copy of the properly executed notice of appointment as set forth in subsection (c) of this section, or a copy of the properly executed Commission of Appointment shall be sufficient to be filed if the copy contains the information required in subsection (b) of this section.</p>
          <p>(b)The notice required by this Article shall contain the following information:</p>
          <p>(1)The name and office of the appointing authority;</p>
          <p>(2)The public office to which the appointment is made;</p>
          <p>(3)The name and address of the appointee;</p>
          <p>(4)The county of residence of the appointee;</p>
          <p>(5)The citation to the law or other authority authorizing the appointment;</p>
          <p>(6)The specific statutory qualification for the public office to which the appointment is made, if applicable;</p>
          <p>(7)The name of the person the appointee replaces, if applicable;</p>
          <p>(8)The date the term of the appointment begins; and</p>
          <p>(9)The date the term of the appointment ends.</p>
          <p>(c)The following form may be used to comply with the requirements of this section:</p>
          <p>NOTICE OF APPOINTMENT</p>
          <p>Notice is given that ___________________________ is hereby appointed to the following</p>
          <p>Name</p>
          <p>public office:</p>
          <p>Public Office: __________________________________________________________________</p>
          <p>Citation to <term type="NE" subtype="PERSON"> Law </term> or Other Authority Authorizing the Appointment:</p>
          <p>____________________________________________________________________________</p>
          <p>Specific Statutory Qualification for the <term type="NE" subtype="ORGANIZATION"> Public Office </term>, if Applicable:</p>
          <p>____________________________________________________________________________</p>
          <p>Address of the Appointee: ________________________________________________________</p>
          <p>____________________________________________________________________________</p>
          <p>____________________________________________________________________________</p>
          <p>County of Residence of the Appointee: ______________________________________________</p>
          <p>Date Term of Appointment Begins: _________________________________________________</p>
          <p>Date Term of Appointment Ends: ___________________________________________________</p>
          <p><term type="NE" subtype="MISC"> Name of Person the Appointee Replaces </term>, if applicable:</p>
          <p>____________________________________________________________________________</p>
          <p>______________________________ __________________________________</p>
          <p>Date of Appointment Signature</p>
          <p>__________________________________</p>
          <p><term type="NE" subtype="ORGANIZATION"> Office of Appointing Authority </term></p>
          <p>Distribution:</p>
          <p>Governor</p>
          <p>Secretary of State</p>
          <p>Legislative Library</p>
          <p>State Library</p>
          <p>
            <hi rend="underlined"><term type="NE" subtype="ORGANIZATION"> State Ethics Commission </term></hi>
          </p>
          <p>State Controller.</p>
        </div2>
        <div2 type="section" n="20">
          <head>SECTION 19. G.S.</head>
          <p>(a)Each community college established or operated pursuant to this Chapter shall be governed by a board of trustees consisting of 13 members, or of additional members if selected according to the special procedure prescribed by the <term type="NE" subtype="ORDINAL"> third </term> paragraph of this subsection, who shall be selected by the following agencies.<hi rend="underlined">No member of the <term type="NE" subtype="ORGANIZATION"> General Assembly </term> may be appointed to a local board of trustees for a community college.</hi></p>
          <p>Group One - four trustees, elected by the board of education of the public school administrative unit located in the administrative area of the institution. If there are two or more public school administrative units, whether city or county units, or both, located within the administrative area, the trustees shall be elected jointly by all of the boards of education of those units, each board having one vote in the election of each trustee, except as provided in G.S.115D-59. No board of education shall elect a member of the board of education or any person employed by the board of education to serve as a trustee, however, any such person <term type="NE" subtype="DATE"> currently </term> serving on a board of trustees shall be permitted to fulfill the unexpired portion of the trustee's <term type="NE" subtype="DATE"> current </term> term.</p>
          <p>Group Two - four trustees, elected by the board of commissioners of the county in which the institution is located. Provided, however, if the administrative area of the institution is composed of two or more counties, the trustees shall be elected jointly by the boards of commissioners of all those counties, each board having one vote in the election of each trustee. Provided, also, the county commissioners of the county in which the community college has established a satellite campus may elect an additional two members if the board of trustees of the community college agrees. No more than one trustee from Group Two may be a member of a board of county commissioners. Should the boards of education or the boards of commissioners involved be unable to agree on one or more trustees the senior resident superior court judge in the superior court district or set of districts as defined in G.S.7A-41. 1 where the institution is located shall fill the position or positions by appointment.</p>
          <p>Group Three - four trustees, appointed by the Governor.</p>
          <p>Group Four - the president of the student government or the chairman of the executive board of the student body of each community college established pursuant to G.S.115D shall be an ex officio nonvoting member of the board of trustees of each said institution.</p>
        </div2>
        <div2 type="section" n="21">
          <head>SECTION 20. Except as otherwise provided, this act is effective when it becomes law. Section 19 of this act applies only to appointments made on or after the effective date of this act, and does not apply to any reappointment of a member of the <term type="NE" subtype="ORGANIZATION"> General Assembly </term> serving on any board of trustees for a community college on that date.</head>
          <p>In the <term type="NE" subtype="ORGANIZATION"> General Assembly </term> read three times and ratified <term type="NE" subtype="DATE"> this the 11th day of August, 2009 </term>.</p>
          <p>s/<term type="NE" subtype="PERSON"> Walter H </term>.</p>
          <p>President of the <term type="NE" subtype="ORGANIZATION"> Senate </term></p>
          <p>s/<term type="NE" subtype="PERSON"> Joe Hackney </term></p>
          <p>Speaker of the House of Representatives</p>
          <p>s/Beverly E.</p>
          <p>Governor</p>
          <p>Approved <term type="NE" subtype="TIME"> 10:30 </term> a. m.</p>
        </div2>
      </div1>
    </body>
  </text>
</TEI>
