<TEI xmlns="http://www.tei-c.org/ns/1.0">
  <teiHeader xml:lang="en">
    <fileDesc>
      <titleStmt>
        <title xml:id="NC-2011-S890"><term type="NE" subtype="DURATION"> Sec </term>. of Transportation Project Approval.</title>
        <author/>
      </titleStmt>
      <editionStmt>
        <edition>v2</edition>
      </editionStmt>
      <publicationStmt>
        <pubPlace>North Carolina</pubPlace>
        <idno>NC-2011-S890</idno>
        <date>2011</date>
      </publicationStmt>
      <sourceDesc>
        <bibl>www.ncleg.net\Sessions\2011\Bills\Senate\HTML\S890v2.html</bibl>
      </sourceDesc>
    </fileDesc>
  </teiHeader>
  <text xml:lang="en">
    <front>
      <div1 type="abstract">
        <head>A bill to be entitled an act to codify the provisions of executive order no. 2 that delegate to the secretary of transportation the authority to approve highway construction projects and construction plans, and to award highway construction contracts, as recommended by the joint legislative transportation oversight committee.</head>
      </div1>
    </front>
    <body>
      <div1>
        <opener>
          <salute>The <term type="NE" subtype="ORGANIZATION"> General Assembly of North Carolina </term> enacts:</salute>
        </opener>
        <div2 type="section" n="1">
          <head>SECTION 1. G.S.</head>
          <p>(g)Delegation of Board Duties.<hi rend="strikethrough">may, in its discretion,</hi><hi rend="underlined">shall</hi>delegate to the Secretary of Transportation the<hi rend="strikethrough">authority:</hi><hi rend="underlined">authority under subdivisions (1)and (2)of this subsection, and may delegate the authority under subdivision (3)of this subsection:</hi></p>
          <p>(1)To approve all highway construction projects and construction plans for the construction of projects;</p>
          <p>(2)To award all highway construction contracts;</p>
          <p>(3)To promulgate rules, regulations, and ordinances concerning all transportation functions assigned to the Department.</p>
          <p>The Secretary may, in turn, subdelegate these duties and powers.</p>
        </div2>
        <div2 type="section" n="2">
          <head>SECTION 2. This act is effective when it becomes law.</head>
        </div2>
      </div1>
    </body>
  </text>
</TEI>
