<TEI xmlns="http://www.tei-c.org/ns/1.0">
  <teiHeader xml:lang="en">
    <fileDesc>
      <titleStmt>
        <title xml:id="NC-2011-S876"/>
        <author> Speaker of the House of Representatives</author>
      </titleStmt>
      <editionStmt>
        <edition>v2</edition>
      </editionStmt>
      <publicationStmt>
        <pubPlace>North Carolina</pubPlace>
        <idno>NC-2011-S876</idno>
        <date>2011</date>
      </publicationStmt>
      <sourceDesc>
        <bibl>www.ncleg.net\Sessions\2011\Bills\Senate\HTML\S876v2.html</bibl>
      </sourceDesc>
    </fileDesc>
  </teiHeader>
  <text xml:lang="en">
    <front>
      <div1 type="abstract">
        <head>A bill to be entitled an act to remove a certain described tract from the corporate limits of the town of mooresville at the request of the town board of commissioners.</head>
      </div1>
    </front>
    <body>
      <div1>
        <opener>
          <salute>The <term type="NE" subtype="ORGANIZATION"> General Assembly of North Carolina </term> enacts:</salute>
        </opener>
        <div2 type="section" n="1">
          <head>SECTION 1. The corporate limits of the Town of <term type="NE" subtype="LOCATION"> Mooresville </term> are reduced by removing the following two parcels, shown on the <term type="NE" subtype="ORGANIZATION"> Annexation Plat for Morrison Plantation, LLC </term>, dated <term type="NE" subtype="DATE"> December 20, 2006 </term>, and recorded in the <term type="NE" subtype="ORGANIZATION"> Office of Register </term> of Deeds of <term type="NE" subtype="LOCATION"> Iredell County </term> on <term type="NE" subtype="DATE"> July 16, 2007 </term>, in Map Book 52 page (slide)74: (i)property of <term type="NE" subtype="PERSON"> William Elvin Lawing </term> and wife, <term type="NE" subtype="PERSON"> Sara King Lawing </term>, DB 644 page 825, Iredell County Registry, PIN <term type="NE" subtype="MONEY"> # 4637-65-6354 </term>, containing 43,056 sf +/-, and (ii)property of <term type="NE" subtype="PERSON"> Kathryn K </term>. <term type="NE" subtype="PERSON"> Lawing </term>, DB 541, page 595, Iredell County Registry, PIN <term type="NE" subtype="MONEY"> # 4637-65-6037 </term>, containing 59,309 sf +/-.</head>
        </div2>
        <div2 type="section" n="2">
          <head>SECTION 2. This act becomes effective <term type="NE" subtype="DATE"> June 30, 2012 </term>.</head>
          <p>In the <term type="NE" subtype="ORGANIZATION"> General Assembly </term> read three times and ratified <term type="NE" subtype="DATE"> this the 2nd day of July, 2012 </term>.</p>
          <p>s/<term type="NE" subtype="PERSON"> Walter H </term>.</p>
          <p>President of the <term type="NE" subtype="ORGANIZATION"> Senate </term></p>
          <p>s/<term type="NE" subtype="PERSON"> Thom Tillis </term></p>
          <p>Speaker of the House of Representatives</p>
        </div2>
      </div1>
    </body>
  </text>
</TEI>
