<TEI xmlns="http://www.tei-c.org/ns/1.0">
  <teiHeader xml:lang="en">
    <fileDesc>
      <titleStmt>
        <title xml:id="NC-2011-H790"><term type="NE" subtype="MISC"> Enact Employee Fair Classification Act </term>.</title>
        <author>Representative Glazier. </author>
      </titleStmt>
      <editionStmt>
        <edition>v0</edition>
      </editionStmt>
      <publicationStmt>
        <pubPlace>North Carolina</pubPlace>
        <idno>NC-2011-H790</idno>
        <date>2011</date>
      </publicationStmt>
      <sourceDesc>
        <bibl>www.ncleg.net\Sessions\2011\Bills\House\HTML\H790v0.html</bibl>
      </sourceDesc>
    </fileDesc>
  </teiHeader>
  <text xml:lang="en">
    <front>
      <div1 type="abstract">
        <head>A bill to be entitled an act amending the labor laws of north carolina to enact the employee fair classification act.</head>
      </div1>
    </front>
    <body>
      <div1>
        <opener>
          <salute>The <term type="NE" subtype="ORGANIZATION"> General Assembly of North Carolina </term> enacts:</salute>
        </opener>
        <div2 type="section" n="1">
          <head>SECTION 1.</head>
          <p>
            <hi rend="underlined">Article 4.</hi>
          </p>
          <p>
            <hi rend="underlined"><term type="NE" subtype="MISC"> Employee Fair Classification Act </term>.</hi>
          </p>
          <p>
            <hi rend="underlined">&#167; 95-275. Title.</hi>
          </p>
          <p>
            <hi rend="underlined">This Article shall be known and may be cited as the <term type="NE" subtype="MISC"> Employee Fair Classification Act </term>.</hi>
          </p>
          <p>
            <hi rend="underlined">&#167; 95-276. Definitions.</hi>
          </p>
          <p>
            <hi rend="underlined">The following definitions apply in this Article:</hi>
          </p>
          <p>
            <hi rend="underlined">(1)</hi>
            <hi rend="underlined">Employee. - Any person or entity directly hired by, or directly permitted to work by, an employer in the State for work to be performed wholly or partly therein. This act applies to an employer who contracts to provide or perform services, including construction and construction maintenance, with the State or any political subdivision thereof.</hi>
          </p>
          <p>
            <hi rend="underlined">(2)</hi>
            <hi rend="underlined">Employer. - Any individual, partnership, association, joint stock company, trust, corporation, the administrator or executor of the estate of a deceased individual, or the receiver, trustee or successor of any of the same, employing any person. The term includes the <term type="NE" subtype="ORGANIZATION"> State </term> and its local political subdivisions and any agency or instrumentality of the State. The term does not apply to employees of the <term type="NE" subtype="LOCATION"> United States </term> government or any political subdivision thereof.</hi>
          </p>
          <p>
            <hi rend="underlined">(3)</hi>
            <hi rend="underlined">Independent contractor.</hi>
          </p>
          <p>
            <hi rend="underlined">a.</hi>
            <hi rend="underlined">Has been and will continue to be free from control or direction by an employer over the performance of the services, both under the individual's contract of service;</hi>
          </p>
          <p>
            <hi rend="underlined">b.</hi>
            <hi rend="underlined">The service is, in fact, either outside the usual course of the business for which the service is performed or the service is performed outside of all the places of business of the enterprise for which the service is performed; and</hi>
          </p>
          <p>
            <hi rend="underlined">c.</hi>
            <hi rend="underlined">The individual is customarily engaged in an independently established trade, occupation, profession, or business.</hi>
          </p>
          <p>
            <hi rend="underlined">(4)</hi>
            <hi rend="underlined">Knowingly. - Having actual knowledge of, or acting with deliberate ignorance or reckless disregard for, the prohibition involved.</hi>
          </p>
          <p>
            <hi rend="underlined">(5)</hi>
            <hi rend="underlined">Labor organization. - A labor union; an employee organization; a federation of labor unions, groups, locals, or other employee organizations; or any other organizations in which employees participate and that exist for the purpose, in whole or in part, of dealing with employers concerning grievances, labor disputes, wages, <term type="NE" subtype="DURATION"> hours </term>, and other terms and conditions of employment.</hi>
          </p>
          <p>
            <hi rend="underlined">(6)</hi>
            <hi rend="underlined">Misclassification. - Wrongly designating an individual who performs services for the employer as not an employee of the employer.</hi>
          </p>
          <p>
            <hi rend="underlined">(7)</hi>
            <hi rend="underlined">Violate or violated. - Includes, but is not limited to, any intent to evade, misrepresent, or willfully nondisclose the provisions of this Article.</hi>
          </p>
          <p>
            <hi rend="underlined">&#167; 95-277. Presumption of employee status.</hi>
          </p>
          <p>
            <hi rend="underlined">(a)</hi>
            <hi rend="underlined">An employer-employee relationship shall be presumed to exist when work is performed by an individual for remuneration paid by an employer. The party asserting that an individual is not an employee must establish by a preponderance of the evidence that the individual is an independent contractor.</hi>
          </p>
          <p>
            <hi rend="underlined">(b)</hi>
            <hi rend="underlined">In making a determination whether an individual is an independent contractor within the meaning of G.S.</hi>
          </p>
          <p>
            <hi rend="underlined">(1)</hi>
            <hi rend="underlined">An employer's failure to withhold federal or State income taxes with respect to an individual shall not be a factor considered by the court; and</hi>
          </p>
          <p>
            <hi rend="underlined">(2)</hi>
            <hi rend="underlined">The court shall determine that an individual is an employee if the control exercised by the party paying remuneration to the individual is general in nature and is exercised directly or indirectly over the physical activities of the individual. It is not necessary for the amount of control to extend to all the details of the physical performance of the duties performed by an individual for an employer to consider the individual an employee of the employer.</hi>
          </p>
          <p>
            <hi rend="underlined">&#167; 95-278. Prohibited conduct.</hi>
          </p>
          <p>
            <hi rend="underlined">(a)</hi>
            <hi rend="underlined">An employer shall not improperly classify an individual who performs work for remuneration provided by an employer as an independent contractor.</hi>
          </p>
          <p>
            <hi rend="underlined">(b)</hi>
            <hi rend="underlined">An employer has improperly classified an individual when an employer-employee relationship exists, but the employer has not classified the individual as an employee.</hi>
          </p>
          <p>
            <hi rend="underlined">(c)</hi>
            <hi rend="underlined">A person shall not incorporate or form, or assist in the incorporation or formation of, a corporation, partnership, limited liability corporation, or other entity, or pay or collect a fee for use of a foreign or domestic corporation, partnership, limited liability corporation, or other entity for the purpose, in whole or part, of facilitating, or evading detection of, a violation of this section.</hi>
          </p>
          <p>
            <hi rend="underlined">(d)</hi>
            <hi rend="underlined">No person shall require or request an individual to enter into an agreement or sign a document that results in the misclassification of the individual as an independent contractor or otherwise does not accurately reflect the individual's relationship with an employer.</hi>
          </p>
          <p>
            <hi rend="underlined">(e)</hi>
            <hi rend="underlined">A person shall not knowingly conspire with, aid and abet, assist, advise, or facilitate an employer with the intent of violating the provisions of this Article.</hi>
          </p>
          <p>
            <hi rend="underlined">&#167; 95-279. Prohibited retaliation.</hi>
          </p>
          <p>
            <hi rend="underlined">(a)</hi>
            <hi rend="underlined">No employer or any agent of an employer shall retaliate through discharge, or in any other manner, against any individual for exercising any rights granted under this Article.</hi>
          </p>
          <p>
            <hi rend="underlined">(b)</hi>
            <hi rend="underlined">No employer shall retaliate against an individual if the individual does any of the following:</hi>
          </p>
          <p>
            <hi rend="underlined">(1)</hi>
            <hi rend="underlined">Makes a written or verbal complaint to an employer or to a federal or State agency or at a public hearing, stating that provisions of this act allegedly have been violated, or otherwise opposes any practice made unlawful under this Article.</hi>
          </p>
          <p>
            <hi rend="underlined">(2)</hi>
            <hi rend="underlined">Causes to be instituted any proceeding under or related to this Article.</hi>
          </p>
          <p>
            <hi rend="underlined">(3)</hi>
            <hi rend="underlined">Testified or prepared to testify, assisted or participated in any manner in an investigation or proceeding under this Article.</hi>
          </p>
          <p>
            <hi rend="underlined">(c)</hi>
            <hi rend="underlined">No employer shall attempt to cause or cause an individual to waive the provisions of this act or to enter into a predispute agreement which waives the right to a trial by jury.</hi>
          </p>
          <p>
            <hi rend="underlined">&#167; 95-280. No waivers by agreement.</hi>
          </p>
          <p>
            <hi rend="underlined">Except as provided in this Article, no provision of this Article may in any way be waived, contravened, or set aside by private agreement, including the right to a private cause of action.</hi>
          </p>
          <p>
            <hi rend="underlined">&#167; 95-281. Causes of actions for certain violation; relief; jury trial.</hi>
          </p>
          <p>
            <hi rend="underlined">(a)</hi>
            <hi rend="underlined">An individual, interested party, or labor organization aggrieved by a violation of G.S.95-278 or G.S.95-279 may commence a civil action on its own behalf or on behalf of any other individual who is similarly situated to the aggrieved individual, interested party, or labor organization.</hi>
          </p>
          <p>
            <hi rend="underlined">(b)</hi>
            <hi rend="underlined">A civil action pursuant to this section must be brought within <term type="NE" subtype="DURATION"> three years </term> after the occurrence of the alleged violation of the applicable sections of this Article. The <term type="NE" subtype="DURATION"> three-year </term> period is tolled if the employer has deterred the ability of an individual to bring an action under this section.</hi>
          </p>
          <p>
            <hi rend="underlined">(c)</hi>
            <hi rend="underlined">An action commenced pursuant to subsection (a)of this section may be brought in the State court in the county where the alleged violation occurred, the county where the complainant resides, or the county where the employer against whom the civil complaint is filed resides or where the employer's principal place of business is located.</hi>
          </p>
          <p>
            <hi rend="underlined">(d)</hi>
            <hi rend="underlined">For purposes of this section, each violation of G.S.95-278 or G.S.95-279 constitutes a separate violation for each individual involved and for <term type="NE" subtype="SET"> each day </term> the violation continues.</hi>
          </p>
          <p>
            <hi rend="underlined">(e)</hi>
            <hi rend="underlined">The party commencing an action pursuant to subsection (a)of this section shall have the right to a trial by jury or before the court, at its election at the <term type="NE" subtype="DATE"> time </term> it commences its civil action.</hi>
          </p>
          <p>
            <hi rend="underlined">(f)</hi>
            <hi rend="underlined">If a court or a jury in a civil action brought pursuant to this division determines that a violation of G.S.95-278 or G.S.</hi>
          </p>
          <p>
            <hi rend="underlined">(1)</hi>
            <hi rend="underlined">The amount of any wages, salary, employment benefits, or other compensation denied or lost to an individual by reason of the violation, plus an equal amount in liquidated damages, provided, however, that said liquidated damages shall equal double the amount of wages due for each violation of this act for each violation that was knowingly committed.</hi>
          </p>
          <p>
            <hi rend="underlined">(2)</hi>
            <hi rend="underlined">Compensatory damages.</hi>
          </p>
          <p>
            <hi rend="underlined">(3)</hi>
            <hi rend="underlined">All equitable, including injunctive, relief that the court determines to be appropriate.</hi>
          </p>
          <p>
            <hi rend="underlined">(4)</hi>
            <hi rend="underlined">Attorneys' fees and costs.</hi>
          </p>
          <p>
            <hi rend="underlined">&#167; 95-282. Burdens of proof.</hi>
          </p>
          <p>
            <hi rend="underlined">(a)</hi>
            <hi rend="underlined">In making a determination whether an individual is an independent contractor within the meaning of G.S.95-278 or G.S.95-279, an employer's failure to withhold federal or State income taxes with respect to an individual shall not be a factor.</hi>
          </p>
          <p>
            <hi rend="underlined">(b)</hi>
            <hi rend="underlined">In making determinations under this section, the court shall determine that an individual is an employee if the control exercised by the party paying remuneration to the individual is general in nature and is exercised directly or indirectly over the physical activities of the individual. It is not necessary for the amount of control to extend to all the details of the physical performance of the duties performed by an individual for an employer to consider the individual an employee of the employer.</hi>
          </p>
          <p>
            <hi rend="underlined">&#167; 95-283. Notices.</hi>
          </p>
          <p>
            <hi rend="underlined">If an employer engages an individual to perform services and that individual is not considered by the employer to be an employee pursuant to G.S.</hi>
          </p>
          <p>
            <hi rend="underlined">(1)</hi>
            <hi rend="underlined">Every individual working for a contractor has the right to be properly classified by the contractor as an employee rather than an independent contractor if the individual does not meet the requirements of an independent contractor under the law known as the <term type="NE" subtype="MISC"> Employee Fair Classification Act </term>.</hi>
          </p>
          <p>
            <hi rend="underlined">(2)</hi>
            <hi rend="underlined">If you believe you or someone else has not been properly classified as an employee or an independent contractor under the <term type="NE" subtype="MISC"> Employee Fair Classification Act </term>, you have the right to challenge this classification by bringing an action in State civil district court.</hi>
          </p>
        </div2>
        <div2 type="section" n="2">
          <head>SECTION 2. This act is effective when it becomes law and applies to employment existing on or after that date.</head>
        </div2>
      </div1>
    </body>
  </text>
</TEI>
