<TEI xmlns="http://www.tei-c.org/ns/1.0">
  <teiHeader xml:lang="en">
    <fileDesc>
      <titleStmt>
        <title xml:id="NC-2013-H44">Transition to <term type="NE" subtype="ORGANIZATION"> Digital Learning in Schools </term>.</title>
        <author>Representatives Horn, Johnson, Saine, and Tolson  (Primary Sponsors). </author>
      </titleStmt>
      <editionStmt>
        <edition>v0</edition>
      </editionStmt>
      <publicationStmt>
        <pubPlace>North Carolina</pubPlace>
        <idno>NC-2013-H44</idno>
        <date>2013</date>
      </publicationStmt>
      <sourceDesc>
        <bibl>www.ncleg.net\Sessions\2013\Bills\House\HTML\H44v0.html</bibl>
      </sourceDesc>
    </fileDesc>
  </teiHeader>
  <text xml:lang="en">
    <front>
      <div1 type="abstract">
        <head>A bill to be entitled an act stating the intent of the general assembly to transition from funding textbooks to funding digital learning in the public schools, as recommended by the legislative research commission study committee on digital learning environments in public schools.</head>
      </div1>
    </front>
    <body>
      <div1>
        <opener>
          <salute>The <term type="NE" subtype="ORGANIZATION"> General Assembly of North Carolina </term> enacts:</salute>
        </opener>
        <p>Whereas, local school administrative units (LEAs)have used a number of approaches to provide or access digital learning devices; and</p>
        <p>Whereas, these approaches include the diversion and restructuring of <term type="NE" subtype="DATE"> current </term> funding, use of private grants, parental contributions, local funding, and bring-your-own-device policies; and</p>
        <p>Whereas, educational materials in the form of digital textbooks and instructional resources have also become increasingly available and can benefit <term type="NE" subtype="LOCATION"> North Carolina </term> students in elementary, middle, and high school grades by providing high-quality, up-to-date information that can be customized for individual students throughout their educational experience; and</p>
        <p>Whereas, LEAs may <term type="NE" subtype="DATE"> currently </term> use textbook funding for digital instructional materials and digital textbooks; and</p>
        <p>Whereas, digital textbooks and instructional resources have proven to be tools that, when used effectively, can raise the level of academic performance of the State's students; and</p>
        <p>Whereas, the use of online and blended courses can provide greater access to courses for students in subject areas that might otherwise be unavailable in many regions of the State; and</p>
        <p>Whereas, online courses and blended instruction may also provide students with opportunities for credit recovery, earning college credit, and coursework in career and technical education; and</p>
        <p>Whereas, LEAs should explore the competitive environment for innovative practices, including virtual learning, that blend technology, digital devices, online learning, and traditional resources in classroom instruction; and</p>
        <p>Whereas, LEAs should implement available and appropriate high-quality virtual, digital, and instructional resources that align with the curriculum; <term type="NE" subtype="DATE"> Now </term> therefore,</p>
        <div2 type="section" n="1">
          <head>SECTION 1. It is the intent of the <term type="NE" subtype="ORGANIZATION"> General Assembly </term> to transition from funding for textbooks, both traditional and digital, to funding for digital materials, including textbooks and instructional resources, to provide educational resources that remain <term type="NE" subtype="DATE"> current </term>, aligned with curriculum, and effective for all learners by <term type="NE" subtype="DATE"> 2017 </term>.</head>
        </div2>
        <div2 type="section" n="2">
          <head>SECTION 2. This act is effective when it becomes law.</head>
        </div2>
      </div1>
    </body>
  </text>
</TEI>
