<TEI xmlns="http://www.tei-c.org/ns/1.0">
  <teiHeader xml:lang="en">
    <fileDesc>
      <titleStmt>
        <title xml:id="NC-2009-H524">Annexation - Omnibus Changes.</title>
        <author>Representatives Goforth, Luebke, Jones, Starnes  (Primary Sponsors); Allred, Blust, Brown, Coates, Dollar, Justice, and  McComas. </author>
      </titleStmt>
      <editionStmt>
        <edition>v1</edition>
      </editionStmt>
      <publicationStmt>
        <pubPlace>North Carolina</pubPlace>
        <idno>NC-2009-H524</idno>
        <date>2009</date>
      </publicationStmt>
      <sourceDesc>
        <bibl>www.ncleg.net\Sessions\2009\Bills\House\HTML\H524v1.html</bibl>
      </sourceDesc>
    </fileDesc>
  </teiHeader>
  <text xml:lang="en">
    <front>
      <div1 type="abstract">
        <head>A bill to be entitled an act to make various changes to the annexation statutes.</head>
      </div1>
    </front>
    <body>
      <div1>
        <opener>
          <salute>The <term type="NE" subtype="ORGANIZATION"> General Assembly of North Carolina </term> enacts:</salute>
        </opener>
        <div2 type="section" n="1">
          <head>SECTION 1. G.S.</head>
          <p>&#167; 160A-31. Annexation by petition.</p>
          <p>(a)The governing board of any municipality may annex by ordinance any area contiguous to its boundaries upon presentation to the governing board of a petition signed by the owners of all the real property located within such area. The petition shall be signed by each owner of real property in the area and shall contain the address of each such owner.</p>
          <p>(b)The petition shall be prepared in substantially the following form:</p>
          <p>DATE:</p>
          <p>To the ______________ (name of governing board)of the (City or Town)of ______________</p>
          <p>1.</p>
          <p>2.</p>
          <p>
            <hi rend="underlined">(b1)</hi>
            <hi rend="underlined">Notwithstanding the provisions of subsections (a)and (b)of this section, if <term type="NE" subtype="PERCENT"> fifty percent </term> (<term type="NE" subtype="PERCENT"> 50 % </term>)of the households in an area petitioning for annexation pursuant to this section have incomes that are <term type="NE" subtype="PERCENT"> two hundred percent </term> (<term type="NE" subtype="PERCENT"> 200 % </term>)or less than the most <term type="NE" subtype="DATE"> recently </term> published <term type="NE" subtype="ORGANIZATION"> United States Census Bureau </term> poverty thresholds, the governing board of any municipality shall annex by ordinance any area contiguous to its boundaries upon presentation to the governing board of a petition signed by <term type="NE" subtype="PERCENT"> seventy-five percent </term> (<term type="NE" subtype="PERCENT"> 75 % </term>)or more of the owners of the real property in that area.</hi>
          </p>
          <p>
            <hi rend="underlined">(b2)</hi>
            <hi rend="underlined">The petition shall be prepared in substantially the following form:</hi>
          </p>
          <p>
            <hi rend="underlined">DATE:</hi>
          </p>
          <p>
            <hi rend="underlined">To the ______________ (name of governing board)of the (City or Town)of ______________</hi>
          </p>
          <p>
            <hi rend="underlined">1. We the undersigned owners of real property believe that the area described in paragraph 2 below meets the requirements of G.S.</hi>
          </p>
          <p>
            <hi rend="underlined">2.</hi>
          </p>
          <p>(c)Upon receipt of the petition, the municipal governing board shall cause the clerk of the municipality to investigate the sufficiency thereof and to certify the result of his investigation. Upon receipt of the certification, the municipal governing board shall fix a date for a public hearing on the question of annexation, and shall cause notice of the public hearing to be published <term type="NE" subtype="DATE"> once </term> in a newspaper having general circulation in the municipality <term type="NE" subtype="DURATION"> at least 10 days </term> prior to the date of the public hearing; provided, if there be no such paper, the governing board shall have notices posted in three or more public places within the area to be annexed and three or more public places within the municipality.</p>
          <p>(d)At the public hearing all persons owning property in the area to be annexed who allege an error in the petition shall be given an opportunity to be heard, as well as residents of the municipality who question the necessity for annexation. The governing board shall then determine whether the petition meets the requirements of this section. Upon a finding that the petition meets the requirements of this section, the governing board shall have authority to pass an ordinance annexing the territory described in the petition. The governing board shall have authority to make the annexing ordinance effective immediately or on any specified date within <term type="NE" subtype="DURATION"> six months </term> from the date of passage of the ordinance.</p>
          <p>(e)From and after the effective date of the annexation ordinance, the territory and its citizens and property shall be subject to all debts, laws, ordinances and regulations in force in such municipality and shall be entitled to the same privileges and benefits as other parts of such municipality. Real and personal property in the newly annexed territory on the <term type="NE" subtype="DATE"> January 1 </term> immediately preceding <term type="NE" subtype="DATE"> the beginning of the fiscal year </term> in which the annexation becomes effective is subject to municipal taxes as provided in G.S.160A-58. 10. If the effective date of annexation falls between <term type="NE" subtype="DATE"> June 1 </term> and <term type="NE" subtype="DATE"> June 30 </term>, and the effective date of the privilege license tax ordinance of the annexing municipality is <term type="NE" subtype="DATE"> June 1 </term>, then businesses in the area to be annexed shall be liable for taxes imposed in such ordinance from and after the effective date of annexation.</p>
          <p>(f)For purposes of this section, an area shall be deemed contiguous if, at the <term type="NE" subtype="DATE"> time </term> the petition is submitted, such area either abuts directly on the municipal boundary or is separated from the municipal boundary by a street or street right-of-way, a creek or river, or the right-of-way of a railroad or other public service corporation, lands owned by the municipality or some other political subdivision, or lands owned by the State of <term type="NE" subtype="LOCATION"> North Carolina </term>. In describing the area to be annexed in the annexation ordinance, the municipal governing board may include within the description any territory described in this subsection which separates the municipal boundary from the area petitioning for annexation.</p>
          <p>(g)The governing board may initiate annexation of contiguous property owned by the municipality by adopting a resolution stating its intent to annex the property, in lieu of filing a petition. The resolution shall contain an adequate description of the property, state that the property is contiguous to the municipal boundaries and fix a date for a public hearing on the question of annexation. Notice of the public hearing shall be published as provided in subsection (c)of this section. The governing board may hold the public hearing and adopt the annexation ordinance as provided in subsection (d)of this section.</p>
          <p>(h)A city council which receives a petition for annexation under this section may by ordinance require that the petitioners file a signed statement declaring whether or not vested rights with respect to the properties subject to the petition have been established under G.S.160A-385. 1 or G.S.153A-344. 1. If the statement declares that such rights have been established, the city may require petitioners to provide proof of such rights. A statement which declares that no vested rights have been established under G.S.160A-385. 1 or G.S.153A-344. 1 shall be binding on the landowner and any such vested right shall be terminated.</p>
        </div2>
        <div2 type="section" n="2">
          <head>SECTION 2. G.S.</head>
          <p>&#167; 160A-36. Character of area to be annexed.</p>
          <p>(a)A municipal governing board may extend the municipal corporate limits to include any area which meets the general standards of subsection (b), and which meets the requirements of subsection (c).</p>
          <p>(b)The total area to be annexed must meet the following standards:</p>
          <p>(1)It must be adjacent or contiguous to the municipality's boundaries at the <term type="NE" subtype="DATE"> time </term> the annexation proceeding is begun, except if the entire territory of a county water and sewer district created under G.S.162A-86 (b1)is being annexed, the annexation shall also include any noncontiguous pieces of the district as long as the part of the district with the greatest land area is adjacent or contiguous to the municipality's boundaries at the <term type="NE" subtype="DATE"> time </term> the annexation proceeding is begun.</p>
          <p>(2)At least one <term type="NE" subtype="ORDINAL"> eighth </term> of the aggregate external boundaries of the area must coincide with the municipal boundary.<hi rend="underlined">A connecting corridor consisting solely of a public street or street right-of-way may not be used to establish contiguity to an outlying, noncontiguous area.</hi></p>
          <p>(3)No part of the area shall be included within the boundary of another incorporated municipality.</p>
          <p>
            <hi rend="underlined">(4)</hi>
            <hi rend="underlined">At least <term type="NE" subtype="PERCENT"> fifty percent </term> (<term type="NE" subtype="PERCENT"> 50 % </term>)of the property owners must consent to the annexation if the area is served by a central water and sewer system operated by an entity other than the annexing municipality. The annexing municipality must obtain written documentation of the agreement of the property owners, dated within <term type="NE" subtype="DURATION"> 12 months </term> prior to the annexation ordinance effective date.</hi>
          </p>
          <p>(c)The area to be annexed must be developed for urban purposes at the <term type="NE" subtype="DATE"> time </term> of approval of the report provided for in G.S.160A-35. For purposes of this section, a lot or tract shall not be considered in use for a commercial, industrial, institutional, or governmental purpose if the lot or tract is used only temporarily, occasionally, or on an incidental or insubstantial basis in relation to the size and character of the lot or tract. For purposes of this section, acreage in use for commercial, industrial, institutional, or governmental purposes shall include acreage actually occupied by buildings or other man-made structures together with all areas that are reasonably necessary and appurtenant to such facilities for purposes of parking, storage, ingress and egress, utilities, buffering, and other ancillary services and facilities. Area of streets and street rights-of-way shall not be used to determine total acreage under this section.</p>
          <p>(1)Any area which is so developed that at least<hi rend="strikethrough"><term type="NE" subtype="PERCENT"> sixty percent </term> (<term type="NE" subtype="PERCENT"> 60 % </term>)</hi><hi rend="underlined"><term type="NE" subtype="PERCENT"> sixty-five percent </term> (<term type="NE" subtype="PERCENT"> 65 % </term>)</hi>of the total number of lots and tracts in the area at the time of annexation are used for residential, commercial, industrial, institutional or governmental purposes, and is subdivided into lots and tracts such that at least sixty percent (60%) of the total acreage, not counting the acreage used at the time of annexation for commercial, industrial, governmental or institutional purposes, consists of lots and tracts<hi rend="strikethrough">three</hi><hi rend="underlined">two</hi>acres or less in size.</p>
          <p>(2)An area so developed that, at the <term type="NE" subtype="DATE"> time </term> of the approval of the annexation report, all tracts in the area to be annexed are used for commercial, industrial, governmental, or institutional purposes.</p>
          <p>(3)The entire area of any county water and sewer district created under G.S.</p>
          <p>a.</p>
          <p>b.</p>
          <p>provided that the special categorization provided by this subsection only applies if the municipality is annexing in one proceeding the entire territory of the district not already within the corporate limits of a municipality.</p>
          <p>(d)In fixing new municipal boundaries, a municipal governing board shall use recorded property lines and streets as boundaries. Some or all of the boundaries of a county water and sewer district may also be used when the entire district not already within the corporate limits of a municipality is being annexed.</p>
          <p>(e)The area of an abolished water and sewer district shall be considered to be a water and sewer district for the purpose of this section even after its abolition under G.S.162A-87. 2 (b).</p>
          <p>
            <hi rend="underlined">(f)</hi>
            <hi rend="underlined">If the area to be annexed included a subdivision or neighborhood, the subdivision or neighborhood shall not be split by the annexation.</hi>
          </p>
        </div2>
        <div2 type="section" n="3">
          <head>SECTION 3. G.S.</head>
          <p>(b)Notice of Public Hearing.</p>
          <p>(1)Fix the date, <term type="NE" subtype="DURATION"> hour </term> and place of the public informational meeting and the date, <term type="NE" subtype="DURATION"> hour </term>, and place of the public hearing.</p>
          <p>(2)Describe clearly the boundaries of the area under consideration, and include a legible map of the area.</p>
          <p>(3)State that the report required in G.S.160A-35 will be available at the office of the municipal clerk <term type="NE" subtype="DURATION"> at least 30 days </term> prior to the date of the public informational meeting.</p>
          <p>(4)Include an explanation of an owner's rights pursuant to subsection (f1)and (f2)of this section.</p>
          <p>
            <hi rend="underlined">(5)</hi>
            <hi rend="underlined">Include a summary of the annexation process and timelines and a summary of available statutory remedies for contesting the annexation and the provision of services.</hi>
          </p>
          <p>Such notice shall be given by publication <term type="NE" subtype="DATE"> once </term> <term type="NE" subtype="DURATION"> a week </term> for at least two successive <term type="NE" subtype="DURATION"> weeks </term> prior to the date of the informational meeting in a newspaper having general circulation in the municipality and, in addition thereto, if the area to be annexed lies in a county containing less than <term type="NE" subtype="PERCENT"> fifty percent </term> (<term type="NE" subtype="PERCENT"> 50 % </term>)of the land area of the municipality, in a newspaper having general circulation in the area of proposed annexation. The period from the date of the <term type="NE" subtype="ORDINAL"> first </term> publication to the date of the last publication, both dates inclusive, shall be not <term type="NE" subtype="DURATION"> less than eight days </term> including <term type="NE" subtype="DATE"> Sundays </term>, and the date of the last publication shall be not <term type="NE" subtype="DURATION"> more than seven days </term> preceding the date of public informational meeting. If there be no such newspaper, the municipality shall post the notice in at least five public places within the municipality and at least five public places in the area to be annexed for <term type="NE" subtype="DURATION"> 30 days </term> prior to the date of public informational meeting.<hi rend="strikethrough"><term type="NE" subtype="ORDINAL"> first </term> class mail, postage prepaid</hi><hi rend="underlined">certified mail, return receipt requested</hi>to the owners as shown by the tax records of the county of all freehold interests in real property located within the area to be annexed. The person or persons mailing such notices shall certify to the governing board that fact, and such certificate shall become a part of the record of the annexation proceeding and shall be deemed conclusive in the absence of fraud.<hi rend="strikethrough">If the notice is returned to the city by the postal service by <term type="NE" subtype="DATE"> the tenth day before </term> the informational meeting, a copy of the notice shall be sent by certified mail, return receipt requested, <term type="NE" subtype="DURATION"> at least seven days </term> before the informational meeting.</hi>Failure to comply with the mailing requirement of this subsection shall not invalidate the annexation unless it is shown that the requirements were not substantially complied with.</p>
          <p>If the governing board by resolution finds that the tax records are not adequate to identify the owners of some or all of the parcels of real property within the area it may in lieu of the mail procedure as to those parcels where the owners could not be so identified, post the notice <term type="NE" subtype="DURATION"> at least 30 days </term> prior to the date of public informational meeting on all buildings on such parcels, and in at least five other places within the area to be annexed. In any case where notices are placed on property, the person placing the notice shall certify that fact to the governing board.</p>
        </div2>
        <div2 type="section" n="4">
          <head>SECTION 4. G.S.</head>
          <p>&#167; 160A-48. Character of area to be annexed.</p>
          <p>(a)A municipal governing board may extend the municipal corporate limits to include any area:</p>
          <p>(1)Which meets the general standards of subsection (b), and</p>
          <p>(2)Every part of which meets the requirements of either subsection (c)or subsection (d).</p>
          <p>(b)The total area to be annexed must meet the following standards:</p>
          <p>(1)It must be adjacent or contiguous to the municipality's boundaries at the <term type="NE" subtype="DATE"> time </term> the annexation proceeding is begun, except if the entire territory of a county water and sewer district created under G.S.162A-86 (b1)is being annexed, the annexation shall also include any noncontiguous pieces of the district as long as the part of the district with the greatest land area is adjacent or contiguous to the municipality's boundaries at the <term type="NE" subtype="DATE"> time </term> the annexation proceeding is begun.</p>
          <p>(2)At least one <term type="NE" subtype="ORDINAL"> eighth </term> of the aggregate external boundaries of the area must coincide with the municipal boundary.<hi rend="underlined">A connecting corridor consisting solely of a public street or street right-of-way may not be used to establish contiguity to an outlying, noncontiguous area.</hi></p>
          <p>(3)No part of the area shall be included within the boundary of another incorporated municipality.</p>
          <p>
            <hi rend="underlined">(4)</hi>
            <hi rend="underlined">At least <term type="NE" subtype="PERCENT"> fifty percent </term> (<term type="NE" subtype="PERCENT"> 50 % </term>)of the property owners must consent to the annexation if the area is served by a central water and sewer system operated by an entity other than the annexing municipality. The annexing municipality must obtain written documentation of the agreement of the property owners, dated within <term type="NE" subtype="DURATION"> 12 months </term> of the annexation ordinance effective date.</hi>
          </p>
          <p>(c)Part or all of the area to be annexed must be developed for urban purposes at the <term type="NE" subtype="DATE"> time </term> of approval of the report provided for in G.S.160A-47. Area of streets and street rights-of-way shall not be used to determine total acreage under this section.</p>
          <p>(1)Has a total resident population equal to at least two and<hi rend="strikethrough">three-tenths</hi><hi rend="underlined">five-tenths</hi>persons for each acre of land included within its boundaries; or</p>
          <p>(2)Has a total resident population equal to at least<hi rend="strikethrough">one person</hi><hi rend="underlined">two and five-tenths persons</hi>for each acre of land included within its boundaries, and is subdivided into lots and tracts such that at least sixty percent (60%) of the total acreage consists of lots and tracts three acres or less in size and such that at least sixty-five percent (65%) of the total number of lots and tracts are one acre or less in size; or</p>
          <p>(3)Is so developed that at least<hi rend="strikethrough"><term type="NE" subtype="PERCENT"> sixty percent </term> (<term type="NE" subtype="PERCENT"> 60 % </term>)</hi><hi rend="underlined"><term type="NE" subtype="PERCENT"> sixty-five percent </term> (<term type="NE" subtype="PERCENT"> 65 % </term>)</hi>of the total number of lots and tracts in the area at the time of annexation are used for residential, commercial, industrial, institutional or governmental purposes, and is subdivided into lots and tracts such that at least sixty percent (60%) of the total acreage, not counting the acreage used at the time of annexation for commercial, industrial, governmental or institutional purposes, consists of lots and tracts<hi rend="strikethrough">three</hi><hi rend="underlined">two</hi>acres or less in size. For purposes of this section, a lot or tract shall not be considered in use for a commercial, industrial, institutional, or governmental purpose if the lot or tract is used only temporarily, occasionally, or on an incidental or insubstantial basis in relation to the size and character of the lot or tract. For purposes of this section, acreage in use for commercial, industrial, institutional, or governmental purposes shall include acreage actually occupied by buildings or other man-made structures together with all areas that are reasonably necessary and appurtenant to such facilities for purposes of parking, storage, ingress and egress, utilities, buffering, and other ancillary services and facilities; or</p>
          <p>(4)Is the entire area of any county water and sewer district created under G.S.</p>
          <p>a.</p>
          <p>b.</p>
          <p>provided that the special categorization provided by this subdivision only applies if the municipality is annexing in one proceeding the entire territory of the district not already within the corporate limits of a municipality; or</p>
          <p>(5)Is so developed that, at the <term type="NE" subtype="DATE"> time </term> of the approval of the annexation report, all tracts in the area to be annexed are used for commercial, industrial, governmental, or institutional purposes.</p>
          <p>(d)In addition to areas developed for urban purposes, a governing board may include in the area to be annexed any area which does not meet the requirements of subsection (c)if such area either:</p>
          <p>(1)Lies between the municipal boundary and an area developed for urban purposes so that the area developed for urban purposes is either not adjacent to the municipal boundary or can not be served by the municipality without extending services and/or water and/or sewer lines through such sparsely developed area; or</p>
          <p>(2)Is adjacent, on at least <term type="NE" subtype="PERCENT"> sixty percent </term> (<term type="NE" subtype="PERCENT"> 60 % </term>)of its external boundary, to any combination of the municipal boundary and the boundary of an area or areas developed for urban purposes as defined in subsection (c).</p>
          <p>The purpose of this subsection is to permit municipal governing boards to extend corporate limits to include all nearby areas developed for urban purposes and where necessary to include areas which at the <term type="NE" subtype="DATE"> time </term> of annexation are not yet developed for urban purposes but which constitute necessary land connections between the municipality and areas developed for urban purposes or between two or more areas developed for urban purposes. For purposes of this subsection, necessary land connection means an area that does not exceed <term type="NE" subtype="PERCENT"> twenty-five percent </term> (<term type="NE" subtype="PERCENT"> 25 % </term>)of the total area to be annexed.</p>
          <p>(e)In fixing new municipal boundaries, a municipal governing board shall use recorded property lines and streets as boundaries. Some or all of the boundaries of a county water and sewer district may also be used when the entire district not already within the corporate limits of a municipality is being annexed.</p>
          <p>(f)The area of an abolished water and sewer district shall be considered to be a water and sewer district for the purpose of this section even after its abolition under G.S.162A-87. 2 (b).</p>
          <p>
            <hi rend="underlined">(g)</hi>
            <hi rend="underlined">If the area to be annexed included a subdivision or neighborhood, the subdivision or neighborhood shall not be split by the annexation.</hi>
          </p>
        </div2>
        <div2 type="section" n="5">
          <head>SECTION 5. G.S.</head>
          <p>(b)Notice of Public Hearing.</p>
          <p>(1)Fix the date, <term type="NE" subtype="DURATION"> hour </term> and place of the public informational meeting and the date, <term type="NE" subtype="DURATION"> hour </term>, and place of the public hearing.</p>
          <p>(2)Describe clearly the boundaries of the area under consideration, and include a legible map of the area.</p>
          <p>(3)State that the report required in G.S.160A-47 will be available at the office of the municipal clerk <term type="NE" subtype="DURATION"> at least 30 days </term> prior to the date of the public informational meeting.</p>
          <p>(4)Include a notice of a property owner's rights to request water and sewer service in accordance with G.S.160A-47.</p>
          <p>(5)Include an explanation of a property owner's rights pursuant to subsections (f1)and (f2)of this section.</p>
          <p>
            <hi rend="underlined">(6)</hi>
            <hi rend="underlined">Include a summary of the annexation process and timelines and a summary of available statutory remedies for contesting the annexation and the provision of services.</hi>
          </p>
          <p>Such notice shall be given by publication <term type="NE" subtype="DATE"> once </term> <term type="NE" subtype="DURATION"> a week </term> for at least two successive <term type="NE" subtype="DURATION"> weeks </term> prior to the date of the informational meeting in a newspaper having general circulation in the municipality and, in addition thereto, if the area to be annexed lies in a county containing less than <term type="NE" subtype="PERCENT"> fifty percent </term> (<term type="NE" subtype="PERCENT"> 50 % </term>)of the land area of the municipality, in a newspaper having general circulation in the area of proposed annexation. The period from the date of the <term type="NE" subtype="ORDINAL"> first </term> publication to the date of the last publication, both dates inclusive, shall be not <term type="NE" subtype="DURATION"> less than eight days </term> including <term type="NE" subtype="DATE"> Sundays </term>, and the date of the last publication shall be not <term type="NE" subtype="DURATION"> more than seven days </term> preceding the date of public informational meeting. If there be no such newspaper, the municipality shall post the notice in at least five public places within the municipality and at least five public places in the area to be annexed for <term type="NE" subtype="DURATION"> 30 days </term> prior to the date of public informational meeting.<hi rend="strikethrough"><term type="NE" subtype="ORDINAL"> first </term> class mail, postage prepaid</hi><hi rend="underlined">certified mail, return receipt requested</hi>to the owners as shown by the tax records of the county of all freehold interests in real property located within the area to be annexed. The person or persons mailing such notices shall certify to the governing board that fact, and such certificate shall become a part of the record of the annexation proceeding and shall be deemed conclusive in the absence of fraud.<hi rend="strikethrough">If the notice is returned to the city by the postal service by <term type="NE" subtype="DATE"> the tenth day before </term> the informational meeting, a copy of the notice shall be sent by certified mail, return receipt requested, <term type="NE" subtype="DURATION"> at least seven days </term> before the informational meeting.</hi>Failure to comply with the mailing requirements of this subsection shall not invalidate the annexation unless it is shown that the requirements were not substantially complied with. If the governing board by resolution finds that the tax records are not adequate to identify the owners of some or all of the parcels of real property within the area it may in lieu of the mail procedure as to those parcels where the owners could not be so identified, post the notice at least 30 days prior to the date of public informational meeting on all buildings on such parcels, and in at least five other places within the area to be annexed. In any case where notices are placed on property, the person placing the notices shall certify that fact to the governing board.</p>
        </div2>
        <div2 type="section" n="6">
          <head>SECTION 6. G.S.160A-58.</head>
          <p>&#167; 160A-58. 1. Petition for annexation; standards.</p>
          <p>(a)Upon receipt of a valid petition signed by all of the owners of real property in the area described therein, a city may annex an area not contiguous to its primary corporate limits when the area meets the standards set out in subsection (b)of this section. The petition need not be signed by the owners of real property that is wholly exempt from property taxation under the Constitution and laws of <term type="NE" subtype="LOCATION"> North Carolina </term>, nor by railroad companies, public utilities as defined in G.S.62-3 (23), or electric or telephone membership corporations.</p>
          <p>(b)A noncontiguous area proposed for annexation must meet all of the following standards:</p>
          <p>(1)The nearest point on the proposed satellite corporate limits must be not more than three miles from the primary corporate limits of the annexing city.</p>
          <p>(2)No point on the proposed satellite corporate limits may be closer to the primary corporate limits of another city than to the primary corporate limits of the annexing city, except as set forth in subsection (b2)of this section.</p>
          <p>(3)The area must be so situated that the annexing city will be able to provide the same services within the proposed satellite corporate limits that it provides within its primary corporate limits.</p>
          <p>(4)If the area proposed for annexation, or any portion thereof, is a subdivision as defined in G.S.160A-376, all of the subdivision must be included.</p>
          <p>(5)The area within the proposed satellite corporate limits, when added to the area within all other satellite corporate limits, may not exceed <term type="NE" subtype="PERCENT"> ten percent </term> (<term type="NE" subtype="PERCENT"> 10 % </term>)of the area within the primary corporate limits of the annexing city.</p>
          <p>This subdivision does not apply to the Cities of <term type="NE" subtype="LOCATION"> Claremont </term>, <term type="NE" subtype="LOCATION"> Concord </term>, <term type="NE" subtype="PERSON"> Conover </term>, <term type="NE" subtype="LOCATION"> Durham </term>, <term type="NE" subtype="LOCATION"> Elizabeth City </term>, <term type="NE" subtype="LOCATION"> Gastonia </term>, <term type="NE" subtype="LOCATION"> Greenville </term>, Hickory, <term type="NE" subtype="LOCATION"> Kannapolis </term>, <term type="NE" subtype="LOCATION"> Locust </term>, <term type="NE" subtype="PERSON"> Marion </term>, <term type="NE" subtype="ORGANIZATION"> Mount Airy </term>, <term type="NE" subtype="LOCATION"> Mount Holly </term>, <term type="NE" subtype="LOCATION"> New Bern </term>, <term type="NE" subtype="LOCATION"> Newton </term>, <term type="NE" subtype="LOCATION"> Oxford </term>, <term type="NE" subtype="LOCATION"> Randleman </term>, <term type="NE" subtype="LOCATION"> Roanoke Rapids </term>, <term type="NE" subtype="LOCATION"> Rockingham </term>, <term type="NE" subtype="PERSON"> Sanford </term>, <term type="NE" subtype="LOCATION"> Salisbury </term>, <term type="NE" subtype="LOCATION"> Southport </term>, <term type="NE" subtype="LOCATION"> Statesville </term>, and <term type="NE" subtype="LOCATION"> Washington </term> and the Towns of <term type="NE" subtype="LOCATION"> Ahoskie </term>, <term type="NE" subtype="PERSON"> Angier </term>, <term type="NE" subtype="LOCATION"> Ayden </term>, <term type="NE" subtype="PERSON"> Benson </term>, <term type="NE" subtype="LOCATION"> Bladenboro </term>, <term type="NE" subtype="LOCATION"> Burgaw </term>, Calabash, <term type="NE" subtype="LOCATION"> Catawba </term>, <term type="NE" subtype="PERSON"> Clayton </term>, <term type="NE" subtype="LOCATION"> Columbia </term>, <term type="NE" subtype="LOCATION"> Columbus </term>, <term type="NE" subtype="LOCATION"> Cramerton </term>, <term type="NE" subtype="PERSON"> Creswell </term>, <term type="NE" subtype="LOCATION"> Dallas </term>, <term type="NE" subtype="PERSON"> Dobson </term>, <term type="NE" subtype="ORGANIZATION"> Four Oaks </term>, <term type="NE" subtype="LOCATION"> Fuquay-Varina </term>, <term type="NE" subtype="PERSON"> Garner </term>, <term type="NE" subtype="PERSON"> Godwin </term>, Granite Quarry, <term type="NE" subtype="ORGANIZATION"> Green Level </term>, <term type="NE" subtype="LOCATION"> Grimesland </term>, <term type="NE" subtype="PERSON"> Holly Ridge </term>, <term type="NE" subtype="LOCATION"> Holly Springs </term>, <term type="NE" subtype="LOCATION"> Kenansville </term>, <term type="NE" subtype="PERSON"> Kenly </term>, <term type="NE" subtype="LOCATION"> Knightdale </term>, <term type="NE" subtype="PERSON"> Landis </term>, <term type="NE" subtype="PERSON"> Leland </term>, <term type="NE" subtype="LOCATION"> Lillington </term>, <term type="NE" subtype="LOCATION"> Louisburg </term>, <term type="NE" subtype="LOCATION"> Maggie Valley </term>, Maiden, <term type="NE" subtype="PERSON"> Mayodan </term>, <term type="NE" subtype="LOCATION"> Middlesex </term>, <term type="NE" subtype="LOCATION"> Midland </term>, <term type="NE" subtype="LOCATION"> Mocksville </term>, <term type="NE" subtype="LOCATION"> Morrisville </term>, <term type="NE" subtype="ORGANIZATION"> Mount Pleasant </term>, <term type="NE" subtype="LOCATION"> Nashville </term>, <term type="NE" subtype="LOCATION"> Oak Island </term>, <term type="NE" subtype="LOCATION"> Pembroke </term>, Pine Level, <term type="NE" subtype="ORGANIZATION"> Princeton </term>, <term type="NE" subtype="LOCATION"> Ranlo </term>, <term type="NE" subtype="LOCATION"> Rolesville </term>, <term type="NE" subtype="LOCATION"> Rutherfordton </term>, <term type="NE" subtype="LOCATION"> Shallotte </term>, <term type="NE" subtype="ORGANIZATION"> Smithfield </term>, <term type="NE" subtype="LOCATION"> Spencer </term>, Stem, <term type="NE" subtype="PERSON"> Stovall </term>, <term type="NE" subtype="LOCATION"> Surf City </term>, <term type="NE" subtype="LOCATION"> Swansboro </term>, <term type="NE" subtype="LOCATION"> Taylorsville </term>, <term type="NE" subtype="PERSON"> Troutman </term>, Troy, <term type="NE" subtype="PERSON"> Wallace </term>, <term type="NE" subtype="LOCATION"> Warsaw </term>, <term type="NE" subtype="LOCATION"> Watha </term>, <term type="NE" subtype="LOCATION"> Waynesville </term>, <term type="NE" subtype="PERSON"> Weldon </term>, <term type="NE" subtype="PERSON"> Wendell </term>, <term type="NE" subtype="LOCATION"> Windsor </term>, <term type="NE" subtype="LOCATION"> Yadkinville </term>, and <term type="NE" subtype="LOCATION"> Zebulon </term>.</p>
          <p>(b1)Repealed by Session Laws 2004-203, ss. 13 (a)and 13 (d), effective <term type="NE" subtype="DATE"> August 17, 2004 </term>.</p>
          <p>(b2)A city may annex a noncontiguous area that does not meet the standard set out in subdivision (b)(2)of this section if the city has entered into an annexation agreement pursuant to Part 6 of this Article with the city to which a point on the proposed satellite corporate limits is closer and the agreement states that the other city will not annex the area but does not say that the annexing city will not annex the area. The annexing city shall comply with all other requirements of this section.</p>
          <p>(c)<hi rend="strikethrough">The</hi><hi rend="underlined">A</hi>petition<hi rend="underlined">pursuant to subsection (a)of this section</hi>shall contain the names, addresses, and signatures of all owners of real property within the proposed satellite corporate limits (except owners not required to sign by<hi rend="strikethrough">subsection (a)),</hi><hi rend="underlined">subsection (a)of this section. A petition pursuant to subsection (e)of this section shall contain the names, addresses, and signatures of <term type="NE" subtype="PERCENT"> seventy-five percent </term> (<term type="NE" subtype="PERCENT"> 75 % </term>)of the owners of the real property in that area.</hi>shall describe the area proposed for annexation by metes and bounds, and shall have attached thereto a map showing the area proposed for annexation with relation to the primary corporate limits of the annexing city. When there is any substantial question as to whether the area may be closer to another city than to the annexing city, the map shall also show the area proposed for annexation with relation to the primary corporate limits of the other city. The city council may prescribe the form of the petition.</p>
          <p>(d)A city council which receives a petition for annexation under this section may by ordinance require that the petitioners file a signed statement declaring whether or not vested rights with respect to the properties subject to the petition have been established under G.S.160A-385. 1 or G.S.153A-344. 1. If the statement declares that such rights have been established, the city may require petitioners to provide proof of such rights. A statement which declares that no vested rights have been established under G.S.160A-385. 1 or G.S.153A-344. 1 shall be binding on the landowner and any such vested rights shall be terminated.</p>
          <p>
            <hi rend="underlined">(e)</hi>
            <hi rend="underlined">Notwithstanding the provisions of subsection (a)of this section, if <term type="NE" subtype="PERCENT"> fifty percent </term> (<term type="NE" subtype="PERCENT"> 50 % </term>)of the households in an area petitioning for annexation pursuant to this section have incomes that are <term type="NE" subtype="PERCENT"> two hundred percent </term> (<term type="NE" subtype="PERCENT"> 200 % </term>)or less than the most <term type="NE" subtype="DATE"> recently </term> published <term type="NE" subtype="ORGANIZATION"> United States Census Bureau </term> poverty thresholds, the governing board of any municipality shall annex by ordinance any area contiguous to its boundaries upon presentation to the governing board of a petition signed by <term type="NE" subtype="PERCENT"> seventy-five percent </term> (<term type="NE" subtype="PERCENT"> 75 % </term>)or more of the owners of the real property in that area. The petition need not be signed by the owners of real property that is wholly exempt from property taxation under the Constitution and laws of <term type="NE" subtype="LOCATION"> North Carolina </term>, nor by railroad companies, public utilities as defined in G.S.62-3 (23), or electric or telephone membership corporations, and those owners shall not be counted in determining whether <term type="NE" subtype="PERCENT"> seventy-five percent </term> (<term type="NE" subtype="PERCENT"> 75 % </term>)of the owners have signed the petition.</hi>
          </p>
        </div2>
        <div2 type="section" n="7">
          <head>SECTION 7. G.S.160A-58.</head>
          <p>&#167; 160A-58. 2. Public hearing.</p>
          <p><hi rend="underlined">(a)</hi>Upon receipt of a petition for annexation under this Part, the city council shall cause the city clerk to investigate the petition, and to certify the results of his investigation. If the clerk certifies that upon investigation the petition appears to be valid, the council shall fix a date for a public hearing on the annexation. Notice of the hearing shall be published once at least<hi rend="strikethrough"><term type="NE" subtype="DURATION"> 10 days </term></hi><hi rend="underlined"><term type="NE" subtype="DURATION"> 10 days </term></hi>before the date of hearing.</p>
          <p><hi rend="underlined">(b)</hi>At the<hi rend="strikethrough">hearing,</hi><hi rend="underlined">hearing on a petition pursuant to G.S.160A-58.</hi>any person residing in or owning property in the area proposed for annexation and any resident of the annexing city may appear and be heard on the questions of the sufficiency of the petition and the desirability of the annexation. If the council then finds and determines that (i) the area described in the petition meets all of the standards set out in G.S.160A-58.1(b), (ii) the petition bears the signatures of all of the owners of real property within the area proposed for annexation (except those not required to sign by G.S.160A-58.1(a)), (iii) the petition is otherwise valid, and (iv) the public health, safety and welfare of the inhabitants of the city and of the area proposed for annexation will be best served by the annexation, the council may adopt an ordinance annexing the area described in the petition. The ordinance may be made effective immediately or on any specified date within six months from the date of passage.</p>
          <p>
            <hi rend="underlined">(c)</hi>
            <hi rend="underlined">At the hearing on a petition pursuant to G.S.160A-58. 1 (e), any person residing in or owning property in the area proposed for annexation and any resident of the annexing city may appear and be heard on the questions of the sufficiency of the petition. If the council then finds and determines that (i)the area described in the petition meets all of the standards set out in G.S.160A-58. 1 (b)and (e), (ii)the petition bears the signatures of <term type="NE" subtype="PERCENT"> seventy-five percent </term> (<term type="NE" subtype="PERCENT"> 75 % </term>)or more of the owners of the real property within the area proposed for annexation (except those not required to sign by G.S.160A-58. 1 (e), and (iii)the petition is otherwise valid, the council shall adopt an ordinance annexing the area described in the petition. The ordinance may be made effective immediately or on any specified date within <term type="NE" subtype="DURATION"> six months </term> from the date of passage.</hi>
          </p>
        </div2>
        <div2 type="section" n="8">
          <head>SECTION 8. G.S.</head>
          <p>&#167; 160A-232. Payment of assessments in cash or by installments.</p>
          <p><hi rend="underlined">(a)</hi>The owners of assessed property shall have the option, within 30 days after the publication of the notice that the assessment roll has been confirmed, of paying the assessment either in cash or in not more than 10 annual installments, as may have been determined by the council in the resolution directing the project giving rise to the assessment to be undertaken. With respect to payment by installment, the council may provide.</p>
          <p>(1)That the <term type="NE" subtype="ORDINAL"> first </term> installment with interest shall become due and payable on the date when property taxes are due and payable, and one subsequent installment and interest shall be due and payable on the same date in each successive <term type="NE" subtype="DURATION"> year </term> until the assessment is paid in full; or</p>
          <p>(2)That the <term type="NE" subtype="ORDINAL"> first </term> installment with interest shall become due and payable <term type="NE" subtype="DURATION"> 60 days </term> after the date that the assessment roll is confirmed, and one subsequent installment and interest shall be due and payable on <term type="NE" subtype="DATE"> the same day of the month </term> in each successive <term type="NE" subtype="DURATION"> year </term> until the assessment is paid in full.</p>
          <p>
            <hi rend="underlined">(b)</hi>
            <hi rend="underlined">If property is assessed for water or sewer systems as a result of an annexation under Part 2 or Part 3 of Article 4A of this Chapter, the owners of assessed property shall pay the assessment in 20 <term type="NE" subtype="SET"> annual </term> installments, but they shall have the option, within <term type="NE" subtype="DURATION"> 30 days </term> after the publication of the notice that the assessment roll has been confirmed, of paying the assessment in cash.</hi>
          </p>
          <p>
            <hi rend="underlined">(1)</hi>
            <hi rend="underlined">That the <term type="NE" subtype="ORDINAL"> first </term> installment with interest shall become due and payable on the date when property taxes are due and payable, and one subsequent installment and interest shall be due and payable on the same date in each successive <term type="NE" subtype="DURATION"> year </term> until the assessment is paid in full; or</hi>
          </p>
          <p>
            <hi rend="underlined">(2)</hi>
            <hi rend="underlined">That the <term type="NE" subtype="ORDINAL"> first </term> installment with interest shall become due and payable <term type="NE" subtype="DURATION"> 60 days </term> after the date that the assessment roll is confirmed, and one subsequent installment and interest shall be due and payable on <term type="NE" subtype="DATE"> the same day of the month </term> in each successive <term type="NE" subtype="DURATION"> year </term> until the assessment is paid in full.</hi>
          </p>
        </div2>
        <div2 type="section" n="9">
          <head>SECTION 9. This act becomes effective <term type="NE" subtype="DATE"> October 1, 2009 </term>, and applies to annexations that become effective on or after that date.</head>
        </div2>
      </div1>
    </body>
  </text>
</TEI>
