<TEI xmlns="http://www.tei-c.org/ns/1.0">
  <teiHeader xml:lang="en">
    <fileDesc>
      <titleStmt>
        <title xml:id="NC-2013-H587">Alternate ACT/PLAN for Certain Students.</title>
        <author/>
      </titleStmt>
      <editionStmt>
        <edition>v4</edition>
      </editionStmt>
      <publicationStmt>
        <pubPlace>North Carolina</pubPlace>
        <idno>NC-2013-H587</idno>
        <date>2013</date>
      </publicationStmt>
      <sourceDesc>
        <bibl>www.ncleg.net\Sessions\2013\Bills\House\HTML\H587v4.html</bibl>
      </sourceDesc>
    </fileDesc>
  </teiHeader>
  <text xml:lang="en">
    <front>
      <div1 type="abstract">
        <head>A bill to be entitled an act to require an alternate act and plan precursor test for certain students.</head>
      </div1>
    </front>
    <body>
      <div1>
        <opener>
          <salute>The <term type="NE" subtype="ORGANIZATION"> General Assembly of North Carolina </term> enacts:</salute>
        </opener>
        <div2 type="section" n="1">
          <head>SECTION 1. G.S.115C-174.</head>
          <p>(4)To the extent funds are made available, the <term type="NE" subtype="ORGANIZATION"> State Board </term><hi rend="underlined">of Education</hi>shall plan for and require the administration of the ACT test for all students in the eleventh grade unless the student has already taken a comparable test and scored at or above a level set by the State Board.<hi rend="underlined">The <term type="NE" subtype="ORGANIZATION"> State Board of Education </term> shall require the administration of the alternate ACT test or alternate PLAN precursor test to the ACT to a student who (i)exhibits severe and pervasive delays in all areas of conceptual, linguistic, and academic development and in adaptive behaviors, including communication, <term type="NE" subtype="SET"> daily </term> living skills, and self-care, (ii)is following the extended content standards of the <term type="NE" subtype="ORGANIZATION"> Standard Course of Study </term> as provided in G.S.115C-81, or is following a course of study that, upon completing high school, may not lead to admission into a college-level course of study resulting in a college degree, and (iii)has a written parental request for an alternate assessment.</hi></p>
          <p>
            <hi rend="underlined">(a)</hi>
            <hi rend="underlined">The <term type="NE" subtype="ORGANIZATION"> State Board of Education </term> shall ensure that parents of students enrolled in all public schools, including charter and regional schools, have the necessary information to make informed decisions regarding participation in the ACT and the PLAN precursor test to the ACT.</hi>
          </p>
          <p>
            <hi rend="underlined">(b)</hi>
            <hi rend="underlined">Alternate assessment and ACT assessment results of students with disabilities shall be included in school accountability reports, including charter and regional schools, provided by the <term type="NE" subtype="ORGANIZATION"> State Board of Education </term>.</hi>
          </p>
        </div2>
        <div2 type="section" n="2">
          <head>SECTION 2. G.S.115C-174.</head>
          <p>&#167; 115C-174. 22. Tools for student learning.</p>
          <p>To the extent funds are made available for this purpose,<hi rend="underlined">and except as otherwise provided in G.S.115C-174.</hi>the State Board shall plan for and require the administration of diagnostic tests in the eighth and tenth grades that align to the ACT test in order to help diagnose student learning and provide for students an indication of whether they are on track to be remediation-free at a community college or university.</p>
        </div2>
        <div2 type="section" n="3">
          <head>SECTION 3. The <term type="NE" subtype="ORGANIZATION"> State Board of Education </term> shall develop an alternate assessment to measure career and college readiness for students who are not required to take the ACT or PLAN under this act. Pilot testing for the alternate ACT assessment shall occur simultaneously with the ACT administration during the <term type="NE" subtype="DURATION"> 2013-2014 </term> school <term type="NE" subtype="DURATION"> year </term>. Pilot testing for the alternate PLAN assessment shall occur simultaneously with the PLAN administration during the <term type="NE" subtype="DURATION"> 2014-2015 </term> school <term type="NE" subtype="DURATION"> year </term>. Students who participate in the pilot testing shall not be administered the ACT or PLAN, and where possible, results from the ACT pilot will be included in the accountability reports.</head>
        </div2>
        <div2 type="section" n="4">
          <head>SECTION 4. This act is effective when it becomes law.</head>
        </div2>
      </div1>
    </body>
  </text>
</TEI>
