<TEI xmlns="http://www.tei-c.org/ns/1.0">
  <teiHeader xml:lang="en">
    <fileDesc>
      <titleStmt>
        <title xml:id="NM-2009-S133"/>
        <author>Gay G. Kernan    FOR THE LEGISLATIVE EDUCATION STUDY COMMITTEE  </author>
      </titleStmt>
      <editionStmt>
        <edition/>
      </editionStmt>
      <publicationStmt>
        <pubPlace>New Mexico</pubPlace>
        <idno>NM-2009-S133</idno>
        <date>2009</date>
      </publicationStmt>
      <sourceDesc>
        <bibl>https:\\www.nmlegis.gov\Sessions\09%20Regular\bills\senate\SB0133.html</bibl>
      </sourceDesc>
    </fileDesc>
  </teiHeader>
  <text xml:lang="en">
    <front>
      <div1 type="abstract">
        <head>AN ACT RELATING TO SCHOOL PERSONNEL; ELIMINATING THE <term type="NE" subtype="DURATION"> ONE-YEAR </term> THREE-A LICENSURE REQUIREMENT FOR APPLICANTS OF REGULAR LEVEL THREE-B LICENSES; PROVIDING FOR A PROVISIONAL LEVEL THREE-B LICENSE FOR CERTAIN LEVEL TWO LICENSEES; RECONCILING MULTIPLE AMENDMENTS TO THE SAME SECTION OF LAW IN LAWS <term type="NE" subtype="DATE"> 2007 </term> </term>.</head>
      </div1>
    </front>
    <body>
      <div1>
        <opener>
          <salute/>
        </opener>
        <div2 type="section" n="1">
          <head>Section 1. Section 22-10A-11 NMSA <term type="NE" subtype="DATE"> 1978 </term> (being Laws <term type="NE" subtype="DATE"> 2003 </term>, Chapter 153, Section 42, as amended by Laws <term type="NE" subtype="DATE"> 2007 </term>, Chapter 303, Section 1 and by Laws <term type="NE" subtype="DATE"> 2007 </term>, Chapter 304, Section 2)is amended to read:</head>
          <p>" 22-10A-11. LEVEL THREE LICENSURE -- TRACKS FOR TEACHERS, COUNSELORS AND SCHOOL ADMINISTRATORS.</p>
          <p>A.A level three-A license is a <term type="NE" subtype="DURATION"> nine-year </term> license granted to a teacher who meets the qualifications for that level and who <term type="NE" subtype="SET"> annually </term> demonstrates instructional leader competencies. If a level three-A teacher does not demonstrate essential competency in a given school <term type="NE" subtype="DURATION"> year </term>, the school district shall provide the teacher with additional professional development and peer intervention during the following school <term type="NE" subtype="DURATION"> year </term>. If by the end of that school <term type="NE" subtype="DURATION"> year </term> the teacher fails to demonstrate essential competency, a school district may choose not to contract with the teacher to teach in the classroom.</p>
          <p>B.The department shall grant a level three-A license to an applicant who has been a level two teacher for <term type="NE" subtype="DURATION"> at least three years </term> and holds a post-baccalaureate degree or national board for professional teaching standards certification; demonstrates instructional leader competence as required by the department and verified by the local superintendent through the highly objective uniform statewide standard of evaluation; and meets other qualifications for the license.</p>
          <p>C.With the adoption by the department of a highly objective uniform statewide standard of evaluation for level three-A teachers, the minimum salary for a level three-A teacher for a standard nine and one-half <term type="NE" subtype="DURATION"> month </term> contract shall be as follows:</p>
          <p>(1)for the <term type="NE" subtype="DURATION"> 2003-2004 </term> school <term type="NE" subtype="DURATION"> year </term>, <term type="NE" subtype="MONEY"> thirty thousand dollars </term> (<term type="NE" subtype="MONEY"> $ 30,000 </term>);</p>
          <p>(2)for the <term type="NE" subtype="DURATION"> 2004-2005 </term> school <term type="NE" subtype="DURATION"> year </term>, <term type="NE" subtype="MONEY"> thirty-five thousand dollars </term> (<term type="NE" subtype="MONEY"> $ 35,000 </term>);</p>
          <p>(3)for the <term type="NE" subtype="DURATION"> 2005-2006 </term> school <term type="NE" subtype="DURATION"> year </term>, <term type="NE" subtype="MONEY"> forty thousand dollars </term> (<term type="NE" subtype="MONEY"> $ 40,000 </term>);</p>
          <p>(4)for the <term type="NE" subtype="DURATION"> 2006-2007 </term> school <term type="NE" subtype="DURATION"> year </term>, <term type="NE" subtype="MONEY"> forty-five thousand dollars </term> (<term type="NE" subtype="MONEY"> $ 45,000 </term>); and</p>
          <p>(5)for the <term type="NE" subtype="DURATION"> 2007-2008 </term> school <term type="NE" subtype="DURATION"> year </term>, <term type="NE" subtype="MONEY"> fifty thousand dollars </term> (<term type="NE" subtype="MONEY"> $ 50,000 </term>).</p>
          <p>D.A level three-B license is a <term type="NE" subtype="DURATION"> nine-year </term> license granted to a school administrator who meets the qualifications for that level. Licenses may be renewed upon satisfactory <term type="NE" subtype="SET"> annual </term> demonstration of instructional leader and administrative competency.</p>
          <p>E.The department shall grant a level three-B license to an applicant who:</p>
          <p>(1)-LSB-<hi rend="strikethrough">has been a level three-A teacher for <term type="NE" subtype="DURATION"> at least one year </term></hi>]<hi rend="underlined">holds a level two license</hi>or who holds a current level [<hi rend="strikethrough">2</hi>]<hi rend="underlined">two</hi>teacher's license and [<hi rend="strikethrough">who</hi>] for at least four years, has held the highest-ranked counselor license as provided in Chapter 22, Article 10A NMSA 1978 and rules promulgated by the department;<hi rend="strikethrough">has been a level three-A teacher for <term type="NE" subtype="DURATION"> at least one year </term></hi><hi rend="underlined">holds a level two license</hi><hi rend="strikethrough">2</hi><hi rend="underlined">two</hi><hi rend="strikethrough">who</hi></p>
          <p><hi rend="underlined">(2)holds a post-baccalaureate degree or national board for professional teaching standards certification;</hi>(2) holds a post-baccalaureate degree or national board for professional teaching standards certification;<hi rend="underlined">(2)holds a post-baccalaureate degree or national board for professional teaching standards certification;</hi></p>
          <p>[<hi rend="strikethrough">(2)</hi>]<hi rend="underlined">(3)</hi>has satisfactorily completed department-approved courses in administration and a department-approved administration apprenticeship program; and<hi rend="strikethrough">(2)</hi><hi rend="underlined">(3)</hi></p>
          <p>[<hi rend="strikethrough">(3)</hi>]<hi rend="underlined">(4)</hi>demonstrates instructional leader competence required by the department and verified by the local superintendent through the highly objective uniform statewide standard of evaluation.<hi rend="strikethrough">(3)</hi><hi rend="underlined">(4)</hi></p>
          <p>F.Beginning with the <term type="NE" subtype="DURATION"> 2007-2008 </term> school <term type="NE" subtype="DURATION"> year </term>, the minimum <term type="NE" subtype="SET"> annual </term> salary for a level three-B school principal or assistant school principal shall be <term type="NE" subtype="MONEY"> fifty thousand dollars </term> (<term type="NE" subtype="MONEY"> $ 50,000 </term>)multiplied by the applicable responsibility factor.</p>
          <p>, which includes data sources linked to student achievement and educational plan for student success progress, for level three-B school principals and assistant school principals and rules for the implementation of that evaluation system linked to the level of responsibility at each school level."</p>
        </div2>
        <div2 type="section" n="2">
          <head>Section 2. A new section of the School Personnel Act is enacted to read:</head>
          <p>"[<hi rend="underlined">NEW MATERIAL</hi>] LEVEL THREE-B PROVISIONAL LICENSURE FOR SCHOOL PRINCIPALS.--<hi rend="underlined">NEW MATERIAL</hi></p>
          <p>A.A school district that has a shortage of qualified school principal candidates may request that the department issue a provisional three-B license to a level two teacher whom the school district believes has the potential to be an effective school principal.</p>
          <p>B.To qualify for a provisional three-B license, the candidate shall:</p>
          <p>(1)meet the requirements for a level three-A license;</p>
          <p>(2)be enrolled in a department-approved induction and mentoring program in the school district; and</p>
          <p>(3)be accepted into a department-approved school administrator preparation program.</p>
          <p>C.The provisional license is a <term type="NE" subtype="DURATION"> four-year </term> license and is not renewable. To maintain the provisional license, the licensee must receive satisfactory evaluations <term type="NE" subtype="SET"> each year </term> from the school district's mentoring program and from the school administrator preparation program.</p>
          <p>(1)satisfactorily completes the school district's mentoring program; and</p>
          <p>(2)satisfactorily completes the department-approved school administrator preparation program."</p>
          <p>- <term type="NE" subtype="DATE"> 5 </term> -</p>
        </div2>
      </div1>
    </body>
  </text>
</TEI>
