<TEI xmlns="http://www.tei-c.org/ns/1.0">
  <teiHeader xml:lang="en">
    <fileDesc>
      <titleStmt>
        <title xml:id="NM-2011-S360"/>
        <author>Cynthia Nava    FOR THE LEGISLATIVE EDUCATION STUDY COMMITTEE  </author>
      </titleStmt>
      <editionStmt>
        <edition/>
      </editionStmt>
      <publicationStmt>
        <pubPlace>New Mexico</pubPlace>
        <idno>NM-2011-S360</idno>
        <date>2011</date>
      </publicationStmt>
      <sourceDesc>
        <bibl>https:\\www.nmlegis.gov\Sessions\11%20Regular\bills\senate\SB0360.html</bibl>
      </sourceDesc>
    </fileDesc>
  </teiHeader>
  <text xml:lang="en">
    <front>
      <div1 type="abstract">
        <head>AN ACT RELATING TO FINANCIAL SOLVENCY; SUSPENDING THE REQUIREMENTS FOR CERTAIN STUDENT ASSESSMENTS FOR THE <term type="NE" subtype="DURATION"> 2011-2012 </term> SCHOOL <term type="NE" subtype="DURATION"> YEAR </term> </term>.</head>
      </div1>
    </front>
    <body>
      <div1>
        <opener>
          <salute/>
        </opener>
        <div2 type="section" n="1">
          <head>SECTION 1. TEMPORARY PROVISION -- PUBLIC SCHOOLS FINANCIAL SOLVENCY -- SUSPENDING CERTAIN REQUIRED STUDENT ASSESSMENTS FOR ONE SCHOOL <term type="NE" subtype="DURATION"> YEAR </term>.</head>
          <p>A.The legislature finds that the financial crisis of calendar <term type="NE" subtype="DURATION"> years 2008-2010 </term> will continue into fiscal <term type="NE" subtype="DATE"> year 2012 </term>, and, to balance the state budget, the legislature must reduce general appropriations for state government, higher education and public schools by <term type="NE" subtype="MONEY"> several hundred million dollars </term>. The purpose of this section is to temporarily suspend the requirement that local school districts administer certain student assessments.</p>
          <p>B.For school <term type="NE" subtype="DURATION"> year 2011-2012 </term>, the public education department and school districts, charter schools and state educational institutions shall not be required to administer the following student assessments:</p>
        </div2>
        <div2 type="section" n="2">
          <head>(1)the provisions of Section 22-13-1.1 NMSA <term type="NE" subtype="DATE"> 1978 </term> notwithstanding, a standards-based assessment or assessments or a portfolio of standards-based indicators for high school graduation;</head>
        </div2>
        <div2 type="section" n="3">
          <head>(2)the provisions of Section 22-2C-4 NMSA <term type="NE" subtype="DATE"> 1978 </term> notwithstanding, in grade eleven, a standards-based assessment in social studies; and for grades three through eight and eleven, a standards-based writing assessment; and</head>
        </div2>
        <div2 type="section" n="4">
          <head>(3)the provisions of Section 22-2C-4. 1 NMSA <term type="NE" subtype="DATE"> 1978 </term> notwithstanding, in grades nine and ten, short-cycle diagnostic assessments in reading, language arts and mathematics and, in grade eleven, a college placement assessment, a workforce readiness assessment or an alternative demonstration of competency using standards-based indicators.</head>
        </div2>
        <div2 type="section" n="5">
          <head>C.The provisions of Section 22-13-1. 1 NMSA <term type="NE" subtype="DATE"> 1978 </term> notwithstanding, a student who has completed the course requirements for high school graduation in the <term type="NE" subtype="DURATION"> 2011-2012 </term> school <term type="NE" subtype="DATE"> year may </term> graduate without demonstrating competence in required subject areas on the standards-based assessment or assessments or a portfolio of standards-based indicators established by the public education department by rule.</head>
        </div2>
      </div1>
    </body>
  </text>
</TEI>
