<TEI xmlns="http://www.tei-c.org/ns/1.0">
  <teiHeader xml:lang="en">
    <fileDesc>
      <titleStmt>
        <title xml:id="NM-2010-S111"/>
        <author>Cynthia Nava and Sheryl Williams Stapleton    FOR THE LEGISLATIVE EDUCATION STUDY COMMITTEE  </author>
      </titleStmt>
      <editionStmt>
        <edition/>
      </editionStmt>
      <publicationStmt>
        <pubPlace>New Mexico</pubPlace>
        <idno>NM-2010-S111</idno>
        <date>2010</date>
      </publicationStmt>
      <sourceDesc>
        <bibl>https:\\www.nmlegis.gov\Sessions\10%20Regular\bills\senate\SB0111.html</bibl>
      </sourceDesc>
    </fileDesc>
  </teiHeader>
  <text xml:lang="en">
    <front>
      <div1 type="abstract">
        <head>AN ACT RELATING TO SCHOOL PERSONNEL; ADDING THE USE OF CERTAIN PROFESSIONAL DEVELOPMENT TO THE STANDARDS OF <term type="NE" subtype="SET"> ANNUAL </term> PERFORMANCE EVALUATION FOR TEACHERS.</head>
      </div1>
    </front>
    <body>
      <div1>
        <opener>
          <salute/>
        </opener>
        <div2 type="section" n="1">
          <head>Section 1. Section 22-10A-19 NMSA <term type="NE" subtype="DATE"> 1978 </term> (being Laws <term type="NE" subtype="DATE"> 2003 </term>, Chapter 153, Section 50)is amended to read:</head>
          <p>" 22-10A-19. TEACHERS AND SCHOOL PRINCIPALS -- ACCOUNTABILITY -- EVALUATIONS -- PROFESSIONAL DEVELOPMENT -- PEER INTERVENTION -- MENTORING.</p>
          <p>A.The -LSB-<hi rend="strikethrough">state board</hi>]<hi rend="underlined">department</hi>shall adopt criteria and minimum highly objective uniform statewide standards of evaluation for the annual performance evaluation of licensed school employees.<hi rend="underlined">The standards of evaluation for teachers shall include documentation on how a teacher who receives professional development that has been required or offered by the state or a school district or charter school incorporates the results of that professional development in the classroom and shares it with other teachers in the school district or charter school.</hi>The standards of evaluation for teachers shall include documentation on how a teacher who receives professional development that has been required or offered by the state or a school district or charter school incorporates the results of that professional development in the classroom and shares it with other teachers in the school district or charter school.<hi rend="strikethrough">state board</hi><hi rend="underlined">department</hi><hi rend="underlined">The standards of evaluation for teachers shall include documentation on how a teacher who receives professional development that has been required or offered by the state or a school district or charter school incorporates the results of that professional development in the classroom and shares it with other teachers in the school district or charter school.</hi></p>
          <p><hi rend="underlined">B.</hi>The local superintendent shall adopt policies, guidelines and procedures for the performance evaluation process. Evaluation by other school employees shall be one component of the evaluation tool for school administrators.<hi rend="underlined">B.</hi></p>
          <p>[<hi rend="strikethrough">B.</hi>]<hi rend="underlined">C.</hi>As part of the highly objective uniform statewide standard of evaluation for teachers, the school principal shall observe each teacher's classroom practice to determine the teacher's ability to demonstrate state-adopted competencies.<hi rend="strikethrough">B.</hi><hi rend="underlined">C.</hi></p>
          <p>[<hi rend="strikethrough">C.</hi>]<hi rend="underlined">D.</hi>At the beginning of each school year, teachers and school principals shall devise professional development plans for the coming year, and performance evaluations shall be based in part on how well the professional development plan was carried out.<hi rend="strikethrough">C.</hi><hi rend="underlined">D.</hi></p>
          <p>[<hi rend="strikethrough">D.</hi>]<hi rend="underlined">E.</hi>If a level two or three-A teacher's performance evaluation indicates less than satisfactory performance and competency, the school principal may require the teacher to undergo peer intervention, including mentoring, for a period the school principal deems necessary. If the teacher is unable to demonstrate satisfactory performance and competency by the end of the period, the peer interveners may recommend termination of the teacher.<hi rend="strikethrough">D.</hi><hi rend="underlined">E.</hi></p>
          <p>[<hi rend="strikethrough">E.</hi>]<hi rend="underlined">F.</hi>At least every two years, school principals shall attend a training program approved by the department to improve their evaluation, administrative and instructional leadership skills."<hi rend="strikethrough">E.</hi><hi rend="underlined">F.</hi></p>
          <p>- <term type="NE" subtype="DATE"> 3 </term> -</p>
        </div2>
      </div1>
    </body>
  </text>
</TEI>
