<TEI xmlns="http://www.tei-c.org/ns/1.0">
  <teiHeader xml:lang="en">
    <fileDesc>
      <titleStmt>
        <title xml:id="NM-2011-H115"/>
        <author>Eleanor Chavez    FOR THE LEGISLATIVE EDUCATION STUDY COMMITTEE  </author>
      </titleStmt>
      <editionStmt>
        <edition/>
      </editionStmt>
      <publicationStmt>
        <pubPlace>New Mexico</pubPlace>
        <idno>NM-2011-H115</idno>
        <date>2011</date>
      </publicationStmt>
      <sourceDesc>
        <bibl>https:\\www.nmlegis.gov\Sessions\11%20Regular\bills\house\HB0115.html</bibl>
      </sourceDesc>
    </fileDesc>
  </teiHeader>
  <text xml:lang="en">
    <front>
      <div1 type="abstract">
        <head>AN ACT RELATING TO PUBLIC SCHOOLS; PROVIDING FOR LOCAL POLICIES AND STATE RULES RELATED TO THE PROVISION OF SUPPLEMENTAL EDUCATION SERVICES FOR TITLE 1-ELIGIBLE STUDENTS WHO ATTEND SCHOOLS IN NEED OF IMPROVEMENT.</head>
      </div1>
    </front>
    <body>
      <div1>
        <opener>
          <salute/>
        </opener>
        <div2 type="section" n="1">
          <head>SECTION 1. Section 22-2C-7 NMSA <term type="NE" subtype="DATE"> 1978 </term> (being Laws <term type="NE" subtype="DATE"> 2003 </term>, Chapter 153, Section 16, as amended)is amended to read:</head>
          <p>" 22-2C-7. ADEQUATE <term type="NE" subtype="SET"> YEARLY </term> PROGRESS -- SCHOOL IMPROVEMENT PLANS -- CORRECTIVE ACTION -- RESTRUCTURING.</p>
          <p>A.A public school that fails to make adequate <term type="NE" subtype="SET"> yearly </term> progress for two consecutive school <term type="NE" subtype="DURATION"> years </term> shall be identified as a school in need of improvement.</p>
          <p>(1)school improvement 1;</p>
          <p>(2)school improvement 2;</p>
          <p>(3)corrective action;</p>
          <p>(4)restructuring 1; or</p>
          <p>(5)restructuring 2.</p>
          <p>B.Within <term type="NE" subtype="DURATION"> ninety days </term> of being notified that a public school within the school district has been identified as a public school in need of improvement, the school district shall submit an improvement plan for that public school to the department. In developing the improvement plan, the local superintendent, the president of the local school board and the school principal of the public school in need of improvement shall hold a public meeting to inform parents and the public of the public school's rank. The meeting shall be used to elicit suggestions from parents and the public on how to improve the public school. After the public meeting, the school district shall develop the public school's improvement plan, and the local school board shall approve the improvement plan before it is submitted to the department. The improvement plan shall be approved by the department within <term type="NE" subtype="DURATION"> thirty days </term> of its submission.</p>
          <p>C.The improvement plan shall include:</p>
          <p>(1)documentation of performance measures in which the public school failed to make adequate <term type="NE" subtype="SET"> yearly </term> progress;</p>
          <p>(2)measurable objectives to indicate the action that will be taken to address failed measures;</p>
          <p>(3)benchmarks to be used to indicate progress in meeting academic content and performance standards;</p>
          <p>(4)an estimate of the time and the resources needed to achieve each objective in the improvement plan;</p>
          <p>(5)the support services that shall be provided to students;</p>
          <p>(6)applications that have been made for federal and state funds; and</p>
          <p>(7)any other information that the public school that needs improvement, the local superintendent, the local school board or the department deems necessary.</p>
          <p>D.A public school in need of improvement may apply to the department for financial or other assistance in accordance with the improvement plan. The public school shall make application for assistance substantially in the form required by the department. The department shall evaluate applications for assistance and may recommend changes to an application or to an improvement plan if warranted by the final application. The department shall consider innovative methods to assist the public school in meeting its improvement plan, including department or other school employees serving as a mobile assistance team to provide administrative, classroom, human resource and other assistance to the public school that needs improvement as needed and as provided in applications approved by the department.</p>
          <p>E.If a public school has failed to make adequate <term type="NE" subtype="SET"> yearly </term> progress for two consecutive school <term type="NE" subtype="DURATION"> years </term>, it shall be placed in school improvement 1 and shall provide transportation or pay the cost of transportation, within available funds, for students who choose to enroll in a higher ranked public school.</p>
          <p>F.If a public school has failed to make adequate <term type="NE" subtype="SET"> yearly </term> progress for three consecutive school <term type="NE" subtype="DURATION"> years </term>, it shall be placed in school improvement 2 and shall provide supplemental services, including after-school programs, tutoring and <term type="NE" subtype="DATE"> summer </term> services to its Title I-eligible students, within available funds.<hi rend="underlined">A local school board or a governing body of a charter school may adopt a policy governing whether the school's teachers may be hired as tutors for the teachers' own students or for students from the teachers' school.</hi>A local school board or a governing body of a charter school may adopt a policy governing whether the school's teachers may be hired as tutors for the teachers' own students or for students from the teachers' school.<hi rend="underlined">A local school board or a governing body of a charter school may adopt a policy governing whether the school's teachers may be hired as tutors for the teachers' own students or for students from the teachers' school.</hi></p>
          <p>G.The department shall adopt rules that govern the priority for students for whom supplemental services shall be provided and for students for whom transportation costs are paid.<hi rend="underlined">and the establishment of a range of rates that providers may charge</hi>and<hi rend="underlined">the rules shall</hi>require that providers use a pre- and post-assessment instrument approved by the department to measure the gains that students achieve through supplemental services.<hi rend="underlined">and the establishment of a range of rates that providers may charge</hi><hi rend="underlined">the rules shall</hi></p>
          <p><hi rend="underlined">H.The department shall also adopt rules requiring that in its application, each provider of supplemental educational services include documentation, as prescribed by the department, that the tutoring services to be offered are consistent with the instructional program offered by the school</hi><hi rend="underlined">district or charter school whose students the provider intends to serve. The department may consult with the school district or charter school to determine whether an applicant has met this requirement.</hi>district or charter school whose students the provider intends to serve. The department may consult with the school district or charter school to determine whether an applicant has met this requirement.<hi rend="underlined">H.The department shall also adopt rules requiring that in its application, each provider of supplemental educational services include documentation, as prescribed by the department, that the tutoring services to be offered are consistent with the instructional program offered by the school</hi><hi rend="underlined">district or charter school whose students the provider intends to serve. The department may consult with the school district or charter school to determine whether an applicant has met this requirement.</hi></p>
          <p>[<hi rend="strikethrough">H.</hi>]<hi rend="underlined">I.</hi>If a public school has failed to make adequate yearly progress for four consecutive school years, it shall be placed in corrective action and the school district, in conjunction with the department, shall take one or more of the following actions in addition to earlier improvements:<hi rend="strikethrough">H.</hi><hi rend="underlined">I.</hi></p>
          <p>(1)replace staff as allowed by law;</p>
          <p>(2)implement a new curriculum;</p>
          <p>(3)decrease management authority of the public school;</p>
          <p>(4)appoint an outside expert to advise the public school;</p>
          <p>(5)extend the school <term type="NE" subtype="DURATION"> day </term> or <term type="NE" subtype="DURATION"> year </term>; or</p>
          <p>(6)change the public school's internal organizational structure.</p>
          <p>[<hi rend="strikethrough">I.</hi>]<hi rend="underlined">J.</hi>If a public school has failed to make adequate yearly progress for five consecutive school years, it shall be placed in restructuring 1 and shall continue the improvement measures implemented pursuant to Subsections B through [<hi rend="strikethrough">H</hi>]<hi rend="underlined">I</hi>of this section and begin planning for restructuring of the public school if it fails to make adequate yearly progress in the sixth year.<hi rend="strikethrough">I.</hi><hi rend="underlined">J.</hi><hi rend="strikethrough">H</hi><hi rend="underlined">I</hi></p>
          <p>[<hi rend="strikethrough">J.</hi>]<hi rend="underlined">K.</hi>If a public school has failed to make adequate yearly progress for six consecutive years, it shall be placed in restructuring 2. The school district, in conjunction with the department, shall take one or more of the following actions in addition to other improvements:<hi rend="strikethrough">J.</hi><hi rend="underlined">K.</hi></p>
        </div2>
        <div2 type="section" n="2">
          <head>(1)recommend reopening the public school as a state-chartered charter school as provided in Section 22-2C-7.1 NMSA <term type="NE" subtype="DATE"> 1978 </term>;</head>
          <p>(2)replace all or most of the staff as allowed by law;</p>
          <p>(3)turn over the management of the public school to the department; or</p>
          <p>(4)make other governance changes.</p>
          <p>[<hi rend="strikethrough">K.</hi>]<hi rend="underlined">L.</hi>A school district that has failed to make adequate yearly progress for two consecutive school years may be subject to the same requirements as a public school subject to corrective action, as determined by the department. A school district that fails to make adequate yearly progress for four consecutive school years shall be subject to corrective action.<hi rend="strikethrough">K.</hi><hi rend="underlined">L.</hi></p>
          <p>[<hi rend="strikethrough">L.</hi>]<hi rend="underlined">M.</hi>The state, a school district or a charter school shall not enter into management contracts with private entities for the management of a public school or a school district subject to corrective action.<hi rend="strikethrough">L.</hi><hi rend="underlined">M.</hi></p>
          <p>[<hi rend="strikethrough">M.</hi>]<hi rend="underlined">N.</hi>If a public school that is identified as a school in need of improvement makes adequate yearly progress in the year that it has been placed in school improvement 1, school improvement 2, corrective action or restructuring 1, it shall not move to the next school improvement rank for one year. If the public school makes adequate yearly progress for a second consecutive year, it shall be removed from the ranks of schools in need of improvement.<hi rend="strikethrough">M.</hi><hi rend="underlined">N.</hi></p>
          <p>[<hi rend="strikethrough">N.</hi>]<hi rend="underlined">O.</hi>Nothing in this section shall be construed to restrict the powers and duties of the secretary or the department under the Public School Code."<hi rend="strikethrough">N.</hi><hi rend="underlined">O.</hi></p>
          <p>- <term type="NE" subtype="DATE"> 7 </term> -</p>
        </div2>
      </div1>
    </body>
  </text>
</TEI>
