<TEI xmlns="http://www.tei-c.org/ns/1.0">
  <teiHeader xml:lang="en">
    <fileDesc>
      <titleStmt>
        <title xml:id="NM-2013-S349"/>
        <author>Peter Wirth      </author>
      </titleStmt>
      <editionStmt>
        <edition/>
      </editionStmt>
      <publicationStmt>
        <pubPlace>New Mexico</pubPlace>
        <idno>NM-2013-S349</idno>
        <date>2013</date>
      </publicationStmt>
      <sourceDesc>
        <bibl>https:\\www.nmlegis.gov\Sessions\13%20Regular\bills\senate\SB0349.html</bibl>
      </sourceDesc>
    </fileDesc>
  </teiHeader>
  <text xml:lang="en">
    <front>
      <div1 type="abstract">
        <head>AN ACT RELATING TO HIGHER EDUCATION; RAISING THE CAP FOR PUBLIC SERVICE ATTORNEY LOAN REPAYMENTS.</head>
      </div1>
    </front>
    <body>
      <div1>
        <opener>
          <salute/>
        </opener>
        <div2 type="section" n="1">
          <head>SECTION 1. Section 21-22F-5 NMSA <term type="NE" subtype="DATE"> 1978 </term> (being Laws <term type="NE" subtype="DATE"> 2005 </term>, Chapter 83, Section 5, as amended)is amended to read:</head>
          <p>" 21-22F-5. LOAN REPAYMENT PROGRAM -- PARTICIPANT ELIGIBILITY -- AWARD CRITERIA.</p>
          <p>A.An applicant shall be licensed to practice in <term type="NE" subtype="LOCATION"> New Mexico </term> as an attorney and shall declare an intent to practice as an attorney in public service employment.</p>
          <p>B.Prior to submitting an application to the public service law loan repayment program, an applicant shall apply to all available legal education loan repayment programs offered by the applicant's law school for which the applicant qualifies.</p>
          <p>C.An applicant who intends to practice as an attorney in a public service employment position that earns more than -LSB-<hi rend="strikethrough"><term type="NE" subtype="MONEY"> forty-five thousand dollars </term> (<term type="NE" subtype="MONEY"> $ 45,000 </term>)</hi>]<hi rend="underlined"><term type="NE" subtype="MONEY"> fifty-five thousand dollars </term> (<term type="NE" subtype="MONEY"> $ 55,000 </term>)</hi>per year is not eligible for participation in the public service law loan repayment program.<hi rend="strikethrough"><term type="NE" subtype="MONEY"> forty-five thousand dollars </term> (<term type="NE" subtype="MONEY"> $ 45,000 </term>)</hi><hi rend="underlined"><term type="NE" subtype="MONEY"> fifty-five thousand dollars </term> (<term type="NE" subtype="MONEY"> $ 55,000 </term>)</hi></p>
          <p>D.Prior to receiving a loan repayment award, the applicant shall file with the department:</p>
          <p>(1)a declaration of intent to practice as an attorney in public service employment;</p>
          <p>(2)proof of prior application to all legal education loan repayment programs offered by the applicant's law school for which the applicant qualifies; and</p>
          <p>(3)documentation that includes the applicant's total legal education debt, salary, any amounts received by the applicant from other law loan repayment programs and other sources of income deemed by the department as appropriate for consideration; provided that the applicant shall not be required to disclose amounts of income from military service.</p>
          <p>E.Award criteria shall provide that:</p>
          <p>(1)preference in making awards shall be to applicants who:</p>
          <p>(a)have graduated from the university of <term type="NE" subtype="LOCATION"> New Mexico </term> law school;</p>
          <p>(b)have the greatest financial need based on legal education indebtedness and salary;</p>
          <p>(c)work in public service employment that has the lowest salaries; and</p>
          <p>(d)work in public service employment in underserved areas of <term type="NE" subtype="LOCATION"> New Mexico </term> that are in greatest need of attorneys practicing in public service employment;</p>
          <p>(2)an applicant's employment as an attorney in public service employment prior to participation in the public service law loan repayment program shall not count as time spent toward the minimum <term type="NE" subtype="DURATION"> three-year </term> period of service requirement pursuant to the contract between the participating attorney and the department acting on behalf of the state;</p>
          <p>(3)award amounts are dependent upon the applicant's total legal education debt, salary and sources of income other than income from military service deemed by the department as appropriate for consideration;</p>
          <p>(5)an award shall not exceed the total legal education debt of any participant;</p>
          <p>(6)award amounts shall be reduced by the sum of the total award amounts received by the participant from other legal education loan repayment programs; and</p>
          <p>(7)an award determination may be appealed to the secretary of higher education.</p>
          <p>F.The following legal education debts are not eligible for repayment pursuant to the Public Service Law Loan Repayment Act:</p>
          <p>(1)amounts incurred as a result of participation in state or law school loan-for-service programs or other state or law school programs whose purposes state that service be provided in exchange for financial assistance;</p>
          <p>(2)scholarships that have a service component or obligation;</p>
          <p>(3)personal loans from relatives or friends; and</p>
          <p>(4)loans that exceed individual standard school expense levels."</p>
          <p>- <term type="NE" subtype="DATE"> 4 </term> -</p>
        </div2>
      </div1>
    </body>
  </text>
</TEI>
