<TEI xmlns="http://www.tei-c.org/ns/1.0">
  <teiHeader xml:lang="en">
    <fileDesc>
      <titleStmt>
        <title xml:id="NM-2011-H014"/>
        <author>Eliseo Lee Alcon    FOR THE MILITARY AND VETERANS' AFFAIRS COMMITTEE  </author>
      </titleStmt>
      <editionStmt>
        <edition/>
      </editionStmt>
      <publicationStmt>
        <pubPlace>New Mexico</pubPlace>
        <idno>NM-2011-H014</idno>
        <date>2011</date>
      </publicationStmt>
      <sourceDesc>
        <bibl>https:\\www.nmlegis.gov\Sessions\11%20Regular\bills\house\HB0014.html</bibl>
      </sourceDesc>
    </fileDesc>
  </teiHeader>
  <text xml:lang="en">
    <front>
      <div1 type="abstract">
        <head>AN ACT RELATING TO PUBLIC SCHOOLS; ALLOWING ENROLLMENT PRIORITY TO STUDENTS WHOSE PARENTS ARE ACTIVE DUTY MILITARY PERSONNEL IN <term type="NE" subtype="LOCATION"> NEW <term type="NE" subtype="LOCATION"> MEXICO </term> </term>.</head>
      </div1>
    </front>
    <body>
      <div1>
        <opener>
          <salute/>
        </opener>
        <div2 type="section" n="1">
          <head>SECTION 1. Section 22-1-4 NMSA <term type="NE" subtype="DATE"> 1978 </term> (being Laws <term type="NE" subtype="DATE"> 1975 </term>, Chapter 338, Section 1, as amended)is amended to read:</head>
          <p>" 22-1-4. FREE PUBLIC SCHOOLS -- EXCEPTIONS -- WITHDRAWING AND ENROLLING -- <term type="NE" subtype="MISC"> OPEN </term> ENROLLMENT.</p>
        </div2>
        <div2 type="section" n="2">
          <head>A.Except as provided by Section 24-5-2 NMSA <term type="NE" subtype="DATE"> 1978 </term>, a free public school education shall be available to any school-age person who is a resident of this state and has not received a high school diploma or its equivalent.</head>
          <p>B.A free public school education in those courses already offered to persons pursuant to the provisions of Subsection A of this section shall be available to any person who is a resident of this state and has received a high school diploma or its equivalent if there is available space in such courses.</p>
          <p>C.Any person entitled to a free public school education pursuant to the provisions of this section may enroll or re-enroll in a public school at any time and, unless required to attend school pursuant to the Compulsory School Attendance Law, may withdraw from a public school at any time.</p>
          <p>D.In adopting and promulgating rules concerning the enrollment of students transferring from a home school or private school to the public schools, the local school board shall provide that the grade level at which the transferring student is placed is appropriate to the age of the student or to the student's score on a student achievement test administered according to the statewide assessment and accountability system.</p>
          <p>E.A local school board shall adopt and promulgate rules governing enrollment and re-enrollment at public schools other than charter schools within the school district.</p>
          <p>(1)definition of the school district boundary and the boundaries of attendance areas for each public school;</p>
        </div2>
        <div2 type="section" n="3">
          <head>(2)for each public school, definition of the boundaries of areas outside the school district boundary or within the school district but outside the public school's attendance area and within a distance of the public school that would not be served by a school bus route as determined pursuant to Section 22-16-4 NMSA <term type="NE" subtype="DATE"> 1978 </term> if enrolled, which areas shall be designated as " walk zones";</head>
          <p>(3)priorities for enrollment of students as follows:</p>
          <p>(a)<term type="NE" subtype="ORDINAL"> first </term>, students residing within the school district and within the attendance area of a public school<hi rend="underlined">and students who had resided in the attendance area prior to an active duty military parent being deployed, which deployment has required the student to relocate outside the attendance area for custodial care</hi>;<hi rend="underlined">and students who had resided in the attendance area prior to an active duty military parent being deployed, which deployment has required the student to relocate outside the attendance area for custodial care</hi></p>
          <p>(b)<term type="NE" subtype="ORDINAL"> second </term>, students enrolled in a school ranked as a school that needs improvement or a school subject to corrective action;</p>
          <p>(c)<term type="NE" subtype="ORDINAL"> third </term>, students who <term type="NE" subtype="DATE"> previously </term> attended the public school; and</p>
          <p>(d)<term type="NE" subtype="ORDINAL"> fourth </term>, all other applicants;</p>
          <p>(4)establishment of maximum allowable class size if smaller than that permitted by law; and</p>
          <p>(5)rules pertaining to grounds for denial of enrollment or re-enrollment at schools within the school district and the school district's hearing and appeals process for such a denial. Grounds for denial of enrollment or re-enrollment shall be limited to:</p>
          <p>(a)a student's expulsion from any school district or private school in this state or any other state during the preceding <term type="NE" subtype="DURATION"> twelve months </term>; or</p>
          <p>(b)a student's behavior in another school district or private school in this state or any other state during the preceding <term type="NE" subtype="DURATION"> twelve months </term> that is detrimental to the welfare or safety of other students or school employees.</p>
          <p>F.In adopting and promulgating rules governing enrollment and re-enrollment at public schools other than charter schools within the<hi rend="underlined">school</hi>district, a local school board may establish additional enrollment preferences for rules admitting students in accordance with the third and fourth priorities of enrollment set forth in Subparagraphs (c) and (d) of Paragraph (3) of Subsection E of this section. The additional enrollment preferences may include:<hi rend="underlined">school</hi></p>
          <p>(1)after-school child care for students;</p>
          <p>(2)child care for siblings of students attending the public school;</p>
          <p>(3)children of employees employed at the public school;</p>
          <p>(4)extreme hardship;</p>
          <p>(5)location of a student's previous school;</p>
          <p>(6)siblings of students already attending the public school; and</p>
          <p>(7)student safety.</p>
          <p>G.As long as the maximum allowable class size established by law or by rule of a local school board, whichever is lower, is not met or exceeded in a public school by enrollment of <term type="NE" subtype="ORDINAL"> first </term> - and second-priority persons, the public school shall enroll other persons applying in the priorities stated in the school district rules adopted pursuant to Subsections E and F of this section. If the maximum would be exceeded by enrollment of an applicant in <term type="NE" subtype="DATE"> the second </term> through <term type="NE" subtype="ORDINAL"> fourth </term> priority, the public school shall establish a waiting list. As classroom space becomes available, persons highest on the waiting list within the highest priority on the list shall be notified and given the opportunity to enroll.</p>
          <p>- <term type="NE" subtype="DATE"> 5 </term> -</p>
        </div2>
      </div1>
    </body>
  </text>
</TEI>
