<TEI xmlns="http://www.tei-c.org/ns/1.0">
  <teiHeader xml:lang="en">
    <fileDesc>
      <titleStmt>
        <title xml:id="NM-2009-H622"/>
        <author>Ben Lujan      </author>
      </titleStmt>
      <editionStmt>
        <edition/>
      </editionStmt>
      <publicationStmt>
        <pubPlace>New Mexico</pubPlace>
        <idno>NM-2009-H622</idno>
        <date>2009</date>
      </publicationStmt>
      <sourceDesc>
        <bibl>https:\\www.nmlegis.gov\Sessions\09%20Regular\bills\house\HB0622.html</bibl>
      </sourceDesc>
    </fileDesc>
  </teiHeader>
  <text xml:lang="en">
    <front>
      <div1 type="abstract">
        <head>AN ACT RELATING TO ECONOMIC DEVELOPMENT; ENACTING THE GREEN JOBS BONDING ACT; PROVIDING FOR GREEN JOBS TRAINING PROGRAMS; CREATING A FUND; PROVIDING PROCEDURES FOR IMPLEMENTING GRANTS TO HIGHER EDUCATION INSTITUTIONS FOR GREEN JOBS TRAINING PROGRAMS; AUTHORIZING THE ISSUANCE OF GREEN JOBS REVENUE BONDS; MAKING APPROPRIATIONS.</head>
      </div1>
    </front>
    <body>
      <div1>
        <opener>
          <salute/>
        </opener>
        <div2 type="section" n="1">
          <head>Section 1. -LSB- NEW MATERIAL]SHORT TITLE.-- Sections 1 through 8 of this act may be cited as the <term type="NE" subtype="MISC"> " Green Jobs Bonding Act </term>".</head>
        </div2>
        <hi rend="underlined">NEW MATERIAL</hi>
        <div2 type="section" n="2">
          <head>Section 2. -LSB- NEW MATERIAL]DEFINITIONS.</head>
          <p>A." authority" means the <term type="NE" subtype="LOCATION"> New Mexico </term> finance authority;</p>
          <p>B." bonds" means green jobs revenue bonds;</p>
          <p>C." department" means the higher education department;</p>
          <p>D." fund" means the green jobs bonding fund;</p>
          <p>E." green industries" means industries that contribute directly to preserving or enhancing environmental quality by reducing waste and pollution or producing sustainable products using sustainable processes and materials and that provide opportunities for advancement along a career track of increasing skills and wages.</p>
          <p>(1)energy system retrofits to increase energy efficiency and conservation;</p>
          <p>(2)production and distribution of biofuels, including vehicle retrofits for biofuels;</p>
          <p>(3)building design and construction that meet the equivalent of best available technology in energy and environmental design standards;</p>
          <p>(4)organic and community food production;</p>
          <p>(5)manufacture of products from nontoxic, environmentally certified or recycled materials;</p>
          <p>(6)manufacture and production of sustainable technologies, including solar panels, wind turbines and fuel cells;</p>
          <p>(7)solar technology installation and maintenance;</p>
          <p>(8)recycling, green composting and large-scale reuse of construction and demolition materials and debris; and</p>
          <p>(9)water retrofits to increase water efficiency and conservation;</p>
          <p>F." green jobs training programs" means those programs implemented by educational institutions related to training individuals to work in green industries and to ensure appropriate support services are provided;</p>
          <p>G." support services" means those services that provide trainees with the opportunity to participate in green jobs training programs, including:</p>
          <p>(1)free child care;</p>
          <p>(2)free tuition;</p>
          <p>(3)free materials needed for training programs;</p>
          <p>(4)counseling and mentoring services;</p>
          <p>(5)internships; or</p>
          <p>(6)job placement programs; and</p>
          <p>H." target populations" means disadvantaged individuals, including:</p>
          <p>(1)low-income individuals;</p>
          <p>(2)veterans;</p>
          <p>(3)formerly incarcerated, nonviolent offenders;</p>
          <p>(4)tribal and rural constituencies;</p>
          <p>(5)workers adversely affected by changing national or state energy policy;</p>
          <p>(6)at-risk youth;</p>
          <p>(7)unemployed youth and adults;</p>
          <p>(8)high school dropouts; or</p>
          <p>(9)single mothers.<hi rend="underlined">NEW MATERIAL</hi></p>
        </div2>
        <hi rend="underlined">NEW MATERIAL</hi>
        <div2 type="section" n="3">
          <head>Section 3. -LSB- NEW MATERIAL]STATE PLAN FOR GREEN JOBS TRAINING PROGRAMS.</head>
          <p>A.The department shall develop a state plan for the development of green jobs training programs with a focus on rural and tribal communities no later than the end of <term type="NE" subtype="DATE"> fiscal year 2010 </term>. The plan shall include a schedule for funding and implementation that gives priority to programs directed at target populations.</p>
          <p>(1)for coordination of a state research program with the workforce solutions department in which labor market data shall be collected and analyzed to track workforce trends from renewable energy and energy-efficiency industries and energy-related initiatives;</p>
          <p>(2)for a municipal and tribal energy training partnership program in which the department shall award competitive grants to higher education institutions in partnerships with cities, towns, counties and tribes to administer green jobs training programs; and</p>
          <p>(3)for a pathways out of poverty program in which the department shall award competitive grants to higher education institutions in partnerships to administer green jobs training programs directed specifically at disadvantaged target populations.</p>
          <p>B.The plan shall be followed by interested higher education institutions in <term type="NE" subtype="LOCATION"> New Mexico </term> and institutions shall cooperate with the department in the development and the implementation of the plan.<hi rend="underlined">NEW MATERIAL</hi></p>
        </div2>
        <div2 type="section" n="4">
          <head>Section 4. -LSB- NEW MATERIAL]GREEN JOBS BONDING FUND -- CREATED -- PLEDGE OF MONEY IN THE FUND.</head>
          <p>A.The " green jobs bonding fund" is created as a special fund within the authority. The fund shall be administered by the authority as a special account. The fund shall consist of gross receipts tax revenues distributed to the fund by law, money transferred to the fund pursuant to the provisions of the <term type="NE" subtype="MISC"> Green Jobs Bonding Act </term> and other transfers and appropriations made to the fund. Earnings of the fund shall be credited to the fund. Balances in the fund at the end of any fiscal <term type="NE" subtype="DURATION"> year </term> shall remain in the fund, except as provided in this section.</p>
          <p>B.Money in the fund shall be pledged irrevocably by the authority for the payment of principal and interest on all bonds issued pursuant to the <term type="NE" subtype="MISC"> Green Jobs Bonding Act </term>. Money in the fund is appropriated to the authority for the purpose of paying debt service, including redemption premiums on the bonds and the expenses incurred in the issuance, payment and administration of the bonds.</p>
          <p>C.On <term type="NE" subtype="DATE"> the last day of January </term> and <term type="NE" subtype="DATE"> July </term> of <term type="NE" subtype="SET"> each year </term>, the authority shall estimate the amount needed to make debt service payments on the bonds issued pursuant to the <term type="NE" subtype="MISC"> Green Jobs Bonding Act </term> plus the amount that may be needed for any required reserves, administrative expenses or the obligations coming due during <term type="NE" subtype="DURATION"> the next twelve months </term> from the fund. The authority shall transfer to the general fund any balance in the fund above the estimated amounts. Amounts transferred to the general fund may be appropriated by the legislature to the department for the purposes of carrying out the provisions of the <term type="NE" subtype="MISC"> Green Jobs Bonding Act </term>.</p>
          <p>D.Upon payment or defeasance of all principal, interest and other expenses or obligations related to the bonds, the authority shall certify to the higher education department, the department of finance and administration and the secretary of taxation and revenue that all obligations for the bonds issued pursuant to the <term type="NE" subtype="MISC"> Green Jobs Bonding Act </term> have been discharged and shall direct that distributions cease to the fund pursuant to that act and the <term type="NE" subtype="MISC"> Tax Administration Act </term>.</p>
          <p>E.The bonds issued pursuant to the <term type="NE" subtype="MISC"> Green Jobs Bonding Act </term> shall be payable solely from the fund or such other special funds that may be provided by law and do not create an obligation or indebtedness of the state within the meaning of any constitutional provision. A breach of any contractual obligation incurred pursuant to the <term type="NE" subtype="MISC"> Green Jobs Bonding Act </term> shall not impose a pecuniary liability or a charge upon the general credit or taxing power of the state, and the bonds are not general obligations for which the state's full faith and credit is pledged.</p>
          <p>F.The state does hereby pledge that the fund shall be used only for the purposes specified in this section and pledged <term type="NE" subtype="ORDINAL"> first </term> to pay the debt service on the bonds issued pursuant to the <term type="NE" subtype="MISC"> Green Jobs Bonding Act </term>. The state further pledges that any law authorizing the distribution of taxes or other revenues to the fund or authorizing expenditures from the fund shall not be amended or repealed or otherwise modified so as to impair the bonds to which the fund is dedicated as provided in this section.<hi rend="underlined">NEW MATERIAL</hi></p>
        </div2>
        <div2 type="section" n="5">
          <head>Section 5. -LSB- NEW MATERIAL]GREEN JOBS BONDS AUTHORIZED -- CONDITIONS -- PROCEDURE.</head>
          <p>A.The authority is authorized to issue and sell from time to time revenue bonds, known as " green jobs bonds", in an amount outstanding at any one time not to exceed <term type="NE" subtype="MONEY"> twenty million dollars </term> (<term type="NE" subtype="MONEY"> $ 20,000,000 </term>), payable solely from the fund, in compliance with the <term type="NE" subtype="MISC"> Green Jobs Bonding Act </term> and the New Mexico Finance Authority Act for the purpose of funding green jobs training programs when the department has certified the need for the bonds.</p>
          <p>B.The net proceeds from the bonds are appropriated to the department for the purpose of making grants for the administration of green jobs training programs pursuant to the <term type="NE" subtype="MISC"> Green Jobs Bonding Act </term>.</p>
          <p>C.Each series of bonds shall be issued pursuant to the provisions of the New Mexico Finance Authority Act, except as otherwise provided in the <term type="NE" subtype="MISC"> Green Jobs Bonding Act </term>.<hi rend="underlined">NEW MATERIAL</hi></p>
        </div2>
        <div2 type="section" n="6">
          <head>Section 6. -LSB- NEW MATERIAL]GREEN JOBS BONDING ACT IS FULL AUTHORITY FOR ISSUANCE OF BONDS -- BONDS ARE LEGAL INVESTMENTS.</head>
          <p>A.The <term type="NE" subtype="MISC"> Green Jobs Bonding Act </term> and the New Mexico Finance Authority Act shall, without reference to any other act of the legislature, be full authority for the issuance and sale of bonds, which bonds shall have all the qualities of investment securities under the <term type="NE" subtype="MISC"> Uniform Commercial Code </term> and shall not be invalid for any irregularity or defect or be contestable in the hands of bona fide purchasers or holders thereof for value.</p>
          <p>B.Bonds are legal investments for any person or board charged with the investment of any public funds and are acceptable as security for any deposit of public money.<hi rend="underlined">NEW MATERIAL</hi><hi rend="underlined">NEW MATERIAL</hi></p>
        </div2>
        <div2 type="section" n="7">
          <head>Section 7. -LSB- NEW MATERIAL]BONDS TAX EXEMPT.-- All bonds shall be exempt from taxation by the state or any of its political subdivisions.</head>
        </div2>
        <div2 type="section" n="8">
          <head>Section 8. -LSB- NEW MATERIAL]<term type="NE" subtype="SET"> ANNUAL </term> REPORT REQUIRED.-- No later than <term type="NE" subtype="DATE"> December 1 </term> of <term type="NE" subtype="SET"> each year </term>, the department shall report to the legislature and to the governor on its activities during <term type="NE" subtype="DATE"> the previous fiscal year </term> in administering the provisions of the <term type="NE" subtype="MISC"> Green Jobs Bonding Act </term>.</head>
          <p>A.details concerning all grants made for the administration of green jobs training programs;</p>
          <p>B.details concerning all expenditures made in administering the provisions of the <term type="NE" subtype="MISC"> Green Jobs Bonding Act </term>;</p>
          <p>C.a list of all higher education institutions in which green jobs training programs were developed and funded;</p>
          <p>D.an analysis of whether the green jobs training programs have been cost-effective;</p>
        </div2>
        <div2 type="section" n="9">
          <head>E.a report showing progress made in complying with the state plan developed pursuant to Section 3 of the <term type="NE" subtype="MISC"> Green Jobs Bonding Act </term>, and, if in noncompliance, a plan for achieving compliance in <term type="NE" subtype="DATE"> the future </term>;</head>
          <p>F.a summary of activities being conducted during <term type="NE" subtype="DATE"> the present fiscal year </term>; and</p>
          <p>G.any additional information that will assist the legislature and the governor in evaluating the program.<hi rend="underlined">NEW MATERIAL</hi></p>
        </div2>
        <div2 type="section" n="10">
          <head>Section 9. A new section of the <term type="NE" subtype="MISC"> Tax Administration Act </term> is enacted to read:</head>
        </div2>
        <div2 type="section" n="11">
          <head>" -LSB- NEW MATERIAL]DISTRIBUTION -- GREEN JOBS BONDING FUND -- GROSS RECEIPTS TAX.-- A distribution pursuant to Section 7-1-6. 1 NMSA <term type="NE" subtype="DATE"> 1978 </term> shall be made to the green jobs bonding fund from the net receipts attributable to the gross receipts tax imposed by the Gross Receipts and <term type="NE" subtype="MISC"> Compensating Tax Act </term> in an amount necessary to make the required bond debt service payments pursuant to the <term type="NE" subtype="MISC"> Green Jobs Bonding Act </term> as determined by the <term type="NE" subtype="LOCATION"> New Mexico </term> finance authority.</head>
        </div2>
        <div2 type="section" n="12">
          <head>A.after the required distribution pursuant to Section 7-1-6.</head>
          <p>B.contemporaneously with other distributions of net receipts attributable to the gross receipts tax for payment of debt service on outstanding bonds or to a fund dedicated for that purpose; and</p>
          <p>C.prior to any other distribution of net receipts attributable to the gross receipts tax.</p>
        </div2>
        <div2 type="section" n="13">
          <head>Section 10. EFFECTIVE DATE.-- The effective date of the provisions of this act is <term type="NE" subtype="DATE"> July 1, 2009 </term>.</head>
          <p>- <term type="NE" subtype="DATE"> 10 </term> -</p>
        </div2>
      </div1>
    </body>
  </text>
</TEI>
