<TEI xmlns="http://www.tei-c.org/ns/1.0">
  <teiHeader xml:lang="en">
    <fileDesc>
      <titleStmt>
        <title xml:id="NM-2009-S046"/>
        <author>Bernadette M. Sanchez   FOR THE ECONOMIC AND RURAL DEVELOPMENT COMMITTEE AND THE LEGISLATIVE EDUCATION STUDY COMMITTEE  </author>
      </titleStmt>
      <editionStmt>
        <edition/>
      </editionStmt>
      <publicationStmt>
        <pubPlace>New Mexico</pubPlace>
        <idno>NM-2009-S046</idno>
        <date>2009</date>
      </publicationStmt>
      <sourceDesc>
        <bibl>https:\\www.nmlegis.gov\Sessions\09%20Regular\bills\senate\SB0046.html</bibl>
      </sourceDesc>
    </fileDesc>
  </teiHeader>
  <text xml:lang="en">
    <front>
      <div1 type="abstract">
        <head>AN ACT RELATING TO PUBLIC SCHOOLS; ALLOWING SCHOOL DISTRICTS TO PROVIDE FOR INDUSTRY-TAUGHT OR - GUIDED PRE-APPRENTICESHIP PROGRAMS FOR QUALIFIED HIGH SCHOOL STUDENTS; PROVIDING FOR APPROVAL OF PRE-APPRENTICESHIP PROGRAMS, PROVIDERS AND INDUSTRY INSTRUCTORS; EXEMPTING INDUSTRY INSTRUCTORS FROM LICENSURE PROVISIONS; PROVIDING POWERS AND DUTIES.</head>
      </div1>
    </front>
    <body>
      <div1>
        <opener>
          <salute/>
        </opener>
        <div2 type="section" n="1">
          <head>Section 1. Section 22-13-1.</head>
          <p>" 22-13-1. 1. GRADUATION REQUIREMENTS.</p>
          <p>A.At the end of grades eight through eleven, each student shall prepare an interim next-step plan that sets forth the coursework for the grades remaining until high school graduation. <term type="NE" subtype="SET"> Each year </term>'s plan shall explain any differences from previous interim next-step plans, shall be filed with the principal of the student's high school and shall be signed by the student, the student's parent and the student's guidance counselor or other school official charged with coursework planning for the student.</p>
          <p>B.Each student must complete a final next-step plan during <term type="NE" subtype="DATE"> the senior year </term> and prior to graduation. The plan shall be filed with the principal of the student's high school and shall be signed by the student, the student's parent and the student's guidance counselor or other school official charged with coursework planning for the student.</p>
          <p>C.An individualized education program that meets the requirements of Subsections A and B of this section and that meets all applicable transition and procedural requirements of the federal Individuals with <term type="NE" subtype="MISC"> Disabilities Education Act </term> for a student with a disability shall satisfy the next-step plan requirements of this section for that student.</p>
          <p>D.A local school board shall ensure that each high school student has the opportunity to develop a</p>
          <p>next-step plan based on reports of college and workplace readiness assessments, as available, and other factors and is reasonably informed about:</p>
          <p>(1)curricular and course options, including honors or advanced placement courses, dual-credit courses, distance learning courses, career clusters,<hi rend="underlined">pre-apprenticeship programs</hi>or remediation programs that the college and workplace readiness assessments indicate to be appropriate;<hi rend="underlined">pre-apprenticeship programs</hi></p>
          <p>(2)opportunities available that lead to different post-high-school options; and</p>
          <p>(3)alternative opportunities available if the student does not finish a planned curriculum.</p>
          <p>E.The secretary shall:</p>
          <p>(1)establish specific accountability standards for administrators, counselors, teachers and school district staff to ensure that every student has the opportunity to develop a next-step plan;</p>
          <p>(2)promulgate rules for accredited private schools in order to ensure substantial compliance with the provisions of this section;</p>
          <p>(3)monitor compliance with the requirements of this section; and</p>
          <p>(4)compile such information as is necessary to evaluate the success of next-step plans and report <term type="NE" subtype="SET"> annually </term>, by <term type="NE" subtype="DATE"> December 15 </term>, to the legislative education study committee and the governor.</p>
          <p>F.Successful completion of a minimum of twenty-three units aligned to the state academic content and performance standards shall be required for graduation.</p>
          <p>(1)four units in <term type="NE" subtype="MISC"> English </term>, with major emphasis on grammar and literature;</p>
          <p>(2)three units in mathematics, at least one of which is equivalent to the algebra 1 level or higher;</p>
          <p>(3)two units in science, one of which shall have a laboratory component; provided, however, that with students entering the <term type="NE" subtype="ORDINAL"> ninth </term> grade beginning in the <term type="NE" subtype="DURATION"> 2005-2006 </term> school <term type="NE" subtype="DURATION"> year </term>, three units in science shall be required, one of which shall have a laboratory component;</p>
          <p>(4)three units in social science, which shall include <term type="NE" subtype="LOCATION"> United States </term> history and geography, world history and geography and government and economics;</p>
          <p>(5)one unit in physical education;</p>
          <p>(6)one unit in communication skills or business education, with a major emphasis on writing and speaking and that may include a language other than <term type="NE" subtype="MISC"> English </term>;</p>
          <p>(7)one-half unit in <term type="NE" subtype="LOCATION"> New Mexico </term> history for students entering the <term type="NE" subtype="ORDINAL"> ninth </term> grade beginning in the <term type="NE" subtype="DURATION"> 2005-2006 </term> school <term type="NE" subtype="DURATION"> year </term>; and</p>
          <p>(8)nine elective units and seven and one-half elective units for students entering the <term type="NE" subtype="ORDINAL"> ninth </term> grade in the <term type="NE" subtype="DURATION"> 2005-2006 </term> school <term type="NE" subtype="DURATION"> year </term> that meet department content and performance standards. Student service learning shall be offered as an elective. Financial literacy shall be offered as an elective.<hi rend="underlined">Pre-apprenticeship programs may be offered as electives.</hi>Pre-apprenticeship programs may be offered as electives.<hi rend="underlined">Pre-apprenticeship programs may be offered as electives.</hi></p>
          <p>G.For students entering the <term type="NE" subtype="ORDINAL"> ninth </term> grade beginning in the <term type="NE" subtype="DURATION"> 2009-2010 </term> school <term type="NE" subtype="DURATION"> year </term>, at least one of the units required for graduation shall be earned as an advanced placement or honors course, a dual-credit course offered in cooperation with an institution of higher education or a distance learning course.</p>
          <p>H.The department shall establish a procedure for students to be awarded credit through completion of specified career technical education courses for certain graduation requirements.</p>
          <p>I.Successful completion of the requirements of the <term type="NE" subtype="LOCATION"> New Mexico </term> diploma of excellence shall be required for graduation for students entering the <term type="NE" subtype="ORDINAL"> ninth </term> grade beginning in the <term type="NE" subtype="DURATION"> 2009-2010 </term> school <term type="NE" subtype="DURATION"> year </term>. Successful completion of a minimum of twenty-four units aligned to the state academic content and performance standards shall be required to earn a <term type="NE" subtype="LOCATION"> New Mexico </term> diploma of excellence.</p>
          <p>(1)four units in <term type="NE" subtype="MISC"> English </term>, with major emphasis on grammar, nonfiction writing and literature;</p>
          <p>(2)four units in mathematics, of which one shall be the equivalent to or higher than the level of algebra 2, unless the parent submitted written, signed permission for the student to complete a lesser mathematics unit;</p>
          <p>(3)three units in science, two of which shall have a laboratory component;</p>
          <p>(4)three and one-half units in social science, which shall include <term type="NE" subtype="LOCATION"> United States </term> history and geography, world history and geography and government and economics, and one-half unit of <term type="NE" subtype="LOCATION"> New Mexico </term> history;</p>
          <p>(5)one unit in physical education;</p>
          <p>(6)one unit in one of the following:</p>
          <p>a career cluster course, workplace readiness or a language other than <term type="NE" subtype="MISC"> English </term>; and</p>
          <p>(7)seven and one-half elective units that meet department content and performance standards. Student service learning shall be offered as an elective. Financial literacy shall be offered as an elective.<hi rend="underlined">Pre-apprenticeship programs may be offered as electives.</hi>Pre-apprenticeship programs may be offered as electives.<hi rend="underlined">Pre-apprenticeship programs may be offered as electives.</hi></p>
          <p>J.Final examinations shall be administered to all students in all classes offered for credit.</p>
          <p>K.Until <term type="NE" subtype="DATE"> July 1, 2010 </term>, a student who has not passed a state graduation examination in the subject areas of reading, <term type="NE" subtype="MISC"> English </term>, mathematics, writing, science and social science shall not receive a high school diploma. The state graduation examination on social science shall include a section on the constitution of the <term type="NE" subtype="LOCATION"> United States </term> and the constitution of <term type="NE" subtype="LOCATION"> New Mexico </term>. If a student exits from the school system at the end of grade twelve without having passed a state graduation examination, the student shall receive an appropriate state certificate indicating the number of credits earned and the grade completed. If within <term type="NE" subtype="DURATION"> five years </term> after a student exits from the school system the student takes and passes the state graduation examination, the student may receive a high school diploma.</p>
        </div2>
        <div2 type="section" n="2">
          <head>L.Beginning with the <term type="NE" subtype="DURATION"> 2010-2011 </term> school <term type="NE" subtype="DURATION"> year </term>, a student shall not receive a <term type="NE" subtype="LOCATION"> New Mexico </term> diploma of excellence if the student has not demonstrated competence in the subject areas of mathematics, reading and language arts, writing, social studies and science, including a section on the constitution of the <term type="NE" subtype="LOCATION"> United States </term> and the constitution of <term type="NE" subtype="LOCATION"> New Mexico </term>, based on a standards-based assessment or assessments or a portfolio of standards-based indicators established by the department by rule. The standards-based assessments required in Section 22-2C-4 NMSA <term type="NE" subtype="DATE"> 1978 may </term> also serve as the assessment required for high school graduation. If a student exits from the school system at the end of grade twelve without having satisfied the requirements of this subsection, the student shall receive an appropriate state certificate indicating the number of credits earned and the grade completed. If within <term type="NE" subtype="DURATION"> five years </term> after a student exits from the school system the student satisfies the requirement of this subsection, the student may receive a <term type="NE" subtype="LOCATION"> New Mexico </term> diploma of excellence.</head>
          <p>M.As used in this section:</p>
          <p>(1)" final next-step plan" means a next-step plan that shows that the student has committed or intends to commit in <term type="NE" subtype="DATE"> the near future </term> to a <term type="NE" subtype="DURATION"> four-year </term> college or university, a <term type="NE" subtype="DURATION"> two-year </term> college, a trade or vocational program, an internship or apprenticeship, military service or a job;</p>
          <p>(2)" interim next-step plan" means an <term type="NE" subtype="SET"> annual </term> next-step plan in which the student specifies post-high-school goals and sets forth the coursework that will allow the student to achieve those goals; and</p>
          <p>(3)" next-step plan" means an <term type="NE" subtype="SET"> annual </term> personal written plan of studies developed by a student in a public school or other state-supported school or institution in consultation with the student's parent and school counselor or other school official charged with coursework planning for the student that includes one or more of the following:</p>
          <p>(a)advanced placement or honors courses;</p>
          <p>(b)dual-credit courses offered in cooperation with an institution of higher education; -LSB-<hi rend="strikethrough">and</hi>]<hi rend="strikethrough">and</hi></p>
          <p>(c)distance learning courses;<hi rend="underlined"/><hi rend="underlined"/></p>
          <p><hi rend="underlined">(d)career-technical courses; and</hi>(d) career-technical courses; and<hi rend="underlined">(d)career-technical courses; and</hi></p>
          <p><hi rend="underlined">(e)pre-apprenticeship programs</hi>.<hi rend="underlined">(e)pre-apprenticeship programs</hi></p>
          <p>N.The secretary may establish a policy to provide for administrative interpretations to clarify curricular and testing provisions of the Public School Code.</p>
        </div2>
        <div2 type="section" n="3">
          <head>Section 2. A new section of Chapter 22, Article 14 NMSA <term type="NE" subtype="DATE"> 1978 </term> is enacted to read:</head>
          <p>"[<hi rend="underlined">NEW MATERIAL</hi>] PRE-APPRENTICESHIP PROGRAMS.--<hi rend="underlined">NEW MATERIAL</hi></p>
          <p>A.As used in this section:</p>
          <p>(1)" apprenticeable trade" means a skilled trade that possesses the following characteristics:</p>
          <p>(d)it requires related instruction to supplement on-the-job training;</p>
          <p>(2)" apprenticeship" means a formal educational method for training a person in a skilled trade that combines supervised employment with classroom study;</p>
          <p>(3)" course of instruction" means an organized and systematic program of study designed to provide the pre-apprentice with knowledge of the theoretical subjects related to one or more specific apprenticeable trades and that meets apprenticeship-related instruction requirements; provided that " course of instruction" may include hands-on training but does not include on-the-job training;</p>
          <p>(4)" industry instructor" means a person who is:</p>
          <p>(a)working or has worked in an apprenticeable trade for the number of <term type="NE" subtype="DURATION"> years </term> required by established industry practices of the particular trade to be an industry-recognized expert in the trade; or</p>
          <p>(b)a career-technical faculty member at a public post-secondary educational institution;</p>
          <p>(5)" local school board" includes the governing body of a charter school;</p>
          <p>(6)" pre-apprentice" means a public school student who is enrolled in a pre-apprenticeship program;</p>
          <p>(7)" pre-apprenticeship program" means a local school board-approved course of instruction offered through a provider that results, upon satisfactory completion of the program, in a certificate of completion that is acceptable to an apprenticeship training program registered with the apprenticeship council or is otherwise acceptable to an apprenticeable trade; and</p>
          <p>(8)" provider" means a registered apprenticeship program, an employer of an apprenticeable trade, a union, a trade association, a post-secondary educational institution or other person approved by the local school board to provide a pre-apprenticeship program.</p>
          <p>B.Any school district or charter school may allow pre-apprenticeship programs to be offered to qualified <term type="NE" subtype="ORDINAL"> eleventh and twelfth </term> grade students. The local school board shall only approve providers and pre-apprenticeship programs, including courses of instruction and industry instructors, that meet apprenticeship requirements of the apprenticeship council or the apprenticeship requirements of an appropriate nationally recognized trade organization. Pre-apprenticeship programs shall meet department content and performance standards and shall be provided at no cost to students.</p>
          <p>C.A person may apply to the local school board to become a provider by submitting an application in the form prescribed by the local school board.</p>
          <p>(1)the pre-apprenticeship program to be offered by the provider, including the course of instruction and the provision of tools, supplies and textbooks that will be provided by the pre-apprenticeship program;</p>
          <p>(2)a description of the way in which a pre-apprentice's coursework and program participation will be evaluated and reported as grades to the high school;</p>
          <p>(3)a description of the qualifications for pre-apprentices, the way in which students will be recruited and accepted into the pre-apprenticeship program and the circumstances under which a pre-apprentice may be dismissed from the pre-apprenticeship program;</p>
          <p>(4)the names and qualifications of the pre-apprenticeship program's industry instructors;</p>
          <p>(5)a description of the location where the pre-apprenticeship program will be conducted; and</p>
          <p>(6)any other information the local school board deems necessary to determine the fitness of the applicant to deliver a pre-apprenticeship program and the appropriateness of the program in achieving school district or charter school goals.</p>
          <p>D.In approving an application, the local school board shall include its approvals of the provider, the pre-apprenticeship program and the industry instructors. If a single applicant proposes to offer more than one pre-apprenticeship program, each program and its industry instructors shall be approved by the local school board.</p>
          <p>E.Pre-apprenticeship programs shall be designed so that pre-apprentices may earn elective credits toward high school graduation and meet requirements for apprenticeship-related supplemental instruction or post-secondary education course credits. Pre-apprenticeship programs shall be offered during the school <term type="NE" subtype="DURATION"> day </term> whenever possible. Programs may be conducted at industry locations, including union halls or other industry training facilities; at existing school facilities, if available; or at any other location approved by the local school board.</p>
          <p>F.To qualify for a pre-apprenticeship program, a student must:</p>
          <p>(1)be <term type="NE" subtype="DURATION"> at least sixteen years </term> of age;</p>
          <p>(2)be in the <term type="NE" subtype="ORDINAL"> eleventh </term> or <term type="NE" subtype="ORDINAL"> twelfth </term> grade;</p>
          <p>(3)have at least the number of electives required for the pre-apprenticeship program applied for and commit those electives to the program; and</p>
          <p>(4)meet other requirements of the pre-apprenticeship program approved by the local school board.</p>
          <p>G.<term type="NE" subtype="DATE"> Once </term> a provider and pre-apprenticeship program have been approved, the provider shall recruit students and accept and retain or dismiss them as provided in the provider's approved application.</p>
          <p>H.<term type="NE" subtype="DATE"> Once </term> accepted into a pre-apprenticeship program, a student may withdraw only with the approval of the high school principal.</p>
          <p>I.If a provider wishes to cease its pre-apprenticeship program, it shall notify the local school board, the superintendent and the principals of the pre-apprentices' high schools. The notification shall include a plan for the continuation of the pre-apprenticeship program of the pre-apprentices <term type="NE" subtype="DATE"> currently </term> enrolled in the provider's program.</p>
        </div2>
        <div2 type="section" n="4">
          <head>Section 3. A new section of Chapter 22, Article 14 NMSA <term type="NE" subtype="DATE"> 1978 </term> is enacted to read:</head>
          <p>"[<hi rend="underlined">NEW MATERIAL</hi>] LICENSURE NOT REQUIRED--BACKGROUND CHECKS--SCHOOL-SPONSORED ACTIVITY AND VOLUNTEERS.--<hi rend="underlined">NEW MATERIAL</hi></p>
        </div2>
        <div2 type="section" n="5">
          <head>A.The provisions of the <term type="NE" subtype="MISC"> School Personnel Act </term>, including licensure requirements, shall not apply to industry instructors, except that they shall be required to undergo a background check as provided for licensed school employees in Section 22-10A-5 NMSA <term type="NE" subtype="DATE"> 1978 </term>. The school district or charter school may act on the information received from the background check and refuse to approve a person as an industry instructor. An industry instructor shall provide for the safety of students under the industry instructor's care in the same manner as required of licensed school employees and shall not allow persons who have not been vetted through the background check process to have unsupervised contact with students.</head>
          <p>B.For purposes of the public school insurance authority, each pre-apprenticeship program shall be considered a school-sponsored activity and each industry instructor shall be considered a school volunteer.</p>
          <p>- <term type="NE" subtype="DATE"> 14 </term> -</p>
        </div2>
      </div1>
    </body>
  </text>
</TEI>
