<TEI xmlns="http://www.tei-c.org/ns/1.0">
  <teiHeader xml:lang="en">
    <fileDesc>
      <titleStmt>
        <title xml:id="NM-2014-H092"/>
        <author>David M. Gallegos      </author>
      </titleStmt>
      <editionStmt>
        <edition/>
      </editionStmt>
      <publicationStmt>
        <pubPlace>New Mexico</pubPlace>
        <idno>NM-2014-H092</idno>
        <date>2014</date>
      </publicationStmt>
      <sourceDesc>
        <bibl>https:\\www.nmlegis.gov\Sessions\14%20Regular\bills\house\HB0092.html</bibl>
      </sourceDesc>
    </fileDesc>
  </teiHeader>
  <text xml:lang="en">
    <front>
      <div1 type="abstract">
        <head>AN ACT RELATING TO PUBLIC SCHOOLS; REQUIRING ALL LICENSED SCHOOL EMPLOYEES TO BE TRAINED IN DETECTING AND REPORTING CHILD SEXUAL ABUSE AND ASSAULT AND IN ASSISTING IN AWARENESS AND PREVENTION; REQUIRING HEALTH EDUCATION INSTRUCTION TO INCLUDE AGE-APPROPRIATE SEXUAL ABUSE AND ASSAULT AWARENESS AND PREVENTION TRAINING.</head>
      </div1>
    </front>
    <body>
      <div1>
        <opener>
          <salute/>
        </opener>
        <div2 type="section" n="1">
          <head>SECTION 1. Section 22-10A-32 NMSA <term type="NE" subtype="DATE"> 1978 </term> (being Laws <term type="NE" subtype="DATE"> 1988 </term>, Chapter 48, Section 1, as amended)is amended to read:</head>
          <p>" 22-10A-32. LICENSED SCHOOL EMPLOYEES -- REQUIRED TRAINING PROGRAM.</p>
          <p><term type="NE" subtype="MISC"> A.All </term> licensed school employees shall be required to complete training in the detection and reporting of child abuse and neglect,<hi rend="underlined">including sexual abuse and assault</hi>, and substance abuse. This requirement shall be completed within the licensed school employee's first year of employment by a school district.<hi rend="underlined">including sexual abuse and assault</hi></p>
          <p>B.-LSB-<hi rend="strikethrough">Pursuant to the policy and rules adopted by the state board</hi>] The department shall develop a training program, including training materials and necessary training staff, to meet the requirement of Subsection A of this section to make the training available in every school district. The department shall coordinate the development of the program with appropriate staff at the human services department and the department of health.<hi rend="strikethrough">Pursuant to the policy and rules adopted by the state board</hi></p>
          <p>C.The training program developed pursuant to this section shall be made available by the department to the deans of every college of education in NewMexico for use in providing such training to students seeking elementary and secondary education licensure.</p>
        </div2>
        <div2 type="section" n="2">
          <head>SECTION 2. Section 22-13-1 NMSA <term type="NE" subtype="DATE"> 1978 </term> (being Laws <term type="NE" subtype="DATE"> 2003 </term>, Chapter 153, Section 57, as amended)is amended to read:</head>
          <p>" 22-13-1. SUBJECT AREAS -- MINIMUM INSTRUCTIONAL AREAS REQUIRED -- ACCREDITATION.</p>
          <p>A.The department shall require public schools to address department-approved academic content and performance standards when instructing in specific department-required subject areas as provided in this section. A public school or school district failing to meet these minimum requirements shall not be accredited by the department.</p>
          <p>B.All kindergarten through <term type="NE" subtype="ORDINAL"> third </term> grade classes shall provide <term type="NE" subtype="SET"> daily </term> instruction in reading and language arts skills, including phonemic awareness, phonics and comprehension, and in mathematics. Students in kindergarten and <term type="NE" subtype="ORDINAL"> first </term> grades shall be screened and monitored for progress in reading and language arts skills, and students in <term type="NE" subtype="ORDINAL"> second </term> grade shall take diagnostic tests on reading and language arts skills.</p>
          <p>C.All <term type="NE" subtype="ORDINAL"> first </term>, <term type="NE" subtype="ORDINAL"> second and third </term> grade classes shall provide instruction in art, music and a language other than <term type="NE" subtype="MISC"> English </term>, and instruction that meets content and performance standards shall be provided in science, social studies, physical education and health education.</p>
          <p>D.In <term type="NE" subtype="ORDINAL"> fourth </term> through <term type="NE" subtype="ORDINAL"> eighth </term> grades, instruction that meets academic content and performance standards shall be provided in the following subject areas:</p>
          <p>(1)reading and language arts skills, with an emphasis on writing and editing for <term type="NE" subtype="DURATION"> at least one year </term> and an emphasis on grammar and writing for <term type="NE" subtype="DURATION"> at least one year </term>;</p>
          <p>(2)mathematics;</p>
          <p>(3)language other than <term type="NE" subtype="MISC"> English </term>;</p>
          <p>(4)communication skills;</p>
          <p>(5)science;</p>
          <p>(6)art;</p>
          <p>(7)music;</p>
          <p>(8)social studies;</p>
          <p>(9)<term type="NE" subtype="LOCATION"> New Mexico </term> history;</p>
          <p>(10)<term type="NE" subtype="LOCATION"> United States </term> history;</p>
          <p>(11)geography;</p>
          <p>(12)physical education; and</p>
          <p>(13)health education.</p>
          <p>E.Beginning with the <term type="NE" subtype="DURATION"> 2008-2009 </term> school <term type="NE" subtype="DURATION"> year </term>, in <term type="NE" subtype="ORDINAL"> eighth </term> grade, algebra 1 shall be offered in regular classroom settings or through online courses or agreements with high schools.</p>
          <p>F.In <term type="NE" subtype="ORDINAL"> fourth </term> through <term type="NE" subtype="ORDINAL"> eighth </term> grades, school districts shall offer electives that contribute to academic growth and skill development and provide career and technical education. In <term type="NE" subtype="ORDINAL"> sixth </term> through <term type="NE" subtype="ORDINAL"> eighth </term> grades, media literacy may be offered as an elective.</p>
          <p>G.In <term type="NE" subtype="ORDINAL"> ninth </term> through <term type="NE" subtype="ORDINAL"> twelfth </term> grades, instruction that meets academic content and performance standards shall be provided in health education.</p>
          <p><hi rend="underlined">H.All health education courses shall include age-appropriate sexual abuse and assault awareness and prevention training.</hi>"<hi rend="underlined">H.All health education courses shall include age-appropriate sexual abuse and assault awareness and prevention training.</hi></p>
        </div2>
        <div2 type="section" n="3">
          <head>SECTION 3. Section 22-13-1.</head>
          <p>" 22-13-1. 1. GRADUATION REQUIREMENTS.</p>
          <p>A.At the end of grades eight through eleven, each student shall prepare an interim next-step plan that sets forth the coursework for the grades remaining until high school graduation. <term type="NE" subtype="SET"> Each year </term>'s plan shall explain any differences from previous interim next-step plans, shall be filed with the principal of the student's high school and shall be signed by the student, the student's parent and the student's guidance counselor or other school official charged with coursework planning for the student.</p>
          <p>B.Each student must complete a final next-step plan during <term type="NE" subtype="DATE"> the senior year </term> and prior to graduation. The plan shall be filed with the principal of the student's high school and shall be signed by the student, the student's parent and the student's guidance counselor or other school official charged with coursework planning for the student.</p>
          <p>C.An individualized education program that meets the requirements of Subsections A and B of this section and that meets all applicable transition and procedural requirements of the federal Individuals with <term type="NE" subtype="MISC"> Disabilities Education Act </term> for a student with a disability shall satisfy the next-step plan requirements of this section for that student.</p>
          <p>D.A local school board shall ensure that each high school student has the opportunity to develop a next-step plan based on reports of college and workplace readiness assessments, as available, and other factors and is reasonably informed about:</p>
          <p>(1)curricular and course options, including honors or advanced placement courses, dual-credit courses, distance learning courses, career clusters, pre-apprenticeship programs or remediation programs that the college and workplace readiness assessments indicate to be appropriate;</p>
          <p>(2)opportunities available that lead to different post-high-school options; and</p>
          <p>(3)alternative opportunities available if the student does not finish a planned curriculum.</p>
          <p>E.The secretary shall:</p>
          <p>(1)establish specific accountability standards for administrators, counselors, teachers and school district staff to ensure that every student has the opportunity to develop a next-step plan;</p>
          <p>(2)promulgate rules for accredited private schools in order to ensure substantial compliance with the provisions of this section;</p>
          <p>(3)monitor compliance with the requirements of this section; and</p>
          <p>(4)compile such information as is necessary to evaluate the success of next-step plans and report <term type="NE" subtype="SET"> annually </term>, by <term type="NE" subtype="DATE"> December 15 </term>, to the legislative education study committee and the governor.</p>
          <p>F.Successful completion of a minimum of twenty-three units aligned to the state academic content and performance standards shall be required for graduation.</p>
          <p>(1)four units in <term type="NE" subtype="MISC"> English </term>, with major emphasis on grammar and literature;</p>
          <p>(2)three units in mathematics, at least one of which is equivalent to the algebra 1 level or higher;</p>
          <p>(3)two units in science, one of which shall have a laboratory component; provided, however, that with students entering the <term type="NE" subtype="ORDINAL"> ninth </term> grade beginning in the <term type="NE" subtype="DURATION"> 2005-2006 </term> school <term type="NE" subtype="DURATION"> year </term>, three units in science shall be required, one of which shall have a laboratory component;</p>
          <p>(4)three units in social science, which shall include <term type="NE" subtype="LOCATION"> United States </term> history and geography, world history and geography and government and economics;</p>
          <p>(5)one unit in physical education;</p>
          <p>(6)one unit in communication skills or business education, with a major emphasis on writing and speaking and that may include a language other than <term type="NE" subtype="MISC"> English </term>;</p>
          <p>(7)one-half unit in <term type="NE" subtype="LOCATION"> New Mexico </term> history for students entering the <term type="NE" subtype="ORDINAL"> ninth </term> grade beginning in the <term type="NE" subtype="DURATION"> 2005-2006 </term> school <term type="NE" subtype="DURATION"> year </term>; and</p>
          <p>(8)nine elective units and seven and</p>
          <p>one-half elective units for students entering the <term type="NE" subtype="ORDINAL"> ninth </term> grade in the <term type="NE" subtype="DURATION"> 2005-2006 </term> school <term type="NE" subtype="DURATION"> year </term> that meet department content and performance standards. Student service learning shall be offered as an elective. Financial literacy shall be offered as an elective. Pre-apprenticeship programs may be offered as electives. Media literacy may be offered as an elective.</p>
          <p>G.For students entering the <term type="NE" subtype="ORDINAL"> ninth </term> grade beginning in the <term type="NE" subtype="DURATION"> 2009-2010 </term> school <term type="NE" subtype="DURATION"> year </term>, at least one of the units required for graduation shall be earned as an advanced placement or honors course, a dual-credit course offered in cooperation with an institution of higher education or a distance learning course.</p>
          <p>H.The department shall establish a procedure for students to be awarded credit through completion of specified career technical education courses for certain graduation requirements.</p>
          <p>I.Successful completion of the requirements of the <term type="NE" subtype="LOCATION"> New Mexico </term> diploma of excellence shall be required for graduation for students entering the <term type="NE" subtype="ORDINAL"> ninth </term> grade beginning in the <term type="NE" subtype="DURATION"> 2009-2010 </term> school <term type="NE" subtype="DURATION"> year </term>. Successful completion of a minimum of twenty-four units aligned to the state academic content and performance standards shall be required to earn a <term type="NE" subtype="LOCATION"> New Mexico </term> diploma of excellence.</p>
          <p>(1)four units in <term type="NE" subtype="MISC"> English </term>, with major emphasis on grammar, nonfiction writing and literature;</p>
          <p>(2)four units in mathematics, of which one shall be the equivalent to or higher than the level of algebra 2, unless the parent submitted written, signed permission for the student to complete a lesser mathematics unit; and provided that a financial literacy course that meets state mathematics academic content and performance standards shall qualify as one of the four required mathematics units;</p>
          <p>(3)three units in science, two of which shall have a laboratory component;</p>
          <p>(4)three and one-half units in social science, which shall include <term type="NE" subtype="LOCATION"> United States </term> history and geography, world history and geography, government and economics and one-half unit of <term type="NE" subtype="LOCATION"> New Mexico </term> history;</p>
          <p>(5)one unit in physical education;</p>
          <p>(6)one unit in one of the following:</p>
          <p>a career cluster course, workplace readiness or a language other than <term type="NE" subtype="MISC"> English </term>; and</p>
          <p>(7)seven and one-half elective units that meet department content and performance standards. Student service learning shall be offered as an elective. Financial literacy shall be offered as an elective. Pre-apprenticeship programs may be offered as electives. Media literacy may be offered as an elective.</p>
          <p>J.For students entering the <term type="NE" subtype="ORDINAL"> eighth </term> grade in the <term type="NE" subtype="DURATION"> 2012-2013 </term> school <term type="NE" subtype="DURATION"> year </term>, a course in health education is required prior to graduation. Health education may be required in either middle school or high school, as determined by the school district. Each school district shall submit to the department by the beginning of the <term type="NE" subtype="DURATION"> 2011-2012 </term> school <term type="NE" subtype="DURATION"> year </term> a health education implementation plan for the <term type="NE" subtype="DURATION"> 2012-2013 </term> and subsequent school <term type="NE" subtype="DURATION"> years </term>, including in which grade health education will be required and how the course aligns with department content and performance standards.<hi rend="underlined">Health education shall include age-appropriate sexual abuse and assault awareness and prevention training.</hi>Health education shall include age-appropriate sexual abuse and assault awareness and prevention training.<hi rend="underlined">Health education shall include age-appropriate sexual abuse and assault awareness and prevention training.</hi></p>
          <p>K.Final examinations shall be administered to all students in all classes offered for credit.</p>
          <p>L.Until <term type="NE" subtype="DATE"> July 1, 2010 </term>, a student who has not passed a state graduation examination in the subject areas of reading, <term type="NE" subtype="MISC"> English </term>, mathematics, writing, science and social science shall not receive a high school diploma. The state graduation examination on social science shall include a section on the constitution of the <term type="NE" subtype="LOCATION"> United States </term> and the constitution of <term type="NE" subtype="LOCATION"> New Mexico </term>. If a student exits from the school system at the end of grade twelve without having passed a state graduation examination, the student shall receive an appropriate state certificate indicating the number of credits earned and the grade completed. If within <term type="NE" subtype="DURATION"> five years </term> after a student exits from the school system the student takes and passes the state graduation examination, the student may receive a high school diploma. Any student passing the state graduation examination and completing all other requirements within <term type="NE" subtype="DURATION"> five years </term> of entering <term type="NE" subtype="ORDINAL"> ninth </term> grade, including a final <term type="NE" subtype="DATE"> summer </term> session if completed by <term type="NE" subtype="DATE"> August 1 </term>, may be counted by the school system in which the student is enrolled as a high school graduate for <term type="NE" subtype="DATE"> the year </term> in which completion and examination occur.</p>
        </div2>
        <div2 type="section" n="4">
          <head>M.Beginning with the <term type="NE" subtype="DURATION"> 2010-2011 </term> school <term type="NE" subtype="DURATION"> year </term>, a student shall not receive a <term type="NE" subtype="LOCATION"> New Mexico </term> diploma of excellence if the student has not demonstrated competence in the subject areas of mathematics, reading and language arts, writing, social studies and science, including a section on the constitution of the <term type="NE" subtype="LOCATION"> United States </term> and the constitution of <term type="NE" subtype="LOCATION"> New Mexico </term>, based on a standards-based assessment or assessments or a portfolio of standards-based indicators established by the department by rule. The standards-based assessments required in Section 22-2C-4 NMSA <term type="NE" subtype="DATE"> 1978 may </term> also serve as the assessment required for high school graduation. If a student exits from the school system at the end of grade twelve without having satisfied the requirements of this subsection, the student shall receive an appropriate state certificate indicating the number of credits earned and the grade completed. If within <term type="NE" subtype="DURATION"> five years </term> after a student exits from the school system the student satisfies the requirement of this subsection, the student may receive a <term type="NE" subtype="LOCATION"> New Mexico </term> diploma of excellence. Any student satisfying the requirements of this subsection and completing all other requirements within <term type="NE" subtype="DURATION"> five years </term> of entering <term type="NE" subtype="ORDINAL"> ninth </term> grade, including a final <term type="NE" subtype="DATE"> summer </term> session if completed by <term type="NE" subtype="DATE"> August 1 </term>, may be counted by the school system in which the student is enrolled as a high school graduate for <term type="NE" subtype="DATE"> the year </term> in which all requirements are satisfied.</head>
          <p>N.As used in this section:</p>
          <p>(1)" final next-step plan" means a next-step plan that shows that the student has committed or intends to commit in <term type="NE" subtype="DATE"> the near future </term> to a <term type="NE" subtype="DURATION"> four-year </term> college or university, a <term type="NE" subtype="DURATION"> two-year </term> college, a trade or vocational program, an internship or apprenticeship, military service or a job;</p>
          <p>(2)" interim next-step plan" means an <term type="NE" subtype="SET"> annual </term> next-step plan in which the student specifies post-high-school goals and sets forth the coursework that will allow the student to achieve those goals; and</p>
          <p>(3)" next-step plan" means an <term type="NE" subtype="SET"> annual </term> personal written plan of studies developed by a student in a public school or other state-supported school or institution in consultation with the student's parent and school counselor or other school official charged with coursework planning for the student that includes one or more of the following:</p>
          <p>(a)advanced placement or honors courses;</p>
          <p>(b)dual-credit courses offered in cooperation with an institution of higher education;</p>
          <p>(c)distance learning courses;</p>
          <p>(d)career-technical courses; and</p>
          <p>(e)pre-apprenticeship programs.</p>
          <p>O.The secretary may establish a policy to provide for administrative interpretations to clarify curricular and testing provisions of the Public School Code.</p>
        </div2>
        <div2 type="section" n="5">
          <head>SECTION 4. APPLICABILITY.-- The provisions of this act apply to the <term type="NE" subtype="DURATION"> 2014-2015 </term> school <term type="NE" subtype="DURATION"> year </term> and subsequent school <term type="NE" subtype="DURATION"> years </term>.</head>
          <p>- <term type="NE" subtype="DATE"> 13 </term> -</p>
        </div2>
      </div1>
    </body>
  </text>
</TEI>
