<TEI xmlns="http://www.tei-c.org/ns/1.0">
  <teiHeader xml:lang="en">
    <fileDesc>
      <titleStmt>
        <title xml:id="NM-2008-S165"/>
        <author>John Arthur Smith      </author>
      </titleStmt>
      <editionStmt>
        <edition/>
      </editionStmt>
      <publicationStmt>
        <pubPlace>New Mexico</pubPlace>
        <idno>NM-2008-S165</idno>
        <date>2008</date>
      </publicationStmt>
      <sourceDesc>
        <bibl>https:\\www.nmlegis.gov\Sessions\08%20Regular\bills\senate\SB0165.html</bibl>
      </sourceDesc>
    </fileDesc>
  </teiHeader>
  <text xml:lang="en">
    <front>
      <div1 type="abstract">
        <head>AN ACT MAKING GENERAL APPROPRIATIONS AND AUTHORIZING EXPENDITURES BY STATE AGENCIES REQUIRED BY LAW.</head>
      </div1>
    </front>
    <body>
      <div1>
        <opener>
          <salute/>
        </opener>
        <p>MAKING GENERAL APPROPRIATIONS AND AUTHORIZING EXPENDITURES BY STATE AGENCIES REQUIRED BY LAW.</p>
        <div2 type="section" n="1">
          <head>Section 1. FISCAL YEAR <term type="NE" subtype="DATE"> 2009 </term> APPROPRIATIONS.-- The following amounts are appropriated from the general fund or other funds as indicated for the purposes specified. Unless otherwise indicated, the appropriations may be expended in <term type="NE" subtype="DATE"> fiscal year 2009 </term>.</head>
          <p>A.<term type="NE" subtype="MONEY"> fifty thousand dollars </term> (<term type="NE" subtype="MONEY"> $ 50,000 </term>)is appropriated from the general fund to legislative building services of the legislative council service for increased utility and fuel costs;</p>
          <p>B.<term type="NE" subtype="MONEY"> one million dollars </term> (<term type="NE" subtype="MONEY"> $ 1,000,000 </term>)is appropriated from the general fund to the administrative office of the courts for drug courts statewide;</p>
          <p>C.<term type="NE" subtype="MONEY"> one hundred fifty thousand dollars </term> (<term type="NE" subtype="MONEY"> $ 150,000 </term>)is appropriated from the general fund to the aging and long-term services department for one full-time-equivalent position and associated costs for prescription drug assistance outreach;</p>
          <p>D.<term type="NE" subtype="MONEY"> four hundred thousand dollars </term> (<term type="NE" subtype="MONEY"> $ 400,000 </term>)is appropriated from the general fund to the human services department for contracting with a statewide food bank program to gather, pack, transport, distribute and prepare unsaleable and surplus fresh produce to feed hungry and homeless <term type="NE" subtype="MISC"> New Mexicans </term>;</p>
          <p>E.<term type="NE" subtype="MONEY"> seven hundred thousand dollars </term> (<term type="NE" subtype="MONEY"> $ 700,000 </term>)is appropriated from the general fund to the workforce solutions department for at-risk youth programs;</p>
          <p>F.<term type="NE" subtype="MONEY"> six hundred thousand dollars </term> (<term type="NE" subtype="MONEY"> $ 600,000 </term>)is appropriated from the general fund to the department of health for emergency medical services for expenditure in <term type="NE" subtype="DATE"> fiscal year 2009 </term> and subsequent fiscal <term type="NE" subtype="DURATION"> years </term>;</p>
          <p>G.<term type="NE" subtype="MONEY"> seven hundred thousand dollars </term> (<term type="NE" subtype="MONEY"> $ 700,000 </term>)is appropriated from the general fund to the department of health for operations of the <term type="NE" subtype="LOCATION"> New Mexico </term> behavioral health institute at <term type="NE" subtype="LOCATION"> Las Vegas </term>, <term type="NE" subtype="LOCATION"> Fort Bayard </term> medical center and southern <term type="NE" subtype="LOCATION"> New Mexico </term> rehabilitation center;</p>
          <p>H.<term type="NE" subtype="MONEY"> seven hundred fifty thousand dollars </term> (<term type="NE" subtype="MONEY"> $ 750,000 </term>)is appropriated from the general fund to the children, youth and families department for services and programs for victims of domestic violence and their families;</p>
          <p>I.<term type="NE" subtype="MONEY"> nine hundred fifty thousand dollars </term> (<term type="NE" subtype="MONEY"> $ 950,000 </term>)is appropriated from the general fund to the board of regents of the university of <term type="NE" subtype="LOCATION"> New Mexico </term> for the college of nursing expansion; and</p>
          <p>J.<term type="NE" subtype="MONEY"> four million three hundred thousand dollars </term> (<term type="NE" subtype="MONEY"> $ 4,300,000 </term>)is appropriated from the general fund to the state equalization guarantee distribution for kindergarten plus programs.</p>
        </div2>
        <div2 type="section" n="2">
          <head>Section 2. SPECIAL APPROPRIATIONS.-- The following amounts are appropriated from the general fund or other funds as indicated for the purposes specified. Unless otherwise indicated, the appropriations may be expended in <term type="NE" subtype="DATE"> fiscal years 2008 </term> and <term type="NE" subtype="DATE"> 2009 </term>.</head>
          <p>A.<term type="NE" subtype="MONEY"> fifty thousand dollars </term> (<term type="NE" subtype="MONEY"> $ 50,000 </term>)is appropriated from the general fund to the legislative council service for expenses associated with redistricting in the next federal decennial;</p>
          <p>B.<term type="NE" subtype="MONEY"> two million dollars </term> (<term type="NE" subtype="MONEY"> $ 2,000,000 </term>)is appropriated from the general fund to the tourism department for general and cooperative advertising costs and <term type="NE" subtype="MISC"> Native American </term> tourism;</p>
          <p>C.<term type="NE" subtype="MONEY"> two million dollars </term> (<term type="NE" subtype="MONEY"> $ 2,000,000 </term>)is appropriated from the general fund to the cultural affairs department for the state library for grants to public libraries throughout the state, to conserve <term type="NE" subtype="LOCATION"> New Mexico </term> depression-era public art, for a statewide library database for public schools, for development of cross-cultural educational documentaries and electronic field trips in north central and northwestern <term type="NE" subtype="LOCATION"> New Mexico </term> and for relocating the items in the repository collections of the museum of <term type="NE" subtype="MISC"> Indian </term> arts and culture and the palace of the governors;</p>
          <p>D.<term type="NE" subtype="MONEY"> one million five hundred thousand dollars </term> (<term type="NE" subtype="MONEY"> $ 1,500,000 </term>)is appropriated from the general fund to the office of the state engineer for regional water planning; and</p>
          <p>E.<term type="NE" subtype="MONEY"> ten million dollars </term> (<term type="NE" subtype="MONEY"> $ 10,000,000 </term>)is appropriated from the general fund to the water and wastewater project grant fund for administration by the <term type="NE" subtype="LOCATION"> New Mexico </term> finance authority.</p>
        </div2>
        <div2 type="section" n="3">
          <head>Section 3. SUPPLEMENTAL APPROPRIATIONS.-- The following amounts are appropriated from the general fund, or other funds as indicated, for expenditure in <term type="NE" subtype="DATE"> fiscal year 2008 </term> for the purposes specified. Disbursement of these amounts shall be subject to the following conditions: certification by the agency to the department of finance and administration and the legislative finance committee that no other funds are available in <term type="NE" subtype="DATE"> fiscal year 2008 </term> for the purpose specified; and approval by the department of finance and administration.</head>
          <p>A.<term type="NE" subtype="MONEY"> nine hundred fifty-one thousand two hundred dollars </term> (<term type="NE" subtype="MONEY"> $ 951,200 </term>)is appropriated from the general fund to the board of regents of the university of <term type="NE" subtype="LOCATION"> New Mexico </term> for utility costs;</p>
          <p>B.<term type="NE" subtype="MONEY"> five hundred one thousand two hundred dollars </term> (<term type="NE" subtype="MONEY"> $ 501,200 </term>)is appropriated from the general fund to the board of regents of <term type="NE" subtype="LOCATION"> New Mexico </term> state university for utility costs;</p>
          <p>C.<term type="NE" subtype="MONEY"> one hundred two thousand nine hundred dollars </term> (<term type="NE" subtype="MONEY"> $ 102,900 </term>)is appropriated from the general fund to the board of regents of <term type="NE" subtype="LOCATION"> New Mexico </term> highlands university for utility costs;</p>
          <p>D.<term type="NE" subtype="MONEY"> fifty-five thousand six hundred dollars </term> (<term type="NE" subtype="MONEY"> $ 55,600 </term>)is appropriated from the general fund to the board of regents of western <term type="NE" subtype="LOCATION"> New Mexico </term> university for utility costs;</p>
          <p>E.<term type="NE" subtype="MONEY"> one hundred twenty-one thousand five hundred dollars </term> (<term type="NE" subtype="MONEY"> $ 121,500 </term>)is appropriated from the general fund to the board of regents of eastern <term type="NE" subtype="LOCATION"> New Mexico </term> university for utility costs;</p>
          <p>F.<term type="NE" subtype="MONEY"> one hundred fifty-nine thousand nine hundred dollars </term> (<term type="NE" subtype="MONEY"> $ 159,900 </term>)is appropriated from the general fund to the board of regents of <term type="NE" subtype="LOCATION"> New Mexico </term> institute of mining and technology for utility costs;</p>
          <p>G.<term type="NE" subtype="MONEY"> thirty-six thousand five hundred dollars </term> (<term type="NE" subtype="MONEY"> $ 36,500 </term>)is appropriated from the general fund to the board of regents of northern <term type="NE" subtype="LOCATION"> New Mexico </term> state school for utility costs; and</p>
          <p>H.<term type="NE" subtype="MONEY"> four million five hundred seventy-one thousand dollars </term> (<term type="NE" subtype="MONEY"> $ 4,571,000 </term>)is appropriated from the general fund to the state equalization guarantee distribution for utility and fuel costs.</p>
          <p>- <term type="NE" subtype="DATE"> 6 </term> -</p>
        </div2>
      </div1>
    </body>
  </text>
</TEI>
