<TEI xmlns="http://www.tei-c.org/ns/1.0">
  <teiHeader xml:lang="en">
    <fileDesc>
      <titleStmt>
        <title xml:id="NM-2009-H188"/>
        <author>Jimmie C. Hall    FOR THE LEGISLATIVE EDUCATION STUDY COMMITTEE  </author>
      </titleStmt>
      <editionStmt>
        <edition/>
      </editionStmt>
      <publicationStmt>
        <pubPlace>New Mexico</pubPlace>
        <idno>NM-2009-H188</idno>
        <date>2009</date>
      </publicationStmt>
      <sourceDesc>
        <bibl>https:\\www.nmlegis.gov\Sessions\09%20Regular\bills\house\HB0188.html</bibl>
      </sourceDesc>
    </fileDesc>
  </teiHeader>
  <text xml:lang="en">
    <front>
      <div1 type="abstract">
        <head>AN ACT RELATING TO EDUCATORS; EXPANDING THE PURPOSES FOR WHICH THE EDUCATOR LICENSURE FUND <term type="NE" subtype="DATE"> MAY </term> BE EXPENDED.</head>
      </div1>
    </front>
    <body>
      <div1>
        <opener>
          <salute/>
        </opener>
        <div2 type="section" n="1">
          <head>Section 1. Section 22-8-44 NMSA <term type="NE" subtype="DATE"> 1978 </term> (being Laws <term type="NE" subtype="DATE"> 1997 </term>, Chapter 238, Section 6, as amended)is amended to read:</head>
          <p>" 22-8-44. EDUCATOR LICENSURE FUND -- DISTRIBUTION -- APPROPRIATION.</p>
          <p>A.The " educator licensure fund" is created in the state treasury and shall be administered by the department.<hi rend="strikethrough">state board</hi>]<hi rend="underlined">department</hi>.<hi rend="strikethrough">state board</hi><hi rend="underlined">department</hi></p>
          <p>B.<hi rend="underlined">Subject to legislative appropriation</hi>, money in the fund is appropriated to the department<hi rend="underlined">for the following purposes:</hi><hi rend="underlined">Subject to legislative appropriation</hi><hi rend="underlined">for the following purposes:</hi></p>
          <p><hi rend="underlined">(1)</hi>to fund the educator background check program;<hi rend="underlined">(1)</hi></p>
          <p><hi rend="underlined">(2)to enforce educator ethics requirements; and</hi>(2) to enforce educator ethics requirements; and<hi rend="underlined">(2)to enforce educator ethics requirements; and</hi></p>
          <p><hi rend="underlined">(3)to process applications for licensure or for renewal of licensure, including review of professional development dossiers.</hi>(3) to process applications for licensure or for renewal of licensure, including review of professional development dossiers.<hi rend="underlined">(3)to process applications for licensure or for renewal of licensure, including review of professional development dossiers.</hi></p>
          <p><hi rend="underlined">C.</hi>Money in the fund and any interest that may accrue to the fund shall not revert at the end of the fiscal year but shall remain to the credit of the fund."<hi rend="underlined">C.</hi></p>
        </div2>
        <div2 type="section" n="2">
          <head>Section 2. EFFECTIVE DATE.-- The effective date of the provisions of this act is <term type="NE" subtype="DATE"> July 1, 2009 </term>.</head>
          <p>- <term type="NE" subtype="DATE"> 2 </term> -</p>
        </div2>
      </div1>
    </body>
  </text>
</TEI>
