<TEI xmlns="http://www.tei-c.org/ns/1.0">
  <teiHeader xml:lang="en">
    <fileDesc>
      <titleStmt>
        <title xml:id="NM-2015-H165"/>
        <author>Dennis J. Roch    FOR THE LEGISLATIVE EDUCATION AND STUDY COMMITTEE  </author>
      </titleStmt>
      <editionStmt>
        <edition/>
      </editionStmt>
      <publicationStmt>
        <pubPlace>New Mexico</pubPlace>
        <idno>NM-2015-H165</idno>
        <date>2015</date>
      </publicationStmt>
      <sourceDesc>
        <bibl>https:\\www.nmlegis.gov\Sessions\15%20Regular\bills\house\HB0165.html</bibl>
      </sourceDesc>
    </fileDesc>
  </teiHeader>
  <text xml:lang="en">
    <front>
      <div1 type="abstract">
        <head>AN ACT RELATING TO PUBLIC EDUCATION; AMENDING AND REPEALING SECTIONS OF THE PUBLIC SCHOOL CODE TO REMOVE REFERENCES TO " ADEQUATE <term type="NE" subtype="SET"> YEARLY </term> PROGRESS" AND TO MAKE TECHNICAL CHANGES.</head>
      </div1>
    </front>
    <body>
      <div1>
        <opener>
          <salute/>
        </opener>
        <div2 type="section" n="1">
          <head>SECTION 1. Section 22-1-1.</head>
          <p>" 22-1-1. 2. LEGISLATIVE FINDINGS AND PURPOSE.</p>
          <p>A.The legislature finds that no education system can be sufficient for the education of all children unless it is founded on the sound principle that every child can learn and succeed and that the system must meet the needs of all children by recognizing that student success for every child is the fundamental goal.</p>
          <p>B.The legislature finds further that the key to student success in <term type="NE" subtype="LOCATION"> New Mexico </term> is to have a multicultural education system that:</p>
          <p>(1)attracts and retains quality and diverse teachers to teach <term type="NE" subtype="LOCATION"> New Mexico </term>'s multicultural student population;</p>
          <p>(2)holds teachers, students, schools, school districts and the state accountable;</p>
          <p>(3)integrates the cultural strengths of its diverse student population into the curriculum with high expectations for all students;</p>
          <p>(4)recognizes that cultural diversity in the state presents special challenges for policymakers, administrators, teachers and students;</p>
          <p>(5)provides students with a rigorous and relevant high school curriculum that prepares them to succeed in college and the workplace; and</p>
          <p>(6)elevates the importance of public education in the state by clarifying the governance structure at different levels.</p>
          <p>C.The legislature finds further that the teacher shortage in this country has affected the ability of <term type="NE" subtype="LOCATION"> New Mexico </term> to compete for the best teachers and that, unless the state and school districts find ways to mentor beginning teachers, intervene with teachers while they still show promise, improve the job satisfaction of quality teachers and elevate the teaching profession by shifting to a professional educator licensing and salary system, public schools will be unable to recruit and retain the highest quality teachers in the teaching profession in <term type="NE" subtype="LOCATION"> New Mexico </term>.</p>
          <p>D.The legislature finds further that a well-designed, well-implemented and well-maintained assessment and accountability system is the linchpin of public school reform and must ensure that:</p>
          <p>(1)students who do not meet or exceed expectations will be given individual attention and assistance through extended learning programs and individualized tutoring;</p>
          <p>(2)students have accurate, useful information about their options and the adequacy of their preparation for post-secondary education, training or employment in order to set and achieve high goals;</p>
          <p>(3)teachers who do not meet performance standards must improve their skills or they will not continue to be employed as teachers;</p>
          <p>(4)public schools make -LSB-<hi rend="strikethrough">adequate <term type="NE" subtype="SET"> yearly </term></hi>] progress toward educational excellence; and<hi rend="strikethrough">adequate <term type="NE" subtype="SET"> yearly </term></hi></p>
          <p>(5)school districts and the state are prepared to actively intervene and improve failing public schools.</p>
          <p>E.The legislature finds further that improving children's reading and writing abilities and literacy throughout their <term type="NE" subtype="DURATION"> years </term> in school must remain a priority of the state.</p>
          <p>F.The legislature finds further that the public school governance structure needs to change to provide accountability from the bottom up instead of from the top down. Each school principal, with the help of school councils made up of parents and teachers, must be the instructional leader in the public school, motivating and holding accountable both teachers and students. Each local superintendent must function as the school district's chief executive officer and have responsibility for the day-to-day operations of the school district, including personnel and student disciplinary decisions.</p>
          <p>G.It is the purpose of the <term type="NE" subtype="DATE"> 2003 </term> public school reform legislation as augmented by <term type="NE" subtype="DATE"> this 2007 </term> legislation to provide the framework to implement the legislative findings to ensure student success in <term type="NE" subtype="LOCATION"> New Mexico </term>.</p>
        </div2>
        <div2 type="section" n="2">
          <head>SECTION 2. Section 22-1-2 NMSA <term type="NE" subtype="DATE"> 1978 </term> (being Laws <term type="NE" subtype="DATE"> 2003 </term>, Chapter 153, Section 3, as amended)is amended to read:</head>
          <p>" 22-1-2. DEFINITIONS.</p>
          <p>A." academic proficiency" means mastery of the subject-matter knowledge and skills specified in state academic content and performance standards for a student's grade level;</p>
          <p>[<hi rend="strikethrough">B." adequate <term type="NE" subtype="SET"> yearly </term> progress" means the measure adopted by the department based on federal requirements to assess the progress that a public school or school district or the state makes toward improving student achievement;</hi>B. "adequate yearly progress" means the measure adopted by the department based on federal requirements to assess the progress that a public school or school district or the state makes toward improving student achievement;<hi rend="strikethrough">B." adequate <term type="NE" subtype="SET"> yearly </term> progress" means the measure adopted by the department based on federal requirements to assess the progress that a public school or school district or the state makes toward improving student achievement;</hi></p>
          <p><hi rend="strikethrough">C.</hi>]<hi rend="underlined">B.</hi>"commission" means the public education commission;<hi rend="strikethrough">C.</hi><hi rend="underlined">B.</hi></p>
          <p>[<hi rend="strikethrough">D.</hi>]<hi rend="underlined">C.</hi>"department" means the public education department;<hi rend="strikethrough">D.</hi><hi rend="underlined">C.</hi></p>
          <p>[<hi rend="strikethrough">E.</hi>]<hi rend="underlined">D.</hi>"home school" means the operation by the parent of a school-age person of a home study program of instruction that provides a basic academic educational program, including reading, language arts, mathematics, social studies and science;<hi rend="strikethrough">E.</hi><hi rend="underlined">D.</hi></p>
          <p>[<hi rend="strikethrough">F.</hi>]<hi rend="underlined">E.</hi>"instructional support provider" means a person who is employed to support the instructional program of a school district, including educational assistant, school counselor, social worker, school nurse, speech-language pathologist, psychologist, physical therapist, occupational therapist, recreational therapist, marriage and family therapist, interpreter for the deaf and diagnostician;<hi rend="strikethrough">F.</hi><hi rend="underlined">E.</hi></p>
          <p>[<hi rend="strikethrough">G.</hi>]<hi rend="underlined">F.</hi>"licensed school employee" means teachers, school administrators and instructional support providers;<hi rend="strikethrough">G.</hi><hi rend="underlined">F.</hi></p>
          <p>[<hi rend="strikethrough">H.</hi>]<hi rend="underlined">G.</hi>"local school board" means the policy-setting body of a school district;<hi rend="strikethrough">H.</hi><hi rend="underlined">G.</hi></p>
          <p>[<hi rend="strikethrough">I.</hi>]<hi rend="underlined">H.</hi>"local superintendent" means the chief executive officer of a school district;<hi rend="strikethrough">I.</hi><hi rend="underlined">H.</hi></p>
          <p>[<hi rend="strikethrough">J.</hi>]<hi rend="underlined">I.</hi>"parent" includes a guardian or other person having custody and control of a school-age person;<hi rend="strikethrough">J.</hi><hi rend="underlined">I.</hi></p>
          <p>[<hi rend="strikethrough">K.</hi>]<hi rend="underlined">J.</hi>"private school" means a school, other than a home school, that offers on-site programs of instruction and that is not under the control, supervision or management of a local school board;<hi rend="strikethrough">K.</hi><hi rend="underlined">J.</hi></p>
          <p>[<hi rend="strikethrough">L.</hi>]<hi rend="underlined">K.</hi>"public school" means that part of a school district that is a single attendance center in which instruction is offered by one or more teachers and is discernible as a building or group of buildings generally recognized as either an elementary, middle, junior high or high school or any combination of those and includes a charter school;<hi rend="strikethrough">L.</hi><hi rend="underlined">K.</hi></p>
          <p>[<hi rend="strikethrough">M.</hi>]<hi rend="underlined">L.</hi>"school" means a supervised program of instruction designed to educate a student in a particular place, manner and subject area;<hi rend="strikethrough">M.</hi><hi rend="underlined">L.</hi></p>
          <p>[<hi rend="strikethrough">N.</hi>]<hi rend="underlined">M.</hi>"school administrator" means a person licensed to administer in a school district and includes school principals and central district administrators;<hi rend="strikethrough">N.</hi><hi rend="underlined">M.</hi><hi rend="strikethrough">O.</hi><hi rend="underlined">N.</hi></p>
        </div2>
        <div2 type="section" n="3">
          <head>-LSB- O.-RSB- N." school-age person" means a person who is <term type="NE" subtype="DURATION"> at least five years </term> of age prior to <term type="NE" subtype="TIME"> 12:01 </term> a. m. on <term type="NE" subtype="DATE"> September 1 </term> of the school <term type="NE" subtype="DURATION"> year </term> and who has not received a high school diploma or its equivalent.</head>
          <p>[<hi rend="strikethrough">P.</hi>]<hi rend="underlined">O.</hi>"school building" means a public school, an administration building and related school structures or facilities, including teacher housing, that is owned, acquired or constructed by the school district as necessary to carry out the functions of the school district;<hi rend="strikethrough">P.</hi><hi rend="underlined">O.</hi></p>
          <p>[<hi rend="strikethrough">Q.</hi>]<hi rend="underlined">P.</hi>"school bus private owner" means a person, other than a school district, the department, the state or any other political subdivision of the state, that owns a school bus;<hi rend="strikethrough">Q.</hi><hi rend="underlined">P.</hi></p>
          <p>[<hi rend="strikethrough">R.</hi>]<hi rend="underlined">Q.</hi>"school district" means an area of land established as a political subdivision of the state for the administration of public schools and segregated geographically for taxation and bonding purposes;<hi rend="strikethrough">R.</hi><hi rend="underlined">Q.</hi></p>
          <p>[<hi rend="strikethrough">S.</hi>]<hi rend="underlined">R.</hi>"school employee" includes licensed and nonlicensed employees of a school district;<hi rend="strikethrough">S.</hi><hi rend="underlined">R.</hi></p>
          <p>[<hi rend="strikethrough">T.</hi>]<hi rend="underlined">S.</hi>"school principal" means the chief instructional leader and administrative head of a public school;<hi rend="strikethrough">T.</hi><hi rend="underlined">S.</hi></p>
          <p>[<hi rend="strikethrough">U.</hi>]<hi rend="underlined">T.</hi>"school year" means the total number of contract days offered by public schools in a school district during a period of twelve consecutive months;<hi rend="strikethrough">U.</hi><hi rend="underlined">T.</hi></p>
          <p>[<hi rend="strikethrough">V.</hi>]<hi rend="underlined">U.</hi>"secretary" means the secretary of public education;<hi rend="strikethrough">V.</hi><hi rend="underlined">U.</hi></p>
          <p>[<hi rend="strikethrough">W.</hi>]<hi rend="underlined">V.</hi>"state agency" or "state institution" means the New Mexico military institute, New Mexico school for the blind and visually impaired, New Mexico school for the deaf, New Mexico boys' school, girls' welfare home, New Mexico youth diagnostic and development center, Sequoyah adolescent treatment center, Carrie Tingley crippled children's hospital, New Mexico behavioral health institute at Las Vegas and any other state agency responsible for educating resident children;<hi rend="strikethrough">W.</hi><hi rend="underlined">V.</hi><hi rend="strikethrough">X.</hi><hi rend="underlined">W.</hi></p>
        </div2>
        <div2 type="section" n="4">
          <head>-LSB- X.-RSB- W.</head>
          <p>[<hi rend="strikethrough">Y.</hi>]<hi rend="underlined">X.</hi>"substitute teacher" means a person who holds a certificate to substitute for a teacher in the classroom;<hi rend="strikethrough">Y.</hi><hi rend="underlined">X.</hi></p>
          <p>[<hi rend="strikethrough">Z.</hi>]<hi rend="underlined">Y.</hi>"teacher" means a person who holds a level one, two or three-A license and whose primary duty is classroom instruction or the supervision, below the school principal level, of an instructional program or whose duties include curriculum development, peer intervention, peer coaching or mentoring or serving as a resource teacher for other teachers;<hi rend="strikethrough">Z.</hi><hi rend="underlined">Y.</hi></p>
          <p>[<hi rend="strikethrough">AA.</hi>]<hi rend="underlined">Z.</hi>"certified school instructor" means a teacher or instructional support provider; and<hi rend="strikethrough">AA.</hi><hi rend="underlined">Z.</hi></p>
          <p>[<hi rend="strikethrough">BB.</hi>]<hi rend="underlined">AA.</hi>"certified school employee" or "certified school personnel" means a licensed school employee."<hi rend="strikethrough">BB.</hi><hi rend="underlined">AA.</hi></p>
        </div2>
        <div2 type="section" n="5">
          <head>SECTION 3. Section 22-1-4 NMSA <term type="NE" subtype="DATE"> 1978 </term> (being Laws <term type="NE" subtype="DATE"> 1975 </term>, Chapter 338, Section 1, as amended)is amended to read:</head>
          <p>" 22-1-4. FREE PUBLIC SCHOOLS -- EXCEPTIONS -- WITHDRAWING AND ENROLLING -- <term type="NE" subtype="MISC"> OPEN </term> ENROLLMENT.</p>
        </div2>
        <div2 type="section" n="6">
          <head>A.Except as provided by Section 24-5-2 NMSA <term type="NE" subtype="DATE"> 1978 </term>, a free public school education shall be available to any school-age person who is a resident of this state and has not received a high school diploma or its equivalent.</head>
          <p>B.A free public school education in those courses already offered to persons pursuant to the provisions of Subsection A of this section shall be available to any person who is a resident of this state and has received a high school diploma or its equivalent if there is available space in such courses.</p>
          <p>C.Any person entitled to a free public school education pursuant to the provisions of this section may enroll or re-enroll in a public school at any time and, unless required to attend school pursuant to the Compulsory School Attendance Law, may withdraw from a public school at any time.</p>
          <p>D.In adopting and promulgating rules concerning the enrollment of students transferring from a home school or private school to the public schools, the local school board shall provide that the grade level at which the transferring student is placed is appropriate to the age of the student or to the student's score on a student achievement test administered according to the statewide assessment and accountability system.</p>
          <p>E.A local school board shall adopt and promulgate rules governing enrollment and re-enrollment at public schools other than charter schools within the school district.</p>
          <p>(1)definition of the school district boundary and the boundaries of attendance areas for each public school;</p>
        </div2>
        <div2 type="section" n="7">
          <head>(2)for each public school, definition of the boundaries of areas outside the school district boundary or within the school district but outside the public school's attendance area and within a distance of the public school that would not be served by a school bus route as determined pursuant to Section 22-16-4 NMSA <term type="NE" subtype="DATE"> 1978 </term> if enrolled, which areas shall be designated as " walk zones";</head>
          <p>(3)priorities for enrollment of students as follows:</p>
          <p>(a)<term type="NE" subtype="ORDINAL"> first </term>, students residing within the school district and within the attendance area of a public school and students who had resided in the attendance area prior to a parent who is an active duty member of the armed forces of the <term type="NE" subtype="LOCATION"> United States </term> or member of the national guard being deployed and whose deployment has required the student to relocate outside the attendance area for custodial care;</p>
          <p>(b)<term type="NE" subtype="ORDINAL"> second </term>, students enrolled in a school -LSB-<hi rend="strikethrough">ranked as a school that needs improvement or a school subject to corrective action</hi>]<hi rend="underlined">rated as " F" for two of the prior <term type="NE" subtype="DURATION"> four years </term> pursuant to the A-B-C-D-F Schools Rating Act</hi>;<hi rend="strikethrough">ranked as a school that needs improvement or a school subject to corrective action</hi><hi rend="underlined">rated as " F" for two of the prior <term type="NE" subtype="DURATION"> four years </term> pursuant to the A-B-C-D-F Schools Rating Act</hi></p>
          <p>(c)<term type="NE" subtype="ORDINAL"> third </term>, students who <term type="NE" subtype="DATE"> previously </term> attended the public school; and</p>
          <p>(d)<term type="NE" subtype="ORDINAL"> fourth </term>, all other applicants;</p>
          <p>(4)establishment of maximum allowable class size if smaller than that permitted by law; and</p>
          <p>(5)rules pertaining to grounds for denial of enrollment or re-enrollment at schools within the school district and the school district's hearing and appeals process for such a denial. Grounds for denial of enrollment or re-enrollment shall be limited to:</p>
          <p>(a)a student's expulsion from any school district or private school in this state or any other state during the preceding <term type="NE" subtype="DURATION"> twelve months </term>; or</p>
          <p>(b)a student's behavior in another school district or private school in this state or any other state during the preceding <term type="NE" subtype="DURATION"> twelve months </term> that is detrimental to the welfare or safety of other students or school employees.</p>
          <p>F.In adopting and promulgating rules governing enrollment and re-enrollment at public schools other than charter schools within the school district, a local school board may establish additional enrollment preferences for rules admitting students in accordance with the <term type="NE" subtype="ORDINAL"> third and fourth </term> priorities of enrollment set forth in Subparagraphs (c)and (d)of Paragraph (3)of Subsection E of this section.</p>
          <p>(1)after-school child care for students;</p>
          <p>(2)child care for siblings of students attending the public school;</p>
          <p>(3)children of employees employed at the public school;</p>
          <p>(4)extreme hardship;</p>
          <p>(5)location of a student's previous school;</p>
          <p>(6)siblings of students already attending the public school; and</p>
          <p>(7)student safety.</p>
          <p>G.As long as the maximum allowable class size established by law or by rule of a local school board, whichever is lower, is not met or exceeded in a public school by enrollment of <term type="NE" subtype="ORDINAL"> first </term> - and second-priority persons, the public school shall enroll other persons applying in the priorities stated in the school district rules adopted pursuant to Subsections E and F of this section. If the maximum would be exceeded by enrollment of an applicant in <term type="NE" subtype="DATE"> the second </term> through <term type="NE" subtype="ORDINAL"> fourth </term> priority, the public school shall establish a waiting list. As classroom space becomes available, persons highest on the waiting list within the highest priority on the list shall be notified and given the opportunity to enroll.</p>
        </div2>
        <div2 type="section" n="8">
          <head>SECTION 4. A new section of the Assessment and Accountability Act is enacted to read:</head>
          <p>"[<hi rend="underlined">NEW MATERIAL</hi>] REPORTING RECOMMENDED CHANGES TO LAWS.--By the end of the 2015 calendar year and each calendar year thereafter, the department shall report to the legislative education study committee the department's recommendations for proposed changes to laws to comport with any applicable federal requirements."<hi rend="underlined">NEW MATERIAL</hi></p>
        </div2>
        <div2 type="section" n="9">
          <head>SECTION 5. Section 22-2C-3 NMSA <term type="NE" subtype="DATE"> 1978 </term> (being Laws <term type="NE" subtype="DATE"> 2003 </term>, Chapter 153, Section 12)is amended to read:</head>
          <p>" 22-2C-3. ACADEMIC CONTENT AND PERFORMANCE STANDARDS -- -LSB-<hi rend="strikethrough">STATE BOARD</hi>]<hi rend="underlined">DEPARTMENT</hi>POWERS AND DUTIES.--<hi rend="strikethrough">STATE BOARD</hi><hi rend="underlined">DEPARTMENT</hi></p>
          <p>A.The -LSB-<hi rend="strikethrough">state board</hi>]<hi rend="underlined">department</hi>shall adopt academic content and performance standards for grades one through twelve in the following areas:<hi rend="strikethrough">state board</hi><hi rend="underlined">department</hi></p>
          <p>(1)mathematics;</p>
          <p>(2)reading and language arts;</p>
          <p>(3)science; and</p>
          <p>(4)social studies.</p>
          <p>B.The -LSB-<hi rend="strikethrough">state board</hi>]<hi rend="underlined">department</hi>may adopt content and performance standards in other subject areas.<hi rend="strikethrough">state board</hi><hi rend="underlined">department</hi></p>
          <p><term type="NE" subtype="MISC"> C.Academic </term> content and performance standards shall be sufficiently academically challenging to meet or exceed<hi rend="underlined">any applicable</hi>federal requirements.<hi rend="underlined">any applicable</hi></p>
          <p>D.The department shall measure the performance of every public school in <term type="NE" subtype="LOCATION"> New Mexico </term>.<hi rend="strikethrough">Public schools achieving the greatest improvement in adequate <term type="NE" subtype="SET"> yearly </term> progress shall be eligible for supplemental incentive funding. The state board</hi><hi rend="strikethrough">shall establish the corrective actions and interventions necessary for public schools that do not achieve adequate <term type="NE" subtype="SET"> yearly </term> progress.</hi>]"<hi rend="strikethrough">Public schools achieving the greatest improvement in adequate <term type="NE" subtype="SET"> yearly </term> progress shall be eligible for supplemental incentive funding. The state board</hi><hi rend="strikethrough">shall establish the corrective actions and interventions necessary for public schools that do not achieve adequate <term type="NE" subtype="SET"> yearly </term> progress.</hi></p>
        </div2>
        <div2 type="section" n="10">
          <head>SECTION 6. Section 22-2C-4 NMSA <term type="NE" subtype="DATE"> 1978 </term> (being Laws <term type="NE" subtype="DATE"> 2003 </term>, Chapter 153, Section 13, as amended by Laws <term type="NE" subtype="DATE"> 2007 </term>, Chapter 306, Section 1 and by Laws <term type="NE" subtype="DATE"> 2007 </term>, Chapter 307, Section 3 and also by Laws <term type="NE" subtype="DATE"> 2007 </term>, Chapter 308, Section 3)is amended to read:</head>
          <p>" 22-2C-4. STATEWIDE ASSESSMENT AND ACCOUNTABILITY SYSTEM -- INDICATORS -- REQUIRED ASSESSMENTS -- ALTERNATIVE ASSESSMENTS -- LIMITS ON ALTERNATIVES TO <term type="NE" subtype="MISC"> ENGLISH </term> LANGUAGE READING ASSESSMENTS.</p>
          <p>A.The department shall establish a statewide assessment and accountability system that is aligned with the state academic content and performance standards -LSB-<hi rend="strikethrough">and that measures adequate <term type="NE" subtype="SET"> yearly </term> progress for each public school and school district. Adequate <term type="NE" subtype="SET"> yearly </term> progress shall be determined primarily by student academic achievement, as demonstrated by statewide standards-based assessments; however, the department may include other indicators of adequate <term type="NE" subtype="SET"> yearly </term> progress, including graduation rates for high schools and attendance for elementary and middle schools</hi>].<hi rend="strikethrough">and that measures adequate <term type="NE" subtype="SET"> yearly </term> progress for each public school and school district. Adequate <term type="NE" subtype="SET"> yearly </term> progress shall be determined primarily by student academic achievement, as demonstrated by statewide standards-based assessments; however, the department may include other indicators of adequate <term type="NE" subtype="SET"> yearly </term> progress, including graduation rates for high schools and attendance for elementary and middle schools</hi></p>
          <p>B.The academic assessment program -LSB-<hi rend="strikethrough">for adequate <term type="NE" subtype="SET"> yearly </term> progress</hi>] shall test student achievement as follows:<hi rend="strikethrough">for adequate <term type="NE" subtype="SET"> yearly </term> progress</hi></p>
          <p>(1)for grades three through eight and for grade eleven, standards-based assessments in mathematics, reading and language arts -LSB-<hi rend="strikethrough">and social studies</hi>];<hi rend="strikethrough">and social studies</hi></p>
          <p>(2)for grades three through eight, a standards-based writing assessment with the writing assessment scoring criteria applied to the extended response writing portions of the language arts standards-based assessments; and<hi rend="strikethrough"/><hi rend="strikethrough"/></p>
          <p>(3)for one of grades three through five and six through eight and for grade eleven, standards-based assessments in science by the <term type="NE" subtype="DURATION"> 2007-2008 </term> school <term type="NE" subtype="DURATION"> year </term>.</p>
          <p>C.The department shall involve appropriate licensed school employees in the development of the standards-based assessments.</p>
          <p>D.Before <term type="NE" subtype="DATE"> August 5 </term> of <term type="NE" subtype="SET"> each year </term>, the department shall provide student scores on all standards-based assessments taken during the prior school <term type="NE" subtype="DURATION"> year </term> and required in Subsection B of this section to students' respective school districts in order to make test score data available to assist school district staff with appropriate grade-level and other placement for the <term type="NE" subtype="DATE"> current </term> school <term type="NE" subtype="DURATION"> year </term>.</p>
          <p>E.All students shall participate in the academic assessment program. The department shall adopt standards for reasonable accommodations in standards-based assessments for students with disabilities and limited <term type="NE" subtype="MISC"> English </term> proficiency, including when and how accommodations may be applied. The legislative education study committee shall review the standards prior to adoption by the department.</p>
          <p>F.Students who have been determined to be limited <term type="NE" subtype="MISC"> English </term> proficient may be allowed to take the standards-based assessment in their primary language. A student who has attended school for three consecutive <term type="NE" subtype="DURATION"> years </term> in the <term type="NE" subtype="LOCATION"> United States </term> shall participate in the <term type="NE" subtype="MISC"> English </term> language reading assessment unless granted a waiver by the department based on criteria established by the department. An <term type="NE" subtype="MISC"> English </term> language reading assessment waiver may be granted only for a maximum of two additional <term type="NE" subtype="DURATION"> years </term> and only on a case-by-case basis.</p>
        </div2>
        <div2 type="section" n="11">
          <head>SECTION 7. Section 22-2C-5 NMSA <term type="NE" subtype="DATE"> 1978 </term> (being Laws <term type="NE" subtype="DATE"> 2003 </term>, Chapter 153, Section 14, as amended)is amended to read:</head>
          <p>" 22-2C-5. -LSB-<hi rend="strikethrough">STUDENT ACHIEVEMENT RATINGS -- CALCULATION OF ADEQUATE <term type="NE" subtype="SET"> YEARLY </term> PROGRESS</hi>]<hi rend="underlined">MEASURING AND CATEGORIZING STUDENTS' ACADEMIC PERFORMANCE</hi>.--The department shall adopt the process and methodology for [<hi rend="strikethrough">calculating adequate <term type="NE" subtype="SET"> yearly </term> progress. The statewide standards-based assessments used to assess adequate <term type="NE" subtype="SET"> yearly </term> progress shall be valid and reliable and shall conform with nationally recognized professional and technical standards</hi>]<hi rend="underlined">measuring students' academic performance</hi>. Academic performance shall be [<hi rend="strikethrough">measured</hi>]<hi rend="underlined">categorized</hi>by school and by the following subgroups:<hi rend="strikethrough">STUDENT ACHIEVEMENT RATINGS -- CALCULATION OF ADEQUATE <term type="NE" subtype="SET"> YEARLY </term> PROGRESS</hi><hi rend="underlined">MEASURING AND CATEGORIZING STUDENTS' ACADEMIC PERFORMANCE</hi><hi rend="strikethrough">calculating adequate <term type="NE" subtype="SET"> yearly </term> progress. The statewide standards-based assessments used to assess adequate <term type="NE" subtype="SET"> yearly </term> progress shall be valid and reliable and shall conform with nationally recognized professional and technical standards</hi><hi rend="underlined">measuring students' academic performance</hi><hi rend="strikethrough">measured</hi><hi rend="underlined">categorized</hi></p>
          <p>A.ethnicity;</p>
          <p>B.race;</p>
          <p>C.limited <term type="NE" subtype="MISC"> English </term> proficiency;</p>
          <p>D.students with disabilities; and</p>
          <p>E.poverty.</p>
        </div2>
        <div2 type="section" n="12">
          <head>SECTION 8. Section 22-2C-8 NMSA <term type="NE" subtype="DATE"> 1978 </term> (being Laws <term type="NE" subtype="DATE"> 2003 </term>, Chapter 153, Section 17)is amended to read:</head>
          <p>" 22-2C-8. -LSB-<hi rend="strikethrough">ADEQUATE <term type="NE" subtype="SET"> YEARLY </term> PROGRESS -- SUPPLEMENTAL INCENTIVE FUNDING -- STATE PROGRAM FOR OTHER ACHIEVEMENT</hi>]<hi rend="underlined">STATE IMPROVING SCHOOLS PROGRAM</hi>.--<hi rend="strikethrough">ADEQUATE <term type="NE" subtype="SET"> YEARLY </term> PROGRESS -- SUPPLEMENTAL INCENTIVE FUNDING -- STATE PROGRAM FOR OTHER ACHIEVEMENT</hi><hi rend="underlined">STATE IMPROVING SCHOOLS PROGRAM</hi></p>
          <p>[<hi rend="strikethrough">A.The state board shall institute an " adequate <term type="NE" subtype="SET"> yearly </term> progress program" that measures public schools' improvements in adequate <term type="NE" subtype="SET"> yearly </term> progress. The public schools that show the greatest improvement in adequate <term type="NE" subtype="SET"> yearly </term> progress shall be eligible for supplemental funding from the incentives for school improvement fund, including allowable federal funds.</hi>A. The state board shall institute an "adequate yearly progress program" that measures public schools' improvements in adequate yearly progress. The public schools that show the greatest improvement in adequate yearly progress shall be eligible for supplemental funding from the incentives for school improvement fund, including allowable federal funds.<hi rend="strikethrough">A.The state board shall institute an " adequate <term type="NE" subtype="SET"> yearly </term> progress program" that measures public schools' improvements in adequate <term type="NE" subtype="SET"> yearly </term> progress. The public schools that show the greatest improvement in adequate <term type="NE" subtype="SET"> yearly </term> progress shall be eligible for supplemental funding from the incentives for school improvement fund, including allowable federal funds.</hi><hi rend="strikethrough">B.</hi><hi rend="strikethrough">state board</hi><hi rend="underlined">department</hi><hi rend="strikethrough">by adequate <term type="NE" subtype="SET"> yearly </term> progress and other indicators, including</hi><hi rend="underlined">through</hi><hi rend="strikethrough">if not used to determine adequate <term type="NE" subtype="SET"> yearly </term> progress</hi><hi rend="strikethrough">state board</hi><hi rend="underlined">department</hi><hi rend="strikethrough">through the use of additional indicators</hi><hi rend="underlined">pursuant to Section 22-2C-9 NMSA <term type="NE" subtype="DATE"> 1978 </term></hi><hi rend="strikethrough">shall</hi><hi rend="underlined">may</hi><hi rend="strikethrough">only if allowed by</hi><hi rend="underlined">allowable under</hi></p>
        </div2>
        <div2 type="section" n="13">
          <head>B.-RSB- The -LSB- state board]department may institute a " state improving schools program" that measures public school improvement -LSB- by adequate <term type="NE" subtype="SET"> yearly </term> progress and other indicators, including]through school safety, dropout rate, parent and community involvement and -LSB- if not used to determine adequate <term type="NE" subtype="SET"> yearly </term> progress]graduation and attendance rates. Those indicators may be weighed against socioeconomic variables such as the percentage of student mobility rates, the percentage of limited <term type="NE" subtype="MISC"> English </term> proficient students using criteria established by the federal office of civil rights and the percentage of students eligible for free or reduced-fee lunches and other factors determined by the -LSB- state board]department. Public schools that show the greatest improvement -LSB- through the use of additional indicators]may be eligible for supplemental funding from the incentives for school improvement fund pursuant to Section 22-2C-9 NMSA <term type="NE" subtype="DATE"> 1978 </term>. Funding for the state improving schools program -LSB- shall]may include federal funds -LSB- only if allowed by]allowable under federal law or rule.</head>
        </div2>
        <div2 type="section" n="14">
          <head>SECTION 9. Section 22-2C-9 NMSA <term type="NE" subtype="DATE"> 1978 </term> (being Laws <term type="NE" subtype="DATE"> 2003 </term>, Chapter 153, Section 18)is amended to read:</head>
          <p>" 22-2C-9. INCENTIVES FOR SCHOOL IMPROVEMENT FUND -- CREATED -- DISTRIBUTIONS.</p>
          <p>A.The " incentives for school improvement fund" is created in the state treasury. The fund includes appropriations, federal allocations for the purposes of the fund, income from investment of the fund, gifts, grants and donations. Balances in the fund shall not revert to any other fund at the end of any fiscal <term type="NE" subtype="DURATION"> year </term>.<hi rend="strikethrough">the adequate <term type="NE" subtype="SET"> yearly </term> progress program and</hi>] the state improving schools program. No more than three percent of the fund may be retained by the department for administrative purposes. Money in the fund shall be expended on warrants of the secretary of finance and administration pursuant to vouchers signed by the [<hi rend="strikethrough">state superintendent</hi>]<hi rend="underlined">secretary of public education</hi>or [<hi rend="strikethrough">his</hi>]<hi rend="underlined">the secretary's</hi>authorized representative.<hi rend="strikethrough">the adequate <term type="NE" subtype="SET"> yearly </term> progress program and</hi><hi rend="strikethrough">state superintendent</hi><hi rend="underlined">secretary of public education</hi><hi rend="strikethrough">his</hi><hi rend="underlined">the secretary's</hi></p>
          <p>B.The -LSB-<hi rend="strikethrough">state board</hi>]<hi rend="underlined">department</hi>shall adopt a formula for distributing incentive funding from the fund. [<hi rend="strikethrough">Distributions for the adequate <term type="NE" subtype="SET"> yearly </term> progress program shall account for at least <term type="NE" subtype="PERCENT"> sixty percent </term> of the fund, including federal funds if those funds are restricted to adequate <term type="NE" subtype="SET"> yearly </term> progress improvements. Up to <term type="NE" subtype="PERCENT"> forty percent </term> of the fund, not including restricted federal funds, may be used for the state improving schools program.</hi>] The total number of public schools that receive supplemental funding shall not constitute more than fifteen percent of the student membership in the state. Distributions shall be made proportionately to public schools that qualify.<hi rend="strikethrough">state board</hi><hi rend="underlined">department</hi><hi rend="strikethrough">Distributions for the adequate <term type="NE" subtype="SET"> yearly </term> progress program shall account for at least <term type="NE" subtype="PERCENT"> sixty percent </term> of the fund, including federal funds if those funds are restricted to adequate <term type="NE" subtype="SET"> yearly </term> progress improvements. Up to <term type="NE" subtype="PERCENT"> forty percent </term> of the fund, not including restricted federal funds, may be used for the state improving schools program.</hi></p>
          <p>C.Each public school's school council shall determine how the supplemental funding shall be used. The money received by a public school shall not be used for salaries, salary increases or bonuses, but may be used to pay substitute teachers when teachers attend professional development activities.</p>
        </div2>
        <div2 type="section" n="15">
          <head>SECTION 10. Section 22-2C-10 NMSA <term type="NE" subtype="DATE"> 1978 </term> (being Laws <term type="NE" subtype="DATE"> 2003 </term>, Chapter 153, Section 19)is amended to read:</head>
          <p>" 22-2C-10. SCHOOLS IN NEED OF IMPROVEMENT FUND -- CREATED.</p>
          <p>A.The " schools in need of improvement fund" is created in the state treasury. The fund includes appropriations, federal allocations for the purposes of the fund, income from investment of the fund, gifts, grants and donations. Balances in the fund shall not revert to any other fund at the end of any fiscal <term type="NE" subtype="DURATION"> year </term>.<hi rend="strikethrough">and public schools subject to corrective action</hi>]. No more than three percent of the fund may be retained by the department for administrative purposes. Money in the fund shall be expended on warrants of the secretary of finance and administration pursuant to vouchers signed by the [<hi rend="strikethrough">state superintendent or his</hi>]<hi rend="underlined">secretary of public education or the secretary's</hi>authorized representative.<hi rend="strikethrough">and public schools subject to corrective action</hi><hi rend="strikethrough">state superintendent or his</hi><hi rend="underlined">secretary of public education or the secretary's</hi><hi rend="strikethrough">based on a public school's approved improvement plan as provided in Section 22-2C-7 NMSA <term type="NE" subtype="DATE"> 1978 </term></hi></p>
        </div2>
        <div2 type="section" n="16">
          <head>B.Distributions from the fund shall be by application approved by the department -LSB- based on a public school's approved improvement plan as provided in Section 22-2C-7 NMSA <term type="NE" subtype="DATE"> 1978 </term> -RSB-.</head>
        </div2>
        <div2 type="section" n="17">
          <head>SECTION 11. Section 22-2C-11 NMSA <term type="NE" subtype="DATE"> 1978 </term> (being Laws <term type="NE" subtype="DATE"> 2003 </term>, Chapter 153, Section 20, as amended)is amended to read:</head>
          <p>" 22-2C-11. ASSESSMENT AND ACCOUNTABILITY SYSTEM REPORTING -- PARENT SURVEY -- DATA SYSTEM -- FISCAL INFORMATION.</p>
          <p>A.The department shall:</p>
          <p>(1)issue a state identification number for each public school student for use in the accountability data system;</p>
          <p>(2)adopt the format for reporting individual student assessments to parents. The student assessments shall report each student's progress and academic needs as measured against state standards;</p>
          <p>(3)adopt the format for reporting <term type="NE" subtype="SET"> annual </term> -LSB-<hi rend="strikethrough"><term type="NE" subtype="SET"> yearly </term></hi>] progress of public schools, school districts, state-chartered charter schools and the department. A school district's report shall include reports of all locally chartered charter schools in the school district. If the department has adopted a state improving schools program, the annual accountability report shall include the results of that program for each public school. The annual accountability report format shall be clear, concise and understandable to parents and the general public. All annual accountability reports shall ensure that the privacy of individual students is protected;<hi rend="strikethrough"><term type="NE" subtype="SET"> yearly </term></hi></p>
          <p>(4)require that when public schools, school districts, state-chartered charter schools and the state disaggregate and report school data for demographic subgroups, they include data disaggregated by ethnicity, race, limited <term type="NE" subtype="MISC"> English </term> proficiency, students with disabilities, poverty and gender; provided that ethnicity and race shall be reported using the following categories:</p>
          <p>(a)<term type="NE" subtype="MISC"> Caucasian </term>, <term type="NE" subtype="MISC"> non-Hispanic </term>;</p>
          <p>(b)Hispanic;</p>
          <p>(c)<term type="NE" subtype="MISC"> African American </term>;</p>
          <p>(d)<term type="NE" subtype="MISC"> American Indian </term> or <term type="NE" subtype="LOCATION"> Alaska </term> Native;</p>
          <p>(e)Native Hawaiian or other <term type="NE" subtype="LOCATION"> Pacific Islander </term>;</p>
          <p>(f)<term type="NE" subtype="MISC"> Asian </term>;</p>
          <p>(g)two or more races; and</p>
          <p>(h)other; provided that if the sample of students in any category enumerated in Subparagraphs (a)through (g)of this paragraph is so small that a student in the sample may be personally identifiable in violation of the federal Family Educational Rights and Privacy Act<hi rend="underlined">of <term type="NE" subtype="DATE"> 1974 </term></hi>, the report may combine that sample into the "other" category;<hi rend="underlined">of <term type="NE" subtype="DATE"> 1974 </term></hi></p>
          <p>(5)report cohort graduation data <term type="NE" subtype="SET"> annually </term> for the state, for each school district and for each state-chartered charter school and each public high school, based on information provided by all school districts and state-chartered charter schools according to procedures established by the department; provided that the report shall include the number and percentage of students in a cohort who:</p>
          <p>(a)have graduated by <term type="NE" subtype="DATE"> August 1 of the fourth year </term> after entering the <term type="NE" subtype="ORDINAL"> ninth </term> grade;</p>
          <p>(b)have graduated in <term type="NE" subtype="DURATION"> more than four years </term>, but by <term type="NE" subtype="DATE"> August 1 of the fifth year </term> after entering <term type="NE" subtype="ORDINAL"> ninth </term> grade;</p>
        </div2>
        <div2 type="section" n="18">
          <head>(c)have received a state certificate by exiting the school system at the end of grade twelve without having satisfied the requirements for a high school diploma as provided in Section 22-13-1.1 NMSA <term type="NE" subtype="DATE"> 1978 </term> or completed all course requirements but have not passed the graduation assessment or portfolio of standards-based indicators pursuant to Section</head>
          <p>22-13-1.1 NMSA <term type="NE" subtype="DATE"> 1978 </term>;</p>
          <p>(d)have dropped out or whose status is unknown;</p>
          <p>(e)have exited public school and indicated an intent to pursue a -LSB-<hi rend="strikethrough">general educational development certificate</hi>]<hi rend="underlined">high school equivalency credential</hi>; or<hi rend="strikethrough">general educational development certificate</hi><hi rend="underlined">high school equivalency credential</hi></p>
          <p>(f)are still enrolled in public school;</p>
          <p>(6)report <term type="NE" subtype="SET"> annually </term>, based on data provided by school districts and state-chartered charter schools, the number and percentage of public school students in each cohort in the state in grades nine through twelve who have advanced to the next grade or graduated on schedule, who remain enrolled but have not advanced to the next grade on schedule, who have dropped out or whose other educational outcomes are known to the department; and</p>
          <p>(7)establish technical criteria and procedures to define which students are included or excluded from a cohort.</p>
          <p>B.Local school boards and governing boards of charter schools may establish additional indicators through which to measure the school district's or charter school's performance -LSB-<hi rend="strikethrough">in areas other than adequate <term type="NE" subtype="SET"> yearly </term> progress</hi>].<hi rend="strikethrough">in areas other than adequate <term type="NE" subtype="SET"> yearly </term> progress</hi></p>
          <p>C.The school district's or state-chartered charter school's <term type="NE" subtype="SET"> annual </term> accountability report shall include a report of four - and <term type="NE" subtype="DURATION"> five-year </term> graduation rates for each public high school in the school district or state-chartered charter school. All <term type="NE" subtype="SET"> annual </term> accountability reports shall ensure that the privacy of individual students is protected.</p>
        </div2>
        <div2 type="section" n="19">
          <head>(1)who have received a state certificate by exiting the school system at the end of grade twelve without having satisfied the requirements for a high school diploma as provided in Section 22-13-1.1 NMSA <term type="NE" subtype="DATE"> 1978 </term> or completed all course requirements but have not passed the graduation assessment or portfolio of standards-based indicators pursuant to Section</head>
          <p>22-13-1.1 NMSA <term type="NE" subtype="DATE"> 1978 </term>;</p>
          <p>(2)who have dropped out or whose status is unknown;</p>
          <p>(3)who have exited public school and indicated an intent to pursue a -LSB-<hi rend="strikethrough">general educational development certificate</hi>]<hi rend="underlined">high school equivalency credential</hi>;<hi rend="strikethrough">general educational development certificate</hi><hi rend="underlined">high school equivalency credential</hi></p>
          <p>(4)who are still enrolled; and</p>
          <p>(5)whose other educational outcomes are known to the school district.</p>
          <p>D.The school district's or state-chartered charter school's <term type="NE" subtype="SET"> annual </term> accountability report shall include the results of a survey of parents' views of the quality of their children's school. The survey shall be conducted <term type="NE" subtype="SET"> each year </term> in time to include the results in the <term type="NE" subtype="SET"> annual </term> accountability report. The survey shall compile the results of a written questionnaire that shall be sent home with the students to be given to their parents. The survey may be completed anonymously. The survey shall be no more than one page, shall be clearly and concisely written and shall include not more than twenty questions that shall be answered with options of a simple sliding scale ranging from " strongly agree" to " strongly disagree" and shall include the optional response " do n't know". The survey shall also include a request for optional written comments, which may be written on the back of the questionnaire form.</p>
          <p>(1)parent-teacher-school relationship and communication;</p>
          <p>(2)quality of educational and extracurricular programs;</p>
          <p>(3)instructional practices and techniques;</p>
          <p>(4)resources;</p>
          <p>(5)school employees, including the school principal; and</p>
          <p>(6)parents' views of teaching staff expectations for the students.</p>
          <p>E.The department shall develop no more than ten of the survey questions, which shall be reviewed by the legislative education study committee prior to implementation. No more than five survey questions shall be developed by the local school board or governing body of a state-chartered charter school, and no more than five survey questions shall be developed by the staff of each public school; provided that at least one-half of those questions shall be developed by teachers rather than school administrators, in order to gather information that is specific to the particular community surveyed. The questionnaires shall indicate the public school site and shall be tabulated by the department within <term type="NE" subtype="DURATION"> thirty days </term> of receipt and shall be returned to the respective schools to be disseminated to all parents.</p>
          <p>F.The school district's or state-chartered charter school's <term type="NE" subtype="SET"> annual </term> accountability report shall be adopted by the local school board or governing body of the state-chartered charter school, shall be published no later than <term type="NE" subtype="DATE"> November 15 </term> of <term type="NE" subtype="SET"> each year </term> and shall be published at least <term type="NE" subtype="DATE"> once </term> each school <term type="NE" subtype="DURATION"> year </term> in a newspaper of general circulation in the county where the school district or state-chartered charter school is located. In publication, the report shall be titled " The School District Report Card" or " The Charter School Report Card" and disseminated in accordance with guidelines established by the department to ensure effective communication with parents, students, educators, local policymakers and business and community organizations.</p>
          <p>G.The <term type="NE" subtype="SET"> annual </term> accountability report shall include the names of those members of the local school board or the governing body of the charter school who failed to attend <term type="NE" subtype="SET"> annual </term> mandatory training.</p>
          <p>H.The <term type="NE" subtype="SET"> annual </term> accountability report shall include data on expenditures for central office administration and expenditures for the public schools of the school district or charter school.</p>
          <p>I.The department shall create an accountability data system through which data from each public school and each school district or state-chartered charter school may be compiled and reviewed. The department shall provide the resources to train school district and charter school personnel in the use of the accountability data system.</p>
          <p>J.The department shall verify data submitted by the school districts and state-chartered charter schools.</p>
          <p>K.At the end of <term type="NE" subtype="DATE"> fiscal year 2005 </term>, after the budget approval cycle, the department shall produce a report to the legislature that shows for all school districts using performance-based program budgeting the relationship between that portion of a school district's program cost generated by each public school in the school district and the budgeted expenditures for each public school in the school district as reported in the district's performance-based program budget. At the end of <term type="NE" subtype="DATE"> fiscal year 2006 </term> and subsequent fiscal <term type="NE" subtype="DURATION"> years </term>, after the budget approval cycle, the department shall report on this relationship in all public schools in all school districts in the state.</p>
          <p>L.When all public schools are participating in performance-based budgeting, the department shall recommend <term type="NE" subtype="SET"> annually </term> to the legislature for inclusion in the general appropriation act the maximum percentage of appropriations that may be expended in each school district for central office administration.</p>
          <p>M.The department shall disseminate its statewide accountability report to school districts and charter schools; the governor, legislators and other policymakers; and business and economic development organizations.</p>
          <p>N.As used in this section, " cohort" means a group of students who enter grade nine for the <term type="NE" subtype="ORDINAL"> first </term> time at the same time, plus those students who transfer into the group in <term type="NE" subtype="DURATION"> later years </term> and minus those students who leave the cohort for documented excusable reasons.</p>
        </div2>
        <div2 type="section" n="20">
          <head>SECTION 12. Section 22-8E-6 NMSA <term type="NE" subtype="DATE"> 1978 </term> (being Laws <term type="NE" subtype="DATE"> 2005 </term>, Chapter 292, Section 6)is amended to read:</head>
          <p>" 22-8E-6. RENEWAL OF CHARTER.</p>
          <p>A.A charter for a charter school district may be renewed for successive periods of <term type="NE" subtype="DURATION"> five years </term> each.</p>
          <p>B.Before it submits an application for renewal to the department, the local school board shall hold a public hearing to adopt a resolution approving the application for renewal.</p>
          <p>C.A charter school district renewal application submitted to the department shall contain:</p>
          <p>(1)a report on the progress that the charter school district has made toward achieving the goals of its charter;</p>
          <p>[<hi rend="strikethrough">(2)a list of schools in the charter school district that have made adequate <term type="NE" subtype="SET"> yearly </term> progress;</hi>(2) a list of schools in the charter school district that have made adequate yearly progress;<hi rend="strikethrough">(2)a list of schools in the charter school district that have made adequate <term type="NE" subtype="SET"> yearly </term> progress;</hi></p>
          <p><hi rend="strikethrough">(3)a list of schools in the charter school district that have not made adequate <term type="NE" subtype="SET"> yearly </term> progress, together with an indication of the school improvement status of each of those schools;</hi>(3) a list of schools in the charter school district that have not made adequate yearly progress, together with an indication of the school improvement status of each of those schools;<hi rend="strikethrough">(3)a list of schools in the charter school district that have not made adequate <term type="NE" subtype="SET"> yearly </term> progress, together with an indication of the school improvement status of each of those schools;</hi></p>
          <p><hi rend="strikethrough">(4)</hi>]<hi rend="underlined">(2)</hi>a petition in support of the charter school district renewing its charter school district status signed by not less than sixty-five percent of the employees in the charter school district;<hi rend="strikethrough">(4)</hi><hi rend="underlined">(2)</hi></p>
          <p>[<hi rend="strikethrough">(5)</hi>]<hi rend="underlined">(3)</hi>a resolution by the local school board requesting renewal of the charter; and<hi rend="strikethrough">(5)</hi><hi rend="underlined">(3)</hi></p>
          <p>[<hi rend="strikethrough">(6)</hi>]<hi rend="underlined">(4)</hi>any other information that the department deems appropriate."<hi rend="strikethrough">(6)</hi><hi rend="underlined">(4)</hi></p>
        </div2>
        <div2 type="section" n="21">
          <head>SECTION 13. Section 22-10A-14 NMSA <term type="NE" subtype="DATE"> 1978 </term> (being Laws <term type="NE" subtype="DATE"> 2003 </term>, Chapter 153, Section 45)is amended to read:</head>
          <p>" 22-10A-14. CERTIFICATES OF WAIVER.</p>
          <p>A.If a local superintendent or governing authority of a state agency certifies to the department that an emergency exists in the hiring of a qualified person, the department may issue a certificate of teaching waiver or assignment waiver.</p>
          <p>B.The department may issue a certificate of teaching waiver to a person who holds a baccalaureate degree but does not meet other requirements for licensure as a level one teacher. Certificates of teaching waivers are <term type="NE" subtype="DURATION"> one-year </term> waivers and may be renewed only if the holder provides satisfactory evidence of continued progress toward a level one license.</p>
          <p>C.At the request of a local superintendent, the department may issue a certificate of assignment waiver to a licensed teacher who is assigned to teach outside -LSB-<hi rend="strikethrough">his</hi>]<hi rend="underlined">the teacher's</hi>teaching endorsement area. A certificate of assignment waiver may be renewed each school year if the teacher provides satisfactory evidence of continued progress toward meeting the requirements for endorsement.<hi rend="strikethrough">his</hi><hi rend="underlined">the teacher's</hi></p>
          <p>[<hi rend="strikethrough">D.A teacher who holds a teaching or assignment waiver shall not be assigned to a school that has not made adequate <term type="NE" subtype="SET"> yearly </term> progress for two consecutive <term type="NE" subtype="DURATION"> years </term>.</hi>]"<hi rend="strikethrough">D.A teacher who holds a teaching or assignment waiver shall not be assigned to a school that has not made adequate <term type="NE" subtype="SET"> yearly </term> progress for two consecutive <term type="NE" subtype="DURATION"> years </term>.</hi></p>
        </div2>
        <div2 type="section" n="22">
          <head>SECTION 14. Section 22-23B-6 NMSA <term type="NE" subtype="DATE"> 1978 </term> (being Laws <term type="NE" subtype="DATE"> 2010 </term>, Chapter 108, Section 6 and Laws <term type="NE" subtype="DATE"> 2010 </term>, Chapter 114, Section 6)is amended to read:</head>
          <p>STATEWIDE STATUS REPORT.--</p>
          <p>A.The department, in collaboration with the higher education department, shall submit an <term type="NE" subtype="SET"> annual </term> preschool through post-secondary statewide <term type="NE" subtype="MISC"> Hispanic </term> education status report no later than <term type="NE" subtype="DATE"> November 15 </term> to the governor and the legislature through the legislative education study committee. A copy shall be provided to the legislative library in the legislative council service.</p>
          <p>B.The status report shall include the following information, by school district, by charter school and statewide, which may be compiled from data otherwise required to be submitted to the department:</p>
          <p>(1)<term type="NE" subtype="MISC"> Hispanic </term> student achievement at all grades;</p>
          <p>(2)attendance for all grades;</p>
          <p>(3)the graduation rates for <term type="NE" subtype="MISC"> Hispanic </term> students;<hi rend="underlined">and</hi>and<hi rend="underlined">and</hi></p>
          <p>[<hi rend="strikethrough">(4)the number of <term type="NE" subtype="MISC"> Hispanic </term> students in schools that make adequate <term type="NE" subtype="SET"> yearly </term> progress and in schools at each level of school improvement or restructuring; and</hi>(4) the number of Hispanic students in schools that make adequate yearly progress and in schools at each level of school improvement or restructuring; and<hi rend="strikethrough">(4)the number of <term type="NE" subtype="MISC"> Hispanic </term> students in schools that make adequate <term type="NE" subtype="SET"> yearly </term> progress and in schools at each level of school improvement or restructuring; and</hi></p>
          <p><hi rend="strikethrough">(5)</hi>]<hi rend="underlined">(4)</hi>the number and type of bilingual and multicultural programs in each school district and charter school.<hi rend="strikethrough">(5)</hi><hi rend="underlined">(4)</hi></p>
          <p>C.The status report shall include the following information, by post-secondary educational institution, which may be compiled from data otherwise required to be submitted to the higher education department:</p>
          <p>(1)<term type="NE" subtype="MISC"> Hispanic </term> student enrollment;</p>
          <p>(2)<term type="NE" subtype="MISC"> Hispanic </term> student retention; and</p>
          <p>(3)<term type="NE" subtype="MISC"> Hispanic </term> student completion rates."</p>
        </div2>
        <div2 type="section" n="23">
          <head>SECTION 15. REPEAL.-- Sections 22-2C-7, 22-2C-7. 1 and 22-2C-12 NMSA <term type="NE" subtype="DATE"> 1978 </term> (being Laws <term type="NE" subtype="DATE"> 2003 </term>, Chapter 153, Section 16, Laws <term type="NE" subtype="DATE"> 2007 </term>, Chapter 309, Section 6 and Laws <term type="NE" subtype="DATE"> 2009 </term>, Chapter 189, Section 1, as amended)are repealed.</head>
          <p>- <term type="NE" subtype="DATE"> 32 </term> -</p>
        </div2>
      </div1>
    </body>
  </text>
</TEI>
