<TEI xmlns="http://www.tei-c.org/ns/1.0">
  <teiHeader xml:lang="en">
    <fileDesc>
      <titleStmt>
        <title xml:id="NM-2008-S460"/>
        <author>Cynthia Nava      </author>
      </titleStmt>
      <editionStmt>
        <edition/>
      </editionStmt>
      <publicationStmt>
        <pubPlace>New Mexico</pubPlace>
        <idno>NM-2008-S460</idno>
        <date>2008</date>
      </publicationStmt>
      <sourceDesc>
        <bibl>https:\\www.nmlegis.gov\Sessions\08%20Regular\bills\senate\SB0460.html</bibl>
      </sourceDesc>
    </fileDesc>
  </teiHeader>
  <text xml:lang="en">
    <front>
      <div1 type="abstract">
        <head>AN ACT RELATING TO PUBLIC SCHOOLS; CHANGING THE STATEWIDE COLLEGE AND WORKPLACE READINESS ASSESSMENTS; ALLOWING THE <term type="NE" subtype="ORDINAL"> ELEVENTH </term> GRADE STANDARDS-BASED ASSESSMENTS TO SERVE AS THE ASSESSMENT REQUIRED FOR GRADUATION; CHANGING THE DATE BY WHICH ASSESSMENT RULES MUST BE PROMULGATED; RECONCILING MULTIPLE AMENDMENTS TO THE SAME SECTION OF LAW IN LAWS <term type="NE" subtype="DATE"> 2007 </term> </term>.</head>
      </div1>
    </front>
    <body>
      <div1>
        <opener>
          <salute/>
        </opener>
        <div2 type="section" n="1">
          <head>Section 1. Section 22-2C-4.</head>
          <p>STATEWIDE COLLEGE AND WORKPLACE READINESS ASSESSMENT SYSTEM.--</p>
          <p>A.The department shall establish a readiness assessment system to measure the readiness of every <term type="NE" subtype="LOCATION"> New Mexico </term> high school student for success in higher education or a career no later than the <term type="NE" subtype="DURATION"> 2008-2009 </term> school <term type="NE" subtype="DURATION"> year </term>. The department shall ensure that the readiness assessment system is aligned with state academic content and performance standards, college placement tests and entry-level career skill requirements.</p>
          <p>(1)-LSB-<hi rend="strikethrough">a high school readiness assessment in <term type="NE" subtype="MISC"> English </term>, reading, mathematics and science in the <term type="NE" subtype="DATE"> fall </term> semester of</hi>]<hi rend="underlined">in</hi>grade nine,<hi rend="underlined">a short-cycle diagnostic assessment in reading, language arts and mathematics to be locally administered in the <term type="NE" subtype="DATE"> fall </term> and at least two additional times during <term type="NE" subtype="DATE"> the year </term></hi>;<hi rend="strikethrough">a high school readiness assessment in <term type="NE" subtype="MISC"> English </term>, reading, mathematics and science in the <term type="NE" subtype="DATE"> fall </term> semester of</hi><hi rend="underlined">in</hi><hi rend="underlined">a short-cycle diagnostic assessment in reading, language arts and mathematics to be locally administered in the <term type="NE" subtype="DATE"> fall </term> and at least two additional times during <term type="NE" subtype="DATE"> the year </term></hi></p>
          <p>(2)-LSB-<hi rend="strikethrough">a college readiness assessment in <term type="NE" subtype="MISC"> English </term>, reading and mathematics</hi>] in grade ten,<hi rend="underlined">a short-cycle diagnostic assessment in reading, language arts and mathematics that also serves as an early indicator of college readiness, to be locally administered at least three times during <term type="NE" subtype="DATE"> the year </term></hi>; and<hi rend="strikethrough">a college readiness assessment in <term type="NE" subtype="MISC"> English </term>, reading and mathematics</hi><hi rend="underlined">a short-cycle diagnostic assessment in reading, language arts and mathematics that also serves as an early indicator of college readiness, to be locally administered at least three times during <term type="NE" subtype="DATE"> the year </term></hi></p>
          <p>(3)-LSB-<hi rend="strikethrough">a workplace readiness assessment to assess applied skills in reading, mathematics and locating information</hi>] in grade eleven,<hi rend="underlined">in the <term type="NE" subtype="DATE"> fall </term>, one or more of the following chosen by the student:</hi>in the fall, one or more of the following chosen by the student:<hi rend="strikethrough">a workplace readiness assessment to assess applied skills in reading, mathematics and locating information</hi><hi rend="underlined">in the <term type="NE" subtype="DATE"> fall </term>, one or more of the following chosen by the student:</hi></p>
          <p><hi rend="underlined">(a)a college placement assessment;</hi>(a) a college placement assessment;<hi rend="underlined">(a)a college placement assessment;</hi></p>
          <p><hi rend="underlined">(b)a workforce readiness assessment; or</hi>(b) a workforce readiness assessment; or<hi rend="underlined">(b)a workforce readiness assessment; or</hi></p>
          <p><hi rend="underlined">(c)an alternative demonstration of competency using standards-based indicators</hi>.<hi rend="underlined">(c)an alternative demonstration of competency using standards-based indicators</hi></p>
          <p>B.All students at the specified grade level shall participate in the readiness assessment system at no cost to the student.</p>
          <p>C.The department shall ensure that results of performance on readiness assessments<hi rend="underlined">administered in grades nine and ten</hi>are reported to students, parents and public schools no later than four weeks following the date on which the assessments are administered, in a form that is easily understandable and useful in the next-step planning process. Reports of assessment results shall be provided to students and parents in writing whenever possible, but, if necessary, orally in the language best understood by each student and parent.<hi rend="underlined">administered in grades nine and ten</hi></p>
          <p>D.The department shall adopt standards for reasonable accommodations in the administration of readiness assessments for students with disabilities and limited <term type="NE" subtype="MISC"> English </term> proficiency, including when and how accommodations may be applied.</p>
          <p>E.In developing -LSB-<hi rend="strikethrough">or</hi>], selecting<hi rend="underlined">or approving</hi>the high school or college readiness assessments<hi rend="underlined">for school district or charter school use</hi>, the department may adopt commercially available standards-based assessments<hi rend="underlined">or approve a school district's or charter school's short-cycle assessments</hi>that meet the requirements of this section. The department shall involve appropriate licensed school employees in the development or selection of readiness assessments."<hi rend="strikethrough">or</hi><hi rend="underlined">or approving</hi><hi rend="underlined">for school district or charter school use</hi><hi rend="underlined">or approve a school district's or charter school's short-cycle assessments</hi></p>
        </div2>
        <div2 type="section" n="2">
          <head>Section 2. Section 22-13-1.</head>
          <p>" 22-13-1. 1. GRADUATION REQUIREMENTS.</p>
          <p>A.At the end of grades eight through eleven, each student shall prepare an interim next-step plan that sets forth the coursework for the grades remaining until high school graduation. <term type="NE" subtype="SET"> Each year </term>'s plan shall explain any differences from previous interim next-step plans, shall be filed with the principal of the student's high school and shall be signed by the student, the student's parent and the student's guidance counselor or other school official charged with coursework planning for the student.</p>
          <p>B.Each student must complete a final next-step plan during <term type="NE" subtype="DATE"> the senior year </term> and prior to graduation. The plan shall be filed with the principal of the student's high school and shall be signed by the student, the student's parent and the student's guidance counselor or other school official charged with coursework planning for the student.</p>
          <p>C.An individualized education program that meets the requirements of Subsections A and B of this section and that meets all applicable transition and procedural requirements of the federal Individuals with <term type="NE" subtype="MISC"> Disabilities Education Act </term> for a student with a disability shall satisfy the next-step plan requirements of this section for that student.</p>
          <p>D.A local school board shall ensure that each high school student has the opportunity to develop a next-step plan based on reports of college and workplace readiness assessments, as available, and other factors and is reasonably informed about:</p>
          <p>(1)curricular and course options, including honors or advanced placement courses, dual-credit courses, distance learning courses, career clusters or remediation programs that the college and workplace readiness assessments indicate to be appropriate;</p>
          <p>(2)opportunities available that lead to different post-high-school options; and</p>
          <p>(3)alternative opportunities available if the student does not finish a planned curriculum.</p>
          <p>E.The secretary shall:</p>
          <p>(1)establish specific accountability standards for administrators, counselors, teachers and school district staff to ensure that every student has the opportunity to develop a next-step plan;</p>
          <p>(2)promulgate rules for accredited private schools in order to ensure substantial compliance with the provisions of this section;</p>
          <p>(3)monitor compliance with the requirements of this section; and</p>
          <p>(4)compile such information as is necessary to evaluate the success of next-step plans and report <term type="NE" subtype="SET"> annually </term>, by <term type="NE" subtype="DATE"> December 15 </term>, to the legislative education study committee and the governor.</p>
          <p>F.Successful completion of a minimum of</p>
          <p>twenty-three units aligned to the state academic content and performance standards shall be required for graduation. These units shall be as follows:</p>
          <p>(1)four units in <term type="NE" subtype="MISC"> English </term>, with major emphasis on grammar and literature;</p>
          <p>(2)three units in mathematics, at least one of which is equivalent to the algebra 1 level or higher;</p>
          <p>(3)two units in science, one of which shall have a laboratory component; provided, however, that with students entering the <term type="NE" subtype="ORDINAL"> ninth </term> grade beginning in the <term type="NE" subtype="DURATION"> 2005-2006 </term> school <term type="NE" subtype="DURATION"> year </term>, three units in science shall be required, one of which shall have a laboratory component;</p>
          <p>(4)three units in social science, which shall include <term type="NE" subtype="LOCATION"> United States </term> history and geography, world history and geography and government and economics;</p>
          <p>(5)one unit in physical education;</p>
          <p>(6)one unit in communication skills or business education, with a major emphasis on writing and speaking and that may include a language other than <term type="NE" subtype="MISC"> English </term>;</p>
          <p>(7)one-half unit in <term type="NE" subtype="LOCATION"> New Mexico </term> history for students entering the <term type="NE" subtype="ORDINAL"> ninth </term> grade beginning in the <term type="NE" subtype="DURATION"> 2005-2006 </term> school <term type="NE" subtype="DURATION"> year </term>; and</p>
          <p>(8)nine elective units and seven and</p>
          <p>one-half elective units for students entering the <term type="NE" subtype="ORDINAL"> ninth </term> grade in the <term type="NE" subtype="DURATION"> 2005-2006 </term> school <term type="NE" subtype="DURATION"> year </term> that meet department content and performance standards. Student service learning shall be offered as an elective. Financial literacy shall be offered as an elective.</p>
          <p>G.For students entering the <term type="NE" subtype="ORDINAL"> ninth </term> grade beginning in the <term type="NE" subtype="DURATION"> 2009-2010 </term> school <term type="NE" subtype="DURATION"> year </term>, at least one of the units required for graduation shall be earned as an advanced placement or honors course, a dual-credit course offered in cooperation with an institution of higher education or a distance learning course.</p>
          <p>H.The department shall establish a procedure for students to be awarded credit through completion of specified career technical education courses for certain graduation requirements.</p>
          <p>I.Successful completion of the requirements of the <term type="NE" subtype="LOCATION"> New Mexico </term> diploma of excellence shall be required for graduation for students entering the <term type="NE" subtype="ORDINAL"> ninth </term> grade beginning in the <term type="NE" subtype="DURATION"> 2009-2010 </term> school <term type="NE" subtype="DURATION"> year </term>. Successful completion of a minimum of twenty-four units aligned to the state academic content and performance standards shall be required to earn a <term type="NE" subtype="LOCATION"> New Mexico </term> diploma of excellence.</p>
          <p>(1)four units in <term type="NE" subtype="MISC"> English </term>, with major emphasis on grammar, nonfiction writing and literature;</p>
          <p>(2)four units in mathematics, of which one shall be the equivalent to or higher than the level of algebra 2, unless the parent submitted written, signed permission for the student to complete a lesser mathematics unit;</p>
          <p>(3)three units in science, two of which shall have a laboratory component;</p>
          <p>(4)three and one-half units in social science, which shall include <term type="NE" subtype="LOCATION"> United States </term> history and geography, world history and geography and government and economics, and one-half unit of <term type="NE" subtype="LOCATION"> New Mexico </term> history;</p>
          <p>(5)one unit in physical education;</p>
          <p>(6)one unit in one of the following:</p>
          <p>a career cluster course, workplace readiness or a language other than <term type="NE" subtype="MISC"> English </term>; and</p>
          <p>(7)seven and one-half elective units that meet department content and performance standards. Student service learning shall be offered as an elective.<hi rend="underlined">Financial literacy shall be offered as an elective.</hi>Financial literacy shall be offered as an elective.<hi rend="underlined">Financial literacy shall be offered as an elective.</hi></p>
          <p>J.Final examinations shall be administered to all students in all classes offered for credit.</p>
          <p>K.Until <term type="NE" subtype="DATE"> July 1, 2010 </term>, a student who has not passed a state graduation examination in the subject areas of reading, <term type="NE" subtype="MISC"> English </term>, mathematics, writing, science and social science shall not receive a high school diploma. The state graduation examination on social science shall include a section on the constitution of the <term type="NE" subtype="LOCATION"> United States </term> and the constitution of <term type="NE" subtype="LOCATION"> New Mexico </term>. If a student exits from the school system at the end of grade twelve without having passed a state graduation examination, the student shall receive an appropriate state certificate indicating the number of credits earned and the grade completed. If within <term type="NE" subtype="DURATION"> five years </term> after a student exits from the school system the student takes and passes the state graduation examination, the student may receive a high school diploma.<hi rend="strikethrough">no later than <term type="NE" subtype="DATE"> January 15, 2008 </term></hi><hi rend="underlined">The standards-based assessments required in Section 22-2C-4 NMSA <term type="NE" subtype="DATE"> 1978 may </term> also serve as the assessment required for high school graduation.</hi></p>
        </div2>
        <div2 type="section" n="3">
          <head>L.Beginning with the <term type="NE" subtype="DURATION"> 2010-2011 </term> school <term type="NE" subtype="DURATION"> year </term>, a student shall not receive a <term type="NE" subtype="LOCATION"> New Mexico </term> diploma of excellence if the student has not demonstrated competence in the subject areas of mathematics, reading and language arts, writing, social studies and science, including a section on the constitution of the <term type="NE" subtype="LOCATION"> United States </term> and the constitution of <term type="NE" subtype="LOCATION"> New Mexico </term>, based on a standards-based assessment or assessments or a portfolio of standards-based indicators established by the department by rule -LSB- no later than <term type="NE" subtype="DATE"> January 15, 2008 </term> -RSB-. The standards-based assessments required in Section 22-2C-4 NMSA <term type="NE" subtype="DATE"> 1978 may </term> also serve as the assessment required for high school graduation. If a student exits from the school system at the end of grade twelve without having satisfied the requirements of this subsection, the student shall receive an appropriate state certificate indicating the number of credits earned and the grade completed. If within <term type="NE" subtype="DURATION"> five years </term> after a student exits from the school system the student satisfies the requirement of this subsection, the student may receive a <term type="NE" subtype="LOCATION"> New Mexico </term> diploma of excellence.</head>
          <p>M.As used in this section:</p>
          <p>(1)" final next-step plan" means a next-step plan that shows that the student has committed or intends to commit in <term type="NE" subtype="DATE"> the near future </term> to a <term type="NE" subtype="DURATION"> four-year </term> college or university, a <term type="NE" subtype="DURATION"> two-year </term> college, a trade or vocational program, an internship or apprenticeship, military service or a job;</p>
          <p>(2)" interim next-step plan" means an <term type="NE" subtype="SET"> annual </term> next-step plan in which the student specifies post-high-school goals and sets forth the coursework that will allow the student to achieve those goals; and</p>
          <p>(3)" next-step plan" means an <term type="NE" subtype="SET"> annual </term> personal written plan of studies developed by a student in a public school or other state-supported school or institution in consultation with the student's parent and school counselor or other school official charged with coursework planning for the student that includes one or more of the following:</p>
          <p>(a)advanced placement or honors courses;</p>
          <p>(b)dual-credit courses offered in cooperation with an institution of higher education; and</p>
          <p>(c)distance learning courses.</p>
          <p>N.The secretary may establish a policy to provide for administrative interpretations to clarify curricular and testing provisions of the Public School Code.</p>
          <p>- <term type="NE" subtype="DATE"> 11 </term> -</p>
        </div2>
      </div1>
    </body>
  </text>
</TEI>
