<TEI xmlns="http://www.tei-c.org/ns/1.0">
  <teiHeader xml:lang="en">
    <fileDesc>
      <titleStmt>
        <title xml:id="NM-2010-H070"/>
        <author>Rick Miera    FOR THE LEGISLATIVE EDUCATION STUDY COMMITTEE  </author>
      </titleStmt>
      <editionStmt>
        <edition/>
      </editionStmt>
      <publicationStmt>
        <pubPlace>New Mexico</pubPlace>
        <idno>NM-2010-H070</idno>
        <date>2010</date>
      </publicationStmt>
      <sourceDesc>
        <bibl>https:\\www.nmlegis.gov\Sessions\10%20Regular\bills\house\HB0070.html</bibl>
      </sourceDesc>
    </fileDesc>
  </teiHeader>
  <text xml:lang="en">
    <front>
      <div1 type="abstract">
        <head>AN ACT RELATING TO EDUCATION; PROVIDING FOR AN EDUCATIONAL DATA SYSTEM THAT SERVES PRE-KINDERGARTEN THROUGH POST-GRADUATE EDUCATION.</head>
      </div1>
    </front>
    <body>
      <div1>
        <opener>
          <salute/>
        </opener>
        <div2 type="section" n="1">
          <head>Section 1. EDUCATIONAL DATA SYSTEM.</head>
          <p>A.As used in this section:</p>
          <p>(1)" council" means the data system council;</p>
          <p>(2)" data system" means the unified pre - kindergarten through post-graduate education accountability data system;</p>
          <p>(3)" data system partners" means the public education department and the higher education department;</p>
          <p>(4)" educational agencies" means other public agencies and institutions that provide educational services for resident school-age persons and children in state-funded private pre-kindergarten programs; and</p>
          <p>(5)" pre-kindergarten through post-graduate system" means an integrated, seamless pre-kindergarten through post-graduate system of education.</p>
          <p>B.The data system partners, in consultation with the council, shall establish a data system, the purpose of which is to:</p>
          <p>(1)collect, integrate and report longitudinal student-level and educator data required to implement federally or state-required education performance accountability measures;</p>
          <p>(2)conduct research and evaluation regarding federal, state and local education and training programs at all levels; and</p>
          <p>(3)audit and ensure compliance of those programs with applicable federal or state requirements.</p>
          <p>C.The components of the data system shall include the use of a common student identifier for the pre-kindergarten through post-graduate system and an educator identifier, both of which may include additional identifiers, with the ability to match educator data to student data and educator data to data from schools, post-secondary education programs and other educational agencies.</p>
          <p>D.The data system partners shall convene a " data system council" made up of the following members:</p>
          <p>(1)the secretary of public education or the secretary's designee;</p>
          <p>(2)the secretary of higher education or the secretary's designee;</p>
          <p>(3)the secretary of children, youth and families or the secretary's designee;</p>
          <p>(4)the secretary of workforce solutions or the secretary's designee;</p>
          <p>(5)the secretary of economic development or the secretary's designee;</p>
          <p>(6)the secretary of information technology or the secretary's designee;</p>
          <p>(7)the secretary of human services or the secretary's designee;</p>
          <p>(8)the secretary of health or the secretary's designee;</p>
          <p>(9)the director of the office of education accountability or the director's designee;</p>
          <p>(10)a representative from the office of the governor;</p>
          <p>(11)the presidents or their designees of one research university, one <term type="NE" subtype="DURATION"> four-year </term> comprehensive university, two branch colleges and two independent community colleges; provided that the presidents shall be selected by the data system partners in collaboration with organizations that represent the presidents of those institutions;</p>
          <p>(12)at least six public school superintendents or their designees; provided that the appointments by the data system partners shall be made so that small, medium and large school districts are equally represented on the council at all times;</p>
          <p>(13)at least three charter school administrators or their designees appointed by the data system partners;</p>
          <p>(14)the director of the legislative education study committee or the director's designee; and</p>
          <p>(15)the director of the legislative finance committee or the director's designee.</p>
          <p>E.The council shall:</p>
          <p>(1)meet at least four times each calendar <term type="NE" subtype="DURATION"> year </term>;</p>
          <p>(2)create a management plan that assigns authority and responsibility for the operation of the data system among the educational agencies whose data will be included in the data system;</p>
          <p>(3)assist the educational agencies whose data will be included in the data system in developing interagency agreements to:</p>
          <p>(a)enable data to be shared across and between the educational agencies;</p>
          <p>(b)define appropriate uses of data;</p>
          <p>(c)assure researcher access to data;</p>
          <p>(d)assure the security of the data system; and</p>
          <p>(e)ensure that the educational system agencies represented on the council, the legislative education study committee, the legislative finance committee and other users, as appropriate, have access to the data system;</p>
          <p>(4)develop a strategic plan for the data system; and</p>
          <p>(5)create policies that ensure users have prompt and reasonable access to reports generated from the data system, including:</p>
          <p>(a)identification of categories of data system users based on security level;</p>
          <p>(b)descriptions of the reports that the data system is capable of generating on demand; and</p>
          <p>(c)definitions of the most timely process by which users may retrieve other reports without compromising the security of the data system or the privacy of any person whose personally identifiable information is contained in the data system.</p>
          <p>F.The data system strategic plan shall include:</p>
          <p>(1)the development of policy and practical goals, including time lines and budget goals, that are to be met through the implementation of the data system; and</p>
          <p>(2)the training and professional development that the data system partners will provide to policymakers, pre-kindergarten through post-secondary staff and other users who will be accessing or entering data into the data system.</p>
          <p>G.The confidentiality of personally identifiable student and educator data shall be safeguarded consistent with the requirements of state and federal law.</p>
          <p>(1)disclose or redisclose data for educational purposes and longitudinal comparisons, analyses or studies, including those authorized by law;</p>
          <p>(2)enter into agreements with other organizations for research studies to improve instruction for the benefit of local educational agencies, public schools and post-secondary educational institutions, subject to safeguards to ensure that the research organization uses the student records only for the authorized study purposes; and</p>
          <p>(3)disclose education records to a student's former secondary school or school district upon request solely for purposes of evaluation or accountability for its programs.</p>
          <p>H.Nothing in this section precludes the data system partners, in consultation with school districts, charter schools and public post-secondary educational institutions, from collecting and distributing aggregate data about students or educators or data about an individual student or educator without personally identifiable information.</p>
          <p>I.The data system partners, in consultation with school districts, charter schools and public post-secondary educational institutions, shall jointly promulgate rules to carry out the provisions of this section, including security administration requirements and the provision of training for data entry personnel at all levels.</p>
          <p>J.By <term type="NE" subtype="DATE"> December 31 </term> of <term type="NE" subtype="SET"> each year </term>, the data system partners shall submit a data system status report to the legislature and to the governor. Prior to submission of the report and its publication, the data system partners shall distribute a draft of the report to school districts, charter schools and all public post-secondary educational institutions to allow comment on the draft report.</p>
          <p>K.The data system partners, in consultation with school districts, charter schools and public post-secondary educational institutions, shall develop and adopt the content and a format for the report, including the ability of the data system to:</p>
          <p>(1)connect student records from pre -</p>
          <p>kindergarten through post-graduate education;</p>
          <p>(2)connect public school educator data to student data;</p>
          <p>(3)match individual public school students' test records from <term type="NE" subtype="DURATION"> year to year </term> to measure academic growth, including student-level college and career readiness test scores;</p>
          <p>(4)report the number and percentage of untested public school students by school district and by school and by major ethnic group, special education status, poverty status and gender;</p>
          <p>(5)report high school longitudinal graduation and dropout data, including information that distinguishes between dropouts or students whose whereabouts are unknown and students who have transferred to other schools, including private schools or home schools, other school districts or other states;</p>
          <p>(6)provide post-secondary remediation data, including assessment scores on exams used to determine the need for remediation;</p>
          <p>(7)provide post-secondary remedial course enrollment history, including the number and type of credit and noncredit remedial courses being taken;</p>
          <p>(8)report post-secondary retention data that indicate whether students are returning <term type="NE" subtype="DATE"> the second fall </term> term after being enrolled as full-time first-time degree-seeking students;</p>
          <p>(9)report to <term type="NE" subtype="LOCATION"> New Mexico </term> public high schools on their students who enroll in a public post-secondary educational institution within <term type="NE" subtype="DURATION"> three years </term> of graduating or leaving the high school regarding freshman-year outcomes;</p>
          <p>(10)provide post-secondary student completion status, including information that indicates if students are making <term type="NE" subtype="SET"> annual </term> progress toward their degrees;</p>
          <p>(11)include data regarding students who have earned a general educational development certificate in reporting post-secondary outcomes;</p>
          <p>(12)report data collected for the educator accountability reporting system;</p>
          <p>(13)report pre-kindergarten through post-graduate student-level enrollment data, demographic information and program participation information;</p>
          <p>transcript information, including information on courses completed, grades earned and cumulative grade point average;</p>
          <p>(15)connect performance with financial information at all levels;</p>
          <p>(16)establish and maintain a state data audit system to assess the quality, validity and reliability of data; and</p>
          <p>(17)provide any other student-level and educator data necessary to assess the performance of the pre-kindergarten through post-graduate system.</p>
          <p>- <term type="NE" subtype="DATE"> 10 </term> -</p>
        </div2>
      </div1>
    </body>
  </text>
</TEI>
