<TEI xmlns="http://www.tei-c.org/ns/1.0">
  <teiHeader xml:lang="en">
    <fileDesc>
      <titleStmt>
        <title xml:id="NM-2008-S145"/>
        <author>Cynthia Nava    FOR THE LEGISLATIVE EDUCATION STUDY COMMITTEE  </author>
      </titleStmt>
      <editionStmt>
        <edition/>
      </editionStmt>
      <publicationStmt>
        <pubPlace>New Mexico</pubPlace>
        <idno>NM-2008-S145</idno>
        <date>2008</date>
      </publicationStmt>
      <sourceDesc>
        <bibl>https:\\www.nmlegis.gov\Sessions\08%20Regular\bills\senate\SB0145.html</bibl>
      </sourceDesc>
    </fileDesc>
  </teiHeader>
  <text xml:lang="en">
    <front>
      <div1 type="abstract">
        <head>AN ACT RELATING TO EDUCATION; CHANGING THE CAP ON DUE PROCESS REIMBURSEMENTS; MAKING AN APPROPRIATION.</head>
      </div1>
    </front>
    <body>
      <div1>
        <opener>
          <salute/>
        </opener>
        <div2 type="section" n="1">
          <head>Section 1. Section 22-29-2 NMSA <term type="NE" subtype="DATE"> 1978 </term> (being Laws <term type="NE" subtype="DATE"> 1986 </term>, Chapter 94, Section 2)is amended to read:</head>
          <p>" 22-29-2. PURPOSE OF ACT.<hi rend="underlined">including reimbursement coverage for the costs of providing due process to students with disabilities</hi>, for all participating public schools, school board members, school board retirees and public school employees and retirees by expanding the pool of subscribers to maximize cost containment opportunities for required insurance coverage."<hi rend="underlined">including reimbursement coverage for the costs of providing due process to students with disabilities</hi></p>
        </div2>
        <div2 type="section" n="2">
          <head>Section 2. Section 22-29-12 NMSA <term type="NE" subtype="DATE"> 1978 </term> (being Laws <term type="NE" subtype="DATE"> 2007 </term>, Chapter 236, Section 3)is amended to read:</head>
          <p>" 22-29-12. DUE PROCESS REIMBURSEMENT.-- The authority shall include due process reimbursement in its self-insured retention risk pool.<hi rend="underlined">member</hi>districts and charter schools to cover the cost of due process reimbursement. From the authorization, the board shall allocate due process reimbursement premiums based on a school district's or charter school's claims experience and other criteria determined by the board. A single due process reimbursement shall not exceed [<hi rend="strikethrough"><term type="NE" subtype="MONEY"> three hundred thousand dollars </term> (<term type="NE" subtype="MONEY"> $ 300,000 </term>)</hi>]<hi rend="underlined"><term type="NE" subtype="MONEY"> one hundred thousand dollars </term> (<term type="NE" subtype="MONEY"> $ 100,000 </term>)</hi>."<hi rend="underlined">member</hi><hi rend="strikethrough"><term type="NE" subtype="MONEY"> three hundred thousand dollars </term> (<term type="NE" subtype="MONEY"> $ 300,000 </term>)</hi><hi rend="underlined"><term type="NE" subtype="MONEY"> one hundred thousand dollars </term> (<term type="NE" subtype="MONEY"> $ 100,000 </term>)</hi></p>
        </div2>
        <div2 type="section" n="3">
          <head>Section 3. APPROPRIATION.-- <term type="NE" subtype="MONEY"> One million five hundred thousand dollars </term> (<term type="NE" subtype="MONEY"> $ 1,500,000 </term>)is appropriated from the general fund to the state equalization guarantee distribution for expenditure in <term type="NE" subtype="DATE"> fiscal year 2009 </term> to fund the cost of due process reimbursement insurance coverage. Any unexpended or unencumbered balance remaining at the end of <term type="NE" subtype="DATE"> fiscal year 2009 </term> shall not revert to the general fund.</head>
        </div2>
        <div2 type="section" n="4">
          <head>Section 4. EFFECTIVE DATE.-- The effective date of the provisions of this act is <term type="NE" subtype="DATE"> July 1, 2008 </term>.</head>
          <p>- <term type="NE" subtype="DATE"> 2 </term> -</p>
        </div2>
      </div1>
    </body>
  </text>
</TEI>
