<TEI xmlns="http://www.tei-c.org/ns/1.0">
  <teiHeader xml:lang="en">
    <fileDesc>
      <titleStmt>
        <title xml:id="NM-2008-H468"/>
        <author>Henry 'Kiki' Saavedra      </author>
      </titleStmt>
      <editionStmt>
        <edition/>
      </editionStmt>
      <publicationStmt>
        <pubPlace>New Mexico</pubPlace>
        <idno>NM-2008-H468</idno>
        <date>2008</date>
      </publicationStmt>
      <sourceDesc>
        <bibl>https:\\www.nmlegis.gov\Sessions\08%20Regular\bills\house\HB0468.html</bibl>
      </sourceDesc>
    </fileDesc>
  </teiHeader>
  <text xml:lang="en">
    <front>
      <div1 type="abstract">
        <head>AN ACT RELATING TO HIGHER EDUCATION; CHANGING THE NAME OF AN ENDOWMENT FUND; CLARIFYING THE APPROPRIATE USES OF MONEY IN THE FUND; MAKING AN APPROPRIATION FOR ENDOWMENT PURPOSES.</head>
      </div1>
    </front>
    <body>
      <div1>
        <opener>
          <salute/>
        </opener>
        <div2 type="section" n="1">
          <head>Section 1. Section 21-1-27.</head>
          <p>" 21-1-27. 1.<hi rend="strikethrough">FACULTY</hi>]<hi rend="underlined">HIGHER EDUCATION</hi>ENDOWMENT FUND CREATED.--<hi rend="strikethrough">FACULTY</hi><hi rend="underlined">HIGHER EDUCATION</hi></p>
          <p>A.The" -LSB-<hi rend="strikethrough">faculty</hi>]<hi rend="underlined">higher education</hi>endowment fund" is created in the state treasury. The fund shall consist of appropriations, income from investment of the fund, gifts, grants, donations and bequests.<hi rend="strikethrough">faculty</hi><hi rend="underlined">higher education</hi></p>
          <p>B.The -LSB-<hi rend="strikethrough">faculty</hi>]<hi rend="underlined">higher education</hi>endowment fund shall be administered by the higher education department. Money shall be disbursed only on warrant of the secretary of finance and administration upon voucher signed by the secretary of higher education or the secretary's authorized representative.<hi rend="strikethrough">faculty</hi><hi rend="underlined">higher education</hi></p>
          <p>C.Money shall be disbursed from the -LSB-<hi rend="strikethrough">faculty</hi>]<hi rend="underlined">higher education</hi>endowment fund only to establish endowments at public post-secondary educational institutions as provided in this section. An institution shall not receive a disbursement for an endowment until that institution has notified the department that it has received matching funds for the endowment from other than governmental sources in the amount specified in this section.<hi rend="strikethrough">faculty</hi><hi rend="underlined">higher education</hi></p>
          <p>D.Money in the -LSB-<hi rend="strikethrough">faculty</hi>]<hi rend="underlined">higher education</hi>endowment fund is appropriated to the department to be disbursed for endowment purposes, including endowed chairs, lectureships, professorships, scholarships<hi rend="underlined">for students</hi>, graduate assistantships, faculty and development programs that will enhance the quality of public post-secondary education in New Mexico. The department, by rule, shall establish procedures for disbursing money from the fund. Not less than five percent of each institution's total endowment effort resulting from amounts specified in this section shall address one or more of the governor's initiatives.<hi rend="strikethrough">faculty</hi><hi rend="underlined">higher education</hi><hi rend="underlined">for students</hi></p>
          <p>E.<hi rend="underlined">Unless otherwise provided by law</hi>, until June 30, 2010, the following institutions shall be eligible for the following disbursements from the fund:<hi rend="underlined">Unless otherwise provided by law</hi></p>
          <p>(1)<term type="NE" subtype="MONEY"> two million dollars </term> (<term type="NE" subtype="MONEY"> $ 2,000,000 </term>)each for the university of <term type="NE" subtype="LOCATION"> New Mexico </term>, <term type="NE" subtype="LOCATION"> New Mexico </term> state university and the <term type="NE" subtype="LOCATION"> New Mexico </term> institute of mining and technology and <term type="NE" subtype="MONEY"> one million five hundred thousand dollars </term> (<term type="NE" subtype="MONEY"> $ 1,500,000 </term>)for the university of <term type="NE" subtype="LOCATION"> New Mexico </term> school of medicine; provided that no disbursement shall be made pursuant to this paragraph until the institution has shown to the satisfaction of the department that it has received matching funds in an amount equal to at least <term type="NE" subtype="PERCENT"> fifty percent </term> of the disbursement;</p>
          <p>(2)<term type="NE" subtype="MONEY"> five hundred thousand dollars </term> (<term type="NE" subtype="MONEY"> $ 500,000 </term>)each for <term type="NE" subtype="LOCATION"> New Mexico </term> highlands university, eastern <term type="NE" subtype="LOCATION"> New Mexico </term> university, western <term type="NE" subtype="LOCATION"> New Mexico </term> university and northern <term type="NE" subtype="LOCATION"> New Mexico </term> state school; provided that no disbursement shall be made pursuant to this paragraph until the institution has shown to the satisfaction of the department that it has received matching funds in an amount equal to at least <term type="NE" subtype="PERCENT"> forty percent </term> of the disbursement; and</p>
          <p>(3)for the total endowments at the <term type="NE" subtype="LOCATION"> New Mexico </term> military institute, community colleges, branch community colleges and technical and vocational institutes, <term type="NE" subtype="MONEY"> two million five hundred thousand dollars </term> (<term type="NE" subtype="MONEY"> $ 2,500,000 </term>), provided that:</p>
          <p>(a)the total amount shall be distributed pursuant to rules of distribution promulgated by the department that ensure each eligible institution an opportunity to receive an equitable share of the total amount to be distributed; and</p>
          <p>(b)no disbursement shall be made pursuant to this paragraph until the institution has shown to the satisfaction of the department that it has received matching funds in an amount equal to at least <term type="NE" subtype="PERCENT"> thirty percent </term> of the disbursement.</p>
          <p>F.Effective <term type="NE" subtype="DATE"> July 1, 2010 </term>, funds remaining in the -LSB-<hi rend="strikethrough">faculty</hi>]<hi rend="underlined">higher education</hi>endowment fund may be matched by any public post-secondary<hi rend="underlined">educational</hi>institution in this section for the purposes stated in this section in accordance with the rules established by the department.<hi rend="strikethrough">faculty</hi><hi rend="underlined">higher education</hi><hi rend="underlined">educational</hi><hi rend="underlined">for students</hi></p>
        </div2>
        <div2 type="section" n="2">
          <head>G.The endowment funds of the institutions shall not be expended but shall be invested by the institutions in accordance with the prudent investor rule, and in accordance with the provisions of Section 21-1-38 NMSA <term type="NE" subtype="DATE"> 1978 </term>. The income from the investments shall be used by the institutions to provide funding for chairs, lectureships, professorships, scholarships for students, graduate assistantships and faculty development programs, including paying all or a portion of the salary of the faculty member or the expenses necessary to support associated academic activities.</head>
          <p>H.No later than <term type="NE" subtype="DATE"> July 1 of 2008 </term>, <term type="NE" subtype="DATE"> 2009 </term> and <term type="NE" subtype="DATE"> 2010 </term>, the department shall report to the legislative finance committee on disbursements made pursuant to this section. The report shall include the amounts disbursed to each institution, the amount of matching funds and their source and the purpose of the endowments.</p>
        </div2>
        <div2 type="section" n="3">
          <head>Section 2. APPROPRIATION.-- <term type="NE" subtype="MONEY"> Five million dollars </term> (<term type="NE" subtype="MONEY"> $ 5,000,000 </term>)is appropriated from the general fund to the higher education endowment fund to be expended in <term type="NE" subtype="DATE"> fiscal year 2009 </term> and subsequent fiscal <term type="NE" subtype="DURATION"> years </term> for endowment purposes. Any unexpended or unencumbered balance remaining at the end of a fiscal <term type="NE" subtype="DURATION"> year </term> shall not revert to the general fund. The appropriation shall be disbursed from the higher education endowment fund pursuant to the provisions of Section 21-1-27.</head>
          <p>A.<term type="NE" subtype="MONEY"> one million dollars </term> (<term type="NE" subtype="MONEY"> $ 1,000,000 </term>)each for the university of <term type="NE" subtype="LOCATION"> New Mexico </term>, the university of <term type="NE" subtype="LOCATION"> New Mexico </term> health sciences center, <term type="NE" subtype="LOCATION"> New Mexico </term> state university and the <term type="NE" subtype="LOCATION"> New Mexico </term> institute of mining and technology; provided that no disbursement shall be made pursuant to this subsection until the institution has shown to the satisfaction of the higher education department that it has received matching funds in an amount equal to at least <term type="NE" subtype="PERCENT"> fifty percent </term> of the disbursement;</p>
          <p>B.<term type="NE" subtype="MONEY"> one hundred twenty-five thousand dollars </term> (<term type="NE" subtype="MONEY"> $ 125,000 </term>)each for <term type="NE" subtype="LOCATION"> New Mexico </term> highlands university, eastern <term type="NE" subtype="LOCATION"> New Mexico </term> university, western <term type="NE" subtype="LOCATION"> New Mexico </term> university and northern <term type="NE" subtype="LOCATION"> New Mexico </term> state school; provided that no disbursement shall be made pursuant to this subsection until the institution has shown to the satisfaction of the higher education department that it has received matching funds in an amount equal to at least <term type="NE" subtype="PERCENT"> forty percent </term> of the disbursement; and</p>
          <p>C.for the total endowments at the <term type="NE" subtype="LOCATION"> New Mexico </term> military institute, community colleges, branch community colleges and technical and vocational institutes, <term type="NE" subtype="MONEY"> five hundred thousand dollars </term> (<term type="NE" subtype="MONEY"> $ 500,000 </term>), provided that:</p>
          <p>(1)the total amount shall be distributed pursuant to rules of distribution promulgated by the higher education department that ensure each eligible institution an opportunity to receive an equitable share of the total amount to be distributed; and</p>
          <p>(2)no disbursement shall be made pursuant to this subsection until the institution has shown to the satisfaction of the higher education department that it has received matching funds in an amount equal to at least <term type="NE" subtype="PERCENT"> thirty percent </term> of the disbursement.</p>
          <p>- <term type="NE" subtype="DATE"> 6 </term> -</p>
        </div2>
      </div1>
    </body>
  </text>
</TEI>
