<TEI xmlns="http://www.tei-c.org/ns/1.0">
  <teiHeader xml:lang="en">
    <fileDesc>
      <titleStmt>
        <title xml:id="NM-2009-H354"/>
        <author>Jack E. Thomas      </author>
      </titleStmt>
      <editionStmt>
        <edition/>
      </editionStmt>
      <publicationStmt>
        <pubPlace>New Mexico</pubPlace>
        <idno>NM-2009-H354</idno>
        <date>2009</date>
      </publicationStmt>
      <sourceDesc>
        <bibl>https:\\www.nmlegis.gov\Sessions\09%20Regular\bills\house\HB0354.html</bibl>
      </sourceDesc>
    </fileDesc>
  </teiHeader>
  <text xml:lang="en">
    <front>
      <div1 type="abstract">
        <head>AN ACT RELATING TO HIGHER EDUCATION; PROVIDING FOR THE CREATION OF A RIO RANCHO CAMPUS FOR THE UNIVERSITY OF NEW <term type="NE" subtype="LOCATION"> MEXICO </term> AND OTHER INSTITUTIONS; PROVIDING FOR SEPARATE OPERATING AND CAPITAL REQUESTS AND PRIORITIES.</head>
      </div1>
    </front>
    <body>
      <div1>
        <opener>
          <salute/>
        </opener>
        <div2 type="section" n="1">
          <head>Section 1. RIO RANCHO CAMPUS FOR THE UNIVERSITY OF NEW <term type="NE" subtype="LOCATION"> MEXICO </term> AND OTHER INSTITUTIONS.</head>
          <p>A.The board of regents of the university of <term type="NE" subtype="LOCATION"> New Mexico </term> may create a campus of the university in <term type="NE" subtype="LOCATION"> Rio Rancho </term>, which it may operate separately or jointly with any other post-secondary educational institution.</p>
          <p>B.Any institution operating on the <term type="NE" subtype="LOCATION"> Rio Rancho </term> campus may submit its <term type="NE" subtype="LOCATION"> Rio Rancho </term> campus operational budgets and capital improvement capital requests to the higher education department separate from those of the main campus or other campuses.</p>
          <p>- <term type="NE" subtype="DATE"> 2 </term> -</p>
        </div2>
      </div1>
    </body>
  </text>
</TEI>
