<TEI xmlns="http://www.tei-c.org/ns/1.0">
  <teiHeader xml:lang="en">
    <fileDesc>
      <titleStmt>
        <title xml:id="NM-2014-S044"/>
        <author>Gay G. Kernan    FOR THE LEGISLATIVE EDUCATION STUDY COMMITTEE  </author>
      </titleStmt>
      <editionStmt>
        <edition/>
      </editionStmt>
      <publicationStmt>
        <pubPlace>New Mexico</pubPlace>
        <idno>NM-2014-S044</idno>
        <date>2014</date>
      </publicationStmt>
      <sourceDesc>
        <bibl>https:\\www.nmlegis.gov\Sessions\14%20Regular\bills\senate\SB0044.html</bibl>
      </sourceDesc>
    </fileDesc>
  </teiHeader>
  <text xml:lang="en">
    <front>
      <div1 type="abstract">
        <head>AN ACT RELATING TO PUBLIC EDUCATION; REPLACING THE TERMS " GENERAL EDUCATION DIPLOMA", " GENERAL EQUIVALENCY DIPLOMA", " GENERAL EDUCATIONAL DEVELOPMENT CERTIFICATE", " CERTIFICATE OF GENERAL EQUIVALENCY" AND " GED CERTIFICATE" WITH THE TERM " HIGH SCHOOL EQUIVALENCY CREDENTIAL"; RECONCILING MULTIPLE AMENDMENTS TO THE SAME SECTION OF LAW IN LAWS <term type="NE" subtype="DATE"> 2007 </term> </term>.</head>
      </div1>
    </front>
    <body>
      <div1>
        <opener>
          <salute/>
        </opener>
        <div2 type="section" n="1">
          <head>SECTION 1. Section 21-1-1 NMSA <term type="NE" subtype="DATE"> 1978 </term> (being Laws <term type="NE" subtype="DATE"> 1912 </term>, Chapter 83, Section 2, as amended)is amended to read:</head>
          <p>" 21-1-1. STATE INSTITUTIONS -- ADMISSION REQUIREMENTS TO BE ESTABLISHED BY BOARDS OF REGENTS.</p>
          <p>A.The respective boards of regents of <term type="NE" subtype="LOCATION"> New Mexico </term> state university, <term type="NE" subtype="LOCATION"> New Mexico </term> institute of mining and technology, the university of <term type="NE" subtype="LOCATION"> New Mexico </term> and the <term type="NE" subtype="LOCATION"> New Mexico </term> military institute at <term type="NE" subtype="LOCATION"> Roswell </term> shall determine and fix the standard of requirements for admission to their respective institutions.</p>
          <p>B.In determining the standard of requirements for admission to their respective institutions, boards of regents shall not require a student who has completed the requirements of a home-based or non-public school educational program and who has submitted test scores that otherwise qualify -LSB-<hi rend="strikethrough">him</hi>]<hi rend="underlined">the student</hi>for admission to that institution to obtain or submit proof of having obtained a [<hi rend="strikethrough">general education development certificate</hi>]<hi rend="underlined">high school equivalency credential</hi>. In determining requirements for admission, boards of regents shall evaluate and treat applicants from home-based educational programs or non-public schools fairly and in a nondiscriminatory manner."<hi rend="strikethrough">him</hi><hi rend="underlined">the student</hi><hi rend="strikethrough">general education development certificate</hi><hi rend="underlined">high school equivalency credential</hi></p>
        </div2>
        <div2 type="section" n="2">
          <head>SECTION 2. Section 21-1-1.</head>
          <p>" 21-1-1. 1. HOME SCHOOL STUDENTS -- ADMISSION REQUIREMENTS -- PUBLIC POST-SECONDARY EDUCATIONAL INSTITUTIONS.</p>
          <p>post-secondary educational institution, the board of regents, governing board or community college board shall not require a student who has completed the requirements of a home-based or non-public school educational program and who has submitted test scores that otherwise qualify -LSB-<hi rend="strikethrough">him</hi>]<hi rend="underlined">the student</hi>for admission to that institution to obtain or submit proof of having obtained a [<hi rend="strikethrough">general</hi>]<hi rend="underlined">high school</hi>equivalency [<hi rend="strikethrough">diploma certificate</hi>]<hi rend="underlined">credential</hi>. In determining requirements for admission, the board of regents, governing board or community college board shall evaluate and treat applicants from home-based or non-public educational programs fairly and in a nondiscriminatory manner."<hi rend="strikethrough">him</hi><hi rend="underlined">the student</hi><hi rend="strikethrough">general</hi><hi rend="underlined">high school</hi><hi rend="strikethrough">diploma certificate</hi><hi rend="underlined">credential</hi></p>
        </div2>
        <div2 type="section" n="3">
          <head>SECTION 3. Section 22-2-8.</head>
          <p>" 22-2-8. 8.<hi rend="strikethrough">GENERAL EDUCATIONAL DEVELOPMENT CERTIFICATES</hi>]<hi rend="underlined">HIGH SCHOOL EQUIVALENCY CREDENTIAL</hi>.--The department [<hi rend="strikethrough">of education</hi>] shall issue a [<hi rend="strikethrough">general educational development certificate</hi>]<hi rend="underlined">high school equivalency credential</hi>to any candidate who is at least sixteen years of age and who has successfully completed the [<hi rend="strikethrough">general educational development</hi>]<hi rend="underlined">high school equivalency</hi>tests."<hi rend="strikethrough">GENERAL EDUCATIONAL DEVELOPMENT CERTIFICATES</hi><hi rend="underlined">HIGH SCHOOL EQUIVALENCY CREDENTIAL</hi><hi rend="strikethrough">of education</hi><hi rend="strikethrough">general educational development certificate</hi><hi rend="underlined">high school equivalency credential</hi><hi rend="strikethrough">general educational development</hi><hi rend="underlined">high school equivalency</hi></p>
        </div2>
        <div2 type="section" n="4">
          <head>SECTION 4. Section 27-2B-5 NMSA <term type="NE" subtype="DATE"> 1978 </term> (being Laws <term type="NE" subtype="DATE"> 1998 </term>, Chapter 8, Section 5 and Laws <term type="NE" subtype="DATE"> 1998 </term>, Chapter 9, Section 5, as amended by Laws <term type="NE" subtype="DATE"> 2007 </term>, Chapter 46, Section 18 and by Laws <term type="NE" subtype="DATE"> 2007 </term>, Chapter 350, Section 3)is amended to read:</head>
          <p>" 27-2B-5. WORK REQUIREMENTS -- WORK PARTICIPATION RATES.</p>
          <p>A.The following qualify as work activities:</p>
          <p>(1)unsubsidized employment, including self-employment;</p>
          <p>(2)subsidized private sector employment, including self-employment;</p>
          <p>(4)work experience;</p>
          <p>(5)on-the-job training;</p>
          <p>(6)job search and job readiness;</p>
          <p>(7)community service programs;</p>
          <p>(8)vocational education;</p>
          <p>(9)job skills training activities directly related to employment;</p>
          <p>(10)education directly related to employment;</p>
          <p>(11)satisfactory attendance at a secondary school or course of study leading to a -LSB-<hi rend="strikethrough">certificate of general</hi>]<hi rend="underlined">high school</hi>equivalency<hi rend="underlined">credential</hi>in the case of a participant who has not completed secondary school or received such a [<hi rend="strikethrough">certificate</hi>]<hi rend="underlined">credential</hi>; and<hi rend="strikethrough">certificate of general</hi><hi rend="underlined">high school</hi><hi rend="underlined">credential</hi><hi rend="strikethrough">certificate</hi><hi rend="underlined">credential</hi></p>
          <p>(12)the provision of child care services to a participant who is participating in a community service program.</p>
          <p>B.The department shall recognize community service programs and job training programs that are operated by an <term type="NE" subtype="MISC"> Indian </term> nation, tribe or pueblo.</p>
          <p>C.The department may not require a participant to work <term type="NE" subtype="DURATION"> more than four hours </term> per <term type="NE" subtype="DURATION"> week </term> over the work requirement rate set pursuant to the federal act.</p>
          <p>D.The department shall require a parent, caretaker or other adult who is a member of a benefit group to engage in a work activity.</p>
          <p>E.Where best suited for the participant to address barriers, the department may require the following work activities:</p>
          <p>(1)participating in parenting classes, money management classes or life skills training;</p>
          <p>(2)participating in a certified alcohol or drug addiction program;</p>
          <p>(3)in the case of a homeless benefit group, finding a home;</p>
          <p>(4)in the case of a participant who is a victim of domestic violence residing in a domestic violence shelter or receiving counseling or treatment or participating in criminal justice activities directed at prosecuting the domestic violence perpetrator for no longer than <term type="NE" subtype="DURATION"> twenty-four weeks </term>; and</p>
          <p>(5)in the case of a participant who does not speak <term type="NE" subtype="MISC"> English </term>, participating in a course in <term type="NE" subtype="MISC"> English </term> as <term type="NE" subtype="DURATION"> a second </term> language.</p>
          <p>F.Subject to the availability of funds, the department in cooperation with the -LSB-<hi rend="strikethrough">labor</hi>]<hi rend="underlined">workforce solutions</hi>department, Indian affairs department and other appropriate state agencies may develop projects to provide for the placement of participants in work activities, including the following:<hi rend="strikethrough">labor</hi><hi rend="underlined">workforce solutions</hi></p>
          <p>(1)participating in unpaid internships with private and government entities;</p>
          <p>(2)refurbishing publicly assisted housing;</p>
          <p>(3)volunteering at a head start program or a school;</p>
          <p>(4)weatherizing low-income housing; and</p>
          <p>(5)restoring public sites and buildings, including monuments, parks, fire stations, police buildings, jails, libraries, museums, auditoriums, convention halls, hospitals, buildings for administrative offices and city halls.</p>
          <p>G.If a participant is engaged in full-time vocational education studies or an activity set out in Paragraphs (9)through (11)of Subsection A of this section, the participant shall engage in another work activity at the same time.<hi rend="strikethrough">disabled</hi>] person<hi rend="underlined">with a disability</hi>.<hi rend="strikethrough">disabled</hi><hi rend="underlined">with a disability</hi></p>
          <p>H.A participant engaged in vocational education studies shall make reasonable efforts to obtain a loan, scholarship, grant or other assistance to pay for costs and tuition, and the department shall disregard those amounts in the eligibility determination.</p>
          <p>I.For as long as the described conditions exist, the following are exempt from the work requirement:</p>
          <p>(1)a participant barred from engaging in a work activity because the participant has a temporary or permanent disability;</p>
          <p>(2)a participant over age sixty;</p>
          <p>(3)a participant barred from engaging in a work activity because the participant provides the sole care for a person with a disability;</p>
          <p>(4)a single custodial parent caring for a child <term type="NE" subtype="DURATION"> less than twelve months old </term> for a lifetime total of <term type="NE" subtype="DURATION"> twelve months </term>;</p>
          <p>(5)a single custodial parent caring for a child under <term type="NE" subtype="DURATION"> six years </term> of age if the parent is unable to obtain child care for one or more of the following reasons:</p>
          <p>(a)unavailability of appropriate child care within a reasonable distance from the parent's home or work as defined by the children, youth and families department;</p>
          <p>(b)unavailability or unsuitability of informal child care by a relative under other arrangements as defined by the children, youth and families department; or</p>
          <p>(c)unavailability of appropriate and affordable formal child-care arrangements as defined by the children, youth and families department;</p>
          <p>(6)a pregnant woman during her last trimester of pregnancy;</p>
          <p>(7)a participant prevented from working by a temporary emergency or a situation that precludes work participation for <term type="NE" subtype="DURATION"> thirty days </term> or less;</p>
          <p>(8)a participant who demonstrates by reliable medical, psychological or mental reports, court orders or police reports that family violence or threat of family violence effectively bars the participant from employment; and</p>
          <p>(9)a participant who demonstrates good cause of the need for the exemption.</p>
          <p>J.As a condition of the exemptions identified in Subsection I of this section, the department may establish participation requirements specific to the participant's condition or circumstances, such as substance abuse services, mental health services, domestic violence services, pursuit of disability benefits, job readiness or education directly related to employment. The activities are established to improve the participant's capacity to improve income and strengthen family support.</p>
        </div2>
        <div2 type="section" n="5">
          <head>SECTION 5. Section 29-7C-3 NMSA <term type="NE" subtype="DATE"> 1978 </term> (being Laws <term type="NE" subtype="DATE"> 2003 </term>, Chapter 320, Section 5)is amended to read:</head>
          <p>" 29-7C-3. QUALIFICATIONS FOR CERTIFICATION.<hi rend="strikethrough">he</hi>]<hi rend="underlined">the applicant</hi>:<hi rend="strikethrough">he</hi><hi rend="underlined">the applicant</hi></p>
          <p>A.is a citizen or legal resident of the <term type="NE" subtype="LOCATION"> United States </term> and has reached the age of majority;</p>
          <p>B.holds a high school -LSB-<hi rend="strikethrough">or general equivalency</hi>] diploma<hi rend="underlined">or high school equivalency credential</hi>from an accredited institution;<hi rend="strikethrough">or general equivalency</hi><hi rend="underlined">or high school equivalency credential</hi></p>
          <p>C.has not been convicted of, pled guilty to or entered a plea of nolo contendere to a:</p>
          <p>(1)felony charge; or</p>
          <p>(2)violation of a federal or state law, a local ordinance relating to aggravated assault or theft or a law involving moral turpitude within the <term type="NE" subtype="DURATION"> three-year </term> period immediately preceding -LSB-<hi rend="strikethrough">his</hi>]<hi rend="underlined">the</hi>application;<hi rend="strikethrough">his</hi><hi rend="underlined">the</hi></p>
          <p>D.has not received a dishonorable discharge from the armed forces of the <term type="NE" subtype="LOCATION"> United States </term>;</p>
          <p>E.is free from a physical, emotional or mental condition that might adversely affect -LSB-<hi rend="strikethrough">his</hi>] performance;<hi rend="strikethrough">his</hi></p>
          <p>F.is of good moral character;</p>
          <p>G.has met all other requirements for certification prescribed by the board; and</p>
          <p>H.has received a certificate attesting to -LSB-<hi rend="strikethrough">his</hi>]<hi rend="underlined">the</hi>completion of an approved basic telecommunicator training program from the director."<hi rend="strikethrough">his</hi><hi rend="underlined">the</hi></p>
        </div2>
        <div2 type="section" n="6">
          <head>SECTION 6. Section 31-18-22 NMSA <term type="NE" subtype="DATE"> 1978 </term> (being Laws <term type="NE" subtype="DATE"> 1990 </term>, Chapter 51, Section 1)is amended to read:</head>
          <p>" 31-18-22. SPECIAL INCARCERATION ALTERNATIVE PROGRAM.</p>
          <p>A.The corrections department shall develop and implement a special incarceration alternative program for certain adult male and adult female felony offenders pursuant to this section.<hi rend="strikethrough">general education diploma</hi>]<hi rend="underlined">high school equivalency credential</hi>preparatory courses, manual labor assignments, physical training and drills, training in decision-making and personal development and pre-release skills training. The programs shall be conducted in a strict disciplinary environment. Emphasis shall be given to rehabilitation of alcohol and substance abusers. The corrections department shall require that program participants complete a structured, ninety-day program.<hi rend="strikethrough">general education diploma</hi><hi rend="underlined">high school equivalency credential</hi></p>
          <p>B.Participation in the program shall be limited to those offenders sentenced on or after <term type="NE" subtype="DATE"> July 1, 1990 </term>.</p>
          <p>(1)sentenced to death;</p>
          <p>(2)who have received a life sentence;</p>
          <p>(3)with a record of prior confinement for a felony conviction;</p>
          <p>(4)convicted of murder in the <term type="NE" subtype="ORDINAL"> first </term> or <term type="NE" subtype="ORDINAL"> second </term> degree, child abuse resulting in death or great bodily harm, criminal sexual penetration in the <term type="NE" subtype="ORDINAL"> first </term> or <term type="NE" subtype="ORDINAL"> second </term> degree or criminal sexual contact with a minor;</p>
          <p>(5)convicted of an offense carrying a mandatory sentence that can not be suspended or deferred;</p>
          <p>(6)who have participated in a special incarceration alternative program in <term type="NE" subtype="DATE"> the past </term>;</p>
          <p>(7)who are <term type="NE" subtype="DURATION"> more than thirty years </term> of age at time of sentencing; or</p>
          <p>(8)who do not volunteer to participate in the program and who do not agree to the special conditions of probation for successful program participants.</p>
          <p>C.The corrections department shall develop and adopt regulations to provide for the screening of all convicted felons sentenced to the custody of the corrections department. The regulations shall provide that the screening occurs within <term type="NE" subtype="DURATION"> thirty days </term> of sentencing. Persons deemed suitable under the regulations adopted pursuant to this subsection shall not be denied eligibility for participation in the program solely due to physical disability.</p>
          <p>D.If the sentencing court accepts the recommendation of the corrections department that the offender is suitable for participation in a special incarceration alternative program, the court shall resentence the offender to provide that, in the event the offender successfully completes the program, the remainder of the sentence shall be suspended and the offender shall be placed on probation for the remainder of the term. The sentencing court shall be notified in writing by the corrections department of the offender's successful completion of the special incarceration alternative program.</p>
          <p>E.The corrections department may contract for the design, construction and lease of a facility to house a special incarceration alternative program with public or private agencies, entities or persons capable of providing financing or construction of such a facility. The facility shall be operated by the corrections department.</p>
          <p>F.Appropriate post-institutional treatment shall be made available by the corrections department to the offender.</p>
        </div2>
        <div2 type="section" n="7">
          <head>SECTION 7. Section 33-2-34 NMSA <term type="NE" subtype="DATE"> 1978 </term> (being Laws <term type="NE" subtype="DATE"> 1999 </term>, Chapter 238, Section 1, as amended)is amended to read:</head>
          <p>" 33-2-34. ELIGIBILITY FOR EARNED MERITORIOUS DEDUCTIONS.</p>
          <p>A.To earn meritorious deductions, a prisoner confined in a correctional facility designated by the corrections department must be an active participant in programs recommended for the prisoner by the classification supervisor and approved by the warden or the warden's designee.</p>
          <p>(1)for a prisoner confined for committing a serious violent offense, up to a maximum of <term type="NE" subtype="DURATION"> four days </term> per <term type="NE" subtype="DURATION"> month </term> of time served;</p>
          <p>(2)for a prisoner confined for committing a nonviolent offense, up to a maximum of <term type="NE" subtype="DURATION"> thirty days </term> per <term type="NE" subtype="DURATION"> month </term> of time served;</p>
          <p>(3)for a prisoner confined following revocation of parole for the alleged commission of a new felony offense or for absconding from parole, up to a maximum of <term type="NE" subtype="DURATION"> four days </term> per <term type="NE" subtype="DURATION"> month </term> of time served during the parole term following revocation; and</p>
          <p>(4)for a prisoner confined following revocation of parole for a reason other than the alleged commission of a new felony offense or absconding from parole:</p>
          <p>(a)up to a maximum of <term type="NE" subtype="DURATION"> eight days </term> per <term type="NE" subtype="DURATION"> month </term> of time served during the parole term following revocation, if the prisoner was convicted of a serious violent offense or failed to pass a drug test administered as a condition of parole; or</p>
          <p>(b)up to a maximum of <term type="NE" subtype="DURATION"> thirty days </term> per <term type="NE" subtype="DURATION"> month </term> of time served during the parole term following revocation, if the prisoner was convicted of a nonviolent offense.</p>
          <p>B.A prisoner may earn meritorious deductions upon recommendation by the classification supervisor, based upon the prisoner's active participation in approved programs and the quality of the prisoner's participation in those approved programs. A prisoner may not earn meritorious deductions unless the recommendation of the classification supervisor is approved by the warden or the warden's designee.</p>
          <p>C.If a prisoner's active participation in approved programs is interrupted by a lockdown at a correctional facility, the prisoner may continue to be awarded meritorious deductions at the rate the prisoner was earning meritorious deductions prior to the lockdown, unless the warden or the warden's designee determines that the prisoner's conduct contributed to the initiation or continuance of the lockdown.</p>
          <p>D.A prisoner confined in a correctional facility designated by the corrections department is eligible for lump-sum meritorious deductions as follows:</p>
          <p>(1)for successfully completing an approved vocational, substance abuse or mental health program, <term type="NE" subtype="DURATION"> one month </term>; except when the prisoner has a demonstrable physical, mental health or developmental disability that prevents the prisoner from successfully earning a -LSB-<hi rend="strikethrough">general education diploma</hi>]<hi rend="underlined">high school equivalency credential</hi>, in which case, the prisoner shall be awarded three months;<hi rend="strikethrough">general education diploma</hi><hi rend="underlined">high school equivalency credential</hi></p>
          <p>(2)for earning a -LSB-<hi rend="strikethrough">general education diploma</hi>]<hi rend="underlined">high school equivalency credential</hi>, three months;<hi rend="strikethrough">general education diploma</hi><hi rend="underlined">high school equivalency credential</hi></p>
          <p>(3)for earning an associate's degree, <term type="NE" subtype="DURATION"> four months </term>;</p>
          <p>(4)for earning a bachelor's degree, <term type="NE" subtype="DURATION"> five months </term>;</p>
          <p>(5)for earning a graduate qualification, <term type="NE" subtype="DURATION"> five months </term>; and</p>
          <p>(6)for engaging in a heroic act of saving life or property, engaging in extraordinary conduct for the benefit of the state or the public that is at great expense<hi rend="underlined">or</hi>risk<hi rend="underlined">to</hi>or<hi rend="underlined">involves great</hi>effort on [<hi rend="strikethrough">behalf</hi>]<hi rend="underlined">the part</hi>of the prisoner or engaging in extraordinary conduct far in excess of normal program assignments that demonstrates the prisoner's commitment to self-rehabilitation. The classification supervisor and the warden or the warden's designee may recommend the number of days to be awarded in each case based upon the particular merits, but any award shall be determined by the director of the adult institutions division of the corrections department or the director's designee.<hi rend="underlined">or</hi><hi rend="underlined">to</hi><hi rend="underlined">involves great</hi><hi rend="strikethrough">behalf</hi><hi rend="underlined">the part</hi></p>
          <p>E.Lump-sum meritorious deductions, provided in Paragraphs (1)through (6)of Subsection D of this section, may be awarded in addition to the meritorious deductions provided in Subsections A and B of this section. Lump-sum meritorious deductions shall not exceed <term type="NE" subtype="DURATION"> one year </term> per award and shall not exceed a total of <term type="NE" subtype="DURATION"> one year </term> for all lump-sum meritorious deductions awarded in any consecutive <term type="NE" subtype="DURATION"> twelve-month </term> period.</p>
          <p>F.A prisoner is not eligible to earn meritorious deductions if the prisoner:</p>
        </div2>
        <div2 type="section" n="8">
          <head>(1)disobeys an order to perform labor, pursuant to Section 33-8-4 NMSA <term type="NE" subtype="DATE"> 1978 </term>;</head>
          <p>(2)is in disciplinary segregation;</p>
          <p>(3)is confined for committing a serious violent offense and is within <term type="NE" subtype="DURATION"> the first sixty days </term> of receipt by the corrections department; or</p>
          <p>(4)is not an active participant in programs recommended and approved for the prisoner by the classification supervisor.</p>
          <p>G.The provisions of this section shall not be interpreted as providing eligibility to earn meritorious deductions from a sentence of life imprisonment or a sentence of -LSB-<hi rend="strikethrough">death</hi>]<hi rend="underlined">life imprisonment without possibility of release or parole</hi>.<hi rend="strikethrough">death</hi><hi rend="underlined">life imprisonment without possibility of release or parole</hi></p>
          <p>H.The corrections department shall promulgate rules to implement the provisions of this section, and the rules shall be matters of public record. A concise summary of the rules shall be provided to each prisoner, and each prisoner shall receive a <term type="NE" subtype="SET"> quarterly </term> statement of the meritorious deductions earned.</p>
          <p>I.A <term type="NE" subtype="LOCATION"> New Mexico </term> prisoner confined in a federal or out-of-state correctional facility is eligible to earn meritorious deductions for active participation in programs on the basis of the prisoner's conduct and program reports furnished by that facility to the corrections department. All decisions regarding the award and forfeiture of meritorious deductions at such facility are subject to final approval by the director of the adult institutions division of the corrections department or the director's designee.</p>
          <p>J.In order to be eligible for meritorious deductions, a prisoner confined in a federal or out-of-state correctional facility designated by the corrections department must actively participate in programs that are available. If a federal or out-of-state correctional facility does not have programs available for a prisoner, the prisoner may be awarded meritorious deductions at the rate the prisoner could have earned meritorious deductions if the prisoner had actively participated in programs.</p>
          <p>K.A prisoner confined in a correctional facility in <term type="NE" subtype="LOCATION"> New Mexico </term> that is operated by a private company, pursuant to a contract with the corrections department, is eligible to earn meritorious deductions in the same manner as a prisoner confined in a state-run correctional facility. All decisions regarding the award or forfeiture of meritorious deductions at such facilities are subject to final approval by the director of the adult institutions division of the corrections department or the director's designee.</p>
          <p>L.As used in this section:</p>
          <p>(1)" active participant" means a prisoner who has begun, and is regularly engaged in, approved programs;</p>
          <p>(2)" program" means work, vocational, educational, substance abuse and mental health programs, approved by the classification supervisor, that contribute to a prisoner's self-betterment through the development of personal and occupational skills. " Program" does not include recreational activities;</p>
          <p>(3)" nonviolent offense" means any offense other than a serious violent offense; and</p>
          <p>(4)" serious violent offense" means:<hi rend="strikethrough">and</hi><hi rend="underlined">or</hi><hi rend="strikethrough">injury</hi><hi rend="underlined">harm</hi><hi rend="strikethrough">and</hi><hi rend="underlined">or</hi></p>
        </div2>
        <div2 type="section" n="9">
          <head>(a)<term type="NE" subtype="ORDINAL"> second </term> degree murder, as provided in Section 30-2-1 NMSA <term type="NE" subtype="DATE"> 1978 </term>;</head>
        </div2>
        <div2 type="section" n="10">
          <head>(b)voluntary manslaughter, as provided in Section 30-2-3 NMSA <term type="NE" subtype="DATE"> 1978 </term>;</head>
        </div2>
        <div2 type="section" n="11">
          <head>(c)<term type="NE" subtype="ORDINAL"> third </term> degree aggravated battery, as provided in Section 30-3-5 NMSA <term type="NE" subtype="DATE"> 1978 </term>;</head>
        </div2>
        <div2 type="section" n="12">
          <head>(d)<term type="NE" subtype="ORDINAL"> third </term> degree aggravated battery against a household member, as provided in Section 30-3-16 NMSA <term type="NE" subtype="DATE"> 1978 </term>;</head>
        </div2>
        <div2 type="section" n="13">
          <head>(e)<term type="NE" subtype="ORDINAL"> first </term> degree kidnapping, as provided in Section 30-4-1 NMSA <term type="NE" subtype="DATE"> 1978 </term>;</head>
        </div2>
        <div2 type="section" n="14">
          <head>(f)<term type="NE" subtype="ORDINAL"> first and second </term> degree criminal sexual penetration, as provided in Section 30-9-11 NMSA <term type="NE" subtype="DATE"> 1978 </term>;</head>
        </div2>
        <div2 type="section" n="15">
          <head>(g)<term type="NE" subtype="ORDINAL"> second and third </term> degree criminal sexual contact of a minor, as provided in Section 30-9-13 NMSA <term type="NE" subtype="DATE"> 1978 </term>;</head>
        </div2>
        <div2 type="section" n="16">
          <head>(h)<term type="NE" subtype="ORDINAL"> first and second </term> degree robbery, as provided in Section 30-16-2 NMSA <term type="NE" subtype="DATE"> 1978 </term>;</head>
        </div2>
        <div2 type="section" n="17">
          <head>(i)<term type="NE" subtype="ORDINAL"> second </term> degree aggravated arson, as provided in Section 30-17-6 NMSA <term type="NE" subtype="DATE"> 1978 </term>;</head>
        </div2>
        <div2 type="section" n="18">
          <head>(j)shooting at a dwelling or occupied building, as provided in Section 30-3-8 NMSA <term type="NE" subtype="DATE"> 1978 </term>;</head>
        </div2>
        <div2 type="section" n="19">
          <head>(k)shooting at or from a motor vehicle, as provided in Section 30-3-8 NMSA <term type="NE" subtype="DATE"> 1978 </term>;</head>
        </div2>
        <div2 type="section" n="20">
          <head>(l)aggravated battery upon a peace officer, as provided in Section 30-22-25 NMSA <term type="NE" subtype="DATE"> 1978 </term>;</head>
        </div2>
        <div2 type="section" n="21">
          <head>(m)assault with intent to commit a violent felony upon a peace officer, as provided in Section 30-22-23 NMSA <term type="NE" subtype="DATE"> 1978 </term>;</head>
        </div2>
        <div2 type="section" n="22">
          <head>(n)aggravated assault upon a peace officer, as provided in Section 30-22-22 NMSA <term type="NE" subtype="DATE"> 1978 </term>; -LSB- and]or</head>
        </div2>
        <div2 type="section" n="23">
          <head>(o)any of the following offenses, when the nature of the offense and the resulting harm are such that the court judges the crime to be a serious violent offense for the purpose of this section: 1)involuntary manslaughter, as provided in Section 30-2-3 NMSA <term type="NE" subtype="DATE"> 1978 </term>; 2)<term type="NE" subtype="ORDINAL"> fourth </term> degree aggravated assault, as provided in Section 30-3-2 NMSA <term type="NE" subtype="DATE"> 1978 </term>; 3)<term type="NE" subtype="ORDINAL"> third </term> degree assault with intent to commit a violent felony, as provided in Section 30-3-3 NMSA <term type="NE" subtype="DATE"> 1978 </term>; 4)<term type="NE" subtype="ORDINAL"> fourth </term> degree aggravated assault against a household member, as provided in Section 30-3-13 NMSA <term type="NE" subtype="DATE"> 1978 </term>; 5)<term type="NE" subtype="ORDINAL"> third </term> degree assault against a household member with intent to commit a violent felony, as provided in Section 30-3-14 NMSA <term type="NE" subtype="DATE"> 1978 </term>; 6)<term type="NE" subtype="ORDINAL"> third and fourth </term> degree aggravated stalking, as provided in Section 30-3A-3. 1 NMSA <term type="NE" subtype="DATE"> 1978 </term>; 7)<term type="NE" subtype="ORDINAL"> second </term> degree kidnapping, as provided in Section 30-4-1 NMSA <term type="NE" subtype="DATE"> 1978 </term>; 8)<term type="NE" subtype="ORDINAL"> second </term> degree abandonment of a child, as provided in Section 30-6-1 NMSA <term type="NE" subtype="DATE"> 1978 </term>; 9)<term type="NE" subtype="ORDINAL"> first </term>, <term type="NE" subtype="ORDINAL"> second and third </term> degree abuse of a child, as provided in Section 30-6-1 NMSA <term type="NE" subtype="DATE"> 1978 </term>; 10)<term type="NE" subtype="ORDINAL"> third </term> degree dangerous use of explosives, as provided in Section 30-7-5 NMSA <term type="NE" subtype="DATE"> 1978 </term>; 11)<term type="NE" subtype="ORDINAL"> third and fourth </term> degree criminal sexual penetration, as provided in Section 30-9-11 NMSA <term type="NE" subtype="DATE"> 1978 </term>; 12)<term type="NE" subtype="ORDINAL"> fourth </term> degree criminal sexual contact of a minor, as provided in Section 30-9-13 NMSA <term type="NE" subtype="DATE"> 1978 </term>; 13)<term type="NE" subtype="ORDINAL"> third </term> degree robbery, as provided in Section 30-16-2 NMSA <term type="NE" subtype="DATE"> 1978 </term>; 14)<term type="NE" subtype="ORDINAL"> third </term> degree homicide by vehicle or great bodily -LSB- injury]harm by vehicle, as provided in Section 66-8-101 NMSA <term type="NE" subtype="DATE"> 1978 </term>; -LSB- and]or 15)battery upon a peace officer, as provided in Section 30-22-24 NMSA <term type="NE" subtype="DATE"> 1978 </term>.</head>
        </div2>
        <div2 type="section" n="24">
          <head>M.Except for sex offenders, as provided in Section 31-21-10. 1 NMSA <term type="NE" subtype="DATE"> 1978 </term>, an offender sentenced to confinement in a correctional facility designated by the corrections department who has been released from confinement and who is serving a parole term may be awarded earned meritorious deductions of <term type="NE" subtype="DURATION"> up to thirty days </term> per <term type="NE" subtype="DURATION"> month </term> upon recommendation of the parole officer supervising the offender, with the final approval of the adult parole board. The offender must be in compliance with all the conditions of the offender's parole to be eligible for earned meritorious deductions. The adult parole board may remove earned meritorious deductions <term type="NE" subtype="DATE"> previously </term> awarded if the offender later fails to comply with the conditions of the offender's parole. The corrections department and the adult parole board shall promulgate rules to implement the provisions of this subsection. This subsection applies to offenders who are serving a parole term on or after <term type="NE" subtype="DATE"> July 1, 2004 </term>.</head>
        </div2>
        <div2 type="section" n="25">
          <head>SECTION 8. Section 33-11-3 NMSA <term type="NE" subtype="DATE"> 1978 </term> (being Laws <term type="NE" subtype="DATE"> 1988 </term>, Chapter 78, Section 3)is amended to read:</head>
          <p>" 33-11-3. REGULATIONS.</p>
          <p><hi rend="underlined">A.</hi>The corrections department, by July 1, 1988, shall adopt regulations for all adult correctional institutions operated by the department for the implementation of a mandatory education program for all inmates to attain a minimum education standard as set forth in this section.<hi rend="underlined">A.</hi></p>
          <p>[<hi rend="strikethrough">A.</hi>]<hi rend="underlined">B.</hi>The regulations shall apply only to any inmate who:<hi rend="strikethrough">A.</hi><hi rend="underlined">B.</hi></p>
          <p>(1)commits a crime after the effective date of the Inmate Literacy Act; and</p>
          <p>(2)has <term type="NE" subtype="DURATION"> eighteen months </term> or more remaining to be served on -LSB-<hi rend="strikethrough">his</hi>]<hi rend="underlined">the inmate's</hi>sentence of incarceration; and [<hi rend="strikethrough">either</hi>]<hi rend="underlined">that</hi>:<hi rend="strikethrough">his</hi><hi rend="underlined">the inmate's</hi><hi rend="strikethrough">either</hi><hi rend="underlined">that</hi></p>
          <p>[<hi rend="strikethrough">(3)</hi>]<hi rend="underlined">(a)</hi>is not exempted due to a medical, developmental or learning disability; or<hi rend="strikethrough">(3)</hi><hi rend="underlined">(a)</hi></p>
          <p>[<hi rend="strikethrough">(4)</hi>]<hi rend="underlined">(b)</hi>does not possess a [<hi rend="strikethrough">general education diploma</hi>]<hi rend="underlined">high school equivalency credential</hi>or a high school diploma.<hi rend="strikethrough">(4)</hi><hi rend="underlined">(b)</hi><hi rend="strikethrough">general education diploma</hi><hi rend="underlined">high school equivalency credential</hi></p>
          <p>[<hi rend="strikethrough">B.</hi>]<hi rend="underlined">C.</hi>The regulations adopted shall require that:<hi rend="strikethrough">B.</hi><hi rend="underlined">C.</hi></p>
          <p>(1)a minimum education standard shall be met <term type="NE" subtype="DATE"> beginning in 1988 </term> and in all subsequent <term type="NE" subtype="DURATION"> years </term><hi rend="underlined">as follows</hi>:<hi rend="underlined">as follows</hi></p>
          <p>(a)in <term type="NE" subtype="DATE"> 1988 </term>, the education standard shall be the equivalent of grade six in reading and math on the test of adult basic education;</p>
          <p>(b)in <term type="NE" subtype="DATE"> 1989 </term>, the education standard shall be the equivalent of grade seven in reading and math on the test of adult basic education;</p>
          <p>(c)in <term type="NE" subtype="DATE"> 1990 </term>, the education standard shall be the equivalent of grade eight in reading and math on the test of adult basic education; and</p>
          <p>(d)in <term type="NE" subtype="DATE"> 1991 </term>, the education standard shall be a high school diploma or a -LSB-<hi rend="strikethrough">general education diploma</hi>]<hi rend="underlined">high school equivalency credential</hi>;<hi rend="strikethrough">general education diploma</hi><hi rend="underlined">high school equivalency credential</hi></p>
          <p>(2)inmates who meet the criteria in Subsection -LSB-<hi rend="strikethrough">A</hi>]<hi rend="underlined">B</hi>of this section shall be required to participate in education programs for ninety days. After ninety days, inmates may choose to withdraw from educational programs but will be subject to the provisions of Paragraph (3) of [<hi rend="strikethrough">Subsection B of this section</hi>]<hi rend="underlined">this subsection</hi>; and<hi rend="strikethrough">A</hi><hi rend="underlined">B</hi><hi rend="strikethrough">Subsection B of this section</hi><hi rend="underlined">this subsection</hi></p>
        </div2>
        <div2 type="section" n="26">
          <head>(3)notwithstanding any other provision of law, inmates who are subject to these regulations but who refuse or choose not to participate shall not be eligible for monetary compensation for work performed or for meritorious deduction as set forth in Subsection A of Section 33-2-34 NMSA <term type="NE" subtype="DATE"> 1978 </term>.</head>
          <p>[<hi rend="strikethrough">C.</hi>]<hi rend="underlined">D.</hi>The regulations may:<hi rend="strikethrough">C.</hi><hi rend="underlined">D.</hi></p>
          <p>(1)exclude any inmate who has been incarcerated for <term type="NE" subtype="DURATION"> less than ninety days </term> in an institution controlled by the corrections department;</p>
          <p>(2)exclude any inmate who is assigned a minimum custody classification; or</p>
          <p>(3)defer educational requirements for inmates with sentences longer than <term type="NE" subtype="DURATION"> ten years </term>."</p>
        </div2>
        <div2 type="section" n="27">
          <head>SECTION 9. Section 52-1-26. 3 NMSA <term type="NE" subtype="DATE"> 1978 </term> (being Laws <term type="NE" subtype="DATE"> 1990 </term> (<term type="NE" subtype="ORDINAL"> 2nd </term> S.S.</head>
          <p>" 52-1-26. 3. PARTIAL DISABILITY DETERMINATION -- EDUCATION MODIFICATION.</p>
          <p>A.The range of the education modification is one to eight. The modification shall be based upon the worker's formal education, skills and training at the <term type="NE" subtype="DATE"> time </term> of the disability rating.</p>
          <p>B.A worker shall be awarded points based on the formal education -LSB-<hi rend="strikethrough">he</hi>]<hi rend="underlined">the worker</hi>has received. A worker who<hi rend="underlined">has completed</hi>:<hi rend="strikethrough">he</hi><hi rend="underlined">the worker</hi><hi rend="underlined">has completed</hi></p>
          <p>(1)-LSB-<hi rend="strikethrough">has completed</hi>] no higher than the fifth grade shall be awarded three points;<hi rend="strikethrough">has completed</hi></p>
          <p>(2)-LSB-<hi rend="strikethrough">has completed</hi>] the sixth grade but has completed no higher than the eleventh grade shall be awarded two points;<hi rend="strikethrough">has completed</hi></p>
          <p>(3)-LSB-<hi rend="strikethrough">has completed</hi>] the twelfth grade or has obtained a [<hi rend="strikethrough">GED certificate</hi>]<hi rend="underlined">high school equivalency credential</hi>but has not completed a college degree shall be awarded one point; and<hi rend="strikethrough">has completed</hi><hi rend="strikethrough">GED certificate</hi><hi rend="underlined">high school equivalency credential</hi></p>
          <p>(4)-LSB-<hi rend="strikethrough">has completed</hi>] a college degree or more shall receive zero points.<hi rend="strikethrough">has completed</hi></p>
          <p>C.A worker shall be awarded points based upon -LSB-<hi rend="strikethrough">his</hi>]<hi rend="underlined">the worker's</hi>skills. Skills shall be measured by reviewing the jobs [<hi rend="strikethrough">he</hi>]<hi rend="underlined">the worker</hi>has successfully performed during the ten years preceding the date of disability determination. For the purposes of this section, "successfully performed" means having remained on the job the length of time necessary to meet the specific vocational preparation (SVP) time requirement for that job as established in the dictionary of occupational titles published by the United States department of labor. The appropriate award of points shall be based upon the highest SVP level demonstrated by the worker in the performance of the jobs [<hi rend="strikethrough">he</hi>]<hi rend="underlined">the worker</hi>has successfully performed in the ten-year period preceding the date of disability determination, as follows:<hi rend="strikethrough">his</hi><hi rend="underlined">the worker's</hi><hi rend="strikethrough">he</hi><hi rend="underlined">the worker</hi><hi rend="strikethrough">he</hi><hi rend="underlined">the worker</hi></p>
          <p>(1)a worker with an <term type="NE" subtype="ORGANIZATION"> SVP </term> of one to two shall be awarded four points;</p>
          <p>(2)a worker with an <term type="NE" subtype="ORGANIZATION"> SVP </term> of three to four shall be awarded three points;</p>
          <p>(3)a worker with an <term type="NE" subtype="ORGANIZATION"> SVP </term> of five to six shall be awarded two points; and</p>
          <p>(4)a worker with an <term type="NE" subtype="ORGANIZATION"> SVP </term> of seven to nine shall be awarded one point.</p>
          <p>D.A worker shall be awarded points based upon the training -LSB-<hi rend="strikethrough">he</hi>]<hi rend="underlined">the worker</hi>has received. A worker who cannot competently perform a specific vocational pursuit shall be awarded one point. A worker who can perform a specific vocational pursuit shall not receive any points.<hi rend="strikethrough">he</hi><hi rend="underlined">the worker</hi></p>
          <p>E.The sum of the points awarded the worker in Subsections B, C and D of this section shall constitute the education modification.</p>
        </div2>
        <div2 type="section" n="28">
          <head>SECTION 10. Section 58-28-5 NMSA <term type="NE" subtype="DATE"> 1978 </term> (being Laws <term type="NE" subtype="DATE"> 1997 </term>, Chapter 118, Section 5, as amended)is amended to read:</head>
          <p>" 58-28-5. USE OF MONEY -- ELIGIBLE ACTIVITIES.</p>
          <p>A.Money from the fund and other sources may be used to finance in whole or in part any loans or grant projects that will provide housing for low-income persons and for other uses specified in this section.</p>
          <p>(1)no more than <term type="NE" subtype="PERCENT"> five percent </term> of the fund shall be used for expenses of administering the fund;</p>
          <p>(2)no less than <term type="NE" subtype="PERCENT"> twenty percent </term> of the fund shall be invested in a permanent capital fund, the interest on which may be used for purposes specified in this section;</p>
          <p>(3)no less than <term type="NE" subtype="PERCENT"> fifty percent </term> of the fund shall be allocated to eligible organizations to make housing more accessible to low-income persons;</p>
          <p>(4)no more than <term type="NE" subtype="PERCENT"> ten percent </term> of the fund may be -LSB-<hi rend="strikethrough">alloted</hi>]<hi rend="underlined">allocated</hi>for use to provide scholarships for New Mexico high school graduates and [<hi rend="strikethrough">general diploma</hi>]<hi rend="underlined">high school</hi>equivalency<hi rend="underlined">credential</hi>recipients at New Mexico public post-secondary educational institutions under a program approved by the trustee under the administration of a nonprofit statewide land title association; and<hi rend="strikethrough">alloted</hi><hi rend="underlined">allocated</hi><hi rend="strikethrough">general diploma</hi><hi rend="underlined">high school</hi><hi rend="underlined">credential</hi></p>
          <p>(5)the remaining balance may be allocated to eligible organizations for other housing-related programs for the benefit of the public as specifically approved by the trustee from time to time.</p>
          <p>B.Money in the capital fund authorized in Paragraph (2)of Subsection A of this section may be invested in fully amortizing interest-bearing mortgages secured by real property in <term type="NE" subtype="LOCATION"> New Mexico </term>, the interest on which may be used for purposes specified in this section.</p>
          <p>- <term type="NE" subtype="DATE"> 26 </term> -</p>
        </div2>
      </div1>
    </body>
  </text>
</TEI>
