<TEI xmlns="http://www.tei-c.org/ns/1.0">
  <teiHeader xml:lang="en">
    <fileDesc>
      <titleStmt>
        <title xml:id="NM-2014-H035"/>
        <author>Jimmie C. Hall      </author>
      </titleStmt>
      <editionStmt>
        <edition/>
      </editionStmt>
      <publicationStmt>
        <pubPlace>New Mexico</pubPlace>
        <idno>NM-2014-H035</idno>
        <date>2014</date>
      </publicationStmt>
      <sourceDesc>
        <bibl>https:\\www.nmlegis.gov\Sessions\14%20Regular\bills\house\HB0035.html</bibl>
      </sourceDesc>
    </fileDesc>
  </teiHeader>
  <text xml:lang="en">
    <front>
      <div1 type="abstract">
        <head>AN ACT RELATING TO PUBLIC SCHOOL FINANCE; PROVIDING ADDITIONAL OPERATIONAL FUNDING FORMULA UNITS FOR SCHOOL DISTRICTS WITH A MEMBERSHIP OF LESS THAN TWO HUNDRED STUDENTS; MAKING AN APPROPRIATION.</head>
      </div1>
    </front>
    <body>
      <div1>
        <opener>
          <salute/>
        </opener>
        <div2 type="section" n="1">
          <head>SECTION 1. Section 22-8-23 NMSA <term type="NE" subtype="DATE"> 1978 </term> (being Laws <term type="NE" subtype="DATE"> 1975 </term>, Chapter 119, Section 1, as amended)is amended to read:</head>
          <p>" 22-8-23. SIZE ADJUSTMENT PROGRAM UNITS.</p>
          <p>A.An approved public school with a MEM of less</p>
          <p>than 400, including early childhood education full-time-equivalent MEM but excluding membership in class C and class D programs and excluding full-time-equivalent membership in three - and <term type="NE" subtype="DURATION"> four-year-old </term> developmentally disabled programs, is eligible for additional program units. Separate schools established to provide special programs, including but not limited to vocational and alternative education, shall not be classified as public schools for purposes of generating size adjustment program units.</p>
          <p>Elementary-Junior High Units</p>
          <p>200 - MEM</p>
          <p>x 1.0 x MEM=Units</p>
          <p>200</p>
          <p>where MEM is equal to the membership of an approved elementary or junior high school, including early childhood education full-time-equivalent membership but excluding membership in class C and class D programs and excluding full-time-equivalent membership in three - and <term type="NE" subtype="DURATION"> four-year-old </term> developmentally disabled programs;</p>
          <p>Senior High Units</p>
          <p>200 - MEM</p>
          <p>x 2.0 x MEM=Units</p>
          <p>200</p>
          <p>or,</p>
          <p>Senior High Units</p>
          <p>400 - MEM</p>
          <p>x 1.6 x MEM=Units</p>
          <p>400</p>
          <p>whichever calculation for senior high units is higher, where</p>
          <p>MEM is equal to the membership of an approved senior high</p>
          <p>school excluding membership in class C and class D programs.</p>
          <p>B.A school district with total MEM of less than 4,000, including early childhood education full-time-equivalent MEM, is eligible for additional program units.<hi rend="underlined">school</hi>district is entitled under this subsection is the number of district units computed in the following manner:<hi rend="underlined">school</hi></p>
          <p>District Units</p>
          <p>4,000 - MEM</p>
          <p>x 0.15 x MEM=Units</p>
          <p>4,000</p>
          <p>where MEM is equal to the total district membership,</p>
          <p>including early childhood education full-time-equivalent membership.</p>
          <p>C.A school district with over 10,000 MEM with a ratio of MEM to senior high schools less than 4,000:1 is eligible for additional program units based on the number of approved regular senior high schools that are not eligible for senior high units under Subsection A of this section.</p>
          <p>4,000 - MEM</p>
          <p>x 0.50=Units</p>
          <p>Senior High Schools</p>
          <p>where MEM is equal to the total district membership, including early childhood education full-time-equivalent membership, and where senior high schools are equal to the number of approved regular senior high schools in the<hi rend="underlined">school</hi>district.<hi rend="underlined">school</hi><hi rend="underlined">D.A school district, as defined in Subsection R of Section 22-1-2 NMSA <term type="NE" subtype="DATE"> 1978 </term>, with a MEM of less than 200, including early childhood education full-time-equivalent MEM, is eligible for additional program units, provided that the department certifies that the school district has implemented practices to reduce scale inefficiencies, including shared service agreements with regional education cooperatives or other school districts for noninstructional functions and distance education.</hi></p>
        </div2>
        <div2 type="section" n="2">
          <head>D.A school district, as defined in Subsection R of Section 22-1-2 NMSA <term type="NE" subtype="DATE"> 1978 </term>, with a MEM of less than 200, including early childhood education full-time-equivalent MEM, is eligible for additional program units, provided that the department certifies that the school district has implemented practices to reduce scale inefficiencies, including shared service agreements with regional education cooperatives or other school districts for noninstructional functions and distance education.</head>
          <p><hi rend="underlined">200 - MEM=Units</hi>200 - MEM = Units<hi rend="underlined">200 - MEM=Units</hi></p>
          <p><hi rend="underlined">where MEM is equal to the total district MEM, including early childhood education full-time-equivalent MEM.</hi>"<hi rend="underlined">where MEM is equal to the total district MEM, including early childhood education full-time-equivalent MEM.</hi></p>
        </div2>
        <div2 type="section" n="3">
          <head>SECTION 2. APPROPRIATION.-- <term type="NE" subtype="MONEY"> Five million seven hundred sixty-one thousand six hundred dollars </term> (<term type="NE" subtype="MONEY"> $ 5,761,600 </term>)is appropriated from the general fund to the state equalization guarantee distribution for expenditure in <term type="NE" subtype="DATE"> fiscal year 2015 </term> to carry out the provisions of this act. Any unexpended or unencumbered balance remaining at the end of <term type="NE" subtype="DATE"> fiscal year 2015 </term> shall revert to the general fund.</head>
        </div2>
        <div2 type="section" n="4">
          <head>SECTION 3. EFFECTIVE DATE.-- The effective date of the provisions of this act is <term type="NE" subtype="DATE"> July 1, 2014 </term>.</head>
          <p>- <term type="NE" subtype="DATE"> 5 </term> -</p>
        </div2>
      </div1>
    </body>
  </text>
</TEI>
