<TEI xmlns="http://www.tei-c.org/ns/1.0">
  <teiHeader xml:lang="en">
    <fileDesc>
      <titleStmt>
        <title xml:id="NM-2015-H460"/>
        <author>Patricio Ruiloba      </author>
      </titleStmt>
      <editionStmt>
        <edition/>
      </editionStmt>
      <publicationStmt>
        <pubPlace>New Mexico</pubPlace>
        <idno>NM-2015-H460</idno>
        <date>2015</date>
      </publicationStmt>
      <sourceDesc>
        <bibl>https:\\www.nmlegis.gov\Sessions\15%20Regular\bills\house\HB0460.html</bibl>
      </sourceDesc>
    </fileDesc>
  </teiHeader>
  <text xml:lang="en">
    <front>
      <div1 type="abstract">
        <head>AN ACT RELATING TO HIGHER EDUCATION; ESTABLISHING A PILOT PROJECT TO DETERMINE THE EFFICACY OF HAVING LEGISLATIVE LOTTERY TUITION SCHOLARSHIP STUDENTS PERFORM COMMUNITY OUTREACH AND MENTOR PUBLIC SCHOOL STUDENTS AND OTHER COLLEGE STUDENTS.</head>
      </div1>
    </front>
    <body>
      <div1>
        <opener>
          <salute/>
        </opener>
        <div2 type="section" n="1">
          <head>SECTION 1. Section 21-21N-1 NMSA <term type="NE" subtype="DATE"> 1978 </term> (being Laws <term type="NE" subtype="DATE"> 2014 </term>, Chapter 80, Section 1)is amended to read:</head>
        </div2>
        <div2 type="section" n="2">
          <head>" 21-21N-1. SHORT TITLE.-- -LSB- Sections 1 through 6 of this act]Chapter 21, Article 21N NMSA <term type="NE" subtype="DATE"> 1978 may </term> be cited as the " Legislative Lottery Tuition Scholarship Act".</head>
        </div2>
        <hi rend="strikethrough">Sections 1 through 6 of this act</hi>
        <hi rend="underlined">Chapter 21, Article 21N NMSA <term type="NE" subtype="DATE"> 1978 </term></hi>
        <div2 type="section" n="3">
          <head>SECTION 2. A new section of the Legislative Lottery Tuition Scholarship Act is enacted to read:</head>
          <p>"[<hi rend="underlined">NEW MATERIAL</hi>] LOTTERY STUDENT COMMUNITY OUTREACH PILOT PROJECT--TUITION SCHOLARSHIP RECIPIENTS--ADDITIONAL REQUIREMENTS--MENTORING--TRAINING.--<hi rend="underlined">NEW MATERIAL</hi></p>
          <p>A.The " lottery student community outreach pilot project" is created as a <term type="NE" subtype="DURATION"> six-year </term> study that encourages students who receive a tuition scholarship pursuant to the <term type="NE" subtype="MISC"> Legislative Lottery Tuition Scholarship Act </term> at participating public post-secondary educational institutions to volunteer to provide community outreach, chiefly through mentoring public school students. Tuition scholarship students are not required to participate to maintain their tuition scholarship.</p>
          <p>(1)both mentors and mentees receive similar benefits, including improved grades and on-time graduation and a renewed sense of confidence, purpose and community and civic engagement;</p>
          <p>(2)this service improves the community in which the student volunteer works and the public school student lives;</p>
          <p>(3)mentoring by young adults can help disadvantaged public school students narrow the achievement gap; improve cognitive, social and behavioral skills; and lead to higher test scores and success in school; and</p>
          <p>(4)mentoring can also help the student volunteer improve the student volunteer's skills, test scores and success in college and inculcate civic and social engagement in community life.</p>
          <p>B.The pilot project shall be administered by the department and shall be conducted with at least three public post-secondary educational institutions around the state, ideally with at least one from the research institutions, at least one from the comprehensive universities and at least one from the branch and independent community colleges and with at least five hundred tuition scholarship students. Preference for the pilot project shall be given to institutions in areas with high poverty rates and in public schools with <term type="NE" subtype="PERCENT"> eighty-five percent </term> or more of the students eligible for free or reduced-fee lunch and high <term type="NE" subtype="MISC"> English </term> language learner populations. The department may expand the pilot project during its term to more participants.</p>
          <p>C.The department shall certify a list of nonprofit community - and education-oriented organizations that maintain relationships with public schools with which student volunteers may work. The organizations shall identify public schools in their areas that are interested in having mentors and shall develop a mentoring training program for student volunteers. The organizations shall also identify community-based outreach or specific community-based projects appropriate for students in their <term type="NE" subtype="ORDINAL"> first </term> program semester or students unable to mentor during the school <term type="NE" subtype="DURATION"> year </term>.</p>
          <p>D.A participating community - and education-oriented organization shall monitor and evaluate the work of the student volunteers and the time spent mentoring or participating in community-based projects as well as the progress of the public school students being mentored.</p>
          <p>E.The department shall determine application requirements and procedures for public post-secondary educational institutions, nonprofit community - and education-oriented organizations and student volunteers to apply for the pilot project, criteria to evaluate applications and quantitative and qualitative measures of the pilot project's efficacy.</p>
          <p>F.In addition to other requirements and qualifications in the <term type="NE" subtype="MISC"> Legislative Lottery Tuition Scholarship Act </term>, a tuition scholarship student who participates in the pilot project shall provide <term type="NE" subtype="DURATION"> at least two hours </term> per <term type="NE" subtype="DURATION"> week </term> of community outreach with public school students in the area of the public post-secondary educational institution the student attends.</p>
          <p>(1)partnering with community-based organizations and assisting with community-based projects;</p>
          <p>(2)mentoring public school students; or</p>
          <p>(3)mentoring first-year college students.</p>
          <p>G.The following schedule of community outreach for student volunteers is:</p>
          <p>(1)students in their <term type="NE" subtype="ORDINAL"> first </term> program semester shall partner with a community-based organization to assist it in community outreach or specific community-based projects;</p>
          <p>(2)students in their sophomore and junior <term type="NE" subtype="DURATION"> years </term> shall mentor students in grades kindergarten through twelve; and</p>
          <p>(3)students in their senior <term type="NE" subtype="DURATION"> year </term> shall mentor freshmen college students.</p>
          <p>H.If a tuition scholarship student who wants to participate is unable to perform the community outreach service during the school <term type="NE" subtype="DURATION"> year </term> because of class load, work requirements or other reasons, the student volunteer may volunteer for an approved community outreach project that will be available for the student to participate in during semester breaks or the <term type="NE" subtype="DATE"> summer </term> for a total of <term type="NE" subtype="DURATION"> at least thirty-two hours </term>.</p>
          <p>I.Public schools that choose to participate in the pilot project shall identify willing students who would benefit from participation. The student's teacher or school principal shall work with the nonprofit organization and the student volunteer to determine what activities and types of engagement would benefit the mentee student.</p>
          <p>J.The department shall establish reporting and evaluation requirements for all participants in the pilot project. The department shall provide interim and final reports <term type="NE" subtype="SET"> annually </term> to the governor and the legislature.</p>
          <p>K.The participating public post-secondary educational institutions, nonprofit community - and education-oriented organizations and public schools shall actively seek public and private grants and donations for any costs of the pilot project. Grants and donations shall be kept and expended as other grants and donations of the institution, organization or public school.</p>
        </div2>
        <div2 type="section" n="4">
          <head>SECTION 3. APPLICABILITY.-- The provisions of this act apply to <term type="NE" subtype="DATE"> the fall 2016 </term> and subsequent semesters of the lottery student community outreach pilot project's term.</head>
          <p>- <term type="NE" subtype="DATE"> 6 </term> -</p>
        </div2>
      </div1>
    </body>
  </text>
</TEI>
