<TEI xmlns="http://www.tei-c.org/ns/1.0">
  <teiHeader xml:lang="en">
    <fileDesc>
      <titleStmt>
        <title xml:id="NM-2010-H231"/>
        <author>Jack E. Thomas      </author>
      </titleStmt>
      <editionStmt>
        <edition/>
      </editionStmt>
      <publicationStmt>
        <pubPlace>New Mexico</pubPlace>
        <idno>NM-2010-H231</idno>
        <date>2010</date>
      </publicationStmt>
      <sourceDesc>
        <bibl>https:\\www.nmlegis.gov\Sessions\10%20Regular\bills\house\HB0231.html</bibl>
      </sourceDesc>
    </fileDesc>
  </teiHeader>
  <text xml:lang="en">
    <front>
      <div1 type="abstract">
        <head>AN ACT RELATING TO EDUCATIONAL RETIREMENT; AMENDING THE EDUCATIONAL RETIREMENT ACT TO ALLOW THE DISCLOSURE OF PENSION AMOUNTS.</head>
      </div1>
    </front>
    <body>
      <div1>
        <opener>
          <salute/>
        </opener>
        <div2 type="section" n="1">
          <head>Section 1. Section 22-11-55 NMSA <term type="NE" subtype="DATE"> 1978 </term> (being Laws <term type="NE" subtype="DATE"> 2009 </term>, Chapter 240, Section 1 and Laws <term type="NE" subtype="DATE"> 2009 </term>, Chapter 248, Section 1)is amended to read:</head>
          <p>" 22-11-55. DISCLOSURE OF MEMBER OR RETIRED MEMBER INFORMATION -- PENALTY.</p>
          <p>A.Other than names of members and local administrative units by which a member was employed; dates of employment, retirement and reported death; service credit; reported salary;<hi rend="underlined">pension amounts</hi>; and amounts of contributions made by members and local administrative units, neither the board nor its employees or contractors shall allow public inspection or disclosure of any information regarding a member or retired member to anyone except:<hi rend="underlined">pension amounts</hi></p>
          <p>(1)the member, retired member or the spouse or authorized representative of the member or retired member;</p>
          <p>(2)other persons specifically identified in a prior release and consent, in the form prescribed by the board, executed by the member, retired member, spouse or authorized representative; or</p>
          <p>(3)the attorney general, appropriate law enforcement agencies, the state auditor or the public education department or higher education department, if the information provided relates to contributions, payments or management of money received by, or the financial controls or procedures of, a local administrative unit.</p>
          <p>B.No person receiving information disclosed by a violation of Subsection A of this section shall disclose that information to any other person unless authorized by an applicable confidentiality agreement, board rule or state law.</p>
        </div2>
        <div2 type="section" n="2">
          <head>C.Whoever knowingly violates a provision of Subsection A or B of this section is guilty of a petty misdemeanor and shall be sentenced in accordance with Section 31-19-1 NMSA <term type="NE" subtype="DATE"> 1978 </term>.</head>
          <p>- <term type="NE" subtype="DATE"> 2 </term> -</p>
        </div2>
      </div1>
    </body>
  </text>
</TEI>
