<TEI xmlns="http://www.tei-c.org/ns/1.0">
  <teiHeader xml:lang="en">
    <fileDesc>
      <titleStmt>
        <title xml:id="NM-2009-S152"/>
        <author>Cynthia Nava    FOR THE LEGISLATIVE EDUCATION STUDY COMMITTEE  </author>
      </titleStmt>
      <editionStmt>
        <edition/>
      </editionStmt>
      <publicationStmt>
        <pubPlace>New Mexico</pubPlace>
        <idno>NM-2009-S152</idno>
        <date>2009</date>
      </publicationStmt>
      <sourceDesc>
        <bibl>https:\\www.nmlegis.gov\Sessions\09%20Regular\bills\senate\SB0152.html</bibl>
      </sourceDesc>
    </fileDesc>
  </teiHeader>
  <text xml:lang="en">
    <front>
      <div1 type="abstract">
        <head>AN ACT RELATING TO EDUCATION; REQUIRING PUBLIC POST-SECONDARY EDUCATIONAL INSTITUTIONS TO REPORT <term type="NE" subtype="SET"> ANNUALLY </term> TO PUBLIC HIGH SCHOOLS ON FRESHMAN <term type="NE" subtype="DURATION"> YEAR </term> OUTCOMES OF THE STUDENTS FROM THOSE HIGH SCHOOLS.</head>
      </div1>
    </front>
    <body>
      <div1>
        <opener>
          <salute/>
        </opener>
        <div2 type="section" n="1">
          <head>Section 1. A new section of Chapter 21, Article 1 <term type="NE" subtype="ORGANIZATION"> NMSA </term> <term type="NE" subtype="DATE"> 1978 </term> is enacted to read:</head>
          <p>"[<hi rend="underlined">NEW MATERIAL</hi>] FRESHMAN YEAR OUTCOMES OF NEW MEXICO PUBLIC HIGH SCHOOL GRADUATES--ANNUAL REPORTS.--<hi rend="underlined">NEW MATERIAL</hi></p>
          <p>A.Each public post-secondary educational institution shall report <term type="NE" subtype="SET"> annually </term> to each public high school in <term type="NE" subtype="LOCATION"> New Mexico </term> about the freshman <term type="NE" subtype="DURATION"> year </term> outcomes of the students from that high school who enroll in the public post-secondary educational institution within <term type="NE" subtype="DURATION"> three years </term> of graduating or leaving that high school. Information in the reports may be used by the high schools and public post-secondary educational institutions to improve instruction, student preparation and advisement.</p>
          <p>B.The higher education department, in consultation with the public education department and representatives of public high schools and public post-secondary educational institutions, shall prescribe the form of the reports. Reports shall not include any personally identifiable student information. The reports shall be designed to show advanced placement by subject, total credits earned, grade point averages, retention from <term type="NE" subtype="ORDINAL"> first to second </term> semester of the freshman <term type="NE" subtype="DURATION"> year </term> and frequency and patterns of remedial or development courses being taken.</p>
          <p>- <term type="NE" subtype="DATE"> 2 </term> -</p>
        </div2>
      </div1>
    </body>
  </text>
</TEI>
