<TEI xmlns="http://www.tei-c.org/ns/1.0">
  <teiHeader xml:lang="en">
    <fileDesc>
      <titleStmt>
        <title xml:id="NM-2015-S341"/>
        <author>Pete Campos      </author>
      </titleStmt>
      <editionStmt>
        <edition/>
      </editionStmt>
      <publicationStmt>
        <pubPlace>New Mexico</pubPlace>
        <idno>NM-2015-S341</idno>
        <date>2015</date>
      </publicationStmt>
      <sourceDesc>
        <bibl>https:\\www.nmlegis.gov\Sessions\15%20Regular\bills\senate\SB0341.html</bibl>
      </sourceDesc>
    </fileDesc>
  </teiHeader>
  <text xml:lang="en">
    <front>
      <div1 type="abstract">
        <head>AN ACT RELATING TO NURSING EDUCATION; ALLOWING ANY REGISTERED NURSE WHO IS OR WILL BE A NURSE EDUCATOR TO USE THE NURSE EDUCATORS FUND TO OBTAIN A HIGHER DEGREE.</head>
      </div1>
    </front>
    <body>
      <div1>
        <opener>
          <salute/>
        </opener>
        <div2 type="section" n="1">
          <head>SECTION 1. Section 21-1-27.</head>
          <p>" 21-1-27. 7. FUND CREATED.</p>
          <p><hi rend="underlined">A.</hi>There is created in the [<hi rend="strikethrough">commission on higher education</hi>]<hi rend="underlined">state treasury</hi>the "nurse educators fund". The state treasurer shall deposit in the fund all amounts appropriated<hi rend="underlined">or credited</hi>to the fund. The fund shall be administered by the [<hi rend="strikethrough">commission on</hi>] higher education<hi rend="underlined">department</hi>, which shall charge not more than a five percent administrative fee. Earnings from investment of the fund shall accrue to the credit of the fund. Any balance in the fund at the end of any fiscal year shall remain in the fund for appropriation by the legislature [<hi rend="strikethrough">as provided in this section</hi>].<hi rend="underlined">A.</hi><hi rend="strikethrough">commission on higher education</hi><hi rend="underlined">state treasury</hi><hi rend="underlined">or credited</hi><hi rend="strikethrough">commission on</hi><hi rend="underlined">department</hi><hi rend="strikethrough">as provided in this section</hi></p>
          <p><hi rend="underlined">B.</hi>The purpose of the fund is to [<hi rend="strikethrough">enhance the ability of college - and university-employed nursing educators to obtain</hi>]<hi rend="underlined">enable the attainment of</hi>bachelor of science, master of science and doctor of philosophy degrees<hi rend="underlined">in nursing programs by nursing educators employed by a public post-secondary educational institution and registered nurses seeking employment as nursing educators in a public post-secondary educational institution.</hi>in nursing programs by nursing educators employed by a public post-secondary educational institution and registered nurses seeking employment as nursing educators in a public post-secondary educational institution.<hi rend="underlined">B.</hi><hi rend="strikethrough">enhance the ability of college - and university-employed nursing educators to obtain</hi><hi rend="underlined">enable the attainment of</hi><hi rend="underlined">in nursing programs by nursing educators employed by a public post-secondary educational institution and registered nurses seeking employment as nursing educators in a public post-secondary educational institution.</hi></p>
          <p><hi rend="underlined">C.</hi>The [<hi rend="strikethrough">commission on</hi>] higher education<hi rend="underlined">department</hi>shall develop rules for continuing employment or pay-back provisions for<hi rend="underlined"><term type="NE" subtype="DATE"> current </term> and <term type="NE" subtype="DATE"> future </term></hi>nursing educators who use the fund."<hi rend="underlined">C.</hi><hi rend="strikethrough">commission on</hi><hi rend="underlined">department</hi><hi rend="underlined"><term type="NE" subtype="DATE"> current </term> and <term type="NE" subtype="DATE"> future </term></hi></p>
          <p>- <term type="NE" subtype="DATE"> 2 </term> -</p>
        </div2>
      </div1>
    </body>
  </text>
</TEI>
