<TEI xmlns="http://www.tei-c.org/ns/1.0">
  <teiHeader xml:lang="en">
    <fileDesc>
      <titleStmt>
        <title xml:id="NM-2012-H014"/>
        <author>Mimi Stewart    FOR THE LEGISLATIVE EDUCATION STUDY COMMITTEE  </author>
      </titleStmt>
      <editionStmt>
        <edition/>
      </editionStmt>
      <publicationStmt>
        <pubPlace>New Mexico</pubPlace>
        <idno>NM-2012-H014</idno>
        <date>2012</date>
      </publicationStmt>
      <sourceDesc>
        <bibl>https:\\www.nmlegis.gov\Sessions\12%20Regular\bills\house\HB0014.html</bibl>
      </sourceDesc>
    </fileDesc>
  </teiHeader>
  <text xml:lang="en">
    <front>
      <div1 type="abstract">
        <head>AN ACT RELATING TO PUBLIC SCHOOLS; CONVERTING K-3 PLUS FROM A PILOT PROJECT TO A PROGRAM IN THE PUBLIC EDUCATION DEPARTMENT TO PROVIDE ADDITIONAL EDUCATIONAL TIME FOR DISADVANTAGED STUDENTS; MAKING AN APPROPRIATION.</head>
      </div1>
    </front>
    <body>
      <div1>
        <opener>
          <salute/>
        </opener>
        <div2 type="section" n="1">
          <head>SECTION 1. Section 22-13-28 NMSA <term type="NE" subtype="DATE"> 1978 </term> (being Laws <term type="NE" subtype="DATE"> 2007 </term>, Chapter 12, Section 1)is amended to read:</head>
          <p>" 22-13-28. K-3 PLUS -- -LSB-<hi rend="strikethrough">PILOT PROJECT</hi>] ELIGIBILITY--APPLICATION--REPORTING AND EVALUATION.--<hi rend="strikethrough">PILOT PROJECT</hi></p>
          <p>A.-LSB-<hi rend="strikethrough">" K-3 plus" is created as a <term type="NE" subtype="DURATION"> six-year </term> pilot project that extends the school <term type="NE" subtype="DURATION"> year </term> for kindergarten through <term type="NE" subtype="ORDINAL"> third </term> grade by <term type="NE" subtype="DURATION"> up to two months </term> for participating students and measures the effect of additional time on literacy, numeracy and social skills development. The purpose of</hi>]<hi rend="underlined">The <term type="NE" subtype="DURATION"> six-year </term></hi>K-3 plus [<hi rend="strikethrough">is to demonstrate</hi>]<hi rend="underlined">pilot project has demonstrated</hi>that increased time in kindergarten and the early grades narrows the achievement gap between disadvantaged students and other students and increases cognitive skills and leads to higher test scores for all participants.<hi rend="strikethrough">" K-3 plus" is created as a <term type="NE" subtype="DURATION"> six-year </term> pilot project that extends the school <term type="NE" subtype="DURATION"> year </term> for kindergarten through <term type="NE" subtype="ORDINAL"> third </term> grade by <term type="NE" subtype="DURATION"> up to two months </term> for participating students and measures the effect of additional time on literacy, numeracy and social skills development. The purpose of</hi><hi rend="underlined">The <term type="NE" subtype="DURATION"> six-year </term></hi><hi rend="strikethrough">is to demonstrate</hi><hi rend="underlined">pilot project has demonstrated</hi></p>
          <p>B.<hi rend="underlined">The " K-3 plus" program is created in the department to provide funding for additional educational time for disadvantaged students in kindergarten through <term type="NE" subtype="ORDINAL"> third </term> grade.</hi>K-3 plus shall be administered by the department and shall provide the funding for approved full-day kindergarten and grades one through three to be extended by at least twenty-five instructional days, beginning up to two months earlier than [<hi rend="strikethrough">other classes</hi>]<hi rend="underlined">the regular school <term type="NE" subtype="DURATION"> years </term></hi>.<hi rend="underlined">The " K-3 plus" program is created in the department to provide funding for additional educational time for disadvantaged students in kindergarten through <term type="NE" subtype="ORDINAL"> third </term> grade.</hi><hi rend="strikethrough">other classes</hi><hi rend="underlined">the regular school <term type="NE" subtype="DURATION"> years </term></hi></p>
          <p>C.K-3 plus shall be conducted in high-poverty public schools. For the purposes of K-3 plus, " high-poverty public school" means a public school in which <term type="NE" subtype="PERCENT"> eighty-five percent </term> or more of the students are eligible for free or reduced-fee lunch at the <term type="NE" subtype="DATE"> time </term> the public school applies for the program.</p>
          <p>D.The department shall -LSB-<hi rend="strikethrough">determine</hi>]<hi rend="underlined">promulgate rules for</hi>In evaluating applications for K-3 plus, the department shall grant priority to those schools with [<hi rend="strikethrough">kindergarten plus</hi>]<hi rend="underlined">research-based, scientific reading strategies and</hi>programs [<hi rend="strikethrough">that have received one or more satisfactory <term type="NE" subtype="SET"> annual </term> evaluations</hi>]. An applicant shall demonstrate that its K-3 plus program will meet all department standards and employ only qualified teachers and other staff.<hi rend="strikethrough">determine</hi><hi rend="underlined">promulgate rules for</hi><hi rend="strikethrough">kindergarten plus</hi><hi rend="underlined">research-based, scientific reading strategies and</hi><hi rend="strikethrough">that have received one or more satisfactory <term type="NE" subtype="SET"> annual </term> evaluations</hi></p>
          <p><hi rend="underlined">E.K-3 plus programs shall be funded at no less than <term type="NE" subtype="PERCENT"> thirty percent </term> of the unit value per student. Up to <term type="NE" subtype="PERCENT"> two percent </term> of the money received by a school district shall be used for student recruitment and to ensure regular attendance by K-3 plus students.</hi>E. K-3 plus programs shall be funded at no less than thirty percent of the unit value per student. Up to two percent of the money received by a school district shall be used for student recruitment and to ensure regular attendance by K-3 plus students.<hi rend="underlined">E.K-3 plus programs shall be funded at no less than <term type="NE" subtype="PERCENT"> thirty percent </term> of the unit value per student. Up to <term type="NE" subtype="PERCENT"> two percent </term> of the money received by a school district shall be used for student recruitment and to ensure regular attendance by K-3 plus students.</hi></p>
          <p><hi rend="underlined">F.Schools that are awarded funding for K-3 plus for the next school <term type="NE" subtype="DURATION"> year </term> shall be notified by <term type="NE" subtype="DATE"> April 15 </term> of the calendar <term type="NE" subtype="DURATION"> year </term>.</hi>F. Schools that are awarded funding for K-3 plus for the next school year shall be notified by April 15 of the calendar year.<hi rend="underlined">F.Schools that are awarded funding for K-3 plus for the next school <term type="NE" subtype="DURATION"> year </term> shall be notified by <term type="NE" subtype="DATE"> April 15 </term> of the calendar <term type="NE" subtype="DURATION"> year </term>.</hi></p>
          <p><hi rend="underlined">G.</hi>The department shall provide additional professional development for K-3 plus teachers in how young children learn to read. Teachers and educational assistants shall be paid at the same rate and under the same terms for K-3 plus as teachers and educational assistants are paid for regular educational programs.<hi rend="underlined">G.</hi></p>
          <p>[<hi rend="strikethrough">E.</hi>]<hi rend="underlined">H.</hi>Students participating in K-3 plus shall be evaluated at the beginning of K-3 plus, and their progress shall be measured through standardized assessments as follows:<hi rend="strikethrough">E.</hi><hi rend="underlined">H.</hi></p>
          <p>(1)in literacy, the dynamic indicator of basic early literacy skills in kindergarten and in grades one through three; and</p>
          <p>(2)in numeracy, in grades three and four.</p>
          <p>[<hi rend="strikethrough">F.</hi>]<hi rend="underlined">I.</hi>The department shall establish reporting and evaluation requirements for participating schools, including student and program assessments. The department shall [<hi rend="strikethrough">provide interim and final reports</hi>]<hi rend="underlined">report</hi>annually to the legislature and the governor on the efficacy of K-3 plus.<hi rend="strikethrough">F.</hi><hi rend="underlined">I.</hi><hi rend="strikethrough">provide interim and final reports</hi><hi rend="underlined">report</hi></p>
          <p>[<hi rend="strikethrough">G.</hi>]<hi rend="underlined">J.</hi>The department may use up to four percent of any appropriation made by the legislature for [<hi rend="strikethrough">the</hi>] K-3 plus [<hi rend="strikethrough">pilot project</hi>] for professional development for participating educators and department administrative costs.<hi rend="underlined"/><hi rend="strikethrough">G.</hi><hi rend="underlined">J.</hi><hi rend="strikethrough">the</hi><hi rend="strikethrough">pilot project</hi><hi rend="underlined"/></p>
          <p><hi rend="underlined">K.The department shall develop and disseminate information on best practices in the areas of student recruitment, retention and academic success of early learners.</hi>K. The department shall develop and disseminate information on best practices in the areas of student recruitment, retention and academic success of early learners.<hi rend="underlined">K.The department shall develop and disseminate information on best practices in the areas of student recruitment, retention and academic success of early learners.</hi></p>
          <p><hi rend="underlined">L.The secretary shall appoint a " K-3 plus advisory committee" composed of representatives of school districts that participate in K-3 plus and other stakeholders. The advisory committee shall meet twice <term type="NE" subtype="DURATION"> a year </term> to advise the department on K-3 plus implementation.</hi>"<hi rend="underlined"/><hi rend="underlined">L.The secretary shall appoint a " K-3 plus advisory committee" composed of representatives of school districts that participate in K-3 plus and other stakeholders. The advisory committee shall meet twice <term type="NE" subtype="DURATION"> a year </term> to advise the department on K-3 plus implementation.</hi><hi rend="underlined"/><hi rend="underlined">NEW MATERIAL</hi></p>
        </div2>
        <div2 type="section" n="2">
          <head>SECTION 2. A new section of Chapter 22, Article 13 NMSA <term type="NE" subtype="DATE"> 1978 </term> is enacted to read:</head>
        </div2>
        <div2 type="section" n="3">
          <head>" -LSB- NEW MATERIAL]K-3 PLUS FUND -- CREATED -- ADMINISTRATION -- <term type="NE" subtype="DATE"> CURRENT </term> APPROPRIATION.-- The " K-3 plus fund" is created as a nonreverting fund in the state treasury. The fund consists of appropriations, gifts, grants and donations. The department shall administer the fund and money in the fund is appropriated to the department for K-3 plus programs, K-3 plus-related professional development and department administrative costs as provided in Section 22-13-28 NMSA <term type="NE" subtype="DATE"> 1978 </term>. Any unexpended or unencumbered balance of the fiscal <term type="NE" subtype="DATE"> year 2012 </term> appropriation for K-3 plus in Subsection I of Section 4 of Chapter 179 of Laws <term type="NE" subtype="DATE"> 2011 </term> shall not revert to the general fund and shall be transferred to the K-3 plus fund.</head>
          <p><hi rend="underlined"/>- 5 -<hi rend="underlined"/><hi rend="underlined"/><hi rend="underlined"/></p>
        </div2>
      </div1>
    </body>
  </text>
</TEI>
