<TEI xmlns="http://www.tei-c.org/ns/1.0">
  <teiHeader xml:lang="en">
    <fileDesc>
      <titleStmt>
        <title xml:id="NM-2009-H321"/>
        <author>Luciano "Lucky" Varela      </author>
      </titleStmt>
      <editionStmt>
        <edition/>
      </editionStmt>
      <publicationStmt>
        <pubPlace>New Mexico</pubPlace>
        <idno>NM-2009-H321</idno>
        <date>2009</date>
      </publicationStmt>
      <sourceDesc>
        <bibl>https:\\www.nmlegis.gov\Sessions\09%20Regular\bills\house\HB0321.html</bibl>
      </sourceDesc>
    </fileDesc>
  </teiHeader>
  <text xml:lang="en">
    <front>
      <div1 type="abstract">
        <head>AN ACT RELATING TO PUBLIC SCHOOL FINANCE; ESTABLISHING PROGRESSIVE SANCTIONS AGAINST SCHOOL DISTRICTS AND CHARTER SCHOOLS FOR NOT SUBMITTING TIMELY AUDIT REPORTS TO THE DEPARTMENT; REQUIRING THE STATE AUDITOR TO NOTIFY THE PUBLIC EDUCATION DEPARTMENT OF FAILURE TO SUBMIT AN AUDIT; PROVIDING PENALTIES.</head>
      </div1>
    </front>
    <body>
      <div1>
        <opener>
          <salute/>
        </opener>
        <div2 type="section" n="1">
          <head>Section 1. Section 12-6-3 NMSA <term type="NE" subtype="DATE"> 1978 </term> (being Laws <term type="NE" subtype="DATE"> 1969 </term>, Chapter 68, Section 3, as amended)is amended to read:</head>
          <p>" 12-6-3. <term type="NE" subtype="SET"> ANNUAL </term> AND SPECIAL AUDITS.</p>
          <p>A.The financial affairs of every agency shall be thoroughly examined and audited <term type="NE" subtype="SET"> each year </term> by the state auditor, personnel of the state auditor's office designated by the state auditor or independent auditors approved by the state auditor. The comprehensive <term type="NE" subtype="SET"> annual </term> financial report for the state shall be thoroughly examined and audited <term type="NE" subtype="SET"> each year </term> by the state auditor, personnel of the state auditor's office designated by the state auditor or independent auditors approved by the state auditor. The audits shall be conducted in accordance with generally accepted auditing standards and rules issued by the state auditor.</p>
          <p>B.In addition to the <term type="NE" subtype="SET"> annual </term> audit, the state auditor may cause the financial affairs and transactions of an agency to be audited in whole or in part.</p>
          <p>C.<term type="NE" subtype="SET"> Annual </term> financial and compliance audits of agencies under the oversight of the financial control division of the department of finance and administration shall be completed and submitted by an agency and independent auditor to the state auditor no later than <term type="NE" subtype="DURATION"> sixty days </term> after the state auditor receives notification from the financial control division to the effect that an agency's books and records are ready and available for audit.</p>
          <p>regional housing authority, at the public housing authority's discretion, may be audited separately from the audit of its local primary government entity. If a separate audit is made, the public housing authority audit shall be included in the local primary government entity audit and need not be conducted by the same auditor who audits the financial affairs of the local primary government entity.</p>
          <p><hi rend="underlined">E.The state auditor shall notify the public education department when a school district, charter school or regional education cooperative fails to submit a required audit report within <term type="NE" subtype="DURATION"> ninety days </term> of the due date specified by the state auditor.</hi>"<hi rend="underlined">E.The state auditor shall notify the public education department when a school district, charter school or regional education cooperative fails to submit a required audit report within <term type="NE" subtype="DURATION"> ninety days </term> of the due date specified by the state auditor.</hi></p>
        </div2>
        <div2 type="section" n="2">
          <head>Section 2. A new section of the Public School Finance Act is enacted to read:</head>
          <p>"[<hi rend="underlined">NEW MATERIAL</hi>] SCHOOL DISTRICT AND CHARTER SCHOOL AUDITS--SANCTIONS FOR NOT SUBMITTING TIMELY AUDIT REPORTS.--<hi rend="underlined">NEW MATERIAL</hi></p>
          <p>A.Each school district and charter school shall have an <term type="NE" subtype="SET"> annual </term> audit as required by the <term type="NE" subtype="MISC"> Audit Act </term> and rules of the state auditor that shall be completed and submitted to the state auditor by the date specified in rules of the state auditor. At the completion of the <term type="NE" subtype="SET"> annual </term> or any special audit, the school district or charter school shall submit a copy of the audit report to the department.</p>
          <p>B.School districts and charter schools shall comply with due dates for <term type="NE" subtype="SET"> annual </term> audits specified by rule of the state auditor. Failure to submit a timely audit report shall subject a school district or charter school to progressive sanctions.</p>
          <p>(1)within <term type="NE" subtype="DURATION"> ninety days </term> from the due date, shall be required to submit <term type="NE" subtype="SET"> monthly </term> financial reports to the department until the department is satisfied that the school district or charter school is in compliance with all financial and audit requirements;</p>
          <p>(2)after <term type="NE" subtype="DURATION"> ninety days </term> but within <term type="NE" subtype="DURATION"> one hundred eighty days </term> from the due date, may be penalized in an amount up to <term type="NE" subtype="PERCENT"> five percent </term> of its current-year state equalization guarantee distribution;</p>
          <p>(3)after <term type="NE" subtype="DURATION"> one hundred eighty days </term> but within <term type="NE" subtype="DATE"> two hundred seventy days, may </term> be penalized in an amount up to <term type="NE" subtype="PERCENT"> seven percent </term> of its current-year state equalization guarantee distribution and may be required to submit a corrective action plan to the secretary; and</p>
          <p>(4)after <term type="NE" subtype="DATE"> two hundred seventy days, may </term> be penalized up to <term type="NE" subtype="PERCENT"> seven percent </term> of its current-year state equalization guarantee distribution and may be subject to the secretary's suspension of the local school board or governing body acting as a board of finance."</p>
        </div2>
        <div2 type="section" n="3">
          <head>Section 3. EFFECTIVE DATE.-- The effective date of the provisions of this act is <term type="NE" subtype="DATE"> July 1, 2010 </term>.</head>
          <p>- <term type="NE" subtype="DATE"> 4 </term> -</p>
        </div2>
      </div1>
    </body>
  </text>
</TEI>
