<TEI xmlns="http://www.tei-c.org/ns/1.0">
  <teiHeader xml:lang="en">
    <fileDesc>
      <titleStmt>
        <title xml:id="NM-2011-H097"/>
        <author>Jimmie C. Hall    FOR THE LEGISLATIVE EDUCATION STUDY COMMITTEE  </author>
      </titleStmt>
      <editionStmt>
        <edition/>
      </editionStmt>
      <publicationStmt>
        <pubPlace>New Mexico</pubPlace>
        <idno>NM-2011-H097</idno>
        <date>2011</date>
      </publicationStmt>
      <sourceDesc>
        <bibl>https:\\www.nmlegis.gov\Sessions\11%20Regular\bills\house\HB0097.html</bibl>
      </sourceDesc>
    </fileDesc>
  </teiHeader>
  <text xml:lang="en">
    <front>
      <div1 type="abstract">
        <head>AN ACT RELATING TO PUBLIC SCHOOLS; CLARIFYING THE ATTENDANCE PRIORITIES FOR SCHOOLS THAT ARE CONVERTED TO CHARTER SCHOOLS PURSUANT TO THE ACCOUNTABILITY AND ACCESSIBILITY ACT.</head>
      </div1>
    </front>
    <body>
      <div1>
        <opener>
          <salute/>
        </opener>
        <div2 type="section" n="1">
          <head>SECTION 1. Section 22-2C-7.</head>
          <p>" 22-2C-7. 1. FAILING SCHOOL SUBJECT TO REOPENING AS STATE-CHARTERED CHARTER SCHOOL -- REQUIREMENTS.</p>
        </div2>
        <div2 type="section" n="2">
          <head>A.If, pursuant to Subsections I and J of Section 22-2C-7 NMSA <term type="NE" subtype="DATE"> 1978 </term>, the school district in which a public school that has failed to make adequate <term type="NE" subtype="SET"> yearly </term> progress for five consecutive <term type="NE" subtype="DURATION"> years </term> recommends that the public school be reopened as a state-chartered charter school, the department, after holding a public hearing in the school district, may take steps to have the public school reopened as a state-chartered charter school.</head>
          <p>B.To reopen as a state-chartered charter school:</p>
          <p>(1)the school's <term type="NE" subtype="DATE"> current </term> enrollment for all grades can not exceed <term type="NE" subtype="PERCENT"> ten percent </term> of the total MEM of the school district where it is located when the school district has a total enrollment of less than one thousand three hundred students;</p>
          <p><hi rend="underlined">(2)the students enrolled at the <term type="NE" subtype="DATE"> time </term> of its reopening as a state-chartered charter school, as well as those students' siblings, shall be given enrollment performance</hi>;<hi rend="underlined">(2)the students enrolled at the <term type="NE" subtype="DATE"> time </term> of its reopening as a state-chartered charter school, as well as those students' siblings, shall be given enrollment performance</hi></p>
          <p>[<hi rend="strikethrough">(2)</hi>]<hi rend="underlined">(3)</hi>the department, after obtaining information and community input during the public hearing, shall find at least five qualified persons willing to serve in an interim capacity as a governing body;<hi rend="strikethrough">(2)</hi><hi rend="underlined">(3)</hi></p>
          <p>[<hi rend="strikethrough">(3)</hi>]<hi rend="underlined">(4)</hi>the governing body shall employ a qualified school administrator within thirty days of its appointment by the department;<hi rend="strikethrough">(3)</hi><hi rend="underlined">(4)</hi></p>
          <p>[<hi rend="strikethrough">(4)</hi>]<hi rend="underlined">(5)</hi>the governing body shall qualify as a board of finance and satisfy any conditions imposed by the commission prior to commencing full operation;<hi rend="strikethrough">(4)</hi><hi rend="underlined">(5)</hi></p>
          <p>[<hi rend="strikethrough">(5)</hi>]<hi rend="underlined">(6)</hi>the governing body shall develop a written plan and proposed charter that is satisfactory to the commission and that at a minimum addresses the following issues:<hi rend="strikethrough">(5)</hi><hi rend="underlined">(6)</hi></p>
          <p>(a)the employment, discharge, termination or displacement of <term type="NE" subtype="DATE"> current </term> school employees, including the effect of employment decisions on <term type="NE" subtype="DATE"> current </term> employment contracts and collective bargaining agreements;</p>
          <p>(b)fiscal and records management;</p>
          <p>(c)instructional and administrative facilities;</p>
          <p>(d)student transportation;</p>
          <p>(e)special education;</p>
          <p>(f)curriculum;</p>
          <p>(g)education-related and other services;</p>
          <p>(h)accreditation;</p>
          <p>(i)food service;</p>
          <p>(j)graduation requirements, if a waiver of state graduation requirements is sought;</p>
          <p>(k)governance turnover; and</p>
          <p>(l)student assessments and school accountability;</p>
          <p>[<hi rend="strikethrough">(6)</hi>]<hi rend="underlined">(7)</hi>the governing body and the school shall comply with any other substantive or procedural requirements imposed on them by law or rule of the department; and<hi rend="strikethrough">(6)</hi><hi rend="underlined">(7)</hi></p>
          <p>[<hi rend="strikethrough">(7)</hi>]<hi rend="underlined">(8)</hi>the department and the governing body shall have a plan to provide for an orderly transition.<hi rend="strikethrough">(7)</hi><hi rend="underlined">(8)</hi></p>
          <p>C.If, within <term type="NE" subtype="DURATION"> ninety days </term> of its determination that the school should be reopened as a state-chartered charter school, the department is unable to constitute a qualified governing body or the governing body does not have its charter approved by the commission and does not find a qualified school administrator able to commence operation of the proposed state-chartered charter school, the failing school shall not be reopened as a state-chartered charter school. Failure to reopen the school as a state-chartered charter school does not affect other actions that may be taken to improve the school.</p>
          <p>D.The provisions of the <term type="NE" subtype="MISC"> Charter Schools Act </term> shall apply to a public school that is reopened as a state-chartered charter school.</p>
          <p>- <term type="NE" subtype="DATE"> 4 </term> -</p>
        </div2>
      </div1>
    </body>
  </text>
</TEI>
