<TEI xmlns="http://www.tei-c.org/ns/1.0">
  <teiHeader xml:lang="en">
    <fileDesc>
      <titleStmt>
        <title xml:id="NM-2009-S454"/>
        <author>Timothy Z. Jennings      </author>
      </titleStmt>
      <editionStmt>
        <edition/>
      </editionStmt>
      <publicationStmt>
        <pubPlace>New Mexico</pubPlace>
        <idno>NM-2009-S454</idno>
        <date>2009</date>
      </publicationStmt>
      <sourceDesc>
        <bibl>https:\\www.nmlegis.gov\Sessions\09%20Regular\bills\senate\SB0454.html</bibl>
      </sourceDesc>
    </fileDesc>
  </teiHeader>
  <text xml:lang="en">
    <front>
      <div1 type="abstract">
        <head>AN ACT RELATING TO PUBLIC SCHOOL FINANCE; PROVIDING FOR THE CALCULATION OF THE TRAINING AND EDUCATION INDEX OF LOCALLY CHARTERED CHARTER SCHOOLS.</head>
      </div1>
    </front>
    <body>
      <div1>
        <opener>
          <salute/>
        </opener>
        <div2 type="section" n="1">
          <head>Section 1. Section 22-8-6.</head>
          <p>" 22-8-6. 1. CHARTER SCHOOL BUDGETS.</p>
          <p>A.Each state-chartered charter school shall submit to the charter schools division of the department a school-based budget. For <term type="NE" subtype="DATE"> fiscal year 2008 </term>, and for <term type="NE" subtype="DURATION"> the first year </term> of operation in any fiscal <term type="NE" subtype="DURATION"> year </term> thereafter, the budget of every state-chartered charter school shall be based on the projected number of program units generated by that charter school and its students, using the at-risk index and the instructional staff training and experience index of the school district in which it is geographically located. For <term type="NE" subtype="ORDINAL"> second </term> and subsequent fiscal <term type="NE" subtype="DURATION"> years </term> of operation, the budgets of state-chartered charter schools shall be based on the number of program units generated using the average of the <term type="NE" subtype="ORDINAL"> eightieth and one hundred twentieth </term> <term type="NE" subtype="DURATION"> day </term> MEM of <term type="NE" subtype="DATE"> the prior year </term> and its instructional staff training and experience index and the at-risk index of the school district in which the state-chartered charter school is geographically located. The budget shall be submitted to the division for approval or amendment pursuant to the Public School Finance Act and the <term type="NE" subtype="MISC"> Charter Schools Act </term>.</p>
          <p>B.Each locally chartered charter school shall submit to the local school board a school-based budget. For <term type="NE" subtype="DATE"> fiscal year 2008 </term>, and for <term type="NE" subtype="DURATION"> the first year </term> of operation in any fiscal <term type="NE" subtype="DURATION"> year </term> thereafter, the budget of every locally chartered charter school shall be based on the projected number of program units generated using the average of the <term type="NE" subtype="ORDINAL"> eightieth and one hundred twentieth </term> <term type="NE" subtype="DURATION"> day </term> MEM of <term type="NE" subtype="DATE"> the prior year </term>, using the at-risk index and the instructional staff training and experience index of the school district in which it is geographically located.<hi rend="strikethrough">its</hi>]<hi rend="underlined">the</hi>instructional staff training and experience index and the at-risk index of the school district in which the locally chartered charter school is geographically located. The budget shall be submitted to the local school board for approval or amendment. The approval or amendment authority of the local school board relative to the charter school budget is limited to ensuring that sound fiscal practices are followed in the development of the budget and that the charter school budget is within the allotted resources. The local school board shall have no veto authority over individual line items within the charter school's proposed budget, but shall approve or disapprove the budget in its entirety. Upon final approval of the local budget by the local school board, the individual charter school budget shall be included separately in the budget submission to the department required pursuant to the Public School Finance Act and the Charter Schools Act."<hi rend="strikethrough">its</hi><hi rend="underlined">the</hi></p>
          <p>- <term type="NE" subtype="DATE"> 3 </term> -</p>
        </div2>
      </div1>
    </body>
  </text>
</TEI>
