<TEI xmlns="http://www.tei-c.org/ns/1.0">
  <teiHeader xml:lang="en">
    <fileDesc>
      <titleStmt>
        <title xml:id="NM-2012-H019"/>
        <author>Mimi Stewart    FOR THE LEGISLATIVE HEALTH AND HUMAN SERVICES COMMITTEE  </author>
      </titleStmt>
      <editionStmt>
        <edition/>
      </editionStmt>
      <publicationStmt>
        <pubPlace>New Mexico</pubPlace>
        <idno>NM-2012-H019</idno>
        <date>2012</date>
      </publicationStmt>
      <sourceDesc>
        <bibl>https:\\www.nmlegis.gov\Sessions\12%20Regular\bills\house\HB0019.html</bibl>
      </sourceDesc>
    </fileDesc>
  </teiHeader>
  <text xml:lang="en">
    <front>
      <div1 type="abstract">
        <head>AN ACT RELATING TO HEALTH CARE; AMENDING SECTIONS OF THE HEALTH CARE WORK FORCE DATA COLLECTION, ANALYSIS AND POLICY ACT TO DIRECT THAT THE UNIVERSITY OF NEW <term type="NE" subtype="LOCATION"> MEXICO </term> ASSUME DATA-RELATED DUTIES PURSUANT TO THAT ACT; TRANSFERRING ALL DATA, APPROPRIATIONS, PROPERTY, PERSONNEL, RECORDS AND CONTRACTS RELATED TO DATA COLLECTION, ANALYSIS, STORAGE OR USE UNDER THE HEALTH CARE WORK FORCE DATA COLLECTION, ANALYSIS AND POLICY ACT FROM THE DEPARTMENT OF HEALTH TO THE UNIVERSITY OF NEW <term type="NE" subtype="LOCATION"> MEXICO </term>.</head>
      </div1>
    </front>
    <body>
      <div1>
        <opener>
          <salute/>
        </opener>
        <div2 type="section" n="1">
          <head>SECTION 1. Section 24-14C-1 NMSA <term type="NE" subtype="DATE"> 1978 </term> (being Laws <term type="NE" subtype="DATE"> 2011 </term>, Chapter 152, Section 1)is amended to read:</head>
          <p>" 24-14C-1. SHORT TITLE.<hi rend="strikethrough">This act</hi>]<hi rend="underlined">Chapter 24, Article 14C NMSA <term type="NE" subtype="DATE"> 1978 </term></hi>may be cited as the "Health Care Work Force Data Collection, Analysis and Policy Act"."<hi rend="strikethrough">This act</hi><hi rend="underlined">Chapter 24, Article 14C NMSA <term type="NE" subtype="DATE"> 1978 </term></hi></p>
        </div2>
        <div2 type="section" n="2">
          <head>SECTION 2. Section 24-14C-2 NMSA <term type="NE" subtype="DATE"> 1978 </term> (being Laws <term type="NE" subtype="DATE"> 2011 </term>, Chapter 152, Section 2)is amended to read:</head>
          <p>" 24-14C-2. DEFINITIONS.</p>
          <p>A." board" means any state health care work force licensing or regulatory board, including the <term type="NE" subtype="LOCATION"> New Mexico </term> medical board; the board of osteopathic medical examiners; the <term type="NE" subtype="LOCATION"> New Mexico </term> board of dental health care; the board of nursing; the board of pharmacy; any other licensing or regulatory board that the -LSB-<hi rend="strikethrough">secretary of health</hi>]<hi rend="underlined">president</hi>designates; any other health professional licensing board listed in Chapter 61 NMSA 1978; and the [<hi rend="strikethrough">department</hi>]<hi rend="underlined">university</hi>;<hi rend="strikethrough">secretary of health</hi><hi rend="underlined">president</hi><hi rend="strikethrough">department</hi><hi rend="underlined">university</hi></p>
          <p>B." database" means the health care work force database created pursuant to the <term type="NE" subtype="ORGANIZATION"> Health Care Work Force Data Collection </term>, Analysis and Policy Act;</p>
          <p>[<hi rend="strikethrough">C." department" means the department of health;</hi>C. "department" means the department of health;<hi rend="strikethrough">C." department" means the department of health;</hi></p>
          <p><hi rend="strikethrough">D.</hi>]<hi rend="underlined">C.</hi>"ethnicity" means an individual's self-identification or affiliation as either "Hispanic or Latino" or "not Hispanic or Latino" according to cultural, historical, linguistic or religious ties;<hi rend="strikethrough">D.</hi><hi rend="underlined">C.</hi><hi rend="strikethrough">E.</hi><hi rend="underlined">D.</hi><hi rend="strikethrough">and</hi></p>
        </div2>
        <div2 type="section" n="3">
          <head>-LSB- E.-RSB- D.</head>
          <p><hi rend="underlined">E." president" means the president of the university of <term type="NE" subtype="LOCATION"> New Mexico </term>;</hi>E. "president" means the president of the university of New Mexico;<hi rend="underlined">E." president" means the president of the university of <term type="NE" subtype="LOCATION"> New Mexico </term>;</hi></p>
          <p>F." race" means an individual's self-identification or affiliation with one of the following categories used to identify individuals according to historical or phenotypical characteristics:</p>
          <p>(1)<term type="NE" subtype="MISC"> American Indian </term> or <term type="NE" subtype="LOCATION"> Alaska </term> Native;</p>
          <p>(2)<term type="NE" subtype="MISC"> Asian </term>;</p>
          <p>(3)Black or <term type="NE" subtype="MISC"> African American </term>;</p>
          <p>(4)Native Hawaiian or other <term type="NE" subtype="LOCATION"> Pacific Islander </term>;</p>
          <p>(5)White; or</p>
          <p>(6)a mixture of any of the categories listed in Paragraphs (1)through (5)of this subsection;<hi rend="underlined">and</hi>and<hi rend="underlined">and</hi></p>
          <p><hi rend="underlined">G." university" means the university of <term type="NE" subtype="LOCATION"> New Mexico </term></hi>."<hi rend="underlined">G." university" means the university of <term type="NE" subtype="LOCATION"> New Mexico </term></hi></p>
        </div2>
        <div2 type="section" n="4">
          <head>SECTION 3. Section 24-14C-3 NMSA <term type="NE" subtype="DATE"> 1978 </term> (being Laws <term type="NE" subtype="DATE"> 2011 </term>, Chapter 152, Section 3)is amended to read:</head>
          <p>HEALTH CARE WORK FORCE DATABASE -- COLLECTION OF DATA -- HOUSING OF DATA -- ANALYSIS AND REPORTING.--</p>
          <p>A.Subject to the availability of state, federal or private foundation funding or other sources of funding, the -LSB-<hi rend="strikethrough">secretary of health</hi>]<hi rend="underlined">president</hi>shall create and maintain the "health care work force database". The [<hi rend="strikethrough">secretary of health</hi>]<hi rend="underlined">president</hi>shall:<hi rend="strikethrough">secretary of health</hi><hi rend="underlined">president</hi><hi rend="strikethrough">secretary of health</hi><hi rend="underlined">president</hi></p>
          <p>(1)enter into agreements with entities to create, house and provide information to state agencies, the legislature and the governor and, as the legislature or governor deems appropriate, any others regarding the state's health care work force; and</p>
          <p>(2)seek federal or other sources of funding to create a <term type="NE" subtype="LOCATION"> New Mexico </term> center for health care workforce analysis and to ensure the additional funding and staffing needed to achieve the anticipated outcomes.</p>
          <p>B.A board shall supply the -LSB-<hi rend="strikethrough">department</hi>]<hi rend="underlined">university</hi>with data pertaining to licensed health care providers for inclusion in the database. A board shall collect a core essential data set at the time of new licensure or licensure renewal, including, but not limited to, a provider's:<hi rend="strikethrough">department</hi><hi rend="underlined">university</hi></p>
          <p>(1)demographics, including race, ethnicity and primary and other languages spoken;</p>
          <p>(2)practice status, including, but not</p>
          <p>limited to:</p>
          <p>(a)active practices in <term type="NE" subtype="LOCATION"> New Mexico </term> and other locations;</p>
          <p>(b)practice type; and</p>
          <p>(c)practice settings, such as hospitals, public schools, higher education institutions, clinics and other clinical settings;</p>
          <p>(3)education, training and primary and secondary specialties for all health professions as appropriate;</p>
          <p>(4)average <term type="NE" subtype="DURATION"> hours </term> worked per <term type="NE" subtype="DURATION"> week </term> and the average number of <term type="NE" subtype="DURATION"> weeks </term> worked per <term type="NE" subtype="DURATION"> year </term> in the licensed profession over <term type="NE" subtype="DURATION"> the past twelve months </term>;</p>
          <p>(5)percentage of practice engaged in direct patient care and in other activities, such as teaching, research and administration, in the licensed profession;</p>
          <p>(6)practice plans for <term type="NE" subtype="DURATION"> the next five years </term>, including retiring from a health care profession, moving out of state or changing health care work <term type="NE" subtype="DURATION"> hours </term>; and</p>
          <p>(7)professional liability insurance costs and availability as they relate to barriers to practice."</p>
        </div2>
        <div2 type="section" n="5">
          <head>SECTION 4. Section 24-14C-4 NMSA <term type="NE" subtype="DATE"> 1978 </term> (being Laws <term type="NE" subtype="DATE"> 2011 </term>, Chapter 152, Section 4)is amended to read:</head>
          <p>" 24-14C-4. DATABASE ESTABLISHMENT AND MAINTENANCE -- DELEGATION.<hi rend="strikethrough">secretary of health</hi>]<hi rend="underlined">president</hi>may contract and collaborate with a private or public entity to establish and maintain the database, to analyze data collected, to develop reports for the legislature or the executive branch or to perform other duties to carry out the provisions of the Health Care Work Force Data Collection, Analysis and Policy Act."<hi rend="strikethrough">secretary of health</hi><hi rend="underlined">president</hi></p>
        </div2>
        <div2 type="section" n="6">
          <head>SECTION 5. Section 24-14C-5 NMSA <term type="NE" subtype="DATE"> 1978 </term> (being Laws <term type="NE" subtype="DATE"> 2011 </term>, Chapter 152, Section 5)is amended to read:</head>
          <p>HEALTH CARE WORK FORCE DATA COLLECTION BY BOARDS -- MANDATORY COMPLIANCE FOR APPLICANTS -- REPORTING BY BOARDS -- CONFIDENTIALITY OF DATA -- RULEMAKING.--</p>
          <p>A.An applicant for a license from a board or renewal of a license by a board shall provide the information prescribed by the -LSB-<hi rend="strikethrough">secretary of health</hi>]<hi rend="underlined">president</hi>pursuant to Subsection C of this section. This section applies to applicants for health professional licensure or renewal of health professional licensure pursuant to Chapter 61 NMSA 1978.<hi rend="strikethrough">secretary of health</hi><hi rend="underlined">president</hi></p>
          <p>B.A board shall not approve a subsequent application for a license or renewal of a license until the applicant provides the information pursuant to Subsection C of this section.</p>
          <p>C.A board shall adopt rules regarding the manner, form and content of reporting data; the consistency of data entry fields used; and the information that an applicant, pursuant to Subsection A of this section, shall provide to a board.</p>
          <p>(1)demographics, including race, ethnicity and primary and other languages spoken;</p>
          <p>(2)practice status, including, but not limited to:</p>
          <p>(a)active practices in <term type="NE" subtype="LOCATION"> New Mexico </term> and other locations;</p>
          <p>(b)practice type; and</p>
          <p>(c)practice settings, such as hospital, clinic or other clinical settings;</p>
          <p>(3)education, training and primary and secondary specialties;</p>
          <p>(4)average <term type="NE" subtype="DURATION"> hours </term> worked per <term type="NE" subtype="DURATION"> week </term> and the average number of <term type="NE" subtype="DURATION"> weeks </term> worked per <term type="NE" subtype="DURATION"> year </term> in the licensed profession;</p>
          <p>(5)percentage of practice engaged in direct patient care and in other activities, such as teaching, research and administration, in the licensed profession; and</p>
          <p>(6)practice plans for <term type="NE" subtype="DURATION"> the next five years </term>, including retiring from the health care profession, moving out of state or changing health care work <term type="NE" subtype="DURATION"> hours </term>.</p>
          <p>D.A board shall report health care work force information collected pursuant to this section to the -LSB-<hi rend="strikethrough">secretary of health</hi>]<hi rend="underlined">president</hi>.<hi rend="strikethrough">secretary of health</hi><hi rend="underlined">president</hi></p>
          <p>E.A board shall keep confidential and not release personally identifiable data collected under this section for any person licensed, registered or certified by the board.<hi rend="strikethrough">secretary of health</hi>]<hi rend="underlined">president</hi>for state health planning purposes. A person with whom the [<hi rend="strikethrough">department</hi>]<hi rend="underlined">university</hi>contracts to perform data collection, storage and analysis shall protect the privacy of that data. The [<hi rend="strikethrough">secretary of health</hi>]<hi rend="underlined">president</hi>shall ensure that the responses of applicants shall be kept confidential, including taking special precautions when the identity of an applicant may be ascertained due to the applicant's location or occupation.<hi rend="strikethrough">secretary of health</hi><hi rend="underlined">president</hi><hi rend="strikethrough">department</hi><hi rend="underlined">university</hi><hi rend="strikethrough">secretary of health</hi><hi rend="underlined">president</hi></p>
          <p>F.A board shall promulgate rules as necessary to perform the board's duties pursuant to this section, including rules for collecting, storing and analyzing data in addition to the information required to be collected by the <term type="NE" subtype="ORGANIZATION"> Health Care Work Force Data Collection </term>, Analysis and Policy Act.</p>
        </div2>
        <div2 type="section" n="7">
          <head>SECTION 6. Section 24-14C-6 NMSA <term type="NE" subtype="DATE"> 1978 </term> (being Laws <term type="NE" subtype="DATE"> 2011 </term>, Chapter 152, Section 6)is amended to read:</head>
          <p>HEALTH CARE WORK FORCE WORK GROUP -- WORK FORCE DATA ANALYSIS -- RECRUITMENT PLANNING -- STRATEGIC PLAN FOR IMPROVING HEALTH CARE ACCESS -- WORK FORCE SURVEY.-- The -LSB-<hi rend="strikethrough">secretary of health</hi>]<hi rend="underlined">president</hi>shall convene a health care work force work group that includes representatives of health care consumers; health care providers; organized groups representing physicians, physician assistants, nurses, nurse practitioners, dentists, dental hygienists and pharmacists; health care work force training institutions; the [<hi rend="strikethrough"><term type="NE" subtype="LOCATION"> New Mexico </term> health policy commission</hi>]<hi rend="underlined">department of health</hi>; the public education department; the higher education department; and the boards. The work group shall:<hi rend="strikethrough">secretary of health</hi><hi rend="underlined">president</hi><hi rend="strikethrough"><term type="NE" subtype="LOCATION"> New Mexico </term> health policy commission</hi><hi rend="underlined">department of health</hi></p>
          <p>A.analyze and make recommendations to the legislature regarding incentives to attract qualified individuals, including those from minority groups underrepresented among health care professions, to pursue health care education and practice in <term type="NE" subtype="LOCATION"> New Mexico </term>;</p>
          <p>B.develop a short-term plan and a <term type="NE" subtype="DURATION"> five-year </term> plan to improve health care access, with a draft report on the plans to be submitted to the interim legislative health and human services committee by <term type="NE" subtype="DATE"> November 1, 2011 </term>.</p>
          <p>C.analyze the collected data and make recommendations to the legislature for building healthier communities and improving health outcomes; and<hi rend="strikethrough">5 of the <term type="NE" subtype="ORGANIZATION"> Health Care Work Force Data Collection </term>, Analysis and Policy Act</hi><hi rend="underlined">24-14C-5 NMSA <term type="NE" subtype="DATE"> 1978 </term></hi><hi rend="strikethrough">secretary of health</hi><hi rend="underlined">president</hi><hi rend="strikethrough">secretary of health</hi><hi rend="underlined">president</hi><hi rend="strikethrough">secretary of health</hi><hi rend="underlined">president</hi></p>
        </div2>
        <div2 type="section" n="8">
          <head>D.devise an electronic survey, designed to be completed by applicants within <term type="NE" subtype="DURATION"> fifteen minutes </term>, for boards to provide to applicants for licensure or renewal of licensure, which includes questions regarding the information required pursuant to Subsection C of Section -LSB- 5 of the <term type="NE" subtype="ORGANIZATION"> Health Care Work Force Data Collection </term>, Analysis and Policy Act]24-14C-5 NMSA <term type="NE" subtype="DATE"> 1978 </term> and any other survey questions that the -LSB- secretary of health]president and the work group deem appropriate.</head>
        </div2>
        <div2 type="section" n="9">
          <head>SECTION 7. Laws <term type="NE" subtype="DATE"> 2011 </term>, Chapter 152, Section 7 is amended to read:</head>
        </div2>
        <div2 type="section" n="10">
          <head>" SECTION 7. TEMPORARY PROVISION -- APPLICATION FOR GRANTS PURSUANT TO THE FEDERAL PATIENT PROTECTION AND AFFORDABLE CARE ACT.-- In order to carry out the provisions set forth in the <term type="NE" subtype="ORGANIZATION"> Health Care Work Force Data Collection </term>, Analysis and <term type="NE" subtype="MISC"> Policy Act </term>, the -LSB- secretary of health]president shall seek funding pursuant to Section 5102 of the federal Patient Protection and Affordable Care Act, as well as funding from any other source, public or private, that the -LSB- secretary of health]president deems appropriate.</head>
        </div2>
        <div2 type="section" n="11">
          <head>SECTION 8. TEMPORARY PROVISION -- TRANSFER OF DATA, APPROPRIATIONS, PROPERTY, PERSONNEL, RECORDS AND CONTRACTS TO THE BOARD OF REGENTS OF THE UNIVERSITY OF NEW <term type="NE" subtype="LOCATION"> MEXICO </term>.</head>
          <p>A.all data, appropriations, property, personnel and records related to data collection, analysis, storage or use pursuant to the <term type="NE" subtype="ORGANIZATION"> Health Care Work Force Data Collection </term>, Analysis and <term type="NE" subtype="MISC"> Policy Act </term> shall be transferred from the department of health to the university of <term type="NE" subtype="LOCATION"> New Mexico </term>; and</p>
          <p>B.any contracts related to data collection, analysis, storage or use that are binding on the department of health pursuant to the <term type="NE" subtype="ORGANIZATION"> Health Care Work Force Data Collection </term>, Analysis and <term type="NE" subtype="MISC"> Policy Act </term> shall be binding on the board of regents of the university of <term type="NE" subtype="LOCATION"> New Mexico </term>.</p>
          <p>- <term type="NE" subtype="DATE"> 10 </term> -</p>
        </div2>
      </div1>
    </body>
  </text>
</TEI>
