<TEI xmlns="http://www.tei-c.org/ns/1.0">
  <teiHeader xml:lang="en">
    <fileDesc>
      <titleStmt>
        <title xml:id="NM-2011-H353"/>
        <author>Larry A. Larra&#241;aga      </author>
      </titleStmt>
      <editionStmt>
        <edition/>
      </editionStmt>
      <publicationStmt>
        <pubPlace>New Mexico</pubPlace>
        <idno>NM-2011-H353</idno>
        <date>2011</date>
      </publicationStmt>
      <sourceDesc>
        <bibl>https:\\www.nmlegis.gov\Sessions\11%20Regular\bills\house\HB0353.html</bibl>
      </sourceDesc>
    </fileDesc>
  </teiHeader>
  <text xml:lang="en">
    <front>
      <div1 type="abstract">
        <head>AN ACT RELATING TO HIGHER EDUCATION; ADDRESSING THE STANDARDS FOR INVESTMENT OF INSTITUTION ENDOWMENT FUNDS.</head>
      </div1>
    </front>
    <body>
      <div1>
        <opener>
          <salute/>
        </opener>
        <div2 type="section" n="1">
          <head>SECTION 1. Section 21-1-27.</head>
          <p>" 21-1-27. 1. HIGHER EDUCATION ENDOWMENT FUND CREATED.</p>
          <p>A.The " higher education endowment fund" is created in the state treasury. The fund shall consist of appropriations, income from investment of the fund, gifts, grants, donations and bequests.</p>
          <p>B.The higher education endowment fund shall be administered by the higher education department. Money shall be disbursed only on warrant of the secretary of finance and administration upon voucher signed by the secretary of higher education or the secretary's authorized representative.</p>
          <p>C.Money shall be disbursed from the higher education endowment fund only to establish endowments at public post-secondary educational institutions as provided in this section. An institution shall not receive a disbursement for an endowment until that institution has notified the department that it has received matching funds for the endowment from other than governmental sources in the amount specified in this section.</p>
          <p>D.Money in the higher education endowment fund is appropriated to the department to be disbursed for endowment purposes, including endowed chairs, lectureships, professorships, scholarships for students, graduate assistantships and faculty development programs that will enhance the quality of public post-secondary education in <term type="NE" subtype="LOCATION"> New Mexico </term>. The department, by rule, shall establish procedures for disbursing money from the fund. Not less than <term type="NE" subtype="PERCENT"> five percent </term> of each institution's total endowment effort resulting from amounts specified in this section shall address one or more of the governor's initiatives.</p>
          <p>E.Appropriations to the higher education endowment fund shall be disbursed to public post-secondary educational institutions based on the following distribution proportions and matching requirements:</p>
          <p>(1)the university of <term type="NE" subtype="LOCATION"> New Mexico </term> shall be entitled to draw <term type="NE" subtype="PERCENT"> eighteen percent </term> of each appropriation and <term type="NE" subtype="LOCATION"> New Mexico </term> state university and the <term type="NE" subtype="LOCATION"> New Mexico </term> institute of mining and technology shall each be entitled to draw <term type="NE" subtype="PERCENT"> sixteen percent </term> of each appropriation; provided that no disbursement shall be made pursuant to this paragraph until an institution has shown to the satisfaction of the department that it has received matching funds in an amount equal to at least <term type="NE" subtype="PERCENT"> fifty percent </term> of the disbursement;</p>
          <p>(2)the university of <term type="NE" subtype="LOCATION"> New Mexico </term> health sciences center shall be entitled to draw <term type="NE" subtype="PERCENT"> twelve percent </term> of each appropriation; provided that no disbursement shall be made pursuant to this paragraph until the center has shown to the satisfaction of the department that it has received matching funds in an amount equal to at least <term type="NE" subtype="PERCENT"> fifty percent </term> of the disbursement;</p>
          <p>(3)<term type="NE" subtype="LOCATION"> New Mexico </term> highlands university, eastern <term type="NE" subtype="LOCATION"> New Mexico </term> university, western <term type="NE" subtype="LOCATION"> New Mexico </term> university and northern <term type="NE" subtype="LOCATION"> New Mexico </term> college shall each draw an equal share of a total of <term type="NE" subtype="PERCENT"> eighteen percent </term> of each appropriation; provided that no disbursement shall be made pursuant to this paragraph until an institution has shown to the satisfaction of the department that it has received matching funds in an amount equal to at least <term type="NE" subtype="PERCENT"> forty percent </term> of the disbursement; and</p>
          <p>(4)the <term type="NE" subtype="LOCATION"> New Mexico </term> military institute, independent community colleges, branch community colleges and technical and vocational institutes may draw a share of a total of <term type="NE" subtype="PERCENT"> twenty percent </term> of each appropriation using a distribution formula approved by the higher education department; provided that no disbursement shall be made pursuant to this paragraph until an institution has shown to the satisfaction of the department that it has received matching funds in an amount equal to at least <term type="NE" subtype="PERCENT"> thirty percent </term> of the disbursement.</p>
          <p>F.Distributions from the higher education endowment fund are made over a <term type="NE" subtype="DURATION"> three-year </term> cycle with unmatched balances reverting to the general fund at the end of the <term type="NE" subtype="DATE"> third fiscal year </term>. The department shall notify each eligible institution of the specific amount it may match during the <term type="NE" subtype="ORDINAL"> first </term> two fiscal <term type="NE" subtype="DURATION"> years </term> of <term type="NE" subtype="SET"> each three-year </term> cycle. Allocations not matched during <term type="NE" subtype="DURATION"> the first two years </term> of each cycle are made available for supplemental or <term type="NE" subtype="ORDINAL"> second </term> round matching by other eligible public post-secondary educational institutions during the <term type="NE" subtype="ORDINAL"> third </term> fiscal <term type="NE" subtype="DURATION"> year </term>. <term type="NE" subtype="DURATION"> Four-year </term> public post-secondary educational institutions may apply for supplemental matches to amounts originally designated for other <term type="NE" subtype="DURATION"> four-year </term> institutions. <term type="NE" subtype="DURATION"> Two-year </term> public post-secondary educational institutions may apply for supplemental matches to amounts originally designated for other <term type="NE" subtype="DURATION"> two-year </term> institutions. Successful submissions for supplemental matches shall be determined by the department in a manner that affords equitable participation over time based on guidelines for supplemental distributions from the fund.<hi rend="strikethrough">prudent investor rule</hi><hi rend="underlined">Uniform Prudent Management of Institutional Funds Act</hi><hi rend="strikethrough">in accordance with</hi><hi rend="strikethrough">used</hi><hi rend="underlined">expended</hi><hi rend="underlined">in accordance with the Uniform Prudent Management of Institutional Funds Act and the provisions of Section 21-1-38 NMSA <term type="NE" subtype="DATE"> 1978 </term></hi></p>
        </div2>
        <div2 type="section" n="2">
          <head>G.The endowment funds of the institutions shall not be expended but shall be invested by the institutions in accordance with the -LSB- prudent investor rule]Uniform Prudent Management of Institutional Funds Act and -LSB- in accordance with]the provisions of Section 21-1-38 NMSA <term type="NE" subtype="DATE"> 1978 </term>. The income from the investments shall be -LSB- used]expended by the institutions in accordance with the Uniform Prudent Management of Institutional Funds Act and the provisions of Section 21-1-38 NMSA <term type="NE" subtype="DATE"> 1978 </term> to provide funding for chairs, lectureships, professorships, scholarships for students, graduate assistantships and faculty development programs, including paying all or a portion of the salary of the faculty member or the expenses necessary to support associated academic activities.</head>
          <p>H.The department shall report <term type="NE" subtype="SET"> annually </term> to the legislative finance committee on disbursements made pursuant to this section. The report shall include the amounts disbursed to each institution, the amount of matching funds and their source and the purpose of the endowments.</p>
        </div2>
        <div2 type="section" n="3">
          <head>SECTION 2. Section 21-1-38 NMSA <term type="NE" subtype="DATE"> 1978 </term> (being Laws <term type="NE" subtype="DATE"> 1991 </term>, Chapter 69, Section 1, as amended)is amended to read:</head>
          <p>" 21-1-38. DEFINITION -- REQUIREMENTS FOR ADOPTION OF INVESTMENT POLICY FOR INVESTING ENDOWMENT FUNDS.</p>
          <p>A.As used in this section:</p>
          <p>(1)" endowment funds" means funds:</p>
          <p>(a)acquired by gift by an educational institution with respect to which the donors or other outside agencies have stipulated as a condition of the gift, and the stipulation is expressed specifically in the gift instrument, that the principal is to be maintained and invested for the purpose of producing <term type="NE" subtype="DATE"> current </term> and <term type="NE" subtype="DATE"> future </term> income that may either be added to the principal or expended, and the maintenance of the principal may be either: 1)held -LSB-<hi rend="strikethrough">inviolate and</hi>] in perpetuity; or 2) expended after the passage of a stated period of time or upon the happening of a specified event; and<hi rend="strikethrough">inviolate and</hi></p>
          <p>(b)notwithstanding the source of acquisition, that the governing board of the educational institution has determined and has designated by a written instrument, either revocable or irrevocable, to be retained for long-term investment; and<hi rend="strikethrough">but is not limited to</hi></p>
        </div2>
        <div2 type="section" n="4">
          <head>(2)" educational institution" means an educational institution designated in Article 12, Section 11 of the constitution of <term type="NE" subtype="LOCATION"> New Mexico </term> and any post-secondary educational institution, which term includes -LSB- but is not limited to]an academic, vocational, technical, business, professional or other school, college or university or other organization or person offering or purporting to offer courses, instruction, training or education through correspondence or in person to any individual within this state over the compulsory school attendance age, if that post-secondary educational institution is directly supported in whole or in part by state or local taxation.</head>
        </div2>
        <div2 type="section" n="5">
          <head>B.The board of finance, as that term is defined in Section 6-10-9 NMSA <term type="NE" subtype="DATE"> 1978 </term>, for each of the educational institutions:</head>
          <p>(1)shall adopt regulations governing the investment<hi rend="underlined">and distribution</hi>of endowment funds by the institution's board of finance, which regulations shall provide at least for:<hi rend="underlined">and distribution</hi><hi rend="strikethrough">investment</hi><hi rend="strikethrough">conduct</hi><hi rend="underlined">loyalty</hi><hi rend="strikethrough"><term type="NE" subtype="DATE"> 6-8-10 </term></hi><hi rend="underlined">45-7-606</hi><hi rend="underlined">Prudent</hi><hi rend="strikethrough">as the standard for evaluating an investment</hi></p>
        </div2>
        <div2 type="section" n="6">
          <head>(a)the application of the -LSB- investment]standard of -LSB- conduct]loyalty described in Section -LSB- <term type="NE" subtype="DATE"> 6-8-10 </term>]45-7-606 NMSA <term type="NE" subtype="DATE"> 1978 </term> and the Uniform Prudent Management of Institutional Funds Act -LSB- as the standard for evaluating an investment -RSB-;</head>
          <p>(b)the appointment of an investment advisory committee made up of individuals having demonstrated experience and skill in the field of the investment of endowment funds; and</p>
          <p>(c)the development of a comprehensive investment policy for the investment of endowment funds by the institution, with the advice and upon the recommendation of the investment committee; and</p>
          <p>(2)may employ an institutional endowment funds investment manager and delegate to -LSB-<hi rend="strikethrough">him</hi>]<hi rend="underlined">the manager</hi>the power to make purchases, sales, exchanges, investments and reinvestments of endowment funds."<hi rend="strikethrough">him</hi><hi rend="underlined">the manager</hi></p>
        </div2>
      </div1>
    </body>
  </text>
</TEI>
