<TEI xmlns="http://www.tei-c.org/ns/1.0">
  <teiHeader xml:lang="en">
    <fileDesc>
      <titleStmt>
        <title xml:id="NM-2010-H074"/>
        <author>Roberto "Bobby" J. Gonzales    FOR THE LEGISLATIVE EDUCATION STUDY COMMITTEE  </author>
      </titleStmt>
      <editionStmt>
        <edition/>
      </editionStmt>
      <publicationStmt>
        <pubPlace>New Mexico</pubPlace>
        <idno>NM-2010-H074</idno>
        <date>2010</date>
      </publicationStmt>
      <sourceDesc>
        <bibl>https:\\www.nmlegis.gov\Sessions\10%20Regular\bills\house\HB0074.html</bibl>
      </sourceDesc>
    </fileDesc>
  </teiHeader>
  <text xml:lang="en">
    <front>
      <div1 type="abstract">
        <head>AN ACT RELATING TO CHARTER SCHOOLS; REQUIRING OVERSIGHT DURING THE CHARTER SCHOOL'S PLANNING <term type="NE" subtype="DURATION"> YEAR </term> </term>.</head>
      </div1>
    </front>
    <body>
      <div1>
        <opener>
          <salute/>
        </opener>
        <div2 type="section" n="1">
          <head>Section 1. Section 22-8B-12 NMSA <term type="NE" subtype="DATE"> 1978 </term> (being Laws <term type="NE" subtype="DATE"> 1999 </term>, Chapter 281, Section 12, as amended)is amended to read:</head>
          <p>" 22-8B-12. CHARTER SCHOOLS -- TERM -- RENEWAL OF CHARTER -- GROUNDS FOR NONRENEWAL OR REVOCATION.</p>
          <p>A.A charter school may be approved for an initial term of <term type="NE" subtype="DURATION"> six years </term>; provided that <term type="NE" subtype="DURATION"> the first year </term> shall be used exclusively for planning and not for completing the application. A charter may be renewed for successive periods of <term type="NE" subtype="DURATION"> five years </term> each. Approvals of <term type="NE" subtype="DATE"> less than five years may </term> be agreed to between the charter school and the chartering authority.</p>
          <p><hi rend="underlined">B.During the planning <term type="NE" subtype="DURATION"> year </term>, the charter school shall file <term type="NE" subtype="SET"> quarterly </term> status reports with the chartering authority and the department pursuant to a schedule and in a format agreed to by the chartering authority and the charter school. The chartering authority shall review each status report and may request other information necessary to ensure that the charter school is developing in accordance with the conditions, standards and procedures of its approved charter.</hi>B. During the planning year, the charter school shall file quarterly status reports with the chartering authority and the department pursuant to a schedule and in a format agreed to by the chartering authority and the charter school. The chartering authority shall review each status report and may request other information necessary to ensure that the charter school is developing in accordance with the conditions, standards and procedures of its approved charter.<hi rend="underlined">B.During the planning <term type="NE" subtype="DURATION"> year </term>, the charter school shall file <term type="NE" subtype="SET"> quarterly </term> status reports with the chartering authority and the department pursuant to a schedule and in a format agreed to by the chartering authority and the charter school. The chartering authority shall review each status report and may request other information necessary to ensure that the charter school is developing in accordance with the conditions, standards and procedures of its approved charter.</hi><hi rend="strikethrough">B.</hi><hi rend="underlined">C.</hi></p>
        </div2>
        <div2 type="section" n="2">
          <head>-LSB- B.-RSB- C.Prior to the end of the planning <term type="NE" subtype="DURATION"> year </term>, the charter school shall demonstrate that its facilities meet the requirements of Section 22-8B-4. 2 NMSA <term type="NE" subtype="DATE"> 1978 </term>.</head>
          <p>[<hi rend="strikethrough">C.</hi>]<hi rend="underlined">D.</hi>Prior to the end of the planning year, a state-chartered charter school shall demonstrate that it has qualified as a board of finance and has satisfied any conditions imposed by the commission before commencing full operation for the remainder of its charter term. The commission shall either issue or refuse to issue the authorization to commence full operation within twenty-one days of the request. If the commission refuses to issue the authorization, it shall provide its reasons in writing to the charter school.<hi rend="strikethrough">C.</hi><hi rend="underlined">D.</hi></p>
          <p>[<hi rend="strikethrough">D.</hi>]<hi rend="underlined">E.</hi>No later than two hundred seventy days prior to the date in which the charter expires, the governing body may submit a renewal application to the chartering authority. A charter school may apply to a different chartering authority for renewal. The chartering authority shall rule in a public hearing on the renewal application no later than one hundred eighty days prior to the expiration of the charter.<hi rend="strikethrough">D.</hi><hi rend="underlined">E.</hi></p>
          <p>[<hi rend="strikethrough">E.</hi>]<hi rend="underlined">F.</hi>A charter school renewal application submitted to the chartering authority shall contain:<hi rend="strikethrough">E.</hi><hi rend="underlined">F.</hi></p>
          <p>(1)a report on the progress of the charter school in achieving the goals, objectives, student performance standards, state minimum educational standards and other terms of the initial approved charter application, including the accountability requirements set forth in the Assessment and Accountability Act;</p>
          <p>(2)a financial statement that discloses the costs of administration, instruction and other spending categories for the charter school that is understandable to the general public, that allows comparison of costs to other schools or comparable organizations and that is in a format required by the department;</p>
        </div2>
        <div2 type="section" n="3">
          <head>(3)contents of the charter application set forth in Section 22-8B-8 NMSA <term type="NE" subtype="DATE"> 1978 </term>;</head>
          <p>(4)a petition in support of the charter school renewing its charter status signed by not less than <term type="NE" subtype="PERCENT"> sixty-five percent </term> of the employees in the charter school;</p>
          <p>(5)a petition in support of the charter school renewing its charter status signed by at least <term type="NE" subtype="PERCENT"> seventy-five percent </term> of the households whose children are enrolled in the charter school; and</p>
        </div2>
        <div2 type="section" n="4">
          <head>(6)a description of the charter school facilities and assurances that the facilities are in compliance with the requirements of Section 22-8B-4. 2 NMSA <term type="NE" subtype="DATE"> 1978 </term>.</head>
          <p>[<hi rend="strikethrough">F.</hi>]<hi rend="underlined">G.</hi>A charter may be suspended, revoked or not renewed by the chartering authority if the chartering authority determines that the charter school did any of the following:<hi rend="strikethrough">F.</hi><hi rend="underlined">G.</hi></p>
          <p><hi rend="underlined">(1)deviated in a material way from the conditions, standards and procedures of its approved charter during the planning <term type="NE" subtype="DURATION"> year </term>;</hi>(1) deviated in a material way from the conditions, standards and procedures of its approved charter during the planning year;<hi rend="underlined">(1)deviated in a material way from the conditions, standards and procedures of its approved charter during the planning <term type="NE" subtype="DURATION"> year </term>;</hi></p>
          <p>[<hi rend="strikethrough">(1)</hi>]<hi rend="underlined">(2)</hi>committed a material violation of any of the conditions, standards or procedures set forth in the charter;<hi rend="strikethrough">(1)</hi><hi rend="underlined">(2)</hi></p>
          <p>[<hi rend="strikethrough">(2)</hi>]<hi rend="underlined">(3)</hi>failed to meet or make substantial progress toward achievement of the department's minimum educational standards or student performance standards identified in the charter application;<hi rend="strikethrough">(2)</hi><hi rend="underlined">(3)</hi></p>
          <p>[<hi rend="strikethrough">(3)</hi>]<hi rend="underlined">(4)</hi>failed to meet generally accepted standards of fiscal management; or<hi rend="strikethrough">(3)</hi><hi rend="underlined">(4)</hi></p>
          <p>[<hi rend="strikethrough">(4)</hi>]<hi rend="underlined">(5)</hi>violated any provision of law from which the charter school was not specifically exempted.<hi rend="strikethrough">(4)</hi><hi rend="underlined">(5)</hi></p>
          <p>[<hi rend="strikethrough">G.</hi>]<hi rend="underlined">H.</hi>If a chartering authority suspends, revokes or does not renew a charter, the chartering authority shall state in writing its reasons for the suspension, revocation or nonrenewal.<hi rend="strikethrough">G.</hi><hi rend="underlined">H.</hi><hi rend="strikethrough">H.</hi><hi rend="underlined">I.</hi></p>
        </div2>
        <div2 type="section" n="5">
          <head>-LSB- H.-RSB- I.A decision to suspend, revoke or not to renew a charter may be appealed by the governing body pursuant to Section 22-8B-7 NMSA <term type="NE" subtype="DATE"> 1978 </term>.</head>
          <p>- <term type="NE" subtype="DATE"> 5 </term> -</p>
        </div2>
      </div1>
    </body>
  </text>
</TEI>
