<TEI xmlns="http://www.tei-c.org/ns/1.0">
  <teiHeader xml:lang="en">
    <fileDesc>
      <titleStmt>
        <title xml:id="NM-2011-S141"/>
        <author>Cynthia Nava and Jimmie C. Hall    FOR THE LEGISLATIVE EDUCATION STUDY COMMITTEE  </author>
      </titleStmt>
      <editionStmt>
        <edition/>
      </editionStmt>
      <publicationStmt>
        <pubPlace>New Mexico</pubPlace>
        <idno>NM-2011-S141</idno>
        <date>2011</date>
      </publicationStmt>
      <sourceDesc>
        <bibl>https:\\www.nmlegis.gov\Sessions\11%20Regular\bills\senate\SB0141.html</bibl>
      </sourceDesc>
    </fileDesc>
  </teiHeader>
  <text xml:lang="en">
    <front>
      <div1 type="abstract">
        <head>AN ACT RELATING TO AUDITS; REMOVING THE REQUIREMENT THAT THE PUBLIC EDUCATION DEPARTMENT APPROVE SCHOOL DISTRICT AND CHARTER SCHOOL INDEPENDENT AUDITORS.</head>
      </div1>
    </front>
    <body>
      <div1>
        <opener>
          <salute/>
        </opener>
        <div2 type="section" n="1">
          <head>SECTION 1. Section <term type="NE" subtype="DATE"> 12-6-14 </term> NMSA <term type="NE" subtype="DATE"> 1978 </term> (being Laws <term type="NE" subtype="DATE"> 1969 </term>, Chapter 68, Section 14, as amended)is amended to read:</head>
          <p>" <term type="NE" subtype="DATE"> 12-6-14 </term>. CONTRACT AUDITS.</p>
          <p>A.The state auditor shall notify each agency designated for audit by an independent auditor, and the agency shall enter into a contract with an independent auditor of its choice in accordance with procedures prescribed by rules of the state auditor; provided, however, that an agency subject to oversight by -LSB-<hi rend="strikethrough">the state department of public education or</hi>] the [<hi rend="strikethrough">commission on</hi>] higher education<hi rend="underlined">department</hi>shall receive approval from [<hi rend="strikethrough">its oversight agency</hi>]<hi rend="underlined">the department</hi>prior to submitting a recommendation for an independent auditor of its choice. The state auditor may select the auditor for an agency that has not submitted a recommendation within sixty days of notification by the state auditor to contract for the year being audited, and the agency being audited shall pay the cost of the audit. Each contract for auditing entered into between an agency and an independent auditor shall be approved in writing by the state auditor. Payment of public funds may not be made to an independent auditor unless a contract is entered into and approved as provided in this section.<hi rend="strikethrough">the state department of public education or</hi><hi rend="strikethrough">commission on</hi><hi rend="underlined">department</hi><hi rend="strikethrough">its oversight agency</hi><hi rend="underlined">the department</hi></p>
          <p>B.The state auditor or personnel of -LSB-<hi rend="strikethrough">his</hi>]<hi rend="underlined">the state auditor's</hi>office designated by [<hi rend="strikethrough">him</hi>]<hi rend="underlined">the state auditor</hi>shall examine all reports of audits of agencies made pursuant to contract. Based upon demonstration of work in progress, the state auditor may authorize progress payments to the independent auditor by the agency being audited under contract. Final payment for services rendered by an independent auditor shall not be made until a determination and written finding that the audit has been made in a competent manner in accordance with the provisions of the contract and applicable rules by the state auditor."<hi rend="strikethrough">his</hi><hi rend="underlined">the state auditor's</hi><hi rend="strikethrough">him</hi><hi rend="underlined">the state auditor</hi></p>
          <p>- <term type="NE" subtype="DATE"> 2 </term> -</p>
        </div2>
      </div1>
    </body>
  </text>
</TEI>
