<TEI xmlns="http://www.tei-c.org/ns/1.0">
  <teiHeader xml:lang="en">
    <fileDesc>
      <titleStmt>
        <title xml:id="NM-2009-S028"/>
        <author>Mary Jane M. Garcia      </author>
      </titleStmt>
      <editionStmt>
        <edition/>
      </editionStmt>
      <publicationStmt>
        <pubPlace>New Mexico</pubPlace>
        <idno>NM-2009-S028</idno>
        <date>2009</date>
      </publicationStmt>
      <sourceDesc>
        <bibl>https:\\www.nmlegis.gov\Sessions\09%20Regular\bills\senate\SB0028.html</bibl>
      </sourceDesc>
    </fileDesc>
  </teiHeader>
  <text xml:lang="en">
    <front>
      <div1 type="abstract">
        <head>AN ACT RELATING TO HIGHER EDUCATION; REQUIRING THE PRESIDENT'S GRATIS SCHOLARSHIPS AT PUBLIC POST-SECONDARY EDUCATIONAL INSTITUTIONS TO BE GRANTED BASED ON FINANCIAL NEED.</head>
      </div1>
    </front>
    <body>
      <div1>
        <opener>
          <salute/>
        </opener>
        <div2 type="section" n="1">
          <head>Section 1. Section 21-1-2 NMSA <term type="NE" subtype="DATE"> 1978 </term> (being Laws <term type="NE" subtype="DATE"> 1970 </term>, Chapter 9, Section 1, as amended)is amended to read:</head>
          <p>" 21-1-2. MATRICULATION AND TUITION FEES.<hi rend="underlined">and</hi><hi rend="strikethrough">and <term type="NE" subtype="LOCATION"> New Mexico </term> junior college</hi></p>
        </div2>
        <div2 type="section" n="2">
          <head>A.Except as otherwise provided in this section and in Section 21-1-4.</head>
          <p>(1)each student shall be charged a matriculation fee of not less than <term type="NE" subtype="MONEY"> five dollars </term> (<term type="NE" subtype="MONEY"> $ 5.00 </term>)upon enrolling in each institution;</p>
          <p>(2)each student who is a resident of <term type="NE" subtype="LOCATION"> New Mexico </term> shall be charged a tuition fee of not less than <term type="NE" subtype="MONEY"> twenty dollars </term> (<term type="NE" subtype="MONEY"> $ 20.00 </term>)<term type="NE" subtype="DURATION"> a year </term>;</p>
          <p>(3)each student who is not a resident of <term type="NE" subtype="LOCATION"> New Mexico </term> shall be charged a tuition fee of not less than <term type="NE" subtype="MONEY"> fifty dollars </term> (<term type="NE" subtype="MONEY"> $ 50.00 </term>)<term type="NE" subtype="DURATION"> a year </term>;</p>
          <p>(4)each student shall be charged a tuition fee of not less than <term type="NE" subtype="MONEY"> ten dollars </term> (<term type="NE" subtype="MONEY"> $ 10.00 </term>)for <term type="NE" subtype="SET"> each </term> <term type="NE" subtype="DATE"> summer </term> session; and</p>
          <p>(5)each student may be charged a tuition fee for extension courses.<hi rend="strikethrough">state school</hi><hi rend="underlined">college</hi><hi rend="strikethrough">his</hi><hi rend="underlined">the</hi><hi rend="strikethrough">At least thirty-three and <term type="NE" subtype="PERCENT"> one-third percent </term></hi><hi rend="underlined">All</hi></p>
        </div2>
        <div2 type="section" n="3">
          <head>B.Except as otherwise provided in this section and in Section 21-1-4. 3 <term type="NE" subtype="ORGANIZATION"> NMSA </term> <term type="NE" subtype="DATE"> 1978 </term>, the board of regents of northern <term type="NE" subtype="LOCATION"> New Mexico </term> -LSB- state school]college shall establish and charge each student a matriculation fee and a tuition fee.</head>
        </div2>
        <div2 type="section" n="4">
          <head>C.The board of regents of each institution may establish and grant gratis scholarships to students who are residents of <term type="NE" subtype="LOCATION"> New Mexico </term> in an amount not to exceed the matriculation fee or tuition and fees, or both. These scholarships are in addition to the lottery tuition scholarships authorized in Section 21-1-4. 3 NMSA <term type="NE" subtype="DATE"> 1978 </term> and shall be granted to the full extent of available funds before lottery tuition scholarships are granted. The number of scholarships established and granted pursuant to this subsection shall not exceed <term type="NE" subtype="PERCENT"> three percent </term> of the preceding <term type="NE" subtype="DATE"> fall </term> semester enrollment in each institution and shall not be established and granted for <term type="NE" subtype="DATE"> summer </term> sessions. The president of each institution shall select and recommend to the board of regents of -LSB- his]the institution, as recipients of scholarships, students who possess good moral character and satisfactory initiative, scholastic standing and personality. -LSB- At least thirty-three and <term type="NE" subtype="PERCENT"> one-third percent </term>]All of the gratis scholarships established and granted by each board of regents <term type="NE" subtype="SET"> each year </term> shall be granted on the basis of financial need.</head>
          <p>D.The board of regents<hi rend="underlined">or governing board</hi>of each institution set out in this subsection may establish and grant, in addition to those scholarships provided for in Subsection C of this section, athletic scholarships for tuition and fees. In no event shall the board of regents of any institution be allowed to award scholarships for tuition and fees for more than the number of athletic scholarships set out in this subsection and in no event shall more than seventy-five percent of the scholarships granted be for out-of-state residents:<hi rend="underlined">or governing board</hi></p>
          <p>(1)the board of regents of the university of <term type="NE" subtype="LOCATION"> New Mexico </term> may grant up to two hundred ninety-three athletic scholarships;</p>
          <p>(2)the board of regents of <term type="NE" subtype="LOCATION"> New Mexico </term> state university may grant up to two hundred seventy athletic scholarships;</p>
          <p>(3)the boards of regents of <term type="NE" subtype="LOCATION"> New Mexico </term> highlands university, eastern <term type="NE" subtype="LOCATION"> New Mexico </term> university and western <term type="NE" subtype="LOCATION"> New Mexico </term> university may each grant up to one hundred forty athletic scholarships; and</p>
          <p>(4)the -LSB-<hi rend="strikethrough">board of regents</hi>]<hi rend="underlined">governing board</hi>of New Mexico junior college may grant up to fifty-two athletic scholarships.<hi rend="strikethrough">board of regents</hi><hi rend="underlined">governing board</hi></p>
          <p>E.In the event that the number of athletic scholarships exceeds the number of athletic scholarships permitted that institution by regulations and bylaws of the national collegiate athletic association or the national association of intercollegiate athletics of which that institution is a member, the appropriate board of regents shall reduce the number of authorized tuition scholarships to comply with association rules and regulations.</p>
          <p>F.Matriculation fees and tuition fees shall be fixed and made payable as directed by the board of regents of each institution, collected by the officers of each institution and accounted for as are other funds of the institutions. Matriculation fees shall be charged only <term type="NE" subtype="DATE"> once </term> for each institution in which a student enrolls.</p>
        </div2>
        <div2 type="section" n="5">
          <head>Section 2. Section 21-13-19 NMSA <term type="NE" subtype="DATE"> 1978 </term> (being Laws <term type="NE" subtype="DATE"> 1968 </term>, Chapter 70, Section 2, as amended)is amended to read:</head>
          <p>" 21-13-19. ENROLLMENT DEFINED -- PAYMENTS.</p>
          <p>A.For those students in community colleges taking college-level courses, full-time-equivalent students shall be defined and computed by the higher education department in the same manner in which it defines and computes full-time-equivalent students for all other college-level programs within its jurisdiction.</p>
          <p>B.No student shall be included in any calculations made under the provisions of this section if the student is enrolled in a course the cost of which is totally reimbursed from federal, state or private sources.</p>
          <p>C.The higher education department shall not recommend an appropriation greater than three hundred</p>
        </div2>
        <div2 type="section" n="6">
          <head><term type="NE" subtype="MONEY"> twenty-five dollars </term> (<term type="NE" subtype="MONEY"> $ 325 </term>)for each full-time-equivalent student for any community college that levies a tax at a rate less than <term type="NE" subtype="MONEY"> two dollars </term> (<term type="NE" subtype="MONEY"> $ 2 </term>. 00), unless a lower amount is required by operation of the rate limitation provisions of Section 7-37-7. 1 NMSA <term type="NE" subtype="DATE"> 1978 </term> upon a rate of at least <term type="NE" subtype="MONEY"> two dollars </term> (<term type="NE" subtype="MONEY"> $ 2 </term>. 00)on each <term type="NE" subtype="MONEY"> one thousand dollars </term> (<term type="NE" subtype="MONEY"> $ 1,000 </term>)of net taxable value, as that term is defined in the <term type="NE" subtype="MISC"> Property Tax Code </term>, or any community college that reduces a <term type="NE" subtype="DATE"> previously </term> authorized tax levy, except as required by the operation of the rate limitation provisions of Section 7-37-7. 1 NMSA <term type="NE" subtype="DATE"> 1978 </term>.</head>
          <p>D.The higher education department shall require from the community college such reports as the department deems necessary for the purpose of determining the number of full-time-equivalent students at the community college eligible to receive support under this section.</p>
          <p>E.A community college board shall establish tuition and fee rates for its respective institutions for full-time, part-time, resident and nonresident students, as defined by the higher education department.<hi rend="strikethrough">At least thirty-three and <term type="NE" subtype="PERCENT"> one-third percent </term></hi><hi rend="underlined">All</hi></p>
        </div2>
        <div2 type="section" n="7">
          <head>F.A community college board may establish and grant gratis scholarships to students who are residents of <term type="NE" subtype="LOCATION"> New Mexico </term> in an amount not to exceed the matriculation fee or tuition and fees, or both. The gratis scholarships are in addition to the lottery tuition scholarships authorized in Section 21-13-10 NMSA <term type="NE" subtype="DATE"> 1978 </term> and shall be granted to the full extent of available funds before lottery tuition scholarships are granted. The number of scholarships established and granted pursuant to this subsection shall not exceed <term type="NE" subtype="PERCENT"> three percent </term> of the preceding <term type="NE" subtype="DATE"> fall </term> semester enrollment in each institution and shall not be established and granted for <term type="NE" subtype="DATE"> summer </term> sessions. The president of each institution shall select and recommend to the community college board of the president's institution, as recipients of scholarships, students who possess good moral character and satisfactory initiative, scholastic standing and personality. -LSB- At least thirty-three and <term type="NE" subtype="PERCENT"> one-third percent </term>]All of the gratis scholarships established and granted by each community college board <term type="NE" subtype="SET"> each year </term> shall be granted on the basis of financial need.</head>
          <p>G.A student in a home school or private school who meets the eligibility criteria in rules promulgated by the public education department and higher education department may apply for dual credit courses, provided that the student pays the full cost of dual credit courses.</p>
        </div2>
        <div2 type="section" n="8">
          <head>Section 3. Section 21-14-5 NMSA <term type="NE" subtype="DATE"> 1978 </term> (being Laws <term type="NE" subtype="DATE"> 1957 </term>, Chapter 143, Section 4, as amended)is amended to read:</head>
          <p>" 21-14-5. FINANCING OF BRANCH COMMUNITY COLLEGES -- TUITION AND FEE WAIVERS.</p>
          <p>A.Financing of branch community colleges shall be by tuition and fees, which shall be set by the board of regents of the parent institution, by gifts and grants and by other funds as may be made available pursuant to the provisions of the <term type="NE" subtype="MISC"> College District Tax Act </term> or Chapter 21, Article 14 NMSA <term type="NE" subtype="DATE"> 1978 </term>.<hi rend="strikethrough">his</hi><hi rend="underlined">the president's</hi><hi rend="strikethrough">At least thirty-three and <term type="NE" subtype="PERCENT"> one-third percent </term></hi><hi rend="underlined">All</hi></p>
        </div2>
        <div2 type="section" n="9">
          <head>B.The board of regents of the respective parent institution of the branch community college may establish and grant gratis scholarships to students of the branch community college who are residents of <term type="NE" subtype="LOCATION"> New Mexico </term> in an amount not to exceed the matriculation fee or tuition and fees, or both. Except as provided in Section 21-1-4. 3 NMSA <term type="NE" subtype="DATE"> 1978 </term>, the number of scholarships established and granted shall not exceed <term type="NE" subtype="PERCENT"> three percent </term> of the preceding <term type="NE" subtype="DATE"> fall </term> semester enrollment in the branch community college and shall not be established and granted for <term type="NE" subtype="DATE"> summer </term> sessions. The president of each institution shall select and recommend to the board of regents of -LSB- his]the president's institution, as recipients of scholarships, students who possess good moral character and satisfactory initiative, scholastic standing and personality. -LSB- At least thirty-three and <term type="NE" subtype="PERCENT"> one-third percent </term>]All of the gratis scholarships established and granted by the board of regents for a branch community college <term type="NE" subtype="SET"> each year </term> shall be granted on the basis of financial need.</head>
        </div2>
        <div2 type="section" n="10">
          <head>Section 4. Section 21-16-10 NMSA <term type="NE" subtype="DATE"> 1978 </term> (being Laws <term type="NE" subtype="DATE"> 1968 </term>, Chapter 59, Section 3, as amended)is amended to read:</head>
          <p>" 21-16-10. APPROPRIATION -- DISTRIBUTION.</p>
          <p>A.The higher education department shall recommend an appropriation for each technical and vocational institute based upon its financial requirements in relation to its authorized program and its available funds from non-general fund sources; provided, the recommended appropriation shall be an amount not less than <term type="NE" subtype="MONEY"> three hundred twenty-five dollars </term> (<term type="NE" subtype="MONEY"> $ 325 </term>)for each full-time-equivalent student.</p>
          <p>B.The higher education department shall by rule provide for the method for calculating the number of</p>
          <p>full-time-equivalent students in technical and vocational institutes. No student shall be included in any calculation of the number of full-time-equivalent students if the student is enrolled in a course, the cost of which is totally reimbursed from federal, state or private sources.</p>
          <p>C.The higher education department shall not recommend an appropriation greater than three hundred</p>
        </div2>
        <div2 type="section" n="11">
          <head><term type="NE" subtype="MONEY"> twenty-five dollars </term> (<term type="NE" subtype="MONEY"> $ 325 </term>)for each full-time-equivalent student for any technical and vocational institute that levies a tax at a rate less than <term type="NE" subtype="MONEY"> two dollars </term> (<term type="NE" subtype="MONEY"> $ 2 </term>. 00), unless a lower amount is required by operation of the rate limitation provisions of Section 7-37-7. 1 NMSA <term type="NE" subtype="DATE"> 1978 </term> upon a rate approved by the electors of at least <term type="NE" subtype="MONEY"> two dollars </term> (<term type="NE" subtype="MONEY"> $ 2 </term>. 00)on each <term type="NE" subtype="MONEY"> one thousand dollars </term> (<term type="NE" subtype="MONEY"> $ 1,000 </term>)of net taxable value, as that term is defined in the <term type="NE" subtype="MISC"> Property Tax Code </term>, or any technical and vocational institute that reduces a <term type="NE" subtype="DATE"> previously </term> authorized tax levy, except as required by the operation of the rate limitation provisions of Section 7-37-7. 1 NMSA <term type="NE" subtype="DATE"> 1978 </term>.</head>
        </div2>
        <div2 type="section" n="12">
          <head>D.The board may establish and grant gratis scholarships to students who are residents of <term type="NE" subtype="LOCATION"> New Mexico </term> in an amount not to exceed the matriculation fee or tuition and fees, or both. The gratis scholarships are in addition to the lottery tuition scholarships authorized in Section 21-16-10. 1 NMSA <term type="NE" subtype="DATE"> 1978 </term> and shall be granted to the full extent of available funds before lottery tuition scholarships are granted. The number of scholarships established and granted pursuant to this subsection shall not exceed <term type="NE" subtype="PERCENT"> three percent </term> of the preceding <term type="NE" subtype="DATE"> fall </term> semester enrollment in the technical and vocational institute and shall not be established and granted for <term type="NE" subtype="DATE"> summer </term> sessions.</head>
          <p>character and satisfactory initiative, scholastic standing and personality. -LSB-<hi rend="strikethrough">At least thirty-three and <term type="NE" subtype="PERCENT"> one-third percent </term></hi>]<hi rend="underlined">All</hi>of the gratis scholarships established and granted by the board each year shall be granted on the basis of financial need."<hi rend="strikethrough">At least thirty-three and <term type="NE" subtype="PERCENT"> one-third percent </term></hi><hi rend="underlined">All</hi></p>
          <p>- <term type="NE" subtype="DATE"> 10 </term> -</p>
        </div2>
      </div1>
    </body>
  </text>
</TEI>
