<TEI xmlns="http://www.tei-c.org/ns/1.0">
  <teiHeader xml:lang="en">
    <fileDesc>
      <titleStmt>
        <title xml:id="NM-2015-H170"/>
        <author>Larry A. Larra&#241;aga      </author>
      </titleStmt>
      <editionStmt>
        <edition/>
      </editionStmt>
      <publicationStmt>
        <pubPlace>New Mexico</pubPlace>
        <idno>NM-2015-H170</idno>
        <date>2015</date>
      </publicationStmt>
      <sourceDesc>
        <bibl>https:\\www.nmlegis.gov\Sessions\15%20Regular\bills\house\HB0170.html</bibl>
      </sourceDesc>
    </fileDesc>
  </teiHeader>
  <text xml:lang="en">
    <front>
      <div1 type="abstract">
        <head>AN ACT RELATING TO HIGHER EDUCATION; CHANGING THE DISTRIBUTION PROCESS AND USES OF THE HIGHER EDUCATION ENDOWMENT FUND; CREATING THE HIGHER EDUCATION ENDOWMENT COMMITTEE; PRESCRIBING POWERS AND DUTIES; PROVIDING FOR MERIT-BASED AWARDS FROM THE HIGHER EDUCATION ENDOWMENT FUND; MAKING AN APPROPRIATION.</head>
      </div1>
    </front>
    <body>
      <div1>
        <opener>
          <salute/>
        </opener>
        <div2 type="section" n="1">
          <head>SECTION 1. Section 21-1-27.</head>
          <p>" 21-1-27. 1. HIGHER EDUCATION ENDOWMENT FUND CREATED.</p>
          <p>A.The " higher education endowment fund" is created in the state treasury. The fund shall consist of appropriations, income from investment of the fund, gifts, grants, donations and bequests.</p>
          <p>B.The higher education endowment fund shall be administered by the higher education department. Money shall be disbursed only on warrant of the secretary of finance and administration upon voucher signed by the secretary of higher education or the secretary's authorized representative.</p>
          <p>C.-LSB-<hi rend="strikethrough">Money shall be disbursed from</hi>] The higher education endowment fund<hi rend="underlined">shall be used</hi>only to establish endowments at public post-secondary educational institutions as provided in this section. An institution shall not receive a [<hi rend="strikethrough">disbursement</hi>]<hi rend="underlined">distribution</hi>for an endowment until that institution [<hi rend="strikethrough">has notified</hi>]<hi rend="underlined">provides documentation to</hi>the department that it has received<hi rend="underlined">or will receive</hi>matching funds<hi rend="underlined">pursuant to a written gift agreement</hi>for the endowment from other than governmental sources in [<hi rend="strikethrough">the</hi>]<hi rend="underlined">an</hi>amount [<hi rend="strikethrough">specified in this section</hi>]<hi rend="underlined">equal to at least <term type="NE" subtype="PERCENT"> fifty percent </term> of the requested award</hi>.<hi rend="strikethrough">Money shall be disbursed from</hi><hi rend="underlined">shall be used</hi><hi rend="strikethrough">disbursement</hi><hi rend="underlined">distribution</hi><hi rend="strikethrough">has notified</hi><hi rend="underlined">provides documentation to</hi><hi rend="underlined">or will receive</hi><hi rend="underlined">pursuant to a written gift agreement</hi><hi rend="strikethrough">the</hi><hi rend="underlined">an</hi><hi rend="strikethrough">specified in this section</hi><hi rend="underlined">equal to at least <term type="NE" subtype="PERCENT"> fifty percent </term> of the requested award</hi></p>
          <p>D.Money in the higher education endowment fund is appropriated to the department to be -LSB-<hi rend="strikethrough">disbursed</hi>]<hi rend="underlined">distributed to a public post-secondary educational institution following an award made pursuant to the provisions of Subsection E of this section</hi>for endowment purposes. [<hi rend="strikethrough">including</hi>]<hi rend="underlined">Endowment purposes include:</hi>Endowment purposes include:<hi rend="strikethrough">disbursed</hi><hi rend="underlined">distributed to a public post-secondary educational institution following an award made pursuant to the provisions of Subsection E of this section</hi><hi rend="strikethrough">including</hi><hi rend="underlined">Endowment purposes include:</hi></p>
          <p><hi rend="underlined">(1)establishing</hi>endowed chairs, lectureships, professorships, [<hi rend="strikethrough">scholarships for students</hi>]<hi rend="underlined">research positions</hi>, graduate assistantships and faculty development programs that will enhance the quality of public post-secondary education in New Mexico [<hi rend="strikethrough">The department, by rule, shall establish procedures for disbursing money from the fund. Not less than <term type="NE" subtype="PERCENT"> five percent </term> of each institution's total endowment effort resulting from amounts specified in this section shall address</hi>];<hi rend="underlined">(1)establishing</hi><hi rend="strikethrough">scholarships for students</hi><hi rend="underlined">research positions</hi><hi rend="strikethrough">The department, by rule, shall establish procedures for disbursing money from the fund. Not less than <term type="NE" subtype="PERCENT"> five percent </term> of each institution's total endowment effort resulting from amounts specified in this section shall address</hi></p>
          <p><hi rend="underlined">(2)addressing</hi>,<hi rend="underlined">including research and development; technology transfer; science, technology, engineering and mathematics; health; education; water; and agriculture initiatives; and</hi>including research and development; technology transfer; science, technology, engineering and mathematics; health; education; water; and agriculture initiatives; and<hi rend="underlined">(2)addressing</hi><hi rend="underlined">including research and development; technology transfer; science, technology, engineering and mathematics; health; education; water; and agriculture initiatives; and</hi></p>
          <p><hi rend="underlined">(3)making merit-based salary increases determined pursuant to criteria set forth by the public post-secondary educational institution in a proposal approved by the department.</hi>(3) making merit-based salary increases determined pursuant to criteria set forth by the public post-secondary educational institution in a proposal approved by the department.<hi rend="underlined">(3)making merit-based salary increases determined pursuant to criteria set forth by the public post-secondary educational institution in a proposal approved by the department.</hi></p>
          <p><hi rend="underlined">E.The " higher education endowment committee" is created. The committee has sole authority to approve proposals for awards from the higher education endowment fund based on the merits of the proposals by public post-secondary educational institutions to support and advance endowment purposes. The committee is composed of the secretaries of higher education, economic development and finance and administration or their designees. The committee shall meet no more than twice per <term type="NE" subtype="DURATION"> year </term> to hear award proposals submitted by public post-secondary educational institutions.</hi>E. The "higher education endowment committee" is created. The committee has sole authority to approve proposals for awards from the higher education endowment fund based on the merits of the proposals by public post-secondary educational institutions to support and advance endowment purposes. The committee is composed of the secretaries of higher education, economic development and finance and administration or their designees. The committee shall meet no more than twice per year to hear award proposals submitted by public post-secondary educational institutions.<hi rend="underlined">E.The " higher education endowment committee" is created. The committee has sole authority to approve proposals for awards from the higher education endowment fund based on the merits of the proposals by public post-secondary educational institutions to support and advance endowment purposes. The committee is composed of the secretaries of higher education, economic development and finance and administration or their designees. The committee shall meet no more than twice per <term type="NE" subtype="DURATION"> year </term> to hear award proposals submitted by public post-secondary educational institutions.</hi></p>
          <p><hi rend="underlined"/>[<hi rend="strikethrough">E.Appropriations to the higher education endowment fund shall be disbursed to public post-secondary educational institutions based on the following distribution proportions and matching requirements:</hi>E. Appropriations to the higher education endowment fund shall be disbursed to public post-secondary educational institutions based on the following distribution proportions and matching requirements:<hi rend="underlined"/><hi rend="strikethrough">E.Appropriations to the higher education endowment fund shall be disbursed to public post-secondary educational institutions based on the following distribution proportions and matching requirements:</hi></p>
          <p><hi rend="strikethrough">(1)the university of <term type="NE" subtype="LOCATION"> New Mexico </term> shall be entitled to draw <term type="NE" subtype="PERCENT"> eighteen percent </term> of each appropriation and <term type="NE" subtype="LOCATION"> New Mexico </term> state university and the <term type="NE" subtype="LOCATION"> New Mexico </term> institute of mining and technology shall each be entitled to draw <term type="NE" subtype="PERCENT"> sixteen percent </term> of each appropriation; provided that no disbursement shall be made pursuant to this paragraph until an institution has shown to the satisfaction of the department that it has received matching funds in an amount equal to at least <term type="NE" subtype="PERCENT"> fifty percent </term> of the disbursement;</hi><hi rend="strikethrough"/><hi rend="strikethrough">(1)the university of <term type="NE" subtype="LOCATION"> New Mexico </term> shall be entitled to draw <term type="NE" subtype="PERCENT"> eighteen percent </term> of each appropriation and <term type="NE" subtype="LOCATION"> New Mexico </term> state university and the <term type="NE" subtype="LOCATION"> New Mexico </term> institute of mining and technology shall each be entitled to draw <term type="NE" subtype="PERCENT"> sixteen percent </term> of each appropriation; provided that no disbursement shall be made pursuant to this paragraph until an institution has shown to the satisfaction of the department that it has received matching funds in an amount equal to at least <term type="NE" subtype="PERCENT"> fifty percent </term> of the disbursement;</hi><hi rend="strikethrough"/></p>
          <p><hi rend="strikethrough">(2)the university of <term type="NE" subtype="LOCATION"> New Mexico </term> health sciences center shall be entitled to draw <term type="NE" subtype="PERCENT"> twelve percent </term> of each appropriation; provided that no disbursement shall be made pursuant to this paragraph until the center has shown to the satisfaction of the department that it has received matching funds in an amount equal to at least <term type="NE" subtype="PERCENT"> fifty percent </term> of the disbursement;</hi><hi rend="strikethrough"/><hi rend="strikethrough">(2)the university of <term type="NE" subtype="LOCATION"> New Mexico </term> health sciences center shall be entitled to draw <term type="NE" subtype="PERCENT"> twelve percent </term> of each appropriation; provided that no disbursement shall be made pursuant to this paragraph until the center has shown to the satisfaction of the department that it has received matching funds in an amount equal to at least <term type="NE" subtype="PERCENT"> fifty percent </term> of the disbursement;</hi><hi rend="strikethrough"/></p>
          <p><hi rend="strikethrough">(3)<term type="NE" subtype="LOCATION"> New Mexico </term> highlands university, eastern <term type="NE" subtype="LOCATION"> New Mexico </term> university, western <term type="NE" subtype="LOCATION"> New Mexico </term> university and northern <term type="NE" subtype="LOCATION"> New Mexico </term> college shall each draw an equal share of a total of <term type="NE" subtype="PERCENT"> eighteen percent </term> of each appropriation; provided that no disbursement shall be made pursuant to this paragraph until an institution has shown to the satisfaction of the department that it has received matching funds in an amount equal to at least <term type="NE" subtype="PERCENT"> forty percent </term> of the disbursement; and</hi>(3) New Mexico highlands university, eastern New Mexico university, western New Mexico university and northern New Mexico college shall each draw an equal share of a total of eighteen percent of each appropriation; provided that no disbursement shall be made pursuant to this paragraph until an institution has shown to the satisfaction of the department that it has received matching funds in an amount equal to at least forty percent of the disbursement; and<hi rend="strikethrough">(3)<term type="NE" subtype="LOCATION"> New Mexico </term> highlands university, eastern <term type="NE" subtype="LOCATION"> New Mexico </term> university, western <term type="NE" subtype="LOCATION"> New Mexico </term> university and northern <term type="NE" subtype="LOCATION"> New Mexico </term> college shall each draw an equal share of a total of <term type="NE" subtype="PERCENT"> eighteen percent </term> of each appropriation; provided that no disbursement shall be made pursuant to this paragraph until an institution has shown to the satisfaction of the department that it has received matching funds in an amount equal to at least <term type="NE" subtype="PERCENT"> forty percent </term> of the disbursement; and</hi></p>
          <p><hi rend="strikethrough">(4)the <term type="NE" subtype="LOCATION"> New Mexico </term> military institute, independent community colleges, branch community colleges and technical and vocational institutes may draw a share of a total of <term type="NE" subtype="PERCENT"> twenty percent </term> of each appropriation using a distribution formula approved by the higher education department; provided that no disbursement shall be made pursuant to this paragraph until an institution has shown to the satisfaction of the department that it has received matching funds in an amount equal to at least <term type="NE" subtype="PERCENT"> thirty percent </term> of the disbursement.</hi>(4) the New Mexico military institute, independent community colleges, branch community colleges and technical and vocational institutes may draw a share of a total of twenty percent of each appropriation using a distribution formula approved by the higher education department; provided that no disbursement shall be made pursuant to this paragraph until an institution has shown to the satisfaction of the department that it has received matching funds in an amount equal to at least thirty percent of the disbursement.<hi rend="strikethrough">(4)the <term type="NE" subtype="LOCATION"> New Mexico </term> military institute, independent community colleges, branch community colleges and technical and vocational institutes may draw a share of a total of <term type="NE" subtype="PERCENT"> twenty percent </term> of each appropriation using a distribution formula approved by the higher education department; provided that no disbursement shall be made pursuant to this paragraph until an institution has shown to the satisfaction of the department that it has received matching funds in an amount equal to at least <term type="NE" subtype="PERCENT"> thirty percent </term> of the disbursement.</hi></p>
          <p><hi rend="strikethrough">F.Distributions from the higher education endowment fund are made over a <term type="NE" subtype="DURATION"> three-year </term> cycle with unmatched balances reverting to the general fund at the end of the <term type="NE" subtype="DATE"> third fiscal year </term>. The department shall notify each eligible institution of the specific amount it may match during the <term type="NE" subtype="ORDINAL"> first </term> two fiscal <term type="NE" subtype="DURATION"> years </term> of <term type="NE" subtype="SET"> each three-year </term> cycle. Allocations not matched during <term type="NE" subtype="DURATION"> the first two years </term> of each cycle are made available for supplemental or <term type="NE" subtype="ORDINAL"> second </term> round matching by other eligible public post-secondary educational institutions during the <term type="NE" subtype="ORDINAL"> third </term> fiscal <term type="NE" subtype="DURATION"> year </term>. <term type="NE" subtype="DURATION"> Four-year </term> public post-secondary educational institutions may apply for supplemental matches to amounts originally designated for other <term type="NE" subtype="DURATION"> four-year </term> institutions.</hi><hi rend="strikethrough"><term type="NE" subtype="DURATION"> Two-year </term> public post-secondary educational institutions may apply for supplemental matches to amounts originally designated for other <term type="NE" subtype="DURATION"> two-year </term> institutions. Successful submissions for supplemental matches shall be determined by the department in a manner that affords equitable participation over time based on guidelines for supplemental distributions from the fund.</hi>Two-year public post-secondary educational institutions may apply for supplemental matches to amounts originally designated for other two-year institutions. Successful submissions for supplemental matches shall be determined by the department in a manner that affords equitable participation over time based on guidelines for supplemental distributions from the fund.<hi rend="strikethrough">F.Distributions from the higher education endowment fund are made over a <term type="NE" subtype="DURATION"> three-year </term> cycle with unmatched balances reverting to the general fund at the end of the <term type="NE" subtype="DATE"> third fiscal year </term>. The department shall notify each eligible institution of the specific amount it may match during the <term type="NE" subtype="ORDINAL"> first </term> two fiscal <term type="NE" subtype="DURATION"> years </term> of <term type="NE" subtype="SET"> each three-year </term> cycle. Allocations not matched during <term type="NE" subtype="DURATION"> the first two years </term> of each cycle are made available for supplemental or <term type="NE" subtype="ORDINAL"> second </term> round matching by other eligible public post-secondary educational institutions during the <term type="NE" subtype="ORDINAL"> third </term> fiscal <term type="NE" subtype="DURATION"> year </term>. <term type="NE" subtype="DURATION"> Four-year </term> public post-secondary educational institutions may apply for supplemental matches to amounts originally designated for other <term type="NE" subtype="DURATION"> four-year </term> institutions.</hi><hi rend="strikethrough"><term type="NE" subtype="DURATION"> Two-year </term> public post-secondary educational institutions may apply for supplemental matches to amounts originally designated for other <term type="NE" subtype="DURATION"> two-year </term> institutions. Successful submissions for supplemental matches shall be determined by the department in a manner that affords equitable participation over time based on guidelines for supplemental distributions from the fund.</hi><hi rend="strikethrough">G.</hi><hi rend="underlined">F.</hi><hi rend="strikethrough">by the institutions in accordance with the Uniform Prudent Management of Institutional Funds Act and the provisions of Section 21-1-38 NMSA <term type="NE" subtype="DATE"> 1978 </term> to provide funding for chairs, lectureships, professorships, scholarships for students, graduate assistantships and faculty development programs, including paying all or a portion of the salary of the faculty member or the expenses necessary to support associated academic activities</hi><hi rend="underlined">only for endowment purposes</hi></p>
        </div2>
        <div2 type="section" n="2">
          <head>G.-RSB- F.The endowment funds of the institutions shall not be expended but shall be invested by the institutions in accordance with the Uniform Prudent Management of Institutional Funds Act and the provisions of Section 21-1-38 NMSA <term type="NE" subtype="DATE"> 1978 </term>. The income from the investments shall be expended -LSB- by the institutions in accordance with the Uniform Prudent Management of Institutional Funds Act and the provisions of Section 21-1-38 NMSA <term type="NE" subtype="DATE"> 1978 </term> to provide funding for chairs, lectureships, professorships, scholarships for students, graduate assistantships and faculty development programs, including paying all or a portion of the salary of the faculty member or the expenses necessary to support associated academic activities]only for endowment purposes.</head>
          <p><hi rend="underlined">G.The department shall establish rules setting forth the procedures for distributing money from the higher education endowment fund pursuant to the provisions of this section.</hi>G. The department shall establish rules setting forth the procedures for distributing money from the higher education endowment fund pursuant to the provisions of this section.<hi rend="underlined">G.The department shall establish rules setting forth the procedures for distributing money from the higher education endowment fund pursuant to the provisions of this section.</hi></p>
          <p>H.The department shall report <term type="NE" subtype="SET"> annually </term> to the legislative finance committee on -LSB-<hi rend="strikethrough">disbursements</hi>]<hi rend="underlined">awards</hi>made pursuant to this section. The report shall include the amounts [<hi rend="strikethrough">disbursed</hi>]<hi rend="underlined">awarded</hi>to each institution, the amount of matching funds and their source and the purpose of the endowments<hi rend="underlined">and awards</hi>."<hi rend="strikethrough">disbursements</hi><hi rend="underlined">awards</hi><hi rend="strikethrough">disbursed</hi><hi rend="underlined">awarded</hi><hi rend="underlined">and awards</hi></p>
        </div2>
        <div2 type="section" n="3">
          <head>SECTION 2. APPROPRIATION.-- <term type="NE" subtype="MONEY"> Eight million dollars </term> (<term type="NE" subtype="MONEY"> $ 8,000,000 </term>)is appropriated from the general fund to the higher education endowment fund for expenditure in <term type="NE" subtype="DATE"> fiscal year 2016 </term> and subsequent fiscal <term type="NE" subtype="DURATION"> years </term> to carry out the purposes of Section 21-1-27. 1 NMSA <term type="NE" subtype="DATE"> 1978 </term>. Any unexpended or unencumbered balance remaining at the end of a fiscal <term type="NE" subtype="DURATION"> year </term> shall not revert to the general fund.</head>
        </div2>
        <div2 type="section" n="4">
          <head>SECTION 3. EFFECTIVE DATE.-- The effective date of the provisions of this act is <term type="NE" subtype="DATE"> July 1, 2015 </term>.</head>
          <p>- <term type="NE" subtype="DATE"> 7 </term> -</p>
        </div2>
      </div1>
    </body>
  </text>
</TEI>
