<TEI xmlns="http://www.tei-c.org/ns/1.0">
  <teiHeader xml:lang="en">
    <fileDesc>
      <titleStmt>
        <title xml:id="NM-2009-H002"/>
        <author>Henry 'Kiki' Saavedra      </author>
      </titleStmt>
      <editionStmt>
        <edition/>
      </editionStmt>
      <publicationStmt>
        <pubPlace>New Mexico</pubPlace>
        <idno>NM-2009-H002</idno>
        <date>2009</date>
      </publicationStmt>
      <sourceDesc>
        <bibl>https:\\www.nmlegis.gov\Sessions\09%20Regular\bills\house\HB0002.html</bibl>
      </sourceDesc>
    </fileDesc>
  </teiHeader>
  <text xml:lang="en">
    <front>
      <div1 type="abstract">
        <head>AN ACT MAKING GENERAL APPROPRIATIONS AND AUTHORIZING EXPENDITURES BY STATE AGENCIES REQUIRED BY LAW.</head>
      </div1>
    </front>
    <body>
      <div1>
        <opener>
          <salute/>
        </opener>
        <p>MAKING GENERAL APPROPRIATIONS AND AUTHORIZING EXPENDITURES BY STATE AGENCIES REQUIRED BY LAW.</p>
        <div2 type="section" n="1">
          <head>Section 1. SHORT TITLE.-- This act may be cited as the " General Appropriation Act of <term type="NE" subtype="DATE"> 2009 </term>".</head>
        </div2>
        <div2 type="section" n="2">
          <head>Section 2. DEFINITIONS.</head>
          <p>A." agency" means an office, department, agency, institution, board, bureau, commission, court, district attorney, council or committee of state government;</p>
          <p>B." federal funds" means any payments by the <term type="NE" subtype="LOCATION"> United States </term> government to state government or agencies except those payments made in accordance with the federal Mineral Lands Leasing Act;</p>
        </div2>
        <div2 type="section" n="3">
          <head>C." general fund" means that fund created by Section 6-4-2 NMSA <term type="NE" subtype="DATE"> 1978 </term> and includes federal <term type="NE" subtype="MISC"> Mineral Lands Leasing Act </term> receipts and those payments made in accordance with federal block grants and the federal <term type="NE" subtype="MISC"> Workforce Investment Act </term>, but excludes the general fund operating reserve, the appropriation contingency fund, the tax stabilization reserve and any other fund, reserve or account from which general appropriations are restricted by law;</head>
          <p>D." interagency transfers" means revenue, other than internal service funds, legally transferred from one agency to another;</p>
          <p>E." internal service funds" means:</p>
          <p>(1)revenue transferred to an agency for the financing of goods or services to another agency on a cost-reimbursement basis; and</p>
          <p>(2)unreserved undesignated fund balances in agency internal service fund accounts appropriated by the General Appropriation Act of <term type="NE" subtype="DATE"> 2009 </term>;</p>
          <p>F." other state funds" means:</p>
          <p>(1)unreserved undesignated fund balances in agency accounts, other than in internal service fund accounts, appropriated by the General Appropriation Act of <term type="NE" subtype="DATE"> 2009 </term>;</p>
          <p>(2)all revenue available to agencies from sources other than the general fund, internal service funds, interagency transfers and federal funds; and</p>
          <p>(3)all revenue, the use of which is restricted by statute or agreement; and</p>
          <p>G." revenue" means all money received by an agency from sources external to that agency, net of refunds and other correcting transactions, other than from issue of debt, liquidation of investments or as agent or trustee for other governmental entities or private persons.</p>
        </div2>
        <div2 type="section" n="4">
          <head>Section 3. GENERAL PROVISIONS.</head>
        </div2>
        <div2 type="section" n="5">
          <head>A.For <term type="NE" subtype="DATE"> fiscal year 2010 </term>, appropriations are made as set out in Section 4 of the General Appropriation Act of <term type="NE" subtype="DATE"> 2009 </term> from the general fund, internal service funds and interagency transfers or other state funds as indicated to state agencies named or for the purposes expressed, or so much thereof as may be necessary, within available revenue and unreserved undesignated fund balances.</head>
          <p>B.Unreserved undesignated fund balances in agency accounts remaining at the end of <term type="NE" subtype="DATE"> fiscal year 2010 </term> shall revert to the general fund by <term type="NE" subtype="DATE"> September 30, 2010 </term>, unless otherwise indicated in the General Appropriation Act of <term type="NE" subtype="DATE"> 2009 </term> or otherwise provided by law.</p>
          <p>C.The state budget division of the department of finance and administration shall monitor revenue received by agencies from sources other than the general fund and shall reduce the operating budget of any agency whose revenue from such sources is not meeting projections.</p>
          <p>D.Except as otherwise specifically stated in the General Appropriation Act of <term type="NE" subtype="DATE"> 2009 </term>, appropriations are made in that act for the expenditures of agencies and for other purposes as required by existing law for fiscal <term type="NE" subtype="DATE"> year 2010 </term>. If any other act of the <term type="NE" subtype="ORDINAL"> first </term> session of the <term type="NE" subtype="ORDINAL"> forty-ninth </term> legislature changes existing law with regard to the name or responsibilities of an agency or the name or purpose of a fund or distribution, the appropriation made in the General Appropriation Act of <term type="NE" subtype="DATE"> 2009 </term> shall be transferred from the agency, fund or distribution to which an appropriation has been made as required by existing law to the appropriate agency, fund or distribution provided by the new law.</p>
        </div2>
        <div2 type="section" n="6">
          <head>E.Pursuant to Sections <term type="NE" subtype="DATE"> 6-3-23 </term> through <term type="NE" subtype="DATE"> 6-3-25 </term> NMSA <term type="NE" subtype="DATE"> 1978 </term>, the state budget division may approve increases in budgets for state agencies whose revenues from other state funds, internal service funds and interagency transfers exceed amounts specified in the General Appropriation Act of <term type="NE" subtype="DATE"> 2009 </term>. If approved by the state budget division, such increases in other state funds, internal service funds and interagency transfers are hereby appropriated.</head>
          <p>F.For the purpose of administering the General Appropriation Act of <term type="NE" subtype="DATE"> 2009 </term>, the state of <term type="NE" subtype="LOCATION"> New Mexico </term> shall follow the modified accrual basis of accounting for governmental funds in accordance with the manual of model accounting practices issued by the department of finance and administration.</p>
          <p>G.When approving budgets based on appropriations in the General Appropriation Act of <term type="NE" subtype="DATE"> 2009 </term>, the state budget division is specifically authorized to approve budgets in accordance with generally accepted accounting principles, and the authority to extend the availability period of an appropriation through the use of an encumbrance shall follow the modified accrual basis of accounting for governmental funds in accordance with the manual of model accounting practices issued by the department of finance and administration.</p>
        </div2>
        <div2 type="section" n="7">
          <head>H.Laws <term type="NE" subtype="DATE"> 2008 </term>, Chapter 3, Section 4 is repealed effective <term type="NE" subtype="DATE"> July 1, 2009 </term>.</head>
        </div2>
        <div2 type="section" n="8">
          <head>Section 4. FISCAL YEAR 2010 APPROPRIATIONS.</head>
          <p>A.LEGISLATIVE.-- <term type="NE" subtype="MONEY"> Nineteen million one hundred twenty-seven thousand nine hundred dollars </term> (<term type="NE" subtype="MONEY"> $ 19,127,900 </term>)is appropriated from the general fund to the legislative council service for allocation to legislative agencies in <term type="NE" subtype="DATE"> fiscal year 2010 </term>.</p>
          <p>B.JUDICIAL.-- <term type="NE" subtype="MONEY"> Two hundred fifteen million two hundred seven thousand seven hundred dollars </term> (<term type="NE" subtype="MONEY"> $ 215,207,700 </term>)from the general fund, <term type="NE" subtype="MONEY"> seventeen million six hundred sixty-six thousand five hundred dollars </term> (<term type="NE" subtype="MONEY"> $ 17,666,500 </term>)from other state funds, <term type="NE" subtype="MONEY"> nine million six hundred seventy-three thousand eight hundred dollars </term> (<term type="NE" subtype="MONEY"> $ 9,673,800 </term>)from internal service funds/interagency transfers and <term type="NE" subtype="MONEY"> two million two hundred twenty-seven thousand one hundred dollars </term> (<term type="NE" subtype="MONEY"> $ 2,227,100 </term>)from federal funds is appropriated to the administrative office of the courts for allocation to judicial agencies in <term type="NE" subtype="DATE"> fiscal year 2010 </term>.</p>
          <p>C.GENERAL CONTROL.-- <term type="NE" subtype="MONEY"> Two hundred four million seven hundred ninety-four thousand three hundred dollars </term> (<term type="NE" subtype="MONEY"> $ 204,794,300 </term>)from the general fund, <term type="NE" subtype="MONEY"> one billion two hundred fifty-eight million two hundred fifty-five thousand eight hundred dollars </term> (<term type="NE" subtype="MONEY"> $ 1,258,255,800 </term>)from other state funds, <term type="NE" subtype="MONEY"> fifty-two million four hundred seventy-six thousand six hundred dollars </term> (<term type="NE" subtype="MONEY"> $ 52,476,600 </term>)from internal service funds/interagency transfer and <term type="NE" subtype="MONEY"> seventeen million eight hundred ninety-seven thousand eight hundred dollars </term> (<term type="NE" subtype="MONEY"> $ 17,897,800 </term>)from federal funds is appropriated to the department of finance and administration for allocation to general control agencies in <term type="NE" subtype="DATE"> fiscal year 2010 </term>.</p>
          <p>D.COMMERCE AND INDUSTRY.-- <term type="NE" subtype="MONEY"> Sixty million five hundred ninety-three thousand six hundred dollars </term> (<term type="NE" subtype="MONEY"> $ 60,593,600 </term>)from the general fund, <term type="NE" subtype="MONEY"> forty-seven million five hundred seventeen thousand one hundred dollars </term> (<term type="NE" subtype="MONEY"> $ 47,517,100 </term>)from other state funds, <term type="NE" subtype="MONEY"> eighteen million three hundred ten thousand seven hundred dollars </term> (<term type="NE" subtype="MONEY"> $ 18,310,700 </term>)from internal service funds/interagency transfers and <term type="NE" subtype="MONEY"> six hundred eighty-nine thousand nine hundred dollars </term> (<term type="NE" subtype="MONEY"> $ 689,900 </term>)from federal funds is appropriated to the department of finance and administration for allocation to commerce and industry agencies in <term type="NE" subtype="DATE"> fiscal year 2010 </term>.</p>
          <p>E.AGRICULTURE, ENERGY ANDNATURALRESOURCES.-- <term type="NE" subtype="MONEY"> Eighty-seven million one hundred nineteen thousand one hundred dollars </term> (<term type="NE" subtype="MONEY"> $ 87,119,100 </term>)from the general fund, <term type="NE" subtype="MONEY"> eighty-six million sixty-seven thousand five hundred dollars </term> (<term type="NE" subtype="MONEY"> $ 86,067,500 </term>)from other state funds, <term type="NE" subtype="MONEY"> eighteen million four hundred seventeen thousand three hundred dollars </term> (<term type="NE" subtype="MONEY"> $ 18,417,300 </term>)from internal service funds/interagency transfers and <term type="NE" subtype="MONEY"> thirty-three million two hundred ninety-two thousand seven hundred dollars </term> (<term type="NE" subtype="MONEY"> $ 33,292,700 </term>)from federal funds is appropriated to the department of finance and administration for allocation to agriculture, energy and natural resource agencies in <term type="NE" subtype="DATE"> fiscal year 2010 </term>.</p>
          <p>F.HEALTH, HOSPITALS AND HUMAN SERVICES.-- <term type="NE" subtype="MONEY"> One billion four hundred ninety-eight million four hundred seventy-nine thousand five hundred dollars </term> (<term type="NE" subtype="MONEY"> $ 1,498,479,500 </term>)from the general fund, <term type="NE" subtype="MONEY"> two hundred ninety-two million four hundred thousand seven hundred dollars </term> (<term type="NE" subtype="MONEY"> $ 292,400,700 </term>)from other state funds, <term type="NE" subtype="MONEY"> three hundred eight million nine hundred thirty-eight thousand six hundred dollars </term> (<term type="NE" subtype="MONEY"> $ 308,938,600 </term>)from internal service funds/interagency transfers and <term type="NE" subtype="MONEY"> three billion four hundred thirty-eight million seven hundred twenty-two thousand six hundred dollars </term> (<term type="NE" subtype="MONEY"> $ 3,438,722,600 </term>)from federal funds is appropriated to the department of finance and administration for allocation to health, hospitals and human services agencies in <term type="NE" subtype="DATE"> fiscal year 2010 </term>.</p>
          <p>G.PUBLIC SAFETY.-- <term type="NE" subtype="MONEY"> Four hundred nine million three hundred sixty-two thousand six hundred dollars </term> (<term type="NE" subtype="MONEY"> $ 409,362,600 </term>)from the general fund, <term type="NE" subtype="MONEY"> thirty million six hundred sixty-nine thousand seven hundred dollars </term> (<term type="NE" subtype="MONEY"> $ 30,669,700 </term>)from other state funds, <term type="NE" subtype="MONEY"> eleven million two hundred eleven thousand three hundred dollars </term> (<term type="NE" subtype="MONEY"> $ 11,211,300 </term>)from internal service funds/interagency transfers and <term type="NE" subtype="MONEY"> seventy-two million eighty-nine thousand eight hundred dollars </term> (<term type="NE" subtype="MONEY"> $ 72,089,800 </term>)from federal funds is appropriated to the department of finance and administration for allocation to public safety agencies in <term type="NE" subtype="DATE"> fiscal year 2010 </term>.</p>
          <p>H.TRANSPORTATION.-- <term type="NE" subtype="MONEY"> One million dollars </term> (<term type="NE" subtype="MONEY"> $ 1,000,000 </term>)from the general fund, <term type="NE" subtype="MONEY"> four hundred thirty-six million three hundred ninety-four thousand three hundred dollars </term> (<term type="NE" subtype="MONEY"> $ 436,394,300 </term>)from other state funds and <term type="NE" subtype="MONEY"> three hundred forty-eight million four hundred seventy-nine thousand seven hundred dollars </term> (<term type="NE" subtype="MONEY"> $ 348,479,700 </term>)from federal funds is appropriated to the department of finance and administration for allocation to transportation agencies in <term type="NE" subtype="DATE"> fiscal year 2010 </term>.</p>
          <p>I.OTHER EDUCATION.-- <term type="NE" subtype="MONEY"> Sixty million eight hundred thirty thousand six hundred dollars </term> (<term type="NE" subtype="MONEY"> $ 60,830,600 </term>)from the general fund, <term type="NE" subtype="MONEY"> seventeen million nine hundred thirty-four thousand four hundred dollars </term> (<term type="NE" subtype="MONEY"> $ 17,934,400 </term>)from other state funds and <term type="NE" subtype="MONEY"> thirty-nine million six hundred sixty-four thousand seven hundred dollars </term> (<term type="NE" subtype="MONEY"> $ 39,664,700 </term>)from federal funds is appropriated to the department of finance and administration for allocation to other education agencies in <term type="NE" subtype="DATE"> fiscal year 2010 </term>.</p>
          <p>J.HIGHER EDUCATION.-- <term type="NE" subtype="MONEY"> Eight hundred sixty-seven million eight hundred fifty-four thousand nine hundred dollars </term> (<term type="NE" subtype="MONEY"> $ 867,854,900 </term>)from the general fund, <term type="NE" subtype="MONEY"> one billion three hundred seventeen million seven hundred fifty thousand five hundred dollars </term> (<term type="NE" subtype="MONEY"> $ 1,317,750,500 </term>)from other state funds, <term type="NE" subtype="MONEY"> forty million five hundred sixty-six thousand five hundred dollars </term> (<term type="NE" subtype="MONEY"> $ 40,566,500 </term>)from internal service funds/interagency transfers and <term type="NE" subtype="MONEY"> five hundred thirty-four million five hundred seventy-five thousand eight hundred dollars </term> (<term type="NE" subtype="MONEY"> $ 534,575,800 </term>)from federal funds is appropriated to the higher education department for expenditure or allocation to higher education agencies in <term type="NE" subtype="DATE"> fiscal year 2010 </term>.</p>
          <p>K.PUBLIC SCHOOL SUPPORT.-- <term type="NE" subtype="MONEY"> Two billion four hundred seventy-one million two hundred twenty-six thousand seven hundred dollars </term> (<term type="NE" subtype="MONEY"> $ 2,471,226,700 </term>)from the general fund, <term type="NE" subtype="MONEY"> eight hundred fifty thousand dollars </term> (<term type="NE" subtype="MONEY"> $ 850,000 </term>)from other state funds and <term type="NE" subtype="MONEY"> four hundred sixty-two million three hundred ninety-two thousand dollars </term> (<term type="NE" subtype="MONEY"> $ 462,392,000 </term>)from federal funds is appropriated to the public education department for expenditure or allocation to public school districts in <term type="NE" subtype="DATE"> fiscal year 2010 </term>.</p>
        </div2>
        <div2 type="section" n="9">
          <head>Section 5. APPROPRIATION ADJUSTMENTS.</head>
        </div2>
        <div2 type="section" n="10">
          <head>A.The state budget division of the department of finance and administration shall reduce agency general fund appropriations set out in Section 4 of the General Appropriation Act of <term type="NE" subtype="DATE"> 2009 </term> by <term type="NE" subtype="MONEY"> one million eighty-three thousand nine hundred dollars </term> (<term type="NE" subtype="MONEY"> $ 1,083,900 </term>)to reflect reduced department of information technology telecommunications rates.</head>
        </div2>
        <div2 type="section" n="11">
          <head>B.The state budget division of the department of finance and administration shall reduce agency general fund appropriations set out in Section 4 of the General Appropriation Act of <term type="NE" subtype="DATE"> 2009 </term> by <term type="NE" subtype="MONEY"> one million two hundred sixteen thousand one hundred dollars </term> (<term type="NE" subtype="MONEY"> $ 1,216,100 </term>)to reflect reduced general services department risk insurance premiums.</head>
        </div2>
        <div2 type="section" n="12">
          <head>C.The state budget division of the department of finance and administration shall reduce agency general fund appropriations set out in Section 4 of the General Appropriation Act of <term type="NE" subtype="DATE"> 2009 </term> by <term type="NE" subtype="MONEY"> ten million fifty-nine thousand six hundred dollars </term> (<term type="NE" subtype="MONEY"> $ 10,059,600 </term>)to reflect reduced general services department group health insurance premiums.</head>
        </div2>
        <div2 type="section" n="13">
          <head>Section 6. TRANSFER AUTHORITY.-- If revenue and transfers to the general fund as of the end of <term type="NE" subtype="DATE"> fiscal year 2009 </term> are not sufficient to meet appropriations, the governor, with state board of finance approval, may transfer at the end of that <term type="NE" subtype="DURATION"> year </term> the amount necessary to meet <term type="NE" subtype="DATE"> the year </term>'s obligations from the unexpended balance remaining in the general fund operating reserve in a total not to exceed <term type="NE" subtype="MONEY"> one hundred million dollars </term> (<term type="NE" subtype="MONEY"> $ 100,000,000 </term>).</head>
        </div2>
        <div2 type="section" n="14">
          <head>Section 7. SEVERABILITY.-- If any part or application of this act is held invalid, the remainder or its application to other situations or persons shall not be affected.</head>
          <p>- <term type="NE" subtype="DATE"> 11 </term> -</p>
        </div2>
      </div1>
    </body>
  </text>
</TEI>
