<TEI xmlns="http://www.tei-c.org/ns/1.0">
  <teiHeader xml:lang="en">
    <fileDesc>
      <titleStmt>
        <title xml:id="NM-2011-H047"/>
        <author>Paul C. Bandy    FOR THE GOVERNMENT RESTRUCTURING TASK FORCE  </author>
      </titleStmt>
      <editionStmt>
        <edition/>
      </editionStmt>
      <publicationStmt>
        <pubPlace>New Mexico</pubPlace>
        <idno>NM-2011-H047</idno>
        <date>2011</date>
      </publicationStmt>
      <sourceDesc>
        <bibl>https:\\www.nmlegis.gov\Sessions\11%20Regular\bills\house\HB0047.html</bibl>
      </sourceDesc>
    </fileDesc>
  </teiHeader>
  <text xml:lang="en">
    <front>
      <div1 type="abstract">
        <head>AN ACT RELATING TO PUBLIC SCHOOLS; ALLOWING SCHOOL DISTRICTS TO KEEP THEIR CASH BALANCES FOR EMERGENCY OR OPERATIONAL EXPENDITURES.</head>
      </div1>
    </front>
    <body>
      <div1>
        <opener>
          <salute/>
        </opener>
        <div2 type="section" n="1">
          <head>SECTION 1. Section 22-8-41 NMSA <term type="NE" subtype="DATE"> 1978 </term> (being Laws <term type="NE" subtype="DATE"> 1967 </term>, Chapter 16, Section 99, as amended)is amended to read:</head>
          <p>" 22-8-41. RESTRICTION ON OPERATIONAL FUNDS -- EMERGENCY ACCOUNTS -- CASH BALANCES.</p>
          <p>A.A school district shall not expend money from its operational fund for the acquisition of a building site or for the construction of a new structure, unless the school district has bonded itself to practical capacity or the secretary determines and certifies to the legislative finance committee that the expending of money from the operational fund for this purpose is necessary for an adequate public educational program and will not unduly hamper the school district's <term type="NE" subtype="DATE"> current </term> operations.</p>
          <p>B.A school district or charter school may budget out of cash balances carried forward from <term type="NE" subtype="DATE"> the previous fiscal year </term> an amount not to exceed <term type="NE" subtype="PERCENT"> five percent </term> of its proposed operational fund expenditures for the ensuing fiscal <term type="NE" subtype="DURATION"> year </term> as an emergency account. Money in the emergency account shall be used only for unforeseen expenditures incurred after the <term type="NE" subtype="SET"> annual </term> budget was approved and shall not be expended without the prior written approval of the secretary.</p>
          <p>C.In addition to the emergency account, school districts or charter schools may also budget operational fund cash balances carried forward from <term type="NE" subtype="DATE"> the previous fiscal year </term> for operational expenditures, exclusive of salaries and payroll, upon specific prior approval of the secretary. The secretary shall notify the legislative finance committee in writing of the secretary's approval of such proposed expenditures. For fiscal <term type="NE" subtype="DATE"> years 2004 </term> and <term type="NE" subtype="DATE"> 2005 </term>, with the approval of the secretary, a school district or charter school may budget so much of its operational cash balance as is needed for nonrecurring expenditures, including capital outlay.</p>
          <p>[<hi rend="strikethrough">D.Beginning with fiscal <term type="NE" subtype="DATE"> year 2007 </term>, prior to approval of a school district's or charter school's budget, the secretary shall verify that the reductions from the state equalization guarantee distribution have been taken pursuant to this section.</hi>D. Beginning with fiscal year 2007, prior to approval of a school district's or charter school's budget, the secretary shall verify that the reductions from the state equalization guarantee distribution have been taken pursuant to this section.<hi rend="strikethrough">D.Beginning with fiscal <term type="NE" subtype="DATE"> year 2007 </term>, prior to approval of a school district's or charter school's budget, the secretary shall verify that the reductions from the state equalization guarantee distribution have been taken pursuant to this section.</hi></p>
          <p><hi rend="strikethrough">E.The allowable limit for a school district's or charter school's ending operational cash balance is:</hi>E. The allowable limit for a school district's or charter school's ending operational cash balance is:<hi rend="strikethrough">E.The allowable limit for a school district's or charter school's ending operational cash balance is:</hi></p>
          <p><hi rend="strikethrough">(1)if <term type="NE" subtype="DATE"> the current year </term> program cost is less than <term type="NE" subtype="MONEY"> five million dollars </term> (<term type="NE" subtype="MONEY"> $ 5,000,000 </term>)</hi>(1) if the current year program cost is less than five million dollars ($5,000,000)<hi rend="strikethrough">, <term type="NE" subtype="PERCENT"> eighteen percent </term> of the bu</hi>, eighteen percent of the bu<hi rend="strikethrough">dgeted expenditures;</hi>dgeted expenditures;<hi rend="strikethrough">(1)if <term type="NE" subtype="DATE"> the current year </term> program cost is less than <term type="NE" subtype="MONEY"> five million dollars </term> (<term type="NE" subtype="MONEY"> $ 5,000,000 </term>)</hi><hi rend="strikethrough">, <term type="NE" subtype="PERCENT"> eighteen percent </term> of the bu</hi><hi rend="strikethrough">dgeted expenditures;</hi></p>
          <p><hi rend="strikethrough">(2)if <term type="NE" subtype="DATE"> the current year </term> program cost is <term type="NE" subtype="MONEY"> five million dollars </term> (<term type="NE" subtype="MONEY"> $ 5,000,000 </term>)or more but less than <term type="NE" subtype="MONEY"> ten million dollars </term> (<term type="NE" subtype="MONEY"> $ 10,000,000 </term>), <term type="NE" subtype="PERCENT"> twelve percent </term> of the budgeted expenditures;</hi>;<hi rend="strikethrough">(2)if <term type="NE" subtype="DATE"> the current year </term> program cost is <term type="NE" subtype="MONEY"> five million dollars </term> (<term type="NE" subtype="MONEY"> $ 5,000,000 </term>)or more but less than <term type="NE" subtype="MONEY"> ten million dollars </term> (<term type="NE" subtype="MONEY"> $ 10,000,000 </term>), <term type="NE" subtype="PERCENT"> twelve percent </term> of the budgeted expenditures;</hi></p>
          <p><hi rend="strikethrough">(3)if <term type="NE" subtype="DATE"> the current year </term> program cost is <term type="NE" subtype="MONEY"> ten million dollars </term> (<term type="NE" subtype="MONEY"> $ 10,000,000 </term>)or more</hi>(3) if the current year program cost is ten million dollars ($10,000,000) or more<hi rend="strikethrough">but less than <term type="NE" subtype="MONEY"> twenty-five million dollars </term> (<term type="NE" subtype="MONEY"> $ 25,000,000 </term>), <term type="NE" subtype="PERCENT"> ten percent </term> of the budgeted expenditures;</hi>;<hi rend="strikethrough">(3)if <term type="NE" subtype="DATE"> the current year </term> program cost is <term type="NE" subtype="MONEY"> ten million dollars </term> (<term type="NE" subtype="MONEY"> $ 10,000,000 </term>)or more</hi><hi rend="strikethrough">but less than <term type="NE" subtype="MONEY"> twenty-five million dollars </term> (<term type="NE" subtype="MONEY"> $ 25,000,000 </term>), <term type="NE" subtype="PERCENT"> ten percent </term> of the budgeted expenditures;</hi></p>
          <p><hi rend="strikethrough">(4)if <term type="NE" subtype="DATE"> the current year </term> program cost is <term type="NE" subtype="MONEY"> twenty-five million dollars </term> (<term type="NE" subtype="MONEY"> $ 25,000,000 </term>)or more</hi>(4) if the current year program cost is twenty-five million dollars ($25,000,000) or more<hi rend="strikethrough">but less than <term type="NE" subtype="MONEY"> two hundred million dollars </term> (<term type="NE" subtype="MONEY"> $ 200,000,000 </term>), <term type="NE" subtype="PERCENT"> eight percent </term> of the budgeted expenditures; and</hi>; and<hi rend="strikethrough">(4)if <term type="NE" subtype="DATE"> the current year </term> program cost is <term type="NE" subtype="MONEY"> twenty-five million dollars </term> (<term type="NE" subtype="MONEY"> $ 25,000,000 </term>)or more</hi><hi rend="strikethrough">but less than <term type="NE" subtype="MONEY"> two hundred million dollars </term> (<term type="NE" subtype="MONEY"> $ 200,000,000 </term>), <term type="NE" subtype="PERCENT"> eight percent </term> of the budgeted expenditures; and</hi></p>
          <p><hi rend="strikethrough">(5)if <term type="NE" subtype="DATE"> the current year </term> program cost is <term type="NE" subtype="MONEY"> two hundred million dollars </term> (<term type="NE" subtype="MONEY"> $ 200,000,000 </term>)or more</hi>(5) if the current year program cost is two hundred million dollars ($200,000,000) or more<hi rend="strikethrough">, <term type="NE" subtype="PERCENT"> five percent </term> of the budgeted expenditures.</hi>.<hi rend="strikethrough">(5)if <term type="NE" subtype="DATE"> the current year </term> program cost is <term type="NE" subtype="MONEY"> two hundred million dollars </term> (<term type="NE" subtype="MONEY"> $ 200,000,000 </term>)or more</hi><hi rend="strikethrough">, <term type="NE" subtype="PERCENT"> five percent </term> of the budgeted expenditures.</hi><hi rend="strikethrough">F.Except as otherwise provided in this section, for the <term type="NE" subtype="DATE"> 2006 </term> and subsequent fiscal <term type="NE" subtype="DURATION"> years </term>, the secretary shall reduce the state equalization guarantee distribution, calculated pursuant to Section 22-8-25 NMSA <term type="NE" subtype="DATE"> 1978 </term>, to each school district or charter school by an amount equal to the school district's or charter school's excess cash balance. As used in this section, " excess cash balance" means the difference between a school district's or a charter school's actual operational cash balance and the allowable limit calculated pursuant to Subsection E of this section.</hi></p>
        </div2>
        <div2 type="section" n="2">
          <head>F.Except as otherwise provided in this section, for the <term type="NE" subtype="DATE"> 2006 </term> and subsequent fiscal <term type="NE" subtype="DURATION"> years </term>, the secretary shall reduce the state equalization guarantee distribution, calculated pursuant to Section 22-8-25 NMSA <term type="NE" subtype="DATE"> 1978 </term>, to each school district or charter school by an amount equal to the school district's or charter school's excess cash balance. As used in this section, " excess cash balance" means the difference between a school district's or a charter school's actual operational cash balance and the allowable limit calculated pursuant to Subsection E of this section.</head>
          <p><hi rend="strikethrough">(1)for a school district or charter school with a <term type="NE" subtype="DATE"> current </term> <term type="NE" subtype="DURATION"> year </term> program cost that exceeds <term type="NE" subtype="MONEY"> two hundred million dollars </term> (<term type="NE" subtype="MONEY"> $ 200,000,000 </term>), if the excess cash balance is greater than <term type="NE" subtype="PERCENT"> twenty percent </term> of the allowable, unrestricted, unreserved operational cash balance and the emergency reserve, the reduction pursuant to this subsection shall equal <term type="NE" subtype="PERCENT"> twenty percent </term> of the allowable, unrestricted, unreserved operational cash balance and the emergency reserve; and</hi>; and<hi rend="strikethrough">(1)for a school district or charter school with a <term type="NE" subtype="DATE"> current </term> <term type="NE" subtype="DURATION"> year </term> program cost that exceeds <term type="NE" subtype="MONEY"> two hundred million dollars </term> (<term type="NE" subtype="MONEY"> $ 200,000,000 </term>), if the excess cash balance is greater than <term type="NE" subtype="PERCENT"> twenty percent </term> of the allowable, unrestricted, unreserved operational cash balance and the emergency reserve, the reduction pursuant to this subsection shall equal <term type="NE" subtype="PERCENT"> twenty percent </term> of the allowable, unrestricted, unreserved operational cash balance and the emergency reserve; and</hi></p>
          <p><hi rend="strikethrough">(2)for other school districts and charter schools, if the excess cash balance is greater than <term type="NE" subtype="PERCENT"> eighteen percent </term> of the allowable, unrestricted, unreserved operational cash balance and the emergency reserve, the reduction pursuant to this subsection shall equal <term type="NE" subtype="PERCENT"> eighteen percent </term> of the allowable unrestricted, unreserved operational cash balance and the emergency reserve.</hi>.<hi rend="strikethrough">(2)for other school districts and charter schools, if the excess cash balance is greater than <term type="NE" subtype="PERCENT"> eighteen percent </term> of the allowable, unrestricted, unreserved operational cash balance and the emergency reserve, the reduction pursuant to this subsection shall equal <term type="NE" subtype="PERCENT"> eighteen percent </term> of the allowable unrestricted, unreserved operational cash balance and the emergency reserve.</hi></p>
          <p><hi rend="strikethrough">G.In developing budgets, school districts and charter schools shall not budget <term type="NE" subtype="DATE"> current </term> <term type="NE" subtype="DURATION"> year </term> cash balances without the approval of the secretary.</hi>G. In developing budgets, school districts and charter schools shall not budget current year cash balances without the approval of the secretary.<hi rend="strikethrough">G.In developing budgets, school districts and charter schools shall not budget <term type="NE" subtype="DATE"> current </term> <term type="NE" subtype="DURATION"> year </term> cash balances without the approval of the secretary.</hi></p>
          <p><hi rend="strikethrough">H.A school district or charter school whose enrollment growth exceeds <term type="NE" subtype="PERCENT"> one percent </term> from <term type="NE" subtype="DATE"> the prior year </term> and whose facility master plan includes the addition of a new school within <term type="NE" subtype="DATE"> two years may </term> request from the secretary a waiver of up to <term type="NE" subtype="PERCENT"> fifty percent </term> of the reduction otherwise required by Subsection F of this section.</hi>H. A school district or charter school whose enrollment growth exceeds one percent from the prior year and whose facility master plan includes the addition of a new school within two years may request from the secretary a waiver of up to fifty percent of the reduction otherwise required by Subsection F of this section.<hi rend="strikethrough">H.A school district or charter school whose enrollment growth exceeds <term type="NE" subtype="PERCENT"> one percent </term> from <term type="NE" subtype="DATE"> the prior year </term> and whose facility master plan includes the addition of a new school within <term type="NE" subtype="DATE"> two years may </term> request from the secretary a waiver of up to <term type="NE" subtype="PERCENT"> fifty percent </term> of the reduction otherwise required by Subsection F of this section.</hi><hi rend="strikethrough">I.Upon application by a school district, the secretary may waive all or a portion of the reduction otherwise required by Subsection F of this section if the secretary finds that the school district's excess balance is needed to provide the local match required under the <term type="NE" subtype="MISC"> Public School Capital Outlay Act </term> or to recoup an amount paid as the district's share pursuant to Section 22-24-5. 7 NMSA <term type="NE" subtype="DATE"> 1978 </term>.</hi></p>
        </div2>
        <div2 type="section" n="3">
          <head>I.Upon application by a school district, the secretary may waive all or a portion of the reduction otherwise required by Subsection F of this section if the secretary finds that the school district's excess balance is needed to provide the local match required under the <term type="NE" subtype="MISC"> Public School Capital Outlay Act </term> or to recoup an amount paid as the district's share pursuant to Section 22-24-5. 7 NMSA <term type="NE" subtype="DATE"> 1978 </term>.</head>
          <p><hi rend="strikethrough">J.Notwithstanding the provisions of Subsection F of this section, for <term type="NE" subtype="DATE"> fiscal year 2004 </term>, the reduction from the state equalization guarantee distribution shall be the greater of the amount calculated pursuant to that subsection or <term type="NE" subtype="MONEY"> ten dollars </term> (<term type="NE" subtype="MONEY"> $ 10 </term>. 00)per MEM.</hi>J. Notwithstanding the provisions of Subsection F of this section, for fiscal year 2004, the reduction from the state equalization guarantee distribution shall be the greater of the amount calculated pursuant to that subsection or ten dollars ($10.00) per MEM.<hi rend="strikethrough">J.Notwithstanding the provisions of Subsection F of this section, for <term type="NE" subtype="DATE"> fiscal year 2004 </term>, the reduction from the state equalization guarantee distribution shall be the greater of the amount calculated pursuant to that subsection or <term type="NE" subtype="MONEY"> ten dollars </term> (<term type="NE" subtype="MONEY"> $ 10 </term>. 00)per MEM.</hi></p>
          <p><hi rend="strikethrough">K.For the purposes of this section, " operational cash balance" means the allowable, unrestricted, unreserved operational cash balance and the emergency reserve.</hi>K. For the purposes of this section, "operational cash balance" means the allowable, unrestricted, unreserved operational cash balance and the emergency reserve.<hi rend="strikethrough">K.For the purposes of this section, " operational cash balance" means the allowable, unrestricted, unreserved operational cash balance and the emergency reserve.</hi></p>
          <p><hi rend="strikethrough">L.</hi>L.<hi rend="strikethrough">For the purposes of this section, " allowable, unrestricted, unreserved operational cash balance and the emergency reserve" means the proportional share not attributable to revenue derived from the school district property tax, forest reserve funds and impact aid for which the state takes credit in determining a school district's or charter school's state equalization guarantee distribution.</hi>]"<hi rend="strikethrough">L.</hi><hi rend="strikethrough">For the purposes of this section, " allowable, unrestricted, unreserved operational cash balance and the emergency reserve" means the proportional share not attributable to revenue derived from the school district property tax, forest reserve funds and impact aid for which the state takes credit in determining a school district's or charter school's state equalization guarantee distribution.</hi></p>
        </div2>
        <div2 type="section" n="4">
          <head>SECTION 2. APPLICABILITY.-- This act applies to cash balances realized from the appropriations in <term type="NE" subtype="DATE"> fiscal year 2012 </term> and subsequent fiscal <term type="NE" subtype="DURATION"> years </term>.</head>
          <p>- <term type="NE" subtype="DATE"> 6 </term> -</p>
        </div2>
      </div1>
    </body>
  </text>
</TEI>
