<TEI xmlns="http://www.tei-c.org/ns/1.0">
  <teiHeader xml:lang="en">
    <fileDesc>
      <titleStmt>
        <title xml:id="NM-2010-H069"/>
        <author>Rick Miera    FOR THE LEGISLATIVE EDUCATION STUDY COMMITTEE  </author>
      </titleStmt>
      <editionStmt>
        <edition/>
      </editionStmt>
      <publicationStmt>
        <pubPlace>New Mexico</pubPlace>
        <idno>NM-2010-H069</idno>
        <date>2010</date>
      </publicationStmt>
      <sourceDesc>
        <bibl>https:\\www.nmlegis.gov\Sessions\10%20Regular\bills\house\HB0069.html</bibl>
      </sourceDesc>
    </fileDesc>
  </teiHeader>
  <text xml:lang="en">
    <front>
      <div1 type="abstract">
        <head>AN ACT RELATING TO PUBLIC SCHOOLS; REQUIRING THE PUBLIC EDUCATION DEPARTMENT, SCHOOL DISTRICTS AND CHARTER SCHOOLS TO REPORT COHORT GRADUATION DATA.</head>
      </div1>
    </front>
    <body>
      <div1>
        <opener>
          <salute/>
        </opener>
        <div2 type="section" n="1">
          <head>Section 1. Section 22-2C-11 NMSA <term type="NE" subtype="DATE"> 1978 </term> (being Laws <term type="NE" subtype="DATE"> 2003 </term>, Chapter 153, Section 20, as amended)is amended to read:</head>
          <p>" 22-2C-11. ASSESSMENT AND ACCOUNTABILITY SYSTEM REPORTING -- PARENT SURVEY -- DATA SYSTEM -- FISCAL INFORMATION.</p>
          <p>A.The department shall:</p>
          <p>(1)issue a state identification number for each public school student for use in the accountability data system;</p>
          <p>(2)adopt the format for reporting individual student assessments to parents. The student assessments shall report each student's progress and academic needs as measured against state standards;</p>
          <p>(3)adopt the format for reporting <term type="NE" subtype="SET"> annual yearly </term> progress of public schools, school districts,<hi rend="underlined">state-chartered charter schools</hi>and the department.<hi rend="underlined">A school district's report shall include reports of all locally chartered charter schools in the school district.</hi>If the department has adopted a state improving schools program, the annual accountability report shall include the results of that program for each public school. The annual accountability report format shall be clear, concise and understandable to parents and the general public. All annual accountability reports shall ensure that the privacy of individual students is protected; [<hi rend="strikethrough">and</hi>]<hi rend="underlined">state-chartered charter schools</hi><hi rend="underlined">A school district's report shall include reports of all locally chartered charter schools in the school district.</hi><hi rend="strikethrough">and</hi></p>
          <p>(4)require that when public schools, school districts,<hi rend="underlined">state-chartered charter schools</hi>and the state disaggregate and report school data for demographic subgroups, they include data disaggregated by gender;<hi rend="underlined">state-chartered charter schools</hi></p>
          <p><hi rend="underlined">(5)report cohort graduation data <term type="NE" subtype="SET"> annually </term> for the state, for each school district and for each state-chartered charter school and each public high school, based on information provided by all school districts and charter schools according to procedures established by the department; provided that the report shall include the number and percentage of students in a cohort who:</hi>(5) report cohort graduation data annually for the state, for each school district and for each state-chartered charter school and each public high school, based on information provided by all school districts and charter schools according to procedures established by the department; provided that the report shall include the number and percentage of students in a cohort who:<hi rend="underlined">(5)report cohort graduation data <term type="NE" subtype="SET"> annually </term> for the state, for each school district and for each state-chartered charter school and each public high school, based on information provided by all school districts and charter schools according to procedures established by the department; provided that the report shall include the number and percentage of students in a cohort who:</hi></p>
          <p><hi rend="underlined">(a)have graduated by <term type="NE" subtype="DATE"> August 1 of the fourth year </term> after entering the <term type="NE" subtype="ORDINAL"> ninth </term> grade;</hi>(a) have graduated by August 1 of the fourth year after entering the ninth grade;<hi rend="underlined">(a)have graduated by <term type="NE" subtype="DATE"> August 1 of the fourth year </term> after entering the <term type="NE" subtype="ORDINAL"> ninth </term> grade;</hi></p>
          <p><hi rend="underlined">(b)have graduated in <term type="NE" subtype="DURATION"> more than four years </term>, but by <term type="NE" subtype="DATE"> August 1 of the fifth year </term> after entering <term type="NE" subtype="ORDINAL"> ninth </term> grade;</hi>(b) have graduated in more than four years, but by August 1 of the fifth year after entering ninth grade;<hi rend="underlined">(b)have graduated in <term type="NE" subtype="DURATION"> more than four years </term>, but by <term type="NE" subtype="DATE"> August 1 of the fifth year </term> after entering <term type="NE" subtype="ORDINAL"> ninth </term> grade;</hi><hi rend="underlined">(c)have received a state certificate by exiting the school system at the end of grade twelve without having satisfied the requirements for a high school diploma as provided in Section 22-13-1. 1 NMSA <term type="NE" subtype="DATE"> 1978 </term> or completed all course requirements but have not passed the graduation assessment or portfolio of standards-based indicators pursuant to Section 22-13-1.</hi></p>
        </div2>
        <div2 type="section" n="2">
          <head>(c)have received a state certificate by exiting the school system at the end of grade twelve without having satisfied the requirements for a high school diploma as provided in Section 22-13-1. 1 NMSA <term type="NE" subtype="DATE"> 1978 </term> or completed all course requirements but have not passed the graduation assessment or portfolio of standards-based indicators pursuant to Section 22-13-1.</head>
          <p><hi rend="underlined">(d)have dropped out or whose status is unknown;</hi>(d) have dropped out or whose status is unknown;<hi rend="underlined">(d)have dropped out or whose status is unknown;</hi></p>
          <p><hi rend="underlined">(e)have exited to a program that awards a general educational development certificate, vocational certificate or other secondary education credential that is not part of the public school system; or</hi>(e) have exited to a program that awards a general educational development certificate, vocational certificate or other secondary education credential that is not part of the public school system; or<hi rend="underlined">(e)have exited to a program that awards a general educational development certificate, vocational certificate or other secondary education credential that is not part of the public school system; or</hi></p>
          <p><hi rend="underlined">(f)are still enrolled in public school;</hi>(f) are still enrolled in public school;<hi rend="underlined">(f)are still enrolled in public school;</hi></p>
          <p><hi rend="underlined">(6)report <term type="NE" subtype="SET"> annually </term>, based on data provided by school districts and charter schools, the number and percentage of public school students in each cohort in the state in grades nine through twelve who have earned the units required to advance to the next grade or graduate on schedule, who remain enrolled but have not advanced to the next grade on schedule, who have dropped out or whose other educational outcomes are known to the department; and</hi>(6) report annually, based on data provided by school districts and charter schools, the number and percentage of public school students in each cohort in the state in grades nine through twelve who have earned the units required to advance to the next grade or graduate on schedule, who remain enrolled but have not advanced to the next grade on schedule, who have dropped out or whose other educational outcomes are known to the department; and<hi rend="underlined">(6)report <term type="NE" subtype="SET"> annually </term>, based on data provided by school districts and charter schools, the number and percentage of public school students in each cohort in the state in grades nine through twelve who have earned the units required to advance to the next grade or graduate on schedule, who remain enrolled but have not advanced to the next grade on schedule, who have dropped out or whose other educational outcomes are known to the department; and</hi></p>
          <p><hi rend="underlined">(7)establish technical criteria and procedures to define which students are included or excluded from a cohort.</hi>(7) establish technical criteria and procedures to define which students are included or excluded from a cohort.<hi rend="underlined">(7)establish technical criteria and procedures to define which students are included or excluded from a cohort.</hi></p>
          <p>B.Local school boards<hi rend="underlined">and governing boards of charter schools</hi>may establish additional indicators through which to measure the school district's<hi rend="underlined">or charter school's</hi>performance in areas other than adequate yearly progress.<hi rend="underlined">and governing boards of charter schools</hi><hi rend="underlined">or charter school's</hi></p>
          <p>C.The school district's<hi rend="underlined">or state-chartered charter school's</hi>annual accountability report shall include a report of<hi rend="underlined">four - and <term type="NE" subtype="DURATION"> five-year </term></hi>graduation rates for each public high school in the school district<hi rend="underlined">or state-chartered charter school. All <term type="NE" subtype="SET"> annual </term> accountability reports shall ensure that the privacy of individual students is protected</hi>. As part of the graduation rate data, the school district<hi rend="underlined">or state-chartered charter school</hi>shall [<hi rend="strikethrough">indicate contributing factors to nongraduation such as transfer out of the school district, pregnancy, dropout and other factors as known</hi>]<hi rend="underlined">include data showing the number and percentage of students in the cohort:</hi>include data showing the number and percentage of students in the cohort:<hi rend="underlined">or state-chartered charter school's</hi><hi rend="underlined">four - and <term type="NE" subtype="DURATION"> five-year </term></hi><hi rend="underlined">or state-chartered charter school. All <term type="NE" subtype="SET"> annual </term> accountability reports shall ensure that the privacy of individual students is protected</hi><hi rend="underlined">or state-chartered charter school</hi><hi rend="strikethrough">indicate contributing factors to nongraduation such as transfer out of the school district, pregnancy, dropout and other factors as known</hi><hi rend="underlined">include data showing the number and percentage of students in the cohort:</hi><hi rend="underlined">(1)who have received a state certificate by exiting the school system at the end of grade twelve without having satisfied the requirements for a high school diploma as provided in Section 22-13-1. 1 NMSA <term type="NE" subtype="DATE"> 1978 </term> or completed all course requirements but have not passed the graduation assessment or portfolio of standards-based indicators pursuant to Section 22-13-1.</hi></p>
        </div2>
        <div2 type="section" n="3">
          <head>(1)who have received a state certificate by exiting the school system at the end of grade twelve without having satisfied the requirements for a high school diploma as provided in Section 22-13-1. 1 NMSA <term type="NE" subtype="DATE"> 1978 </term> or completed all course requirements but have not passed the graduation assessment or portfolio of standards-based indicators pursuant to Section 22-13-1.</head>
          <p><hi rend="underlined">(2)who have dropped out or whose status is unknown;</hi>(2) who have dropped out or whose status is unknown;<hi rend="underlined">(2)who have dropped out or whose status is unknown;</hi></p>
          <p><hi rend="underlined">(3)who have exited to a program that awards a general educational development certificate, vocational certificate or other secondary education credential that is not part of the public school system;</hi>(3) who have exited to a program that awards a general educational development certificate, vocational certificate or other secondary education credential that is not part of the public school system;<hi rend="underlined">(3)who have exited to a program that awards a general educational development certificate, vocational certificate or other secondary education credential that is not part of the public school system;</hi></p>
          <p><hi rend="underlined">(4)who are still enrolled; and</hi>(4) who are still enrolled; and<hi rend="underlined">(4)who are still enrolled; and</hi></p>
          <p><hi rend="underlined">(5)whose other educational outcomes are known to the school district</hi>.<hi rend="underlined">(5)whose other educational outcomes are known to the school district</hi></p>
          <p>D.The school district's<hi rend="underlined">or state-chartered charter</hi><hi rend="underlined">school's</hi>annual accountability report shall include the results of a survey of parents' views of the quality of their children's school. The survey shall be conducted each year in time to include the results in the annual accountability report. The survey shall compile the results of a written questionnaire that shall be sent home with the students to be given to their parents. The survey may be completed anonymously. The survey shall be no more than one page, shall be clearly and concisely written and shall include not more than twenty questions that shall be answered with options of a simple sliding scale ranging from "strongly agree" to "strongly disagree" and shall include the optional response "don't know". The survey shall also include a request for optional written comments, which may be written on the back of the questionnaire form. The questionnaire shall include questions in the following areas:<hi rend="underlined">or state-chartered charter</hi><hi rend="underlined">school's</hi></p>
          <p>(1)parent-teacher-school relationship and communication;</p>
          <p>(2)quality of educational and extracurricular programs;</p>
          <p>(3)instructional practices and techniques;</p>
          <p>(4)resources;</p>
          <p>(5)school employees, including the school principal; and</p>
          <p>(6)parents' views of teaching staff expectations for the students.</p>
          <p>E.The department shall develop no more than ten of the survey questions, which shall be reviewed by the legislative education study committee prior to implementation.<hi rend="underlined">or governing body of a state-chartered charter school</hi>, and no more than five survey questions shall be developed by the [<hi rend="strikethrough">staffs</hi>]<hi rend="underlined">staff</hi>of each public school; provided that at least one-half of those questions shall be developed by teachers rather than school administrators, in order to gather information that is specific to the particular community surveyed. The questionnaires shall indicate the public school site and shall be tabulated by the department within thirty days of receipt and shall be returned to the respective schools to be disseminated to all parents.<hi rend="underlined">or governing body of a state-chartered charter school</hi><hi rend="strikethrough">staffs</hi><hi rend="underlined">staff</hi></p>
          <p>F.The school district's<hi rend="underlined">or state-chartered charter school's</hi>annual accountability report shall be adopted by the local school board<hi rend="underlined">or governing body of the state-chartered charter school</hi>, shall be published no later than November 15 of each year and shall be published at least once each school year in a newspaper of general circulation in the county where the school district<hi rend="underlined">or state-chartered charter school</hi>is located. In publication, the report shall be titled "The School District Report Card"<hi rend="underlined">or " The Charter School Report Card"</hi>and disseminated in accordance with guidelines established by the department to ensure effective communication with parents, students, educators, local policymakers and business and community organizations.<hi rend="underlined">or state-chartered charter school's</hi><hi rend="underlined">or governing body of the state-chartered charter school</hi><hi rend="underlined">or state-chartered charter school</hi><hi rend="underlined">or " The Charter School Report Card"</hi></p>
          <p>G.The <term type="NE" subtype="SET"> annual </term> accountability report shall include the names of those<hi rend="underlined">members of the</hi>local school board [<hi rend="strikethrough">members</hi>]<hi rend="underlined">or charter school</hi>who failed to attend annual mandatory training.<hi rend="underlined">members of the</hi><hi rend="strikethrough">members</hi><hi rend="underlined">or charter school</hi></p>
          <p>H.The <term type="NE" subtype="SET"> annual </term> accountability report shall include data on expenditures for central office administration and expenditures for the public schools of the school district<hi rend="underlined">or state-chartered charter school</hi>.<hi rend="underlined">or state-chartered charter school</hi></p>
          <p>I.The department shall create an accountability data system through which data from each public school and each school district<hi rend="underlined">or state-chartered charter school</hi>may be compiled and reviewed. The department shall provide the resources to train school district<hi rend="underlined">and charter school</hi>personnel in the use of the accountability data system.<hi rend="underlined">or state-chartered charter school</hi><hi rend="underlined">and charter school</hi></p>
          <p>J.The department shall verify data submitted by the school districts<hi rend="underlined">and state-chartered charter schools</hi>.<hi rend="underlined">and state-chartered charter schools</hi></p>
          <p>K.At the end of <term type="NE" subtype="DATE"> fiscal year 2005 </term>, after the budget approval cycle, the department shall produce a report to the legislature that shows for all school districts using performance-based program budgeting the relationship between that portion of a school district's program cost generated by each public school in the school district and the budgeted expenditures for each public school in the school district as reported in the district's performance-based program budget. At the end of <term type="NE" subtype="DATE"> fiscal year 2006 </term> and subsequent fiscal <term type="NE" subtype="DURATION"> years </term>, after the budget approval cycle, the department shall report on this relationship in all public schools in all school districts in the state.</p>
          <p>L.When all public schools are participating in performance-based budgeting, the department shall recommend <term type="NE" subtype="SET"> annually </term> to the legislature for inclusion in the general appropriation act the maximum percentage of appropriations that may be expended in each school district for central office administration.</p>
          <p>M.The department shall disseminate its statewide accountability report to school districts<hi rend="underlined">and charter schools</hi>; the governor, legislators and other policymakers; and business and economic development organizations.<hi rend="underlined">and charter schools</hi></p>
          <p><hi rend="underlined">N.As used in this section, " cohort" means a group of students who enter grade nine for the <term type="NE" subtype="ORDINAL"> first </term> time at the same time, plus those students who transfer into the group in <term type="NE" subtype="DURATION"> later years </term> and minus those students who leave the cohort for documented excusable reasons.</hi>"<hi rend="underlined">N.As used in this section, " cohort" means a group of students who enter grade nine for the <term type="NE" subtype="ORDINAL"> first </term> time at the same time, plus those students who transfer into the group in <term type="NE" subtype="DURATION"> later years </term> and minus those students who leave the cohort for documented excusable reasons.</hi></p>
          <p>- <term type="NE" subtype="DATE"> 9 </term> -</p>
        </div2>
      </div1>
    </body>
  </text>
</TEI>
