<TEI xmlns="http://www.tei-c.org/ns/1.0">
  <teiHeader xml:lang="en">
    <fileDesc>
      <titleStmt>
        <title xml:id="NM-2010-S132"/>
        <author>Bernadette M. Sanchez      </author>
      </titleStmt>
      <editionStmt>
        <edition/>
      </editionStmt>
      <publicationStmt>
        <pubPlace>New Mexico</pubPlace>
        <idno>NM-2010-S132</idno>
        <date>2010</date>
      </publicationStmt>
      <sourceDesc>
        <bibl>https:\\www.nmlegis.gov\Sessions\10%20Regular\bills\senate\SB0132.html</bibl>
      </sourceDesc>
    </fileDesc>
  </teiHeader>
  <text xml:lang="en">
    <front>
      <div1 type="abstract">
        <head>AN ACT RELATING TO EDUCATION; ENACTING THE <term type="NE" subtype="MISC"> HISPANIC </term> EDUCATION ACT; CREATING THE HISPANIC EDUCATION OFFICE OF THE PUBLIC EDUCATION DEPARTMENT; PROVIDING POWERS AND DUTIES.</head>
      </div1>
    </front>
    <body>
      <div1>
        <opener>
          <salute/>
        </opener>
        <div2 type="section" n="1">
          <head>Section 1. A new section of the Public School Code is enacted to read:</head>
          <p>"[<hi rend="underlined">NEW MATERIAL</hi>] SHORT TITLE.--This act may be cited as the "Hispanic Education Act"."<hi rend="underlined">NEW MATERIAL</hi></p>
        </div2>
        <div2 type="section" n="2">
          <head>Section 2. A new section of the Public School Code is enacted to read:</head>
          <p>"[<hi rend="underlined">NEW MATERIAL</hi>] PURPOSE.--The purpose of the Hispanic Education Act is to:<hi rend="underlined">NEW MATERIAL</hi></p>
          <p>A.provide for the study, development and implementation of educational systems that affect the educational success of <term type="NE" subtype="MISC"> Hispanic </term> students to close the achievement gap and increase graduation rates;</p>
          <p>B.encourage and foster parental involvement in the education of their children; and</p>
          <p>C.provide mechanisms for parents, community and business organizations, public schools, school districts, charter schools, public post-secondary educational institutions, the department and state and local policymakers to work together to improve educational opportunities for <term type="NE" subtype="MISC"> Hispanic </term> students for the purpose of closing the achievement gap, increasing graduation rates and increasing post-secondary enrollment, retention and completion.</p>
        </div2>
        <div2 type="section" n="3">
          <head>Section 3. A new section of the Public School Code is enacted to read:</head>
          <p>"[<hi rend="underlined">NEW MATERIAL</hi>] DEFINITION.--As used in the Hispanic Education Act, "office" means the Hispanic education office."<hi rend="underlined">NEW MATERIAL</hi></p>
        </div2>
        <div2 type="section" n="4">
          <head>Section 4. A new section of the Public School Code is enacted to read:</head>
          <p>"[<hi rend="underlined">NEW MATERIAL</hi>] HISPANIC EDUCATION OFFICE--CREATED--DUTIES.--<hi rend="underlined">NEW MATERIAL</hi></p>
          <p>A.The " <term type="NE" subtype="MISC"> Hispanic </term> education office" is created in the department.</p>
          <p>B.The office shall:</p>
          <p>(1)focus on issues related to <term type="NE" subtype="MISC"> Hispanic </term> education and advise the secretary on the development of policy regarding the education of <term type="NE" subtype="MISC"> Hispanic </term> students;</p>
          <p>(2)advise the department and the public education commission on the development of the <term type="NE" subtype="DURATION"> five-year </term> strategic plan for public elementary and secondary education in the state as the plan relates to <term type="NE" subtype="MISC"> Hispanic </term> student education;</p>
          <p>(3)assist and be assisted by other staff in the department to improve elementary, secondary and post-secondary educational outcomes for <term type="NE" subtype="MISC"> Hispanic </term> students;</p>
          <p>(4)serve as a resource to enable school districts and charter schools to provide equitable and culturally relevant learning environments, educational opportunities and culturally relevant instructional materials for <term type="NE" subtype="MISC"> Hispanic </term> students enrolled in public schools; and</p>
          <p>(5)support districts and charter schools to recruit parents on site-based and district committees that represent the ethnic diversity of the community."</p>
        </div2>
        <div2 type="section" n="5">
          <head>Section 5. A new section of the Public School Code is enacted to read:</head>
          <p>"[<hi rend="underlined">NEW MATERIAL</hi>] STATEWIDE STATUS REPORT.--<hi rend="underlined">NEW MATERIAL</hi></p>
          <p>A.The office, in collaboration with the higher education department, shall submit an <term type="NE" subtype="SET"> annual </term> preschool-through - post-secondary, statewide <term type="NE" subtype="MISC"> Hispanic </term> education status report no later than <term type="NE" subtype="DATE"> November 15 </term> to the governor and the legislature through the legislative education study committee. A copy shall be provided to the legislative library in the legislative council service.</p>
          <p>B.The status report shall include the following information, by school district and charter school and statewide, which may be compiled from data otherwise required to be submitted to the department:</p>
          <p>(1)<term type="NE" subtype="MISC"> Hispanic </term> student achievement at all grades;</p>
          <p>(2)attendance in all grades;</p>
          <p>(3)the graduation rate for <term type="NE" subtype="MISC"> Hispanic </term> students;</p>
          <p>(4)the number of <term type="NE" subtype="MISC"> Hispanic </term> students in schools that make adequate <term type="NE" subtype="SET"> yearly </term> progress and in schools at each level of school improvement or restructuring; and</p>
          <p>(5)the number and type of bilingual and multicultural programs in each school district and charter school.</p>
          <p>C.The status report shall include the following information, by post-secondary institutions, which may be compiled from data otherwise required to be submitted to the higher education department:</p>
          <p>(1)<term type="NE" subtype="MISC"> Hispanic </term> student enrollment;</p>
          <p>(2)<term type="NE" subtype="MISC"> Hispanic </term> student retention; and</p>
          <p>(3)<term type="NE" subtype="MISC"> Hispanic </term> student completion rates."</p>
        </div2>
        <div2 type="section" n="6">
          <head>Section 6. EFFECTIVE DATE.-- The effective date of the provisions of this act is <term type="NE" subtype="DATE"> July 1, 2010 </term>.</head>
          <p>- <term type="NE" subtype="DATE"> 4 </term> -</p>
        </div2>
      </div1>
    </body>
  </text>
</TEI>
