<TEI xmlns="http://www.tei-c.org/ns/1.0">
  <teiHeader xml:lang="en">
    <fileDesc>
      <titleStmt>
        <title xml:id="NM-2008-S257"/>
        <author>Bernadette M. Sanchez      </author>
      </titleStmt>
      <editionStmt>
        <edition/>
      </editionStmt>
      <publicationStmt>
        <pubPlace>New Mexico</pubPlace>
        <idno>NM-2008-S257</idno>
        <date>2008</date>
      </publicationStmt>
      <sourceDesc>
        <bibl>https:\\www.nmlegis.gov\Sessions\08%20Regular\bills\senate\SB0257.html</bibl>
      </sourceDesc>
    </fileDesc>
  </teiHeader>
  <text xml:lang="en">
    <front>
      <div1 type="abstract">
        <head>AN ACT MAKING TECHNICAL CORRECTIONS TO THE ENROLLED AND ENGROSSED COPIES OF CERTAIN 2007 LAWS; CONFORMING THE LAW RELATING TO HOSPITALITY FEE PROCEEDS TO THE ACTIONS OF THE LEGISLATURE; CONFORMING THE LAW RELATING TO CHARTER SCHOOL EMPLOYMENT DECISIONS TO THE ACTIONS OF THE LEGISLATURE; DECLARING AN EMERGENCY.</head>
      </div1>
    </front>
    <body>
      <div1>
        <opener>
          <salute/>
        </opener>
        <div2 type="section" n="1">
          <head>Section 1. Section 3-38A-3 NMSA <term type="NE" subtype="DATE"> 1978 </term> (being Laws <term type="NE" subtype="DATE"> 2003 </term>, Chapter 417, Section 3, as amended)is amended to read:</head>
          <p>" 3-38A-3. HOSPITALITY FEE AUTHORIZED -- RATE -- PURPOSE.</p>
          <p>A.A municipality may impose by ordinance a hospitality fee on the gross rent received by proprietors of tourist accommodations within the municipality in an amount not to exceed <term type="NE" subtype="PERCENT"> one percent </term> of the gross rent. The fee imposed by this subsection may be referred to as the " hospitality fee".</p>
          <p>B.Proceeds from the hospitality fee shall be used as follows:</p>
          <p>(1)<term type="NE" subtype="PERCENT"> fifty percent </term> of the proceeds shall be used to equip and furnish a municipal convention center;<hi rend="underlined">and</hi>and<hi rend="underlined">and</hi></p>
          <p>(2)-LSB-<hi rend="strikethrough">twenty-five</hi>]<hi rend="underlined">fifty</hi>percent of the proceeds shall be used by the municipality to contract to purchase advertising that publicizes and promotes tourist-related attractions, facilities and events in the municipality and the county and tourist facilities or attractions within the area [<hi rend="strikethrough">and</hi>and<hi rend="strikethrough">twenty-five</hi><hi rend="underlined">fifty</hi><hi rend="strikethrough">and</hi></p>
          <p><hi rend="strikethrough">(3)<term type="NE" subtype="PERCENT"> twenty-five percent </term> of the proceeds shall be used to extinguish debt incurred by a municipality for a metropolitan court facility</hi>]."<hi rend="strikethrough">(3)<term type="NE" subtype="PERCENT"> twenty-five percent </term> of the proceeds shall be used to extinguish debt incurred by a municipality for a metropolitan court facility</hi></p>
        </div2>
        <div2 type="section" n="2">
          <head>Section 2. Section 22-8B-10 NMSA <term type="NE" subtype="DATE"> 1978 </term> (being Laws <term type="NE" subtype="DATE"> 1999 </term>, Chapter 281, Section 10, as amended)is amended to read:</head>
          <p>" 22-8B-10. CHARTER SCHOOLS -- EMPLOYEES.</p>
          <p>A.A charter school shall hire its own employees.<hi rend="strikethrough">provided, however, that a charter school may determine by indicating in its charter that either its governing body or head administrator shall make all employment decisions. The governing body shall be deemed to be responsible for making all employment decisions if the charter does not specify the decision maker</hi>].<hi rend="underlined">The head administrator of the charter school shall employ, fix the salaries of, assign, terminate and discharge all employees of the charter school.</hi><hi rend="strikethrough">provided, however, that a charter school may determine by indicating in its charter that either its governing body or head administrator shall make all employment decisions. The governing body shall be deemed to be responsible for making all employment decisions if the charter does not specify the decision maker</hi><hi rend="underlined">The head administrator of the charter school shall employ, fix the salaries of, assign, terminate and discharge all employees of the charter school.</hi></p>
          <p>B.The head administrator of a charter school shall not initially employ or approve the initial employment in any capacity of a person who is the spouse, father, father-in-law, mother, mother-in-law, son, son-in-law, daughter or daughter-in-law of a member of the governing body or the head administrator. The governing body may waive the nepotism rule for family members of a head administrator.</p>
          <p>C.Nothing in this section shall prohibit the continued employment of a person employed on or before <term type="NE" subtype="DATE"> July 1, 2007 </term>.</p>
        </div2>
        <div2 type="section" n="3">
          <head>Section 3. EMERGENCY.-- It is necessary for the public peace, health and safety that this act take effect immediately.</head>
          <p>- <term type="NE" subtype="DATE"> 3 </term> -</p>
        </div2>
      </div1>
    </body>
  </text>
</TEI>
