<TEI xmlns="http://www.tei-c.org/ns/1.0">
  <teiHeader xml:lang="en">
    <fileDesc>
      <titleStmt>
        <title xml:id="NM-2011-H113"/>
        <author>Jimmie C. Hall   FOR THE PUBLIC SCHOOL CAPITAL OUTLAY OVERSIGHT TASK FORCE AND THE LEGISLATIVE EDUCATION STUDY COMMITTEE  </author>
      </titleStmt>
      <editionStmt>
        <edition/>
      </editionStmt>
      <publicationStmt>
        <pubPlace>New Mexico</pubPlace>
        <idno>NM-2011-H113</idno>
        <date>2011</date>
      </publicationStmt>
      <sourceDesc>
        <bibl>https:\\www.nmlegis.gov\Sessions\11%20Regular\bills\house\HB0113.html</bibl>
      </sourceDesc>
    </fileDesc>
  </teiHeader>
  <text xml:lang="en">
    <front>
      <div1 type="abstract">
        <head>AN ACT RELATING TO PUBLIC SCHOOLS; AMENDING THE PUBLIC SCHOOL CAPITAL IMPROVEMENTS ACT AND THE PUBLIC SCHOOL BUILDINGS ACT TO REQUIRE CHARTER SCHOOLS TO REPORT ANTICIPATED AND ACTUAL EXPENDITURES OF DISTRIBUTIONS MADE PURSUANT TO THOSE ACTS.</head>
      </div1>
    </front>
    <body>
      <div1>
        <opener>
          <salute/>
        </opener>
        <div2 type="section" n="1">
          <head>SECTION 1. A new section of the Public School Capital Improvements Act is enacted to read:</head>
          <p>"[<hi rend="underlined">NEW MATERIAL</hi>] EXPENDITURES BY CHARTER SCHOOLS--REPORTS TO DEPARTMENT.--<hi rend="underlined">NEW MATERIAL</hi></p>
          <p>A.No later than <term type="NE" subtype="DATE"> December 1 </term> of <term type="NE" subtype="SET"> each year </term>, each locally chartered or state-chartered charter school that expects a state distribution or a distribution of property taxes pursuant to the Public School Capital Improvements Act during the next calendar <term type="NE" subtype="DURATION"> year </term> shall submit a report to the department showing the purposes for which the expected distribution will be expended. The department shall review the report and, no later than <term type="NE" subtype="DURATION"> twenty days </term> after receiving the report, shall advise the charter school if, in its opinion, the proposed expenditures are consistent with law and shall provide a copy of the advice to the local district.</p>
          <p>B.No later than <term type="NE" subtype="DATE"> January 31 </term> of <term type="NE" subtype="SET"> each year </term>, each locally chartered or state-chartered charter school that received a state distribution or a distribution of property taxes pursuant to the Public School Capital Improvements Act during the preceding calendar <term type="NE" subtype="DURATION"> year </term> shall submit a report to the department showing the purposes for which the distribution was expended and the amount expended for each purpose.</p>
        </div2>
        <div2 type="section" n="2">
          <head>SECTION 2. A new section of the <term type="NE" subtype="MISC"> Public School Buildings Act </term> is enacted to read:</head>
          <p>"[<hi rend="underlined">NEW MATERIAL</hi>] EXPENDITURES BY CHARTER SCHOOLS--REPORTS TO DEPARTMENT.--<hi rend="underlined">NEW MATERIAL</hi></p>
          <p>A.No later than <term type="NE" subtype="DATE"> December 1 </term> of <term type="NE" subtype="SET"> each year </term>, each locally chartered or state-chartered charter school that expects a distribution of property taxes pursuant to the Public School Buildings Act during the next calendar <term type="NE" subtype="DURATION"> year </term> shall submit a report to the department showing the purposes for which the expected distribution will be expended. The department shall review the report and, no later than <term type="NE" subtype="DURATION"> twenty days </term> after receiving the report, shall advise the charter school if, in its opinion, the proposed expenditures are consistent with law and shall provide a copy of the advice to the local district.</p>
          <p>B.No later than <term type="NE" subtype="DATE"> January 31 </term> of <term type="NE" subtype="SET"> each year </term>, each locally chartered or state-chartered charter school that received a distribution of property taxes pursuant to the <term type="NE" subtype="MISC"> Public School Buildings Act </term> during the preceding calendar <term type="NE" subtype="DURATION"> year </term> shall submit a report to the department showing the purposes for which the distribution was expended and the amount expended for each purpose.</p>
          <p>- <term type="NE" subtype="DATE"> 3 </term> -</p>
        </div2>
      </div1>
    </body>
  </text>
</TEI>
