<TEI xmlns="http://www.tei-c.org/ns/1.0">
  <teiHeader xml:lang="en">
    <fileDesc>
      <titleStmt>
        <title xml:id="NM-2009-H330"/>
        <author>Antonio "Moe" Maestas    FOR THE COURTS, CORRECTIONS AND JUSTICE COMMITTEE  </author>
      </titleStmt>
      <editionStmt>
        <edition/>
      </editionStmt>
      <publicationStmt>
        <pubPlace>New Mexico</pubPlace>
        <idno>NM-2009-H330</idno>
        <date>2009</date>
      </publicationStmt>
      <sourceDesc>
        <bibl>https:\\www.nmlegis.gov\Sessions\09%20Regular\bills\house\HB0330.html</bibl>
      </sourceDesc>
    </fileDesc>
  </teiHeader>
  <text xml:lang="en">
    <front>
      <div1 type="abstract">
        <head>AN ACT RELATING TO CONTRACT LAW; ENACTING THE UNIFORM ATHLETE AGENTS ACT; PROVIDING STANDARDS FOR REPRESENTATION OF STUDENT ATHLETES BY AGENTS; PRESCRIBING PENALTIES.</head>
      </div1>
    </front>
    <body>
      <div1>
        <opener>
          <salute/>
        </opener>
        <div2 type="section" n="1">
          <head>Section 1. SHORT TITLE.-- This act may be cited as the <term type="NE" subtype="MISC"> " Uniform Athlete Agents Act </term>".</head>
        </div2>
        <div2 type="section" n="2">
          <head>Section 2. DEFINITIONS.</head>
          <p>A." agency contract" means an agreement in which a student athlete authorizes a person to negotiate or solicit on behalf of the student athlete a professional-sports-services contract or an endorsement contract;</p>
          <p>B." athlete agent" means an individual who enters into an agency contract with a student athlete or, directly or indirectly, recruits or solicits a student athlete to enter into an agency contract. " Athlete agent" includes an individual who represents to the public that the individual is an athlete agent.</p>
          <p>C." athletic director" means an individual responsible for administering the overall athletic program of an educational institution or, if an educational institution has separately administered athletic programs for male students and female students, the athletic program for males or the athletic program for females, as appropriate;</p>
          <p>D." commission" means the <term type="NE" subtype="LOCATION"> New Mexico </term> athletic commission;</p>
          <p>E." contact" means a communication, direct or indirect, between an athlete agent and a student athlete, to recruit or solicit the student athlete to enter into an agency contract;</p>
          <p>F." endorsement contract" means an agreement under which a student athlete is employed or receives consideration to use on behalf of the other party any value that the student athlete may have because of publicity, reputation, following or fame obtained because of athletic ability or performance;</p>
          <p>G." intercollegiate sport" means a sport played at the collegiate level for which eligibility requirements for participation by a student athlete are established by a national association for the promotion or regulation of collegiate athletics;</p>
          <p>H." person" means an individual, corporation, business trust, estate, trust, partnership, limited liability company, association, joint venture, government, governmental subdivision, governmental agency, governmental instrumentality, public corporation or any other legal or commercial entity;</p>
          <p>I." professional-sports-services contract" means an agreement under which an individual is employed, or agrees to render services, as a player on a professional sports team, with a professional sports organization or as a professional athlete;</p>
          <p>J." record" means information that is inscribed on a tangible medium or that is stored in an electronic or other medium and is retrievable in perceivable form;</p>
          <p>K." registration" means registration as an athlete agent pursuant to the Uniform Athlete Agents Act;</p>
          <p>L." state" means a state of the <term type="NE" subtype="LOCATION"> United States </term>, the <term type="NE" subtype="LOCATION"> District of Columbia </term>, <term type="NE" subtype="LOCATION"> Puerto Rico </term>, the <term type="NE" subtype="LOCATION"> United States Virgin Islands </term> or any territory or insular possession subject to the jurisdiction of the <term type="NE" subtype="LOCATION"> United States </term>; and</p>
          <p>M." student athlete" means an individual who engages in, is eligible to engage in, or may be eligible in <term type="NE" subtype="DATE"> the future </term> to engage in, any intercollegiate sport. If an individual is permanently ineligible to participate in a particular intercollegiate sport, the individual is not a student athlete for purposes of that sport.</p>
        </div2>
        <div2 type="section" n="3">
          <head>Section 3. SERVICE OF PROCESS -- SUBPOENAS.</head>
          <p>A.By acting as an athlete agent in this state, a nonresident individual appoints the commission as the individual's agent for service of process in any civil action in this state related to the individual's acting as an athlete agent in this state.</p>
          <p>B.The commission may issue subpoenas for any material that is relevant to the administration of the Uniform Athlete Agents Act.</p>
        </div2>
        <div2 type="section" n="4">
          <head>Section 4. ATHLETE AGENTS -- REGISTRATION REQUIRED -- VOID CONTRACTS.</head>
        </div2>
        <div2 type="section" n="5">
          <head>A.Except as otherwise provided in Subsection B of this section, an individual shall not act as an athlete agent in this state without holding a certificate of registration pursuant to Section 6 or 8 of the Uniform Athlete Agents Act.</head>
          <p>B.Before being issued a certificate of registration, an individual may act as an athlete agent in this state for all purposes except signing an agency contract, if:</p>
          <p>(1)a student athlete or another person acting on behalf of the student athlete initiates communication with the individual; and</p>
          <p>(2)within <term type="NE" subtype="DURATION"> seven days </term> after an initial act as an athlete agent, the individual submits an application for registration as an athlete agent in this state.</p>
          <p>C.An agency contract resulting from conduct in violation of this section is void and the athlete agent shall return any consideration received under the contract.</p>
        </div2>
        <div2 type="section" n="6">
          <head>Section 5. REGISTRATION AS ATHLETE AGENT -- FORM --</head>
          <p>REQUIREMENTS.--</p>
          <p>A.An applicant for registration shall submit an application for registration to the commission in a form prescribed by the commission. An application filed under this section is a public record.</p>
          <p>(1)the name of the applicant and the address of the applicant's principal place of business;</p>
          <p>(2)the name of the applicant's business or employer, if applicable;</p>
          <p>(3)any business or occupation engaged in by the applicant for <term type="NE" subtype="DURATION"> the five years </term> next preceding the date of submission of the application;</p>
          <p>(4)a description of the applicant's:</p>
          <p>(a)formal training as an athlete agent;</p>
          <p>(b)practical experience as an athlete agent; and</p>
          <p>(c)educational background relating to the applicant's activities as an athlete agent;</p>
          <p>(5)the names and addresses of three individuals, not related to the applicant, who are willing to serve as references;</p>
          <p>(6)the name, sport and last known team for each individual for whom the applicant acted as an athlete agent during <term type="NE" subtype="DURATION"> the five years </term> next preceding the date of submission of the application;</p>
          <p>(7)the names and addresses of all persons who are:</p>
          <p>(a)with respect to the athlete agent's business if it is not a corporation, partners, members, officers, managers, associates or profit-sharers of the business; and</p>
          <p>(b)with respect to a corporation employing the athlete agent, officers, directors and any shareholders of the corporation having an interest of <term type="NE" subtype="PERCENT"> five percent </term> or greater;</p>
          <p>(8)whether the applicant or any person named pursuant to Paragraph (7)of this subsection has been convicted of a crime that, if committed in this state, would be a crime involving moral turpitude or a felony, and identify the crime;</p>
          <p>(9)whether there has been an administrative or judicial determination that the applicant or any person named pursuant to Paragraph (7)of this subsection has made a false, misleading, deceptive or fraudulent representation;</p>
          <p>(10)any instance in which the conduct of the applicant or any person named pursuant to Paragraph (7)of this subsection resulted in the imposition of a sanction, suspension or declaration of ineligibility to participate in an interscholastic or intercollegiate athletic event on a student athlete or educational institution;</p>
          <p>(11)any sanction, suspension or disciplinary action taken against the applicant or any person named pursuant to Paragraph (7)of this subsection arising out of occupational or professional conduct; and</p>
          <p>(12)whether there has been a denial of an application for, suspension or revocation of, or refusal to renew, the registration or licensure of the applicant or any person named pursuant to Paragraph (7)of this subsection as an athlete agent in any state.</p>
          <p>B.An individual who has submitted an application for, and holds a certificate of, registration or licensure as an athlete agent in another state may submit a copy of the application and certificate in lieu of submitting an application in the form prescribed pursuant to Subsection A of this section.</p>
          <p>(1)was submitted in the other state within <term type="NE" subtype="DURATION"> six months </term> next preceding the submission of the application in this state and the applicant certifies that the information contained in the application is <term type="NE" subtype="DATE"> current </term>;</p>
          <p>(2)contains information substantially similar to or more comprehensive than that required in an application submitted in this state; and</p>
          <p>(3)was signed by the applicant under penalty of perjury.</p>
        </div2>
        <div2 type="section" n="7">
          <head>Section 6. CERTIFICATE OF REGISTRATION -- ISSUANCE OR DENIAL -- RENEWAL.</head>
        </div2>
        <div2 type="section" n="8">
          <head>A.Except as otherwise provided in Subsection B of this section, the commission shall issue a certificate of registration to an individual who complies with Subsection A of Section 5 of the Uniform Athlete Agents Act or whose application has been accepted pursuant to Subsection B of that section.</head>
          <p>B.The commission may refuse to issue a certificate of registration if the commission determines that the applicant has engaged in conduct that has a significant adverse effect on the applicant's fitness to act as an athlete agent.</p>
          <p>(1)been convicted of a crime that, if committed in this state, would be a crime involving moral turpitude or a felony;</p>
          <p>(2)made a materially false, misleading, deceptive or fraudulent representation in the application or as an athlete agent;</p>
          <p>(3)engaged in conduct that would disqualify the applicant from serving in a fiduciary capacity;</p>
        </div2>
        <div2 type="section" n="9">
          <head>(4)engaged in conduct prohibited by Section 14 of the Uniform Athlete Agents Act;</head>
          <p>(5)had a registration or licensure as an athlete agent suspended, revoked or denied or was refused renewal of registration or licensure as an athlete agent in any state;</p>
          <p>(6)engaged in conduct the consequence of which was that a sanction, suspension or declaration of ineligibility to participate in an interscholastic or intercollegiate athletic event was imposed on a student athlete or educational institution; or</p>
          <p>(7)engaged in conduct that significantly adversely reflects on the applicant's credibility, honesty or integrity.</p>
          <p>C.In making a determination under Subsection B of this section, the commission shall consider:</p>
          <p>(1)how <term type="NE" subtype="DATE"> recently </term> the conduct occurred;</p>
          <p>(2)the nature of the conduct and the context in which it occurred; and</p>
          <p>(3)any other relevant conduct of the applicant.</p>
          <p>D.An athlete agent may apply to renew a certificate of registration by submitting an application for renewal in a form prescribed by the commission. An application filed under this section is a public record. The application for renewal shall be signed by the applicant under penalty of perjury and shall contain <term type="NE" subtype="DATE"> current </term> information on all matters required in an original registration.</p>
          <p>E.An individual who has submitted an application for renewal of registration or licensure in another state, in lieu of submitting an application for renewal in the form prescribed pursuant to Subsection D of this section, may file a copy of the application for renewal and a valid certificate of registration or licensure from the other state.</p>
          <p>(1)was submitted in the other state within <term type="NE" subtype="DURATION"> six months </term> next preceding the filing in this state and the applicant certifies the information contained in the application for renewal is <term type="NE" subtype="DATE"> current </term>;</p>
          <p>(2)contains information substantially similar to or more comprehensive than that required in an application for renewal submitted in this state; and</p>
          <p>(3)was signed by the applicant under penalty of perjury.</p>
          <p>F.A certificate of registration or a renewal of a certificate of registration is valid for <term type="NE" subtype="DURATION"> two years </term>.</p>
        </div2>
        <div2 type="section" n="10">
          <head>Section 7. SUSPENSION, REVOCATION OR REFUSAL TO RENEW REGISTRATION.</head>
        </div2>
        <div2 type="section" n="11">
          <head>A.The commission may suspend, revoke or refuse to renew a certificate of registration for conduct that would have justified denial of registration pursuant to Subsection B of Section 6 of the Uniform Athlete Agents Act.</head>
          <p>B.The commission may deny, suspend, revoke or refuse to renew a certificate of registration or licensure only after proper notice and an opportunity for a hearing.</p>
        </div2>
        <div2 type="section" n="12">
          <head>Section 8. TEMPORARY REGISTRATION.-- The commission may issue a temporary certificate of registration while an application for registration or renewal of registration is pending.</head>
        </div2>
        <div2 type="section" n="13">
          <head>Section 9. REGISTRATION AND RENEWAL FEES.</head>
          <p>A.<term type="NE" subtype="MONEY"> two hundred fifty dollars </term> (<term type="NE" subtype="MONEY"> $ 250 </term>)for an initial application for registration;</p>
          <p>B.<term type="NE" subtype="MONEY"> two hundred dollars </term> (<term type="NE" subtype="MONEY"> $ 200 </term>)for an application for registration based upon a certificate of registration or licensure issued by another state;</p>
          <p>C.<term type="NE" subtype="MONEY"> two hundred fifty dollars </term> (<term type="NE" subtype="MONEY"> $ 250 </term>)for an application for renewal of registration; or</p>
          <p>D.<term type="NE" subtype="MONEY"> two hundred dollars </term> (<term type="NE" subtype="MONEY"> $ 200 </term>)for an application for renewal of registration based upon an application for renewal of registration or licensure submitted in another state.</p>
        </div2>
        <div2 type="section" n="14">
          <head>Section 10. REQUIRED FORM OF CONTRACT.</head>
          <p>A.An agency contract shall be in a record, signed or otherwise authenticated by the parties.</p>
          <p>B.An agency contract shall state or contain:</p>
          <p>(1)the amount and method of calculating the consideration to be paid by the student athlete for services to be provided by the athlete agent under the contract and any other consideration the athlete agent has received or will receive from any other source for entering into the contract or for providing the services;</p>
          <p>(2)the name of any person not listed in the application for registration or renewal of registration who will be compensated because the student athlete signed</p>
          <p>the agency contract;</p>
          <p>(3)a description of any expenses that the student athlete agrees to reimburse;</p>
          <p>(4)a description of the services to be provided to the student athlete;</p>
          <p>(5)the duration of the contract; and</p>
          <p>(6)the date of execution.</p>
          <p>C.An agency contract shall contain, in close proximity to the signature of the student athlete, a conspicuous notice in boldface type in capital letters stating:</p>
          <p>" WARNING TO STUDENT ATHLETE</p>
          <p>IF YOU SIGN THIS CONTRACT:</p>
          <p>(1)YOU <term type="NE" subtype="DATE"> MAY </term> LOSE YOUR ELIGIBILITY TO COMPETE AS A STUDENT ATHLETE IN YOUR SPORT;</p>
          <p>(2)IF YOU HAVE AN ATHLETIC DIRECTOR, WITHIN <term type="NE" subtype="DURATION"> SEVENTY-TWO HOURS </term> AFTER ENTERING INTO THIS CONTRACT, BOTH YOU AND YOUR ATHLETE AGENT MUST NOTIFY YOUR ATHLETIC DIRECTOR; AND</p>
          <p>(3)YOU <term type="NE" subtype="DATE"> MAY </term> CANCEL THIS CONTRACT WITHIN <term type="NE" subtype="DURATION"> FOURTEEN DAYS </term> AFTER SIGNING IT.CANCELLATION OF THIS CONTRACT <term type="NE" subtype="DATE"> MAY </term> NOT REINSTATE YOUR ELIGIBILITY.".</p>
          <p>D.An agency contract that does not conform to this section is voidable by the student athlete. If a student athlete voids an agency contract, the student athlete is not required to pay any consideration under the contract or to return any consideration received from the athlete agent to induce the student athlete to enter into the contract.</p>
          <p>E.The athlete agent shall give a record of the signed or otherwise authenticated agency contract to the student athlete at the <term type="NE" subtype="DATE"> time </term> of execution.</p>
        </div2>
        <div2 type="section" n="15">
          <head>Section 11. NOTICE TO EDUCATIONAL INSTITUTION.</head>
          <p>A.Within <term type="NE" subtype="DURATION"> seventy-two hours </term> after entering into an agency contract or before the next scheduled athletic event in which the student athlete may participate, whichever occurs <term type="NE" subtype="ORDINAL"> first </term>, the athlete agent shall give notice in a record of the existence of the contract to the athletic director of the educational institution at which the student athlete is enrolled or the athlete agent has reasonable grounds to believe the student athlete intends to enroll.</p>
          <p>B.Within <term type="NE" subtype="DURATION"> seventy-two hours </term> after entering into an agency contract or before the next athletic event in which the student athlete may participate, whichever occurs <term type="NE" subtype="ORDINAL"> first </term>, the student athlete shall inform the athletic director of the educational institution at which the student athlete is enrolled that the student athlete has entered into an agency contract.</p>
        </div2>
        <div2 type="section" n="16">
          <head>Section 12. STUDENT ATHLETE'S RIGHT TO CANCEL.</head>
          <p>A.A student athlete may cancel an agency contract by giving notice of the cancellation to the athlete agent in a record within <term type="NE" subtype="DURATION"> fourteen days </term> after the contract is signed.</p>
          <p>B.A student athlete shall not waive the right to cancel an agency contract.</p>
          <p>C.If a student athlete cancels an agency contract, the student athlete is not required to pay any consideration under the contract or to return any consideration received from the athlete agent to induce the student athlete to enter into the contract.</p>
        </div2>
        <div2 type="section" n="17">
          <head>Section 13. REQUIRED RECORDS.</head>
          <p>A.An athlete agent shall retain the following records for a period of <term type="NE" subtype="DURATION"> five years </term>:</p>
          <p>(1)the name and address of each individual represented by the athlete agent;</p>
          <p>(2)any agency contract entered into by the athlete agent; and</p>
          <p>(3)any direct costs incurred by the athlete agent in the recruitment or solicitation of a student athlete to enter into an agency contract.</p>
          <p>B.Records required pursuant to Subsection A of this section to be retained are open to inspection by the commission during normal business <term type="NE" subtype="DURATION"> hours </term>.</p>
        </div2>
        <div2 type="section" n="18">
          <head>Section 14. PROHIBITED CONDUCT.</head>
          <p>A.An athlete agent, with the intent to induce a student athlete to enter into an agency contract, shall not:</p>
          <p>(1)give any materially false or misleading information or make a materially false promise or representation;</p>
          <p>(2)furnish anything of value to a student athlete before the student athlete enters into the agency contract; or</p>
          <p>(3)furnish anything of value to any individual other than the student athlete or another registered athlete agent.</p>
          <p>B.An athlete agent shall not intentionally:</p>
          <p>(1)initiate contact with a student athlete unless registered pursuant to the Uniform Athlete Agents Act;</p>
        </div2>
        <div2 type="section" n="19">
          <head>(2)refuse or fail to retain or permit inspection of the records required to be retained pursuant to Section 13 of the Uniform Athlete Agents Act;</head>
        </div2>
        <div2 type="section" n="20">
          <head>(3)fail to register when required pursuant to Section 4 of the Uniform Athlete Agents Act;</head>
          <p>(4)provide materially false or misleading information in an application for registration or renewal of registration;</p>
          <p>(5)predate or postdate an agency contract; or</p>
          <p>(6)fail to notify a student athlete before the student athlete signs or otherwise authenticates an agency contract for a particular sport that the signing or authentication may make the student athlete ineligible to participate as a student athlete in that sport.</p>
        </div2>
        <div2 type="section" n="21">
          <head>Section 15. CRIMINAL PENALTIES.-- An athlete agent who violates the provisions of Section 14 of the Uniform Athlete Agents Act is guilty of a misdemeanor and upon conviction shall be sentenced pursuant to the provisions of Section 31-19-1 NMSA <term type="NE" subtype="DATE"> 1978 </term>.</head>
        </div2>
        <div2 type="section" n="22">
          <head>Section 16. CIVIL REMEDIES.</head>
          <p>A.An educational institution has a right of action against an athlete agent for damages caused by a violation of the provisions of the Uniform Athlete Agents Act. In an action pursuant to this section, the court may award to the prevailing party costs and reasonable attorney fees.</p>
          <p>B.Damages of an educational institution pursuant to Subsection A of this section include losses and expenses incurred because, as a result of the conduct of an athlete agent, the educational institution was injured by a violation of the <term type="NE" subtype="MISC"> Uniform Athlete Agents Act </term> or was penalized, disqualified or suspended from participation in athletics by a national association for the promotion and regulation of athletics, by an athletic conference or by reasonable self-imposed disciplinary action taken to mitigate sanctions likely to be imposed by such an organization.</p>
          <p>C.A right of action pursuant to this section does not accrue until the educational institution discovers or by the exercise of reasonable diligence would have discovered the violation by the athlete agent.</p>
          <p>D.The Uniform Athlete Agents Act does not restrict rights, remedies or defenses of any person under law or equity.</p>
        </div2>
        <div2 type="section" n="23">
          <head>Section 17. ADMINISTRATIVE PENALTY.-- The commission may assess a civil penalty against an athlete agent not to exceed <term type="NE" subtype="MONEY"> twenty-five thousand dollars </term> (<term type="NE" subtype="MONEY"> $ 25,000 </term>)for a violation of the Uniform Athlete Agents Act.</head>
        </div2>
        <div2 type="section" n="24">
          <head>Section 18. UNIFORMITY OF APPLICATION AND CONSTRUCTION.-- In applying and construing the <term type="NE" subtype="MISC"> Uniform Athlete Agents Act </term>, consideration shall be given to the need to promote uniformity of the law with respect to its subject matter among states that enact it.</head>
        </div2>
        <div2 type="section" n="25">
          <head>Section 19. FEDERAL ELECTRONIC SIGNATURES IN GLOBAL AND NATIONAL COMMERCE ACT.-- The provisions of the Uniform Athlete Agents Act governing the legal effect, validity or enforceability of electronic records or signatures, and of contracts formed or performed with the use of such records or signatures, conform to the requirements of Section 102 of the federal <term type="NE" subtype="ORGANIZATION"> Electronic Signatures in Global </term> and National Commerce Act and supersede, modify and limit the federal <term type="NE" subtype="ORGANIZATION"> Electronic Signatures in Global </term> and National Commerce Act.</head>
        </div2>
        <div2 type="section" n="26">
          <head>Section 20. SEVERABILITY.-- If any provision of the Uniform Athlete Agents Act or its application to any person or circumstance is held invalid, the invalidity does not affect other provisions or applications of that act that can be given effect without the invalid provision or application, and to this end the provisions of that act are severable.</head>
        </div2>
        <div2 type="section" n="27">
          <head>Section 21. EFFECTIVE DATE.-- The effective date of the provisions of this act is <term type="NE" subtype="DATE"> July 1, 2009 </term>.</head>
          <p>- <term type="NE" subtype="DATE"> 18 </term> -</p>
        </div2>
      </div1>
    </body>
  </text>
</TEI>
