<TEI xmlns="http://www.tei-c.org/ns/1.0">
  <teiHeader xml:lang="en">
    <fileDesc>
      <titleStmt>
        <title xml:id="NM-2009-H289"/>
        <author>Dennis J. Roch      </author>
      </titleStmt>
      <editionStmt>
        <edition/>
      </editionStmt>
      <publicationStmt>
        <pubPlace>New Mexico</pubPlace>
        <idno>NM-2009-H289</idno>
        <date>2009</date>
      </publicationStmt>
      <sourceDesc>
        <bibl>https:\\www.nmlegis.gov\Sessions\09%20Regular\bills\house\HB0289.html</bibl>
      </sourceDesc>
    </fileDesc>
  </teiHeader>
  <text xml:lang="en">
    <front>
      <div1 type="abstract">
        <head>AN ACT RELATING TO PUBLIC SCHOOLS; ALLOWING CHARTERING AUTHORITIES TO DESIGNATE SUBCOMMITTEES FOR PUBLIC HEARINGS; REQUIRING OTHER MEMBERS TO REVIEW THE RECORD PRIOR TO RULING ON A CHARTER SCHOOL APPLICATION.</head>
      </div1>
    </front>
    <body>
      <div1>
        <opener>
          <salute/>
        </opener>
        <div2 type="section" n="1">
          <head>Section 1. Section 22-8B-6 NMSA <term type="NE" subtype="DATE"> 1978 </term> (being Laws <term type="NE" subtype="DATE"> 1999 </term>, Chapter 281, Section 6, as amended)is amended to read:</head>
          <p>" 22-8B-6. CHARTER SCHOOL REQUIREMENTS -- APPLICATION PROCESS -- AUTHORIZATION -- BOARD OF FINANCE DESIGNATION REQUIRED --<hi rend="underlined">PUBLIC HEARINGS -- SUBCOMMITTEES</hi>.--<hi rend="underlined">PUBLIC HEARINGS -- SUBCOMMITTEES</hi></p>
          <p>A.A local school board has the authority to approve the establishment of a charter school within the school district in which it is located.</p>
          <p>B.<term type="NE" subtype="DURATION"> At least one hundred eighty days </term> prior to initial application, the organizers of a proposed charter school shall provide written notification to the commission and the school district in which the charter school is proposed to be located of intent to establish a charter school. Failure to notify may result in an application not being accepted.</p>
          <p>C.A charter school applicant shall apply to either a local school board or the commission for a charter. If an application is submitted to a chartering authority, it must process the application. Applications for initial charters shall be submitted by <term type="NE" subtype="DATE"> July 1 </term> to be eligible for consideration for the following fiscal <term type="NE" subtype="DURATION"> year </term>; provided that the <term type="NE" subtype="DATE"> July 1 </term> deadline may be waived upon agreement of the applicant and the chartering authority.</p>
          <p>D.An application shall include the total number of grades the charter school proposes to provide, either immediately or phased. A charter school may decrease the number of grades it eventually offers, but it shall not increase the number of grades or the total number of students proposed to be served in each grade.</p>
          <p>E.An application shall include a detailed description of the charter school's projected capital outlay needs, including projected requests for capital outlay assistance.</p>
          <p>F.An application for a start-up school may be made by one or more teachers, parents or community members or by a public post-secondary educational institution or nonprofit organization. <term type="NE" subtype="MISC"> Municipalities </term>, counties, private post-secondary educational institutions and for-profit business entities are not eligible to apply for or receive a charter.</p>
          <p>G.An initial application for a charter school shall not be made after <term type="NE" subtype="DATE"> June 30, 2007 </term> if the proposed charter school's proposed enrollment for all grades or the proposed charter school's proposed enrollment for all grades in combination with any other charter school's enrollment for all grades would equal or exceed <term type="NE" subtype="PERCENT"> ten percent </term> of the total MEM of the school district in which the charter school will be geographically located and that school district has a total enrollment of not more than one thousand three hundred students.</p>
          <p>H.A state-chartered charter school shall not be approved for operation unless its governing body has qualified to be a board of finance.</p>
          <p>J.The chartering authority shall hold at least one public -LSB-<hi rend="strikethrough">meeting</hi>]<hi rend="underlined">hearing</hi>in the school district in which the charter school is proposed to be located to obtain information and community input to assist it in its decision whether to grant a charter school application.<hi rend="underlined">The chartering authority may designate a subcommittee to hold the public hearing, and, if so, the hearing shall be transcribed for later review by other members of the chartering authority.</hi>Community input may include written or oral comments in favor of or in opposition to the application from the applicant, the local community and, for state-chartered charter schools, the local school board and school district in whose geographical boundaries the charter school is proposed to be located.<hi rend="strikethrough">meeting</hi><hi rend="underlined">hearing</hi><hi rend="underlined">The chartering authority may designate a subcommittee to hold the public hearing, and, if so, the hearing shall be transcribed for later review by other members of the chartering authority.</hi><hi rend="underlined">K.</hi><hi rend="underlined">provided, however, that prior to ruling on the application for which a designated subcommittee was used, any member of the chartering authority who was not <term type="NE" subtype="DATE"> present </term> at the public hearing shall review the transcript of the public hearing together with documents submitted for the public hearing</hi></p>
        </div2>
        <div2 type="section" n="2">
          <head>K.The chartering authority shall rule on the application for a charter school in a public meeting within <term type="NE" subtype="DURATION"> sixty days </term> after receiving the application; provided, however, that prior to ruling on the application for which a designated subcommittee was used, any member of the chartering authority who was not <term type="NE" subtype="DATE"> present </term> at the public hearing shall review the transcript of the public hearing together with documents submitted for the public hearing. If not ruled upon within <term type="NE" subtype="DURATION"> sixty days </term>, the charter application shall be automatically reviewed by the secretary in accordance with the provisions of Section 22-8B-7 NMSA <term type="NE" subtype="DATE"> 1978 </term>. The charter school applicant and the chartering authority may, however, jointly waive the deadlines set forth in this section.</head>
          <p>[<hi rend="strikethrough">K.</hi>]<hi rend="underlined">L.</hi>A chartering authority may approve, approve with conditions or deny an application. A chartering authority may deny an application if:<hi rend="strikethrough">K.</hi><hi rend="underlined">L.</hi></p>
          <p>(1)the application is incomplete or inadequate;</p>
          <p>(2)the application does not propose to offer an educational program consistent with the requirements and purposes of the Charter Schools Act;</p>
          <p>(3)the proposed head administrator or other administrative or fiscal staff was involved with another charter school whose charter was denied or revoked for fiscal mismanagement or the proposed head administrator or other administrative or fiscal staff was discharged from a public school for fiscal mismanagement;</p>
          <p>(4)for a proposed state-chartered charter school, it does not request to have the governing body of the charter school designated as a board of finance or the governing body does not qualify as a board of finance; or</p>
          <p>(5)the application is otherwise contrary to the best interests of the charter school's projected students, the local community or the school district in whose geographic boundaries the charter school applies to operate.</p>
          <p>[<hi rend="strikethrough">L.</hi>]<hi rend="underlined">M.</hi>If the chartering authority denies a charter school application or approves the application with conditions, it shall state its reasons for the denial or conditions in writing within fourteen days of the meeting. If the chartering authority grants a charter, the approved charter shall be provided to the applicant together with any imposed conditions.<hi rend="strikethrough">L.</hi><hi rend="underlined">M.</hi><hi rend="strikethrough">M.</hi><hi rend="underlined">N.</hi></p>
        </div2>
        <div2 type="section" n="3">
          <head>-LSB- M.-RSB- N.A charter school that has received a notice from the chartering authority denying approval of the charter shall have a right to a hearing by the secretary as provided in Section 22-8B-7 NMSA <term type="NE" subtype="DATE"> 1978 </term>.</head>
          <p>- <term type="NE" subtype="DATE"> 6 </term> -</p>
        </div2>
      </div1>
    </body>
  </text>
</TEI>
