<TEI xmlns="http://www.tei-c.org/ns/1.0">
  <teiHeader xml:lang="en">
    <fileDesc>
      <titleStmt>
        <title xml:id="NM-2008-S031"/>
        <author>Cynthia Nava    FOR THE LEGISLATIVE EDUCATION STUDY COMMITTEE  </author>
      </titleStmt>
      <editionStmt>
        <edition/>
      </editionStmt>
      <publicationStmt>
        <pubPlace>New Mexico</pubPlace>
        <idno>NM-2008-S031</idno>
        <date>2008</date>
      </publicationStmt>
      <sourceDesc>
        <bibl>https:\\www.nmlegis.gov\Sessions\08%20Regular\bills\senate\SB0031.html</bibl>
      </sourceDesc>
    </fileDesc>
  </teiHeader>
  <text xml:lang="en">
    <front>
      <div1 type="abstract">
        <head>AN ACT RELATING TO EDUCATION; INCLUDING STATE-SUPPORTED SCHOOLS IN THE DUAL CREDIT PROGRAM; PROVIDING FOR DUAL CREDIT COURSES TO BE TAKEN IN THE <term type="NE" subtype="DATE"> SUMMER </term> TERM.</head>
      </div1>
    </front>
    <body>
      <div1>
        <opener>
          <salute/>
        </opener>
        <div2 type="section" n="1">
          <head>Section 1. Section 21-1-1.</head>
          <p>" 21-1-1. 2.</p>
          <p>POST-SECONDARY CLASSES.--</p>
          <p>A.As used in this section, " dual credit program" means a program that allows high school students to enroll in college-level courses offered by a public post-secondary educational institution that may be academic or</p>
          <p>career-technical but not remedial or developmental, and simultaneously to earn credit toward high school graduation and a post-secondary degree or certificate.</p>
          <p>B.To be eligible to participate in a dual credit program, the student shall:</p>
          <p>(1)<hi rend="underlined">except as provided in Subsection C of this section</hi>, be enrolled in a regular public school, [<hi rend="strikethrough">or</hi>] charter school<hi rend="underlined">or state-supported school</hi>in one-half or more of the minimum course requirements approved by the public education department for public school students; and<hi rend="underlined">except as provided in Subsection C of this section</hi><hi rend="strikethrough">or</hi><hi rend="underlined">or state-supported school</hi></p>
          <p>(2)obtain permission from a school counselor, the school principal or head administrator of a charter school<hi rend="underlined">or state-supported school</hi>prior to enrolling in a dual credit course.<hi rend="underlined">or state-supported school</hi></p>
          <p><hi rend="underlined">C.A student who has met the eligibility criteria provided for in Subsection B of this section in a <term type="NE" subtype="DATE"> fall </term> or <term type="NE" subtype="DATE"> winter </term> semester, and who has not graduated or earned a general educational development certificate, may take courses for dual credit during the immediately succeeding <term type="NE" subtype="DATE"> summer </term> semester.</hi>C. A student who has met the eligibility criteria provided for in Subsection B of this section in a fall or winter semester, and who has not graduated or earned a general educational development certificate, may take courses for dual credit during the immediately succeeding summer semester.<hi rend="underlined">C.A student who has met the eligibility criteria provided for in Subsection B of this section in a <term type="NE" subtype="DATE"> fall </term> or <term type="NE" subtype="DATE"> winter </term> semester, and who has not graduated or earned a general educational development certificate, may take courses for dual credit during the immediately succeeding <term type="NE" subtype="DATE"> summer </term> semester.</hi></p>
          <p>[<hi rend="strikethrough">C.</hi>]<hi rend="underlined">D.</hi>The school district, [<hi rend="strikethrough">or</hi>] charter school<hi rend="underlined">or state-supported school</hi>that the student attends shall pay the cost of the required textbooks and other course supplies for the post-secondary course the student is enrolled in through purchase arrangements with the bookstore at the public post-secondary educational institution or other cost-efficient methods. The student shall return the textbooks and unused course supplies to the school district when the student completes the course or withdraws from the course.<hi rend="strikethrough">C.</hi><hi rend="underlined">D.</hi><hi rend="strikethrough">or</hi><hi rend="underlined">or state-supported school</hi></p>
          <p>[<hi rend="strikethrough">D.</hi>]<hi rend="underlined">E.</hi>A public post-secondary educational institution that participates in a dual credit program shall waive all general fees for dual credit courses.<hi rend="strikethrough">D.</hi><hi rend="underlined">E.</hi></p>
          <p>[<hi rend="strikethrough">E.</hi>]<hi rend="underlined">F.</hi>The higher education department shall revise procedures in the higher education funding formula to address enrollments in dual credit courses and to encourage institutions to waive tuition for high school students taking those courses.<hi rend="strikethrough">E.</hi><hi rend="underlined">F.</hi></p>
          <p>[<hi rend="strikethrough">F.</hi>]<hi rend="underlined">G.</hi>The higher education department and the public education department shall adopt and promulgate rules to implement a dual credit program that specify:<hi rend="strikethrough">F.</hi><hi rend="underlined">G.</hi></p>
          <p>(1)post-secondary courses that are eligible for dual credit;</p>
          <p>(2)conditions that apply, including:</p>
          <p>(a)the required academic standing and conduct of students enrolled in dual credit courses;</p>
          <p>(b)the semesters in which dual credit courses may be taken;</p>
          <p>(c)the nature of high school credit earned;</p>
          <p>(d)any caps on the number of courses, location of courses and provision of transcripts; and</p>
          <p>(e)an appeals process for a student who is denied permission to enroll in a dual credit course;</p>
          <p>(3)accommodations or other arrangements applicable to special education students;</p>
          <p>(4)the contents of the uniform master agreement, developed in collaboration with school districts, charter schools,<hi rend="underlined">state-supported schools</hi>and the public post-secondary educational institutions, that govern the roles, responsibilities and liabilities of the school district, [<hi rend="strikethrough">or</hi>] charter school<hi rend="underlined">or state-supported school</hi>; the institution; and the student and the student's family;<hi rend="underlined">state-supported schools</hi><hi rend="strikethrough">or</hi><hi rend="underlined">or state-supported school</hi></p>
          <p>(5)provisions for expanding dual credit opportunities through distance learning and other methods;</p>
          <p>(6)the means by which public high schools are required to inform students and parents about opportunities to participate in dual credit programs during student advisement, academic support and formulation of <term type="NE" subtype="SET"> annual </term> next step plans, as well as other methods; and</p>
          <p>(7)provisions for collecting and disseminating <term type="NE" subtype="SET"> annual </term> data, including:</p>
          <p>(a)the number of students taking dual credit courses;</p>
          <p>(b)the participating school districts, charter schools,<hi rend="underlined">state-supported schools</hi>and public post-secondary educational institutions;<hi rend="underlined">state-supported schools</hi></p>
          <p>(c)the courses taken and grades earned;</p>
          <p>(d)the high school graduation rates for participating school districts, -LSB-<hi rend="strikethrough">and</hi>] charter schools<hi rend="underlined">and state-supported schools</hi>;<hi rend="strikethrough">and</hi><hi rend="underlined">and state-supported schools</hi></p>
          <p>(e)the public post-secondary educational institutions that participating students ultimately attend; and</p>
          <p>(f)the cost of providing dual credit courses.</p>
          <p>[<hi rend="strikethrough">G.</hi>]<hi rend="underlined">H.</hi>The higher education department and the public education department shall evaluate<hi rend="underlined">the</hi>dual credit [<hi rend="strikethrough">programs</hi>]<hi rend="underlined">program</hi>in terms of [<hi rend="strikethrough">their</hi>]<hi rend="underlined">its</hi>accessibility to students statewide and [<hi rend="strikethrough">their</hi>]<hi rend="underlined">its</hi>effect on:<hi rend="strikethrough">G.</hi><hi rend="underlined">H.</hi><hi rend="underlined">the</hi><hi rend="strikethrough">programs</hi><hi rend="underlined">program</hi><hi rend="strikethrough">their</hi><hi rend="underlined">its</hi><hi rend="strikethrough">their</hi><hi rend="underlined">its</hi></p>
          <p><hi rend="underlined">(1)</hi>student achievement in secondary education [<hi rend="strikethrough">on</hi>];<hi rend="underlined">(1)</hi><hi rend="strikethrough">on</hi></p>
          <p><hi rend="underlined">(2)</hi>student enrollment and completion of higher education; and [<hi rend="strikethrough">on</hi>]<hi rend="underlined">(2)</hi><hi rend="strikethrough">on</hi></p>
          <p><hi rend="underlined">(3)</hi>school districts,<hi rend="underlined">charter schools, state-supported schools</hi>and public post-secondary educational institutions.<hi rend="underlined">(3)</hi><hi rend="underlined">charter schools, state-supported schools</hi></p>
          <p><hi rend="underlined">I.</hi>The departments shall make an annual report, including recommendations, to the governor and the legislature.<hi rend="underlined">I.</hi></p>
          <p><hi rend="underlined">J.The provisions of this section do not apply to the <term type="NE" subtype="LOCATION"> New Mexico </term> military institute.</hi>"<hi rend="underlined">J.The provisions of this section do not apply to the <term type="NE" subtype="LOCATION"> New Mexico </term> military institute.</hi></p>
          <p>- <term type="NE" subtype="DATE"> 5 </term> -</p>
        </div2>
      </div1>
    </body>
  </text>
</TEI>
