<TEI xmlns="http://www.tei-c.org/ns/1.0">
  <teiHeader xml:lang="en">
    <fileDesc>
      <titleStmt>
        <title xml:id="NM-2011-H411"/>
        <author>Luciano "Lucky" Varela      </author>
      </titleStmt>
      <editionStmt>
        <edition/>
      </editionStmt>
      <publicationStmt>
        <pubPlace>New Mexico</pubPlace>
        <idno>NM-2011-H411</idno>
        <date>2011</date>
      </publicationStmt>
      <sourceDesc>
        <bibl>https:\\www.nmlegis.gov\Sessions\11%20Regular\bills\house\HB0411.html</bibl>
      </sourceDesc>
    </fileDesc>
  </teiHeader>
  <text xml:lang="en">
    <front>
      <div1 type="abstract">
        <head>AN ACT RELATING TO PUBLIC MONEY; REQUIRING NOTIFICATIONS TO THE SECRETARY OF FINANCE AND ADMINISTRATION OF THE FAILURE TO TIMELY SUBMIT CERTAIN AUDITS OR CERTAIN FINANCIAL REPORTS; PROVIDING FOR PECUNIARY SANCTIONS AGAINST STATE AGENCIES AND STATE INSTITUTIONS FOR FAILING TO TIMELY SUBMIT AUDITS; PROVIDING FOR PECUNIARY SANCTIONS AGAINST MUNICIPALITIES AND COUNTIES FOR FAILING TO TIMELY SUBMIT AUDITS OR FINANCIAL REPORTS; RECONCILING MULTIPLE AMENDMENTS TO THE SAME SECTION OF LAW IN LAWS <term type="NE" subtype="DATE"> 2009 </term> </term>.</head>
      </div1>
    </front>
    <body>
      <div1>
        <opener>
          <salute/>
        </opener>
        <div2 type="section" n="1">
          <head>SECTION 1. Section 6-3-6 NMSA <term type="NE" subtype="DATE"> 1978 </term> (being Laws <term type="NE" subtype="DATE"> 1957 </term>, Chapter 253, Section 7, as amended)is amended to read:</head>
          <p>" 6-3-6. STATE BUDGET DIVISION -- PERIODIC ALLOTMENTS.<hi rend="underlined">A.</hi><hi rend="strikethrough">regulations</hi><hi rend="underlined">rules</hi><hi rend="underlined">B.</hi><hi rend="strikethrough">11-4-1.1 NMSA <term type="NE" subtype="DATE"> 1953 </term></hi><hi rend="underlined">6-3-1 NMSA <term type="NE" subtype="DATE"> 1978 </term></hi><hi rend="strikethrough"><term type="NE" subtype="DURATION"> six-months </term></hi><hi rend="underlined"><term type="NE" subtype="DURATION"> six-month </term></hi><hi rend="strikethrough">shall</hi><hi rend="underlined">does</hi><hi rend="underlined"><term type="NE" subtype="LOCATION"> New Mexico </term></hi><hi rend="strikethrough"><term type="NE" subtype="MISC"> Indian </term></hi><hi rend="underlined"><term type="NE" subtype="LOCATION"> New Mexico </term></hi><hi rend="strikethrough"><term type="NE" subtype="MISC"> Indian </term></hi><hi rend="underlined">office</hi><hi rend="underlined"><term type="NE" subtype="LOCATION"> New Mexico </term></hi><hi rend="strikethrough"><term type="NE" subtype="DURATION"> six-months </term>'</hi><hi rend="underlined"><term type="NE" subtype="DURATION"> six-month </term></hi><hi rend="underlined">C.Upon the direction of the secretary of finance and administration pursuant to Section 9-6-5. 2 NMSA <term type="NE" subtype="DATE"> 1978 </term>, the state budget division shall temporarily withhold an allotment to a state agency or state institution that has failed to submit an audit report required by the Audit Act. The amount withheld and the number of periodic allotments subject to the withholding shall be as directed by the secretary.</hi></p>
        </div2>
        <div2 type="section" n="2">
          <head>A.The state budget division, subject to the approval of the secretary of finance and administration, is authorized to provide -LSB- regulations]rules for the periodic allotment of funds that may be expended by any state agency. B.The expenditures of any state agency as defined in Section -LSB- 11-4-1. 1 NMSA <term type="NE" subtype="DATE"> 1953 </term>]6-3-1 NMSA <term type="NE" subtype="DATE"> 1978 </term>, for the <term type="NE" subtype="ORDINAL"> first </term> -LSB- <term type="NE" subtype="DURATION"> six-months </term>]<term type="NE" subtype="DURATION"> six-month </term> period of each odd-numbered fiscal <term type="NE" subtype="DURATION"> year </term> shall be limited to one-half of the appropriation or approved budget, whichever is less, for that fiscal <term type="NE" subtype="DURATION"> year </term>. This restriction -LSB- shall]does not apply to those agencies whose operations are more efficiently measured by periods other than a fiscal <term type="NE" subtype="DURATION"> year </term>, including but not limited to the <term type="NE" subtype="LOCATION"> New Mexico </term> legislative council, legislative committees, the intertribal -LSB- <term type="NE" subtype="MISC"> Indian </term>]ceremonial and the <term type="NE" subtype="LOCATION"> New Mexico </term> state fair. Expenditures of the intertribal -LSB- <term type="NE" subtype="MISC"> Indian </term>]ceremonial office and the <term type="NE" subtype="LOCATION"> New Mexico </term> state fair shall be governed by regulation of the department of finance and administration. The department of finance and administration may also allow expenditure of more than one-half of the appropriation or approved budget for those agencies planning major expenditures for capital outlay in <term type="NE" subtype="DATE"> the first six months of the fiscal year </term>, which would result in over-expenditure of the <term type="NE" subtype="ORDINAL"> first </term> -LSB- <term type="NE" subtype="DURATION"> six-months </term>']<term type="NE" subtype="DURATION"> six-month </term> allocation.</head>
        </div2>
        <div2 type="section" n="3">
          <head>C.Upon the direction of the secretary of finance and administration pursuant to Section 9-6-5. 2 NMSA <term type="NE" subtype="DATE"> 1978 </term>, the state budget division shall temporarily withhold an allotment to a state agency or state institution that has failed to submit an audit report required by the Audit Act. The amount withheld and the number of periodic allotments subject to the withholding shall be as directed by the secretary.</head>
        </div2>
        <div2 type="section" n="4">
          <head>SECTION 2. Section 6-6-2 NMSA <term type="NE" subtype="DATE"> 1978 </term> (being Laws <term type="NE" subtype="DATE"> 1957 </term>, Chapter 250, Section 2, as amended)is amended to read:</head>
          <p>" 6-6-2. LOCAL GOVERNMENT DIVISION -- POWERS AND DUTIES.</p>
          <p>A.require each local public body to furnish and file with the division, on or before <term type="NE" subtype="DATE"> June 1 </term> of <term type="NE" subtype="SET"> each year </term>, a proposed budget for <term type="NE" subtype="DATE"> the next fiscal year </term>;</p>
          <p>B.examine each proposed budget and, on or before <term type="NE" subtype="DATE"> July 1 </term> of <term type="NE" subtype="SET"> each year </term>, approve and certify to each local public body an operating budget for use pending approval of a final budget;</p>
          <p>C.hold public hearings on proposed budgets;</p>
          <p>D.make corrections, revisions and amendments to the proposed budgets as may be necessary to meet the requirements of law;</p>
          <p>E.certify a final budget for each local public body to the appropriate governing body prior to <term type="NE" subtype="DATE"> the first Monday in September </term> of <term type="NE" subtype="SET"> each year </term>.</p>
          <p>F.require periodic financial reports, at least <term type="NE" subtype="SET"> quarterly </term>, of local public bodies.</p>
          <p><hi rend="underlined">G.notify the secretary of finance and administration if a municipality or county has failed to submit two consecutive financial reports required by Subsection F of this section;</hi>G. notify the secretary of finance and administration if a municipality or county has failed to submit two consecutive financial reports required by Subsection F of this section;<hi rend="underlined">G.notify the secretary of finance and administration if a municipality or county has failed to submit two consecutive financial reports required by Subsection F of this section;</hi></p>
          <p>[<hi rend="strikethrough">G.</hi>]<hi rend="underlined">H.</hi>upon the approval of the secretary of finance and administration, authorize the transfer of funds from one budget item to another when the transfer is requested and a need exists meriting the transfer and the transfer is not prohibited by law. In case of a need necessitating the expenditure for an item not provided for in the budget, upon approval of the secretary of finance and administration, the budget may be revised to authorize the expenditures;<hi rend="strikethrough">G.</hi><hi rend="underlined">H.</hi></p>
          <p>[<hi rend="strikethrough">H.</hi>]<hi rend="underlined">I.</hi>with written approval of the secretary of finance and administration, increase the total budget of any local public body in the event the local public body undertakes an activity, service, project or construction program that was not contemplated at the time the final budget was adopted and approved and which activity, service, project or construction program will produce sufficient revenue to cover the increase in the budget or the local public body has surplus funds on hand not necessary to meet the expenditures provided for in the budget with which to cover the increase in the budget; provided, however, that the attorney general shall review legal questions identified by the secretary arising in connection with such budget increase requests;<hi rend="strikethrough">H.</hi><hi rend="underlined">I.</hi></p>
          <p>[<hi rend="strikethrough">I.</hi>]<hi rend="underlined">J.</hi>supervise the disbursement of funds to the end that expenditures will not be made in excess of budgeted items or for items not budgeted and that there will not be illegal expenditures;<hi rend="strikethrough">I.</hi><hi rend="underlined">J.</hi></p>
          <p>[<hi rend="strikethrough">J.</hi>]<hi rend="underlined">K.</hi>prescribe the form for all budgets, books, records and accounts for local public bodies; and<hi rend="strikethrough">J.</hi><hi rend="underlined">K.</hi></p>
          <p>[<hi rend="strikethrough">K.</hi>]<hi rend="underlined">L.</hi>with the approval of the secretary of finance and administration, make rules relating to budgets, records, reports, handling and disbursement of public funds or in any manner relating to the financial affairs of the local public bodies."<hi rend="strikethrough">K.</hi><hi rend="underlined">L.</hi></p>
        </div2>
        <div2 type="section" n="5">
          <head>SECTION 3. Section 7-1-6.</head>
          <p>" 7-1-6. 15. ADJUSTMENTS OF DISTRIBUTIONS OR TRANSFERS TO MUNICIPALITIES OR COUNTIES.</p>
          <p>A.The provisions of this section apply to:</p>
        </div2>
        <div2 type="section" n="6">
          <head>(1)any distribution to a municipality of gross receipts taxes pursuant to Section 7-1-6. 4 <term type="NE" subtype="ORGANIZATION"> NMSA </term> <term type="NE" subtype="DATE"> 1978 </term> or of interstate telecommunications gross receipts tax pursuant to Section 7-1-6.</head>
          <p>(2)any transfer to a municipality with respect to any local option gross receipts tax imposed by that municipality;</p>
          <p>(3)any transfer to a county with respect to any local option gross receipts tax imposed by that county;</p>
        </div2>
        <div2 type="section" n="7">
          <head>(4)any distribution to a county pursuant to Section 7-1-6.16 NMSA <term type="NE" subtype="DATE"> 1978 </term>;</head>
        </div2>
        <div2 type="section" n="8">
          <head>(5)any distribution to a municipality or a county of gasoline taxes pursuant to Section 7-1-6.9 NMSA <term type="NE" subtype="DATE"> 1978 </term>;</head>
          <p>(6)any transfer to a county with respect to any tax imposed in accordance with the Local Liquor Excise Tax Act;</p>
        </div2>
        <div2 type="section" n="9">
          <head>(7)any distribution to a municipality or a county of cigarette taxes pursuant to Sections 7-1-6.11, <term type="NE" subtype="DATE"> 7-12-15 </term> and <term type="NE" subtype="DATE"> 7-12-16 </term> NMSA <term type="NE" subtype="DATE"> 1978 </term>;</head>
        </div2>
        <div2 type="section" n="10">
          <head>(8)any distribution to a county from the county government road fund pursuant to Section 7-1-6.26 NMSA <term type="NE" subtype="DATE"> 1978 </term>;</head>
        </div2>
        <div2 type="section" n="11">
          <head>(9)any distribution to a municipality of gasoline taxes pursuant to Section 7-1-6.27 NMSA <term type="NE" subtype="DATE"> 1978 </term>; and</head>
        </div2>
        <div2 type="section" n="12">
          <head>(10)any distribution to a municipality of compensating taxes pursuant to Section 7-1-6. 55 NMSA <term type="NE" subtype="DATE"> 1978 </term>.</head>
          <p>B.If the secretary determines that any prior distribution or transfer to a political subdivision was erroneous, the secretary shall increase or decrease the next distribution or transfer amount for that political subdivision after the determination, except as provided in Subsection C, D or E of this section, by the amount necessary to correct the error. Subject to the provisions of Subsection E of this section, the secretary shall notify the political subdivision of the amount of each increase or decrease.</p>
          <p>C.No decrease shall be made to <term type="NE" subtype="DATE"> current </term> or <term type="NE" subtype="DATE"> future </term> distributions or transfers to a political subdivision for any excess distribution or transfer made to that political subdivision <term type="NE" subtype="DURATION"> more than one year </term> prior to the calendar <term type="NE" subtype="DURATION"> year </term> in which the determination of the secretary was made.</p>
          <p>D.The secretary, in lieu of recovery from the next distribution or transfer amount, may recover an excess distribution or transfer of <term type="NE" subtype="MONEY"> one hundred dollars </term> (<term type="NE" subtype="MONEY"> $ 100 </term>)or more to the political subdivision in installments from <term type="NE" subtype="DATE"> current </term> and <term type="NE" subtype="DATE"> future </term> distributions or transfers to that political subdivision pursuant to an agreement with the officials of the political subdivision whenever the amount of the distribution or transfer decrease for the political subdivision exceeds <term type="NE" subtype="PERCENT"> ten percent </term> of the average distribution or transfer amount for that political subdivision for <term type="NE" subtype="DURATION"> the twelve months </term> preceding <term type="NE" subtype="DATE"> the month </term> in which the secretary's determination is made; provided that for the purposes of this subsection, the " average distribution or transfer amount" shall be the arithmetic mean of the distribution or transfer amounts within <term type="NE" subtype="DURATION"> the twelve months </term> immediately preceding <term type="NE" subtype="DATE"> the month </term> in which the determination is made.</p>
          <p>E.Except for the provisions of this section, if the amount by which a distribution or transfer would be adjusted pursuant to Subsection B of this section is <term type="NE" subtype="MONEY"> one hundred dollars </term> (<term type="NE" subtype="MONEY"> $ 100 </term>)or less, no adjustment or notice need be made.</p>
          <p>F.The secretary is authorized to decrease a distribution to a municipality or county upon being directed to do so by the secretary of finance and administration pursuant to the <term type="NE" subtype="MISC"> State Aid Intercept Act </term> or to redirect a distribution to the <term type="NE" subtype="LOCATION"> New Mexico </term> finance authority pursuant to an ordinance or a resolution passed by the county or municipality and a written agreement of the municipality or county and the <term type="NE" subtype="LOCATION"> New Mexico </term> finance authority. Upon direction to decrease a distribution or notice to redirect a distribution to a municipality or county, the secretary shall decrease or redirect the next designated distribution, and succeeding distributions as necessary, by the amount of the state distributions intercept authorized by the secretary of finance and administration pursuant to the <term type="NE" subtype="MISC"> State Aid Intercept Act </term> or by the amount of the state distribution intercept authorized pursuant to an ordinance or a resolution passed by the county or municipality and a written agreement with the <term type="NE" subtype="LOCATION"> New Mexico </term> finance authority. The secretary shall transfer the state distributions intercept amount to the municipal or county treasurer or other person designated by the secretary of finance and administration or to the <term type="NE" subtype="LOCATION"> New Mexico </term> finance authority pursuant to written agreement to pay the debt service to avoid default on qualified local revenue bonds or meet other local revenue bond, loan or other debt obligations of the municipality or county to the <term type="NE" subtype="LOCATION"> New Mexico </term> finance authority.<hi rend="underlined">G.Upon the direction of the secretary of finance and administration pursuant to Section 9-6-5. 2 NMSA <term type="NE" subtype="DATE"> 1978 </term>, the secretary shall temporarily withhold a distribution to a municipality or county that has failed to submit an audit report required by the <term type="NE" subtype="MISC"> Audit Act </term> or a financial report required by <term type="NE" subtype="ORGANIZATION"> Subsection F of Section </term> 6-6-2 NMSA <term type="NE" subtype="DATE"> 1978 </term>. The amount to be withheld, the source of the withheld distribution and the number of <term type="NE" subtype="DURATION"> months </term> that the distribution is to be withheld shall be as directed by the secretary of finance and administration. A distribution withheld pursuant to this subsection shall remain in the tax administration suspense fund until distributed to the municipality or county and shall not be distributed to the general fund.</hi><hi rend="strikethrough">1 through 7 of this act</hi><hi rend="underlined">9-6-1 through 9-6-5.2 and <term type="NE" subtype="DATE"> 9-6-15 </term> NMSA <term type="NE" subtype="DATE"> 1978 </term></hi></p>
        </div2>
        <div2 type="section" n="13">
          <head>G.Upon the direction of the secretary of finance and administration pursuant to Section 9-6-5. 2 NMSA <term type="NE" subtype="DATE"> 1978 </term>, the secretary shall temporarily withhold a distribution to a municipality or county that has failed to submit an audit report required by the <term type="NE" subtype="MISC"> Audit Act </term> or a financial report required by <term type="NE" subtype="ORGANIZATION"> Subsection F of Section </term> 6-6-2 NMSA <term type="NE" subtype="DATE"> 1978 </term>. The amount to be withheld, the source of the withheld distribution and the number of <term type="NE" subtype="DURATION"> months </term> that the distribution is to be withheld shall be as directed by the secretary of finance and administration. A distribution withheld pursuant to this subsection shall remain in the tax administration suspense fund until distributed to the municipality or county and shall not be distributed to the general fund.</head>
        </div2>
        <div2 type="section" n="14">
          <head>SECTION 4. Section 9-6-1 NMSA <term type="NE" subtype="DATE"> 1978 </term> (being Laws <term type="NE" subtype="DATE"> 1977 </term>, Chapter 247, Section 1)is amended to read:</head>
        </div2>
        <div2 type="section" n="15">
          <head>" 9-6-1. SHORT TITLE.-- Sections -LSB- 1 through 7 of this act]9-6-1 through 9-6-5. 2 and <term type="NE" subtype="DATE"> 9-6-15 </term> NMSA <term type="NE" subtype="DATE"> 1978 may </term> be cited as the " Department of Finance and Administration Act".</head>
        </div2>
        <div2 type="section" n="16">
          <head>SECTION 5. A new section of the Department of Finance and Administration Act, Section 9-6-5.</head>
          <p>" 9-6-5. 2.<hi rend="underlined">NEW MATERIAL</hi>] FAILURE TO TIMELY SUBMIT AUDIT REPORTS OR FINANCIAL REPORTS--ENFORCEMENT POWERS OF SECRETARY.--<hi rend="underlined">NEW MATERIAL</hi></p>
        </div2>
        <div2 type="section" n="17">
          <head>A.Upon notification by the state auditor pursuant to <term type="NE" subtype="ORGANIZATION"> Subsection G of Section </term> 12-6-3 NMSA <term type="NE" subtype="DATE"> 1978 </term> that a state agency, state institution, municipality or county has failed to submit an audit report as required by the <term type="NE" subtype="MISC"> Audit Act </term>, the secretary of finance and administration shall order the agency, institution, municipality or county to submit <term type="NE" subtype="SET"> monthly </term> financial reports to the department of finance and administration until all past-due audit reports have been submitted to the state auditor and the secretary is satisfied that the agency, institution, municipality or county is in compliance with all financial and audit requirements.</head>
        </div2>
        <div2 type="section" n="18">
          <head>B.If, <term type="NE" subtype="DURATION"> ninety days </term> after an order has been issued pursuant to Subsection A of this section to a state agency or state institution subject to periodic allotments, the agency or institution has not submitted all past-due reports or has not otherwise made progress, satisfactory to the state auditor, toward compliance with the <term type="NE" subtype="MISC"> Audit Act </term>, the secretary may direct the state budget division to temporarily withhold periodic allotments to the agency or institution pursuant to Section 6-3-6 NMSA <term type="NE" subtype="DATE"> 1978 </term>.</head>
          <p>(1)the initial amount withheld shall not exceed <term type="NE" subtype="PERCENT"> five percent </term> of the allotment and shall be for a period of <term type="NE" subtype="DURATION"> no more than three months </term>;</p>
          <p>(2)<term type="NE" subtype="SET"> every three months </term>, the secretary shall determine if the agency or institution has submitted all past-due audit reports or has otherwise made progress, satisfactory to the state auditor, toward compliance with the <term type="NE" subtype="MISC"> Audit Act </term>. If the secretary determines that past-due reports have not been submitted and that there has been inadequate progress, the secretary may direct that the amount being <term type="NE" subtype="DATE"> currently </term> withheld be increased by an additional amount, up to another <term type="NE" subtype="PERCENT"> five percent </term> of the allotment, for an additional period of <term type="NE" subtype="DURATION"> up to three months </term>; and</p>
          <p>(3)upon a determination that all past-due audit reports have been submitted or that the agency or institution is otherwise making progress, satisfactory to the state auditor, toward compliance with the <term type="NE" subtype="MISC"> Audit Act </term>, the secretary shall direct that all withheld amounts be distributed to the agency or institution and that <term type="NE" subtype="DATE"> future </term> allotments shall be made in full.</p>
        </div2>
        <div2 type="section" n="19">
          <head>C.If, <term type="NE" subtype="DURATION"> ninety days </term> after an order has been issued pursuant to Subsection A of this section to a municipality or county, the municipality or county has not submitted all past-due reports or has not otherwise made progress, satisfactory to the state auditor, toward compliance with the <term type="NE" subtype="MISC"> Audit Act </term>, the secretary may direct the secretary of taxation and revenue to temporarily withhold distributions to the municipality or county pursuant to Section 7-1-6. 15 NMSA <term type="NE" subtype="DATE"> 1978 </term>.</head>
          <p>(1)transfers to a county or municipality of receipts from any local option gross receipts tax or from a tax imposed pursuant to the <term type="NE" subtype="MISC"> Local Liquor Excise Tax Act </term> shall not be withheld;</p>
          <p>(2)the source and amount of a withheld distribution shall be determined in a manner that will not:</p>
          <p>(a)impair any outstanding bonds or other obligations of the municipality or county; or</p>
          <p>(b)interrupt a redirected distribution to the <term type="NE" subtype="LOCATION"> New Mexico </term> finance authority pursuant to an ordinance or a resolution passed by the county or municipality and a written agreement of the municipality or county and the <term type="NE" subtype="LOCATION"> New Mexico </term> finance authority;</p>
          <p>(3)the initial amount withheld shall not exceed <term type="NE" subtype="PERCENT"> five percent </term> of the amount that would otherwise be distributed to the municipality or county pursuant to the <term type="NE" subtype="MISC"> Tax Administration Act </term> and shall be for a period of <term type="NE" subtype="DURATION"> no more than three months </term>;</p>
          <p>(4)<term type="NE" subtype="SET"> every three months </term>, the secretary of finance and administration shall determine if the municipality or county has submitted all past-due audit reports or has otherwise made progress, satisfactory to the state auditor, toward compliance with the <term type="NE" subtype="MISC"> Audit Act </term>. If the secretary determines that past-due reports have not been submitted and that there has been inadequate progress, the secretary may direct that the amount being <term type="NE" subtype="DATE"> currently </term> withheld be increased by an additional amount, up to another <term type="NE" subtype="PERCENT"> five percent </term> of the amount that would otherwise be distributed, for an additional period of <term type="NE" subtype="DURATION"> up to three months </term>; and</p>
          <p>(5)upon a determination that all past-due audit reports have been submitted or that the municipality or county is otherwise making progress, satisfactory to the state auditor, toward compliance with the <term type="NE" subtype="MISC"> Audit Act </term>, the secretary shall direct that all withheld amounts be distributed to the municipality or county and that <term type="NE" subtype="DATE"> future </term> distributions shall be made in full.</p>
        </div2>
        <div2 type="section" n="20">
          <head>D.After receiving notice from the local government division of the department of finance and administration required by <term type="NE" subtype="ORGANIZATION"> Subsection G of Section </term> 6-6-2 NMSA <term type="NE" subtype="DATE"> 1978 </term> that a municipality or county has failed to submit two consecutive financial reports pursuant to Subsection F of that section, the secretary may direct the secretary of taxation and revenue to temporarily withhold distributions to the municipality or county pursuant to Section 7-1-6. 15 NMSA <term type="NE" subtype="DATE"> 1978 </term>.</head>
          <p>which the distributions are to be withheld shall be determined by the secretary of finance and administration subject to the following guidelines:</p>
          <p>(1)transfers to a county or municipality of receipts from any local option gross receipts tax or from a tax imposed pursuant to the <term type="NE" subtype="MISC"> Local Liquor Excise Tax Act </term> shall not be withheld;</p>
          <p>(2)the source and amount of a withheld distribution shall be determined in a manner that will not:</p>
          <p>(a)impair any outstanding bonds or other obligations of the municipality or county; or</p>
          <p>(b)interrupt a redirected distribution</p>
          <p>to the <term type="NE" subtype="LOCATION"> New Mexico </term> finance authority pursuant to an ordinance or</p>
          <p>a resolution passed by the county or municipality and a written</p>
          <p>agreement of the municipality or county and the <term type="NE" subtype="LOCATION"> New Mexico </term> finance authority;</p>
          <p>(3)the initial amount withheld shall not exceed <term type="NE" subtype="PERCENT"> five percent </term> of the amount that would otherwise be distributed to the municipality or county pursuant to the <term type="NE" subtype="MISC"> Tax Administration Act </term> and shall be for a period of <term type="NE" subtype="DURATION"> no more than three months </term>;</p>
          <p>(4)<term type="NE" subtype="SET"> every three months </term>, the secretary of finance and administration shall determine if the municipality or county has submitted all past-due financial reports or has otherwise made progress, satisfactory to the local government division, toward compliance with the law. If the secretary determines that past-due reports have not been submitted and that there has been inadequate progress, the secretary may direct that the amount being <term type="NE" subtype="DATE"> currently </term> withheld be increased by an additional amount, up to another <term type="NE" subtype="PERCENT"> five percent </term> of the amount that would otherwise be distributed, for an additional period of <term type="NE" subtype="DURATION"> up to three months </term>; and</p>
          <p>(5)upon a determination that all past-due financial reports have been submitted or that the municipality or county is otherwise making progress, satisfactory to the local government division, toward compliance with the law, the secretary shall direct that all withheld amounts be distributed to the municipality or county and that <term type="NE" subtype="DATE"> future </term> distributions shall be made in full."</p>
        </div2>
        <div2 type="section" n="21">
          <head>SECTION 6. Section 12-6-3 NMSA <term type="NE" subtype="DATE"> 1978 </term> (being Laws <term type="NE" subtype="DATE"> 1969 </term>, Chapter 68, Section 3, as amended by Laws <term type="NE" subtype="DATE"> 2009 </term>, Chapter 273, Section 1 and by Laws <term type="NE" subtype="DATE"> 2009 </term>, Chapter 283, Section 3)is amended to read:</head>
          <p>" 12-6-3. <term type="NE" subtype="SET"> ANNUAL </term> AND SPECIAL AUDITS -- FINANCIAL EXAMINATIONS.</p>
          <p>A.Except as otherwise provided in Subsection B of this section, the financial affairs of every agency shall be thoroughly examined and audited <term type="NE" subtype="SET"> each year </term> by the state auditor, personnel of the state auditor's office designated by the state auditor or independent auditors approved by the state auditor. The comprehensive <term type="NE" subtype="SET"> annual </term> financial report for the state shall be thoroughly examined and audited <term type="NE" subtype="SET"> each year </term> by the state auditor, personnel of the state auditor's office designated by the state auditor or independent auditors approved by the state auditor. The audits shall be conducted in accordance with generally accepted auditing standards and rules issued by the state auditor.</p>
          <p>B.The examination of the financial affairs of a local public body shall be determined according to its <term type="NE" subtype="SET"> annual </term> revenue <term type="NE" subtype="SET"> each year </term>.<hi rend="strikethrough">accounting</hi>]<hi rend="underlined">auditing</hi>standards and rules issued by the state auditor. If a local public body has an annual revenue, calculated on a cash basis of accounting, exclusive of capital outlay funds, federal or private grants or capital outlay funds disbursed directly by an administrating agency, of:<hi rend="strikethrough">accounting</hi><hi rend="underlined">auditing</hi></p>
          <p>(1)less than <term type="NE" subtype="MONEY"> ten thousand dollars </term> (<term type="NE" subtype="MONEY"> $ 10,000 </term>)and does not directly expend at least <term type="NE" subtype="PERCENT"> fifty percent </term> of, or the remainder of, a single capital outlay award, it is exempt from submitting and filing <term type="NE" subtype="SET"> quarterly </term> reports and final budgets for approval to the local government division of the department of finance and administration and from any financial reporting to the state auditor;</p>
        </div2>
        <div2 type="section" n="22">
          <head>(2)at least <term type="NE" subtype="MONEY"> ten thousand dollars </term> (<term type="NE" subtype="MONEY"> $ 10,000 </term>)but less than <term type="NE" subtype="MONEY"> fifty thousand dollars </term> (<term type="NE" subtype="MONEY"> $ 50,000 </term>), it shall comply only with the applicable provisions of Section 6-6-3 NMSA <term type="NE" subtype="DATE"> 1978 </term>;</head>
          <p>(3)less than <term type="NE" subtype="MONEY"> fifty thousand dollars </term> (<term type="NE" subtype="MONEY"> $ 50,000 </term>)and directly expends at least <term type="NE" subtype="PERCENT"> fifty percent </term> of, or the remainder of, a single capital outlay award, it shall submit to the state auditor a financial report consistent with agreed-upon procedures for financial reporting that are:</p>
          <p>(a)focused solely on the capital outlay funds directly expended;</p>
          <p>(b)economically feasible for the affected local public body; and</p>
          <p>(c)determined by the state auditor after consultation with the affected local public body;</p>
          <p>(4)at least <term type="NE" subtype="MONEY"> fifty thousand dollars </term> (<term type="NE" subtype="MONEY"> $ 50,000 </term>)but not more than <term type="NE" subtype="MONEY"> two hundred fifty thousand dollars </term> (<term type="NE" subtype="MONEY"> $ 250,000 </term>), it shall submit to the state auditor, at a minimum, a financial report that includes a schedule of cash basis comparison and that is consistent with agreed-upon procedures for financial reporting that are:</p>
          <p>(a)narrowly tailored to the affected local public body;</p>
          <p>(b)economically feasible for the affected local public body; and</p>
          <p>(c)determined by the state auditor after consultation with the affected local public body;</p>
          <p>(5)at least <term type="NE" subtype="MONEY"> fifty thousand dollars </term> (<term type="NE" subtype="MONEY"> $ 50,000 </term>)but not more than <term type="NE" subtype="MONEY"> two hundred fifty thousand dollars </term> (<term type="NE" subtype="MONEY"> $ 250,000 </term>)and expends any capital outlay funds, it shall submit to the state auditor, at a minimum, a financial report that includes a schedule of cash basis comparison and a test sample of expended capital outlay funds and that is consistent with agreed-upon procedures for financial reporting that are:</p>
          <p>(a)narrowly tailored to the affected local public body;</p>
          <p>(b)economically feasible for the affected local public body; and</p>
          <p>(c)determined by the state auditor after consultation with the affected local public body;</p>
          <p>(6)at least <term type="NE" subtype="MONEY"> two hundred fifty thousand dollars </term> (<term type="NE" subtype="MONEY"> $ 250,000 </term>)but not more than <term type="NE" subtype="MONEY"> five hundred thousand dollars </term> (<term type="NE" subtype="MONEY"> $ 500,000 </term>), it shall submit to the state auditor, at a minimum, a compilation of financial statements and a financial report consistent with agreed-upon procedures for financial reporting that are:</p>
          <p>(a)economically feasible for the affected local public body; and</p>
          <p>(b)determined by the state auditor after consultation with the affected local public body; or</p>
          <p>(7)<term type="NE" subtype="MONEY"> five hundred thousand dollars </term> (<term type="NE" subtype="MONEY"> $ 500,000 </term>)or more, it shall be thoroughly examined and audited as required by Subsection A of this section.</p>
          <p>C.In addition to the <term type="NE" subtype="SET"> annual </term> audit, the state auditor may cause the financial affairs and transactions of an agency to be audited in whole or in part.</p>
        </div2>
        <div2 type="section" n="23">
          <head>D.<term type="NE" subtype="SET"> Annual </term> financial and compliance audits of agencies under the oversight of the financial control division of the department of finance and administration shall be completed and submitted by an agency and independent auditor to the state auditor no later than <term type="NE" subtype="DURATION"> sixty days </term> after the state auditor receives notification from the financial control division to the effect that an agency's books and records are ready and available for audit. The local government division of the department of finance and administration shall inform the state auditor of the compliance or failure to comply by a local public body with the provisions of Section 6-6-3 NMSA <term type="NE" subtype="DATE"> 1978 </term>.</head>
          <p>regional housing authority, at the public housing authority's discretion, may be audited separately from the audit of its local primary government entity. If a separate audit is made, the public housing authority audit shall be included in the local primary government entity audit and need not be conducted by the same auditor who audits the financial affairs of the local primary government entity.</p>
          <p>[<hi rend="strikethrough">E.</hi>]<hi rend="underlined">F.</hi>The state auditor shall notify the<hi rend="underlined">legislative finance committee and the</hi>public education department [<hi rend="strikethrough">within <term type="NE" subtype="DURATION"> ten days </term> when</hi>]<hi rend="underlined">if:</hi>if:<hi rend="strikethrough">E.</hi><hi rend="underlined">F.</hi><hi rend="underlined">legislative finance committee and the</hi><hi rend="strikethrough">within <term type="NE" subtype="DURATION"> ten days </term> when</hi><hi rend="underlined">if:</hi></p>
          <p><hi rend="underlined">(1)</hi>a school district, charter school or regional education cooperative [<hi rend="strikethrough">fails</hi>]<hi rend="underlined">has failed</hi>to submit a required audit report within ninety days of the due date specified by the state auditor;<hi rend="underlined">and</hi>and<hi rend="underlined">(1)</hi><hi rend="strikethrough">fails</hi><hi rend="underlined">has failed</hi><hi rend="underlined">and</hi></p>
          <p><hi rend="underlined">(2)the state auditor has investigated the matter and attempted to negotiate with the school district, charter school or regional education cooperative but the school district, charter school or regional education cooperative has not made satisfactory progress toward compliance with the Audit Act.</hi>(2) the state auditor has investigated the matter and attempted to negotiate with the school district, charter school or regional education cooperative but the school district, charter school or regional education cooperative has not made satisfactory progress toward compliance with the Audit Act.<hi rend="underlined">(2)the state auditor has investigated the matter and attempted to negotiate with the school district, charter school or regional education cooperative but the school district, charter school or regional education cooperative has not made satisfactory progress toward compliance with the Audit Act.</hi></p>
          <p><hi rend="underlined">G.The state auditor shall notify the legislative finance committee and the secretary of finance and administration if:</hi>G. The state auditor shall notify the legislative finance committee and the secretary of finance and administration if:<hi rend="underlined">G.The state auditor shall notify the legislative finance committee and the secretary of finance and administration if:</hi></p>
          <p><hi rend="underlined">(1)a state agency, state institution, municipality or county has failed to submit a required audit report within <term type="NE" subtype="DURATION"> ninety days </term> of the due date specified by the state auditor; and</hi>(1) a state agency, state institution, municipality or county has failed to submit a required audit report within ninety days of the due date specified by the state auditor; and<hi rend="underlined">(1)a state agency, state institution, municipality or county has failed to submit a required audit report within <term type="NE" subtype="DURATION"> ninety days </term> of the due date specified by the state auditor; and</hi></p>
          <p><hi rend="underlined">(2)the state auditor has investigated the matter and attempted to negotiate with the state agency, state institution, municipality or county but the state agency, state institution, municipality or county has not made satisfactory progress toward compliance with the Audit Act.</hi>"<hi rend="underlined">(2)the state auditor has investigated the matter and attempted to negotiate with the state agency, state institution, municipality or county but the state agency, state institution, municipality or county has not made satisfactory progress toward compliance with the Audit Act.</hi></p>
        </div2>
        <div2 type="section" n="24">
          <head>SECTION 7. EFFECTIVE DATE.-- The effective date of the provisions of this act is <term type="NE" subtype="DATE"> July 1, 2012 </term>.</head>
          <p>- <term type="NE" subtype="DATE"> 21 </term> -</p>
        </div2>
      </div1>
    </body>
  </text>
</TEI>
