<TEI xmlns="http://www.tei-c.org/ns/1.0">
  <teiHeader xml:lang="en">
    <fileDesc>
      <titleStmt>
        <title xml:id="NM-2009-H322"/>
        <author>Janice E. Arnold-Jones      </author>
      </titleStmt>
      <editionStmt>
        <edition/>
      </editionStmt>
      <publicationStmt>
        <pubPlace>New Mexico</pubPlace>
        <idno>NM-2009-H322</idno>
        <date>2009</date>
      </publicationStmt>
      <sourceDesc>
        <bibl>https:\\www.nmlegis.gov\Sessions\09%20Regular\bills\house\HB0322.html</bibl>
      </sourceDesc>
    </fileDesc>
  </teiHeader>
  <text xml:lang="en">
    <front>
      <div1 type="abstract">
        <head>AN ACT RELATING TO SCHOOL PERSONNEL; INCREASING THE MATHEMATICS REQUIREMENT FOR PERSONS SEEKING LICENSURE OR RECIPROCITY IN ELEMENTARY EDUCATION.</head>
      </div1>
    </front>
    <body>
      <div1>
        <opener>
          <salute/>
        </opener>
        <div2 type="section" n="1">
          <head>Section 1. Section 22-10A-6 NMSA <term type="NE" subtype="DATE"> 1978 </term> (being Laws <term type="NE" subtype="DATE"> 1986 </term>, Chapter 33, Section 8, as amended)is amended to read:</head>
          <p>" 22-10A-6. EDUCATIONAL REQUIREMENTS FOR LICENSURE.</p>
          <p>A.The -LSB-<hi rend="strikethrough">state board</hi>]<hi rend="underlined">department</hi>shall require a person seeking licensure or reciprocity in elementary or secondary education to have completed the following minimum requirements in the college of arts and sciences:<hi rend="strikethrough">state board</hi><hi rend="underlined">department</hi></p>
          <p>(1)<term type="NE" subtype="DURATION"> twelve hours </term> in <term type="NE" subtype="MISC"> English </term>;</p>
          <p>(2)<term type="NE" subtype="DURATION"> twelve hours </term> in history, including <term type="NE" subtype="MISC"> American </term> history and western civilization;</p>
          <p>(3)<hi rend="underlined"><term type="NE" subtype="DURATION"> nine hours </term> in mathematics for elementary education and</hi>six hours in mathematics<hi rend="underlined">for secondary education</hi>;<hi rend="underlined"><term type="NE" subtype="DURATION"> nine hours </term> in mathematics for elementary education and</hi><hi rend="underlined">for secondary education</hi></p>
          <p>(4)<term type="NE" subtype="DURATION"> six hours </term> in government, economics or sociology;</p>
          <p>(5)<term type="NE" subtype="DURATION"> twelve hours </term> in science, including biology, chemistry, physics, geology, zoology and botany; and</p>
          <p>(6)<term type="NE" subtype="DURATION"> six hours </term> in fine arts.</p>
          <p>B.In addition to the requirements specified in Subsections A and C of this section, the -LSB-<hi rend="strikethrough">state board</hi>]<hi rend="underlined">department</hi>shall require that a person seeking standard or alternative elementary licensure shall have completed six hours of reading courses, and a person seeking standard or alternative secondary licensure shall have completed three hours of reading courses in subject matter content. The [<hi rend="strikethrough">state board</hi>]<hi rend="underlined">department</hi>shall establish requirements that provide a reasonable period of time to comply with the provisions of this subsection.<hi rend="strikethrough">state board</hi><hi rend="underlined">department</hi><hi rend="strikethrough">state board</hi><hi rend="underlined">department</hi></p>
          <p>C.Except for licensure by reciprocity, the -LSB-<hi rend="strikethrough">state board</hi>]<hi rend="underlined">department</hi>shall require, prior to initial licensure, no less than fourteen weeks of student teaching, a portion of which shall occur in the first thirty credit hours taken in the college of education and shall be under the direct supervision of a teacher and a portion of which shall occur in the student's senior year with the student teacher being directly responsible for the classroom.<hi rend="strikethrough">state board</hi><hi rend="underlined">department</hi></p>
          <p>D.Nothing in this section shall preclude the -LSB-<hi rend="strikethrough">state board</hi>]<hi rend="underlined">department</hi>from establishing or accepting equivalent requirements for purposes of reciprocal licensure or minimum requirements for alternative licensure.<hi rend="strikethrough">state board</hi><hi rend="underlined">department</hi></p>
          <p>E.Vocational teacher preparatory programs may be exempt from Subsections A through C of this section upon a determination by the -LSB-<hi rend="strikethrough">state board</hi>]<hi rend="underlined">department</hi>that other licensure requirements are more appropriate for vocational teacher preparatory programs."<hi rend="strikethrough">state board</hi><hi rend="underlined">department</hi></p>
          <p>- <term type="NE" subtype="DATE"> 3 </term> -</p>
        </div2>
      </div1>
    </body>
  </text>
</TEI>
