<TEI xmlns="http://www.tei-c.org/ns/1.0">
  <teiHeader xml:lang="en">
    <fileDesc>
      <titleStmt>
        <title xml:id="NM-2009-H076"/>
        <author>Luciano "Lucky" Varela    FOR THE NEW MEXICO FINANCE AUTHORITY OVERSIGHT COMMITTEE  </author>
      </titleStmt>
      <editionStmt>
        <edition/>
      </editionStmt>
      <publicationStmt>
        <pubPlace>New Mexico</pubPlace>
        <idno>NM-2009-H076</idno>
        <date>2009</date>
      </publicationStmt>
      <sourceDesc>
        <bibl>https:\\www.nmlegis.gov\Sessions\09%20Regular\bills\house\HB0076.html</bibl>
      </sourceDesc>
    </fileDesc>
  </teiHeader>
  <text xml:lang="en">
    <front>
      <div1 type="abstract">
        <head>AN ACT RELATING TO FINANCE; AUTHORIZING THE NEW <term type="NE" subtype="LOCATION"> MEXICO </term> FINANCE AUTHORITY TO MAKE LOANS FOR PUBLIC PROJECTS FROM THE PUBLIC PROJECT REVOLVING FUND; DECLARING AN EMERGENCY.</head>
      </div1>
    </front>
    <body>
      <div1>
        <opener>
          <salute/>
        </opener>
        <div2 type="section" n="1">
          <head>Section 1. AUTHORIZATION OF PROJECTS.</head>
          <p>1. to the Pueblo of <term type="NE" subtype="LOCATION"> Ohkay Owingeh </term> in <term type="NE" subtype="LOCATION"> Rio Arriba county </term> for equipment, building, infrastructure, refinancing, water, wastewater, water rights, solid waste and road and land projects;</p>
          <p>2. to the <term type="NE" subtype="ORGANIZATION"> Santa Fe </term> solid waste management agency in <term type="NE" subtype="LOCATION"> Santa Fe county </term> for equipment, infrastructure, refinancing and solid waste projects;</p>
          <p>3. to the <term type="NE" subtype="LOCATION"> Albuquerque </term> public school district and charter schools in <term type="NE" subtype="LOCATION"> Bernalillo county </term> for building, equipment and infrastructure projects;</p>
          <p>4. to the rio metro regional transit district in <term type="NE" subtype="LOCATION"> Bernalillo </term>, <term type="NE" subtype="LOCATION"> Torrance </term>, <term type="NE" subtype="PERSON"> Sandoval </term> and <term type="NE" subtype="LOCATION"> Valencia </term> counties for railroad infrastructure and building projects;</p>
          <p>5. to the northern <term type="NE" subtype="LOCATION"> New Mexico </term> regional transit district in <term type="NE" subtype="LOCATION"> Santa Fe </term>, <term type="NE" subtype="LOCATION"> Rio Arriba </term> and <term type="NE" subtype="LOCATION"> Taos </term> counties for railroad infrastructure projects;</p>
          <p>6. to the <term type="NE" subtype="LOCATION"> New Mexico </term> renewable energy transmission authority for land acquisition and building, equipment, infrastructure, land and refinance projects;</p>
          <p>7. to the board of regents of <term type="NE" subtype="LOCATION"> New Mexico </term> state university in <term type="NE" subtype="LOCATION"> Dona Ana county </term> for building, road, equipment and infrastructure projects;</p>
          <p>8. to the <term type="NE" subtype="ORGANIZATION"> Estancia Moriarty Willard </term> gas cooperative in <term type="NE" subtype="LOCATION"> Torrance county </term> for land acquisition, building, infrastructure and equipment projects;</p>
          <p>9. to the city of <term type="NE" subtype="LOCATION"> Rio Rancho </term> in <term type="NE" subtype="LOCATION"> Sandoval county </term> for equipment, building, infrastructure, general obligation and special assessment district projects;</p>
          <p>10. to the <term type="NE" subtype="MISC"> Mescalero Apache </term> housing authority in <term type="NE" subtype="LOCATION"> Otero county </term> for building, infrastructure, equipment, land and refinancing projects;</p>
          <p>11. to the village of <term type="NE" subtype="LOCATION"> Angel Fire </term> public improvement district in <term type="NE" subtype="LOCATION"> Colfax county </term> for land acquisition and equipment, infrastructure, water, wastewater, solid waste and building projects;</p>
          <p>12. to the city of <term type="NE" subtype="LOCATION"> Aztec </term> in <term type="NE" subtype="LOCATION"> San Juan county </term> for land acquisition, equipment, building, water, wastewater, refinance, solid waste and infrastructure projects;</p>
          <p>13. to the city of <term type="NE" subtype="LOCATION"> Bloomfield </term> in <term type="NE" subtype="LOCATION"> San Juan </term> county for land acquisition and equipment, building, water, wastewater, refinance, solid waste, road and infrastructure projects;</p>
          <p>14. to the state fair commission in <term type="NE" subtype="LOCATION"> Bernalillo county </term> for building, equipment, infrastructure and refinancing projects;</p>
          <p>15. to the city of <term type="NE" subtype="LOCATION"> Las Vegas </term> in <term type="NE" subtype="LOCATION"> San Miguel county </term> for land acquisition and building, equipment, infrastructure, refinance and road projects;</p>
          <p>16. to the <term type="NE" subtype="LOCATION"> Navajo Nation </term> in <term type="NE" subtype="LOCATION"> San Juan </term> and <term type="NE" subtype="LOCATION"> McKinley </term> counties for building, equipment, infrastructure and refinance projects;</p>
          <p>17. to the northwest <term type="NE" subtype="LOCATION"> New Mexico </term> council of governments in <term type="NE" subtype="LOCATION"> Santa Fe county </term> for building, equipment, infrastructure and refinance projects;</p>
          <p>18. to the northwest <term type="NE" subtype="LOCATION"> New Mexico </term> regional solid waste authority in <term type="NE" subtype="LOCATION"> Cibola county </term> for building, equipment, infrastructure and refinance projects;</p>
          <p>19. to the board of regents of <term type="NE" subtype="LOCATION"> San Juan </term> college in <term type="NE" subtype="LOCATION"> San Juan </term> county for building, equipment, infrastructure and refinance projects;</p>
          <p>20. to <term type="NE" subtype="LOCATION"> San Miguel county </term> for building, equipment, infrastructure, refinancing and road projects in <term type="NE" subtype="LOCATION"> San Miguel county </term>;</p>
          <p>21. to the city of <term type="NE" subtype="LOCATION"> Santa Rosa </term> in <term type="NE" subtype="LOCATION"> Guadalupe county </term> for building, equipment, infrastructure, water, wastewater and refinance projects;</p>
          <p>22. to <term type="NE" subtype="LOCATION"> Taos </term> county for land acquisition and building, equipment, infrastructure, road, water, wastewater, solid waste and refinance projects in <term type="NE" subtype="LOCATION"> Taos </term> county;</p>
          <p>23. to the village of <term type="NE" subtype="LOCATION"> Taos Ski Valley </term> in <term type="NE" subtype="LOCATION"> Taos </term> county for water, wastewater, building, solid waste, equipment, infrastructure, road and refinance projects;</p>
          <p>24. to the town of <term type="NE" subtype="LOCATION"> Bernalillo </term> in <term type="NE" subtype="LOCATION"> Sandoval county </term> for land acquisition and equipment, building, infrastructure, water, wastewater and refinance projects;</p>
          <p>25. to the <term type="NE" subtype="PERSON"> Claunch Pinto </term> soil and water conservation district in <term type="NE" subtype="LOCATION"> Torrance county </term> for equipment, building and infrastructure projects;</p>
          <p>26. to the <term type="NE" subtype="LOCATION"> Cuba </term> independent school district in <term type="NE" subtype="LOCATION"> Sandoval county </term> for equipment, building and infrastructure projects;</p>
          <p>27. to the <term type="NE" subtype="LOCATION"> Gallup-McKinley county school </term> district in <term type="NE" subtype="LOCATION"> McKinley county </term> for equipment, building and infrastructure projects;</p>
          <p>28. to the <term type="NE" subtype="LOCATION"> Jemez Valley </term> public school district in <term type="NE" subtype="LOCATION"> Sandoval county </term> for equipment, infrastructure and building projects;</p>
          <p>29. to <term type="NE" subtype="LOCATION"> Los Alamos county </term> for land acquisition and equipment, building, infrastructure, refinance, water, wastewater and solid waste projects in <term type="NE" subtype="LOCATION"> Los Alamos </term> county;</p>
          <p>30. to the village of <term type="NE" subtype="LOCATION"> Milan </term> in <term type="NE" subtype="LOCATION"> Cibola county </term> for equipment, building, infrastructure, water and wastewater projects;</p>
          <p>31. to the <term type="NE" subtype="LOCATION"> Rio Rancho </term> public school district in <term type="NE" subtype="LOCATION"> Sandoval county </term> for equipment, building and infrastructure projects;</p>
          <p>32. to <term type="NE" subtype="LOCATION"> Sandoval county </term> for land acquisition and equipment, building, refinance, infrastructure, water, wastewater and solid waste projects in <term type="NE" subtype="LOCATION"> Sandoval </term> county;</p>
          <p>33. to the board of regents at <term type="NE" subtype="LOCATION"> New Mexico </term> state university in <term type="NE" subtype="LOCATION"> Dona Ana county </term> for land acquisition and refinancing, infrastructure, building and equipment projects for <term type="NE" subtype="LOCATION"> Arrowhead </term> center;</p>
          <p>34. to the city of <term type="NE" subtype="LOCATION"> Alamogordo </term> in <term type="NE" subtype="LOCATION"> Otero county </term> for land acquisition and refinancing, infrastructure, building and equipment projects;</p>
          <p>35. to the <term type="NE" subtype="MISC"> Alto Lakes </term> water and sanitation district in <term type="NE" subtype="LOCATION"> Lincoln county </term> for land acquisition and refinancing, infrastructure, building and equipment projects;</p>
          <p>36. to the Pueblo of Cochiti in <term type="NE" subtype="LOCATION"> Sandoval county </term> for land acquisition and refinancing, water, wastewater, infrastructure, building and equipment projects;</p>
          <p>37. to <term type="NE" subtype="PERSON"> De Baca </term> county for land acquisition and refinancing, infrastructure, building and equipment projects in <term type="NE" subtype="LOCATION"> De Baca county </term>;</p>
          <p>38. to the board of regents at <term type="NE" subtype="LOCATION"> New Mexico </term> highlands university in <term type="NE" subtype="LOCATION"> San Miguel county </term> for land acquisition and equipment, building, infrastructure, refinance and purchase projects;</p>
          <p>39. to <term type="NE" subtype="ORGANIZATION"> Canones </term> mutual domestic water consumers association in <term type="NE" subtype="LOCATION"> Rio Arriba county </term> for equipment, building, water, wastewater, infrastructure and refinance projects;</p>
          <p>40. to the town of <term type="NE" subtype="LOCATION"> Clayton </term> in <term type="NE" subtype="LOCATION"> Union </term> county for equipment, building, infrastructure, water, wastewater and refinance projects;</p>
          <p>41. to the <term type="NE" subtype="LOCATION"> Farmington </term> municipal school district in <term type="NE" subtype="LOCATION"> San Juan county </term> for building, equipment and infrastructure projects;</p>
          <p>42. to <term type="NE" subtype="LOCATION"> Harding county </term> for building, equipment, water, wastewater, road, infrastructure and refinance projects in <term type="NE" subtype="LOCATION"> Harding county </term>;</p>
          <p>43. to the village of <term type="NE" subtype="LOCATION"> Mosquero </term> in <term type="NE" subtype="LOCATION"> Harding county </term> for equipment, building, infrastructure, road, water, wastewater and refinance projects;</p>
          <p>44. to the <term type="NE" subtype="MISC"> Navajo </term> agricultural products industry in <term type="NE" subtype="LOCATION"> McKinley </term> and <term type="NE" subtype="LOCATION"> San Juan </term> counties for equipment, building, infrastructure and refinance projects;</p>
          <p>45. to the <term type="NE" subtype="LOCATION"> north central New Mexico </term> economic development district for equipment, building, infrastructure and refinance projects;</p>
          <p>46. to the village of <term type="NE" subtype="LOCATION"> Pecos </term> in <term type="NE" subtype="LOCATION"> San Miguel county </term> for equipment, building, infrastructure, road, water, wastewater and refinance projects;</p>
          <p>47. to the Pueblo of <term type="NE" subtype="LOCATION"> Pojoaque </term> in <term type="NE" subtype="LOCATION"> Santa Fe county </term> for equipment, building, infrastructure, water, wastewater, road and refinance projects;</p>
          <p>48. to the city of <term type="NE" subtype="LOCATION"> Raton </term> in <term type="NE" subtype="LOCATION"> Colfax county </term> for equipment, building, refinance, infrastructure, water, wastewater and road projects;</p>
          <p>49. to <term type="NE" subtype="LOCATION"> San Miguel county </term> for water, wastewater, road, building, equipment, refinance and infrastructure projects in <term type="NE" subtype="LOCATION"> San Miguel county </term>;</p>
          <p>50. to Union county for equipment, building, infrastructure, water, wastewater, road and refinance projects in Union county;</p>
          <p>51. to the village of <term type="NE" subtype="PERSON"> Roy </term> in <term type="NE" subtype="LOCATION"> Harding county </term> for building, equipment, infrastructure, water, wastewater, road and refinance projects;</p>
          <p>52. to the village of <term type="NE" subtype="LOCATION"> Questa </term> in <term type="NE" subtype="LOCATION"> Taos </term> county for equipment, building, infrastructure, water and wastewater projects;</p>
          <p>53. to the town of <term type="NE" subtype="LOCATION"> Red River </term> in <term type="NE" subtype="LOCATION"> Taos </term> county for land acquisition and equipment, building and infrastructure projects;</p>
          <p>54. to <term type="NE" subtype="LOCATION"> Cibola county </term> for land acquisition and equipment, building, infrastructure, water, wastewater, solid waste and refinance projects in <term type="NE" subtype="LOCATION"> Cibola </term> county;</p>
          <p>55. to the city of <term type="NE" subtype="LOCATION"> Albuquerque </term> in <term type="NE" subtype="LOCATION"> Bernalillo county </term> for land acquisition and equipment, building, public improvement district, infrastructure, water, wastewater, solid waste and refinance projects; and</p>
          <p>56. to the city of <term type="NE" subtype="LOCATION"> Santa Fe </term> in <term type="NE" subtype="LOCATION"> Santa Fe county </term> for land acquisition and equipment, building, public improvement district, infrastructure, water, wastewater, solid waste and refinance projects.</p>
        </div2>
        <div2 type="section" n="2">
          <head>Section 2. VOIDING OF AUTHORIZATION.-- If a qualified entity listed in Section 1 of this act has not certified to the <term type="NE" subtype="LOCATION"> New Mexico </term> finance authority by the <term type="NE" subtype="DATE"> end of fiscal year 2010 </term> its desire to continue to pursue a loan from the public project revolving fund for a public project listed in that section, the legislative authorization granted to the <term type="NE" subtype="LOCATION"> New Mexico </term> finance authority by Section 1 of this act to make a loan from the public project revolving fund to that qualified entity for that public project is void.</head>
        </div2>
        <div2 type="section" n="3">
          <head>Section 3. EMERGENCY.-- It is necessary for the public peace, health and safety that this act take effect immediately.</head>
          <p>- <term type="NE" subtype="DATE"> 9 </term> -</p>
        </div2>
      </div1>
    </body>
  </text>
</TEI>
