<TEI xmlns="http://www.tei-c.org/ns/1.0">
  <teiHeader xml:lang="en">
    <fileDesc>
      <titleStmt>
        <title xml:id="NM-2009-H928"/>
        <author>Rick Miera      </author>
      </titleStmt>
      <editionStmt>
        <edition/>
      </editionStmt>
      <publicationStmt>
        <pubPlace>New Mexico</pubPlace>
        <idno>NM-2009-H928</idno>
        <date>2009</date>
      </publicationStmt>
      <sourceDesc>
        <bibl>https:\\www.nmlegis.gov\Sessions\09%20Regular\bills\house\HB0928.html</bibl>
      </sourceDesc>
    </fileDesc>
  </teiHeader>
  <text xml:lang="en">
    <front>
      <div1 type="abstract">
        <head>AN ACT RELATING TO THE PUBLIC PEACE, HEALTH, SAFETY AND WELFARE.</head>
      </div1>
    </front>
    <body>
      <div1>
        <opener>
          <salute/>
        </opener>
      </div1>
    </body>
  </text>
</TEI>
