<TEI xmlns="http://www.tei-c.org/ns/1.0">
  <teiHeader xml:lang="en">
    <fileDesc>
      <titleStmt>
        <title xml:id="NM-2008-H002"/>
        <author>Rick Miera      </author>
      </titleStmt>
      <editionStmt>
        <edition/>
      </editionStmt>
      <publicationStmt>
        <pubPlace>New Mexico</pubPlace>
        <idno>NM-2008-H002</idno>
        <date>2008</date>
      </publicationStmt>
      <sourceDesc>
        <bibl>https:\\www.nmlegis.gov\Sessions\08%20Special\bills\house\HB0002.html</bibl>
      </sourceDesc>
    </fileDesc>
  </teiHeader>
  <text xml:lang="en">
    <front>
      <div1 type="abstract">
        <head>AN ACT MAKING AN APPROPRIATION FOR SUPPLEMENTAL FUNDING FOR SCHOOL BUS TRANSPORTATION; DECLARING AN EMERGENCY.</head>
      </div1>
    </front>
    <body>
      <div1>
        <opener>
          <salute/>
        </opener>
        <p>MAKING AN APPROPRIATION FOR SUPPLEMENTAL FUNDING FOR SCHOOL BUS TRANSPORTATION; DECLARING AN EMERGENCY.</p>
        <div2 type="section" n="1">
          <head>Section 1. APPROPRIATION.-- <term type="NE" subtype="MONEY"> Three million two hundred thousand dollars </term> (<term type="NE" subtype="MONEY"> $ 3,200,000 </term>)is appropriated from the general fund to the public education department for expenditure in <term type="NE" subtype="DATE"> fiscal year 2009 </term> to provide supplemental funding to school districts for higher school bus fuel costs. The distribution of funding shall be based on miles traveled for to-and-from transportation of public school students. Any unexpended or unencumbered balance remaining at the end of <term type="NE" subtype="DATE"> fiscal year 2009 </term> shall revert to the general fund.</head>
        </div2>
        <div2 type="section" n="2">
          <head>Section 2. EMERGENCY.-- It is necessary for the public peace, health and safety that this act take effect immediately.</head>
        </div2>
      </div1>
    </body>
  </text>
</TEI>
