<TEI xmlns="http://www.tei-c.org/ns/1.0">
  <teiHeader xml:lang="en">
    <fileDesc>
      <titleStmt>
        <title xml:id="NM-2011-S267"/>
        <author>Steven P. Neville      </author>
      </titleStmt>
      <editionStmt>
        <edition/>
      </editionStmt>
      <publicationStmt>
        <pubPlace>New Mexico</pubPlace>
        <idno>NM-2011-S267</idno>
        <date>2011</date>
      </publicationStmt>
      <sourceDesc>
        <bibl>https:\\www.nmlegis.gov\Sessions\11%20Regular\bills\senate\SB0267.html</bibl>
      </sourceDesc>
    </fileDesc>
  </teiHeader>
  <text xml:lang="en">
    <front>
      <div1 type="abstract">
        <head>AN ACT RELATING TO LAW ENFORCEMENT; PROVIDING THAT A POST-SECONDARY EDUCATIONAL INSTITUTION <term type="NE" subtype="DATE"> MAY </term> ENTER INTO A WRITTEN AGREEMENT WITH A MUNICIPALITY FOR ENFORCEMENT OF CAMPUS TRAFFIC REGULATIONS; PROVIDING PROCEDURES FOR THE ISSUANCE AND PAYMENT OF CITATIONS; PROVIDING FOR ADJUDICATION IN MUNICIPAL COURT; ALLOWING PENALTY ASSESSMENTS TO BE CREDITED TO THE MUNICIPALITY OR TO THE POST-SECONDARY EDUCATIONAL INSTITUTION; PROVIDING FOR COMMISSIONING OF SECURITY PERSONNEL.</head>
      </div1>
    </front>
    <body>
      <div1>
        <opener>
          <salute/>
        </opener>
        <div2 type="section" n="1">
          <head>SECTION 1. A new Section 29-5-4 NMSA <term type="NE" subtype="DATE"> 1978 </term> is enacted to read:</head>
          <p>" 29-5-4. -LSB-<hi rend="underlined">NEW MATERIAL</hi>] POST-SECONDARY EDUCATIONAL INSTITUTIONS--CAMPUS TRAFFIC REGULATIONS--AGREEMENT WITH MUNICIPALITY.--<hi rend="underlined">NEW MATERIAL</hi></p>
        </div2>
        <div2 type="section" n="2">
          <head>A.As used in this section, " post-secondary educational institution" means a community college operating pursuant to the Community College Act or a technical and vocational institute operating pursuant to the Technical and Vocational Institute Act that does not have campus police officers created pursuant to Section 29-5-3 NMSA <term type="NE" subtype="DATE"> 1978 </term>.</head>
          <p>B.The governing board of a post-secondary educational institution may adopt and promulgate traffic regulations to apply to areas within the exterior boundaries of the lands under the control of the board, including streets and highways.</p>
          <p>(1)limiting the rates of speed;</p>
          <p>(2)assigning parking spaces and designating parking and no parking areas and their uses;</p>
          <p>(3)prohibiting parking;</p>
          <p>(4)removing, disabling or booting vehicles parked in violation of campus traffic regulations at the expense of the violator, who shall pay the expense before the vehicle is released; and</p>
          <p>(5)instituting a system of vehicle registration for the identification and regulation of vehicles regularly using campus facilities, including a reasonable charge to defray the costs of providing parking and traffic enforcement services and campus parking.</p>
          <p>C.All areas subject to traffic regulations shall be marked with signs conforming with standards used by the department of transportation.</p>
          <p>D.Traffic regulations adopted by a post-secondary educational institution pursuant to this section shall include a specific penalty for each type of violation that shall not exceed the penalty for the same violation under state law or municipal ordinance for the municipality where the post-secondary educational institution is located.</p>
          <p>E.A post-secondary educational institution may enter into a written agreement with the municipality where the institution is located for municipal police enforcement of traffic regulations and for enforcement of applicable laws and ordinances within the exterior boundaries of the lands under the control of the institution.</p>
          <p>(1)unless a warning notice or a parking citation is given at the <term type="NE" subtype="DATE"> time </term> of making an arrest for a traffic violation, the arresting officer shall offer the alleged violator the option of accepting a penalty assessment or appearing in municipal court for adjudication within <term type="NE" subtype="DURATION"> five days </term> after issuance of the citation;</p>
          <p>(2)if an alleged violator elects to appear in municipal court in lieu of accepting a penalty assessment, the fine imposed upon later conviction shall not exceed the penalty assessment established for the particular penalty assessment;</p>
          <p>(3)a violator's signature on the penalty assessment notice constitutes an acknowledgment of guilt of the offense stated in the notice;</p>
          <p>(4)payment of a parking violation penalty assessment shall be made by mailing the payment within <term type="NE" subtype="DURATION"> five days </term> from the date the citation was issued to the municipality for processing in accordance with the written agreement. Payment of the penalty assessment is timely if postmarked within <term type="NE" subtype="DURATION"> five days </term> from the date of issuance of the citation;</p>
          <p>(5)payment of any moving violation penalty assessment shall be made by mailing the payment within <term type="NE" subtype="DURATION"> thirty days </term> from the date the citation was issued to the municipality for processing in accordance with the written agreement. Payment of the penalty assessment is timely if postmarked within <term type="NE" subtype="DURATION"> thirty days </term> from the date of issuance of the citation;</p>
          <p>(6)when a penalty assessment is paid by currency, a receipt shall be immediately mailed to the violator;</p>
          <p>(7)if a penalty assessment is not paid within <term type="NE" subtype="DURATION"> thirty days </term> from the date of issuance of the citation, the violator shall be prosecuted for the violation charged on the penalty assessment notice in a manner as if a penalty assessment notice had not been issued;</p>
          <p>(8)all penalties and fines assessed shall be paid to the municipality to defray the costs of enforcement and adjudication of citations issued at the post-secondary educational institution; and</p>
        </div2>
        <div2 type="section" n="3">
          <head>(9)the uniform traffic citation form approved by the motor vehicle division of the taxation and revenue department shall be used as the complaint for violations of campus traffic regulations. Citations for moving violations shall be issued in the manner set forth in Sections 66-8-123 through 66-8-127 NMSA <term type="NE" subtype="DATE"> 1978 </term>.</head>
          <p>F.A municipality enforcing campus traffic regulations pursuant to this section may, by commission, authorize campus security personnel at the post-secondary educational institution to issue citations for violations of campus traffic regulations on such terms and conditions as provided in the written agreement.</p>
          <p>G.In the absence of a written agreement with a municipality for the enforcement of traffic regulations, campus security personnel may enforce traffic regulations. The punishment for a violation of a campus traffic regulation shall be not more than <term type="NE" subtype="MONEY"> five dollars </term> (<term type="NE" subtype="MONEY"> $ 5 </term>. 00)per violation. All fines collected pursuant to this subsection shall be remitted to the post-secondary educational institution and shall be used solely for the purposes of enforcing campus traffic regulations and for planning and improving movement and control of vehicles and related parking problems and for use in the operation, management and administration of the institution's security office.</p>
          <p>H.An arrest by a campus security officer for a violation of a campus traffic regulation shall not be valid unless, at the <term type="NE" subtype="DATE"> time </term> of arrest, the campus security officer is wearing a distinctive badge and uniform issued to the officer by the post-secondary educational institution.</p>
          <p>I.A record of a penalty assessment payment is not admissible as evidence in court in a civil action.</p>
          <p>J.A post-secondary educational institution may withhold the issuance of grades and degrees in order to secure payment of unpaid traffic or parking assessments.</p>
        </div2>
        <div2 type="section" n="4">
          <head>SECTION 2. Section 35-14-2 NMSA <term type="NE" subtype="DATE"> 1978 </term> (being Laws <term type="NE" subtype="DATE"> 1961 </term>, Chapter 208, Section 2, as amended)is amended to read:</head>
          <p>" 35-14-2. JURISDICTION.</p>
          <p>A.Each municipal court has jurisdiction over all offenses and complaints under ordinances of the municipality and may issue subpoenas and warrants and punish for contempt.<hi rend="underlined">C.Upon written agreement between a post-secondary educational institution and the governing body of a municipality contiguous to land under control of the institution or within which any portion of such land is located, the municipal court has jurisdiction over violations of campus traffic regulations adopted pursuant to Section 29-5-4 NMSA <term type="NE" subtype="DATE"> 1978 </term> as to areas under control of the institution.</hi><hi rend="underlined">Fines and forfeitures collected by the municipal court for violations of campus traffic regulations may be credited to the municipality or to the post-secondary educational institution on whose campus the violation occurred.</hi></p>
        </div2>
        <div2 type="section" n="5">
          <head>B.Upon written agreement between the board of regents of a state educational institution designated in Article 12, Section 11 of the constitution of <term type="NE" subtype="LOCATION"> New Mexico </term> and the governing body of a municipality contiguous to land under control of the board of regents or within which any portion of such land is located, the municipal court has jurisdiction over violations of campus traffic regulations adopted under Section 29-5-1 NMSA <term type="NE" subtype="DATE"> 1978 </term> as to areas under control of the board of regents. Fines and forfeitures collected by the municipal court under campus traffic regulations may be credited to the state educational institution on whose campus the violation occurred.</head>
        </div2>
        <div2 type="section" n="6">
          <head>C.Upon written agreement between a post-secondary educational institution and the governing body of a municipality contiguous to land under control of the institution or within which any portion of such land is located, the municipal court has jurisdiction over violations of campus traffic regulations adopted pursuant to Section 29-5-4 NMSA <term type="NE" subtype="DATE"> 1978 </term> as to areas under control of the institution. Fines and forfeitures collected by the municipal court for violations of campus traffic regulations may be credited to the municipality or to the post-secondary educational institution on whose campus the violation occurred.</head>
          <p>[<hi rend="strikethrough">C.</hi>]<hi rend="underlined">D.</hi>Each municipal court's personal jurisdiction extends to any defendant who has been properly served with criminal process of the court anywhere in the state if that criminal process arises out of a charge of violation of a municipal ordinance prohibiting driving while under the influence of intoxicating liquor or drugs."<hi rend="strikethrough">C.</hi><hi rend="underlined">D.</hi></p>
        </div2>
        <div2 type="section" n="7">
          <head>SECTION 3. EFFECTIVE DATE.-- The effective date of the provisions of this act is <term type="NE" subtype="DATE"> July 1, 2011 </term>.</head>
          <p>- <term type="NE" subtype="DATE"> 7 </term> -</p>
        </div2>
      </div1>
    </body>
  </text>
</TEI>
