<TEI xmlns="http://www.tei-c.org/ns/1.0">
  <teiHeader xml:lang="en">
    <fileDesc>
      <titleStmt>
        <title xml:id="NM-2008-S034"/>
        <author>Cynthia Nava    FOR THE LEGISLATIVE EDUCATION STUDY COMMITTEE  </author>
      </titleStmt>
      <editionStmt>
        <edition/>
      </editionStmt>
      <publicationStmt>
        <pubPlace>New Mexico</pubPlace>
        <idno>NM-2008-S034</idno>
        <date>2008</date>
      </publicationStmt>
      <sourceDesc>
        <bibl>https:\\www.nmlegis.gov\Sessions\08%20Regular\bills\senate\SB0034.html</bibl>
      </sourceDesc>
    </fileDesc>
  </teiHeader>
  <text xml:lang="en">
    <front>
      <div1 type="abstract">
        <head>AN ACT RELATING TO PUBLIC SCHOOLS; ENACTING THE NEW <term type="NE" subtype="LOCATION"> MEXICO </term> SCHOOL FOR THE ARTS ACT; ALLOWING FOR THE CREATION OF A STATE-CHARTERED CHARTER SCHOOL AS A STATEWIDE RESIDENTIAL HIGH SCHOOL FOR THE ARTS; EXEMPTING THE SCHOOL FROM CERTAIN PROVISIONS OF THE CHARTER SCHOOLS ACT; ALLOWING THE SCHOOL TO ESTABLISH ADMISSIONS CRITERIA AND ROOM AND BOARD FEES; PROVIDING FOR OUTREACH ACTIVITIES; MAKING AN APPROPRIATION; DECLARING AN EMERGENCY.</head>
      </div1>
    </front>
    <body>
      <div1>
        <opener>
          <salute/>
        </opener>
        <div2 type="section" n="1">
          <head>Section 1. A new section of the Public School Code is enacted to read:</head>
          <p>"[<hi rend="underlined">NEW MATERIAL</hi>] SHORT TITLE.--This act may be cited as the "New Mexico School for the Arts Act"."<hi rend="underlined">NEW MATERIAL</hi></p>
        </div2>
        <div2 type="section" n="2">
          <head>Section 2. A new section of the Public School Code is enacted to read:</head>
          <p>"[<hi rend="underlined">NEW MATERIAL</hi>] PURPOSE OF ACT.--The purpose of the New Mexico School for the Arts Act is to provide for the establishment of the "New Mexico school for the arts" as a statewide residential state-chartered charter high school that provides New Mexico students who have demonstrated artistic abilities and potential with the educational opportunity to pursue a career in the arts."<hi rend="underlined">NEW MATERIAL</hi></p>
        </div2>
        <div2 type="section" n="3">
          <head>Section 3. A new section of the Public School Code is enacted to read:</head>
          <p>"[<hi rend="underlined">NEW MATERIAL</hi>] DEFINITIONS.--As used in the New Mexico School for the Arts Act:<hi rend="underlined">NEW MATERIAL</hi></p>
          <p>A." board" means the governing body of the school; and</p>
          <p>B." school" means the <term type="NE" subtype="LOCATION"> New Mexico </term> school for the arts.</p>
        </div2>
        <div2 type="section" n="4">
          <head>Section 4. A new section of the Public School Code is enacted to read:</head>
          <p>"[<hi rend="underlined">NEW MATERIAL</hi>] PURPOSE OF SCHOOL--SCHOOL EXEMPT FROM CERTAIN PROVISIONS OF THE CHARTER SCHOOLS ACT.--<hi rend="underlined">NEW MATERIAL</hi></p>
          <p>A.The commission may charter a " <term type="NE" subtype="LOCATION"> New Mexico </term> school for the arts" as a statewide residential state-chartered charter school for grades nine through twelve to offer intensive preprofessional instruction in the performing and visual arts combined with a strong academic program that leads to a <term type="NE" subtype="LOCATION"> New Mexico </term> diploma of excellence.</p>
        </div2>
        <div2 type="section" n="5">
          <head>B.The school and the board are subject to all the provisions of the <term type="NE" subtype="MISC"> Charter Schools Act </term>, except <term type="NE" subtype="ORGANIZATION"> Subsection K of Section </term> 22-8B-4 NMSA <term type="NE" subtype="DATE"> 1978 </term> and Section 22-8B-4. 1 NMSA <term type="NE" subtype="DATE"> 1978 </term>. The school shall not charge tuition, except as otherwise provided in the Public School Code.</head>
        </div2>
        <div2 type="section" n="6">
          <head>Section 5. A new section of the Public School Code is enacted to read:</head>
          <p>"[<hi rend="underlined">NEW MATERIAL</hi>] BOARD CREATED--POWERS AND DUTIES--SOLICITATION OF GIFTS, GRANTS AND DONATIONS.--The school shall be governed by a board of at least five members constituted as provided in the school's application for charter. No member of the board shall serve as a member of another charter school. The board shall have such powers and perform such duties as required by state and federal law and the school's charter, including soliciting and receiving gifts, grants and donations to further the purposes of the school and to assist the school in providing free or reduced-fee room and board for those residential students who cannot pay all or part of residential costs."<hi rend="underlined">NEW MATERIAL</hi></p>
        </div2>
        <div2 type="section" n="7">
          <head>Section 6. A new section of the Public School Code is enacted to read:</head>
          <p>"[<hi rend="underlined">NEW MATERIAL</hi>] ADMISSIONS CRITERIA--EQUAL OPPORTUNITY--OUTREACH.--<hi rend="underlined">NEW MATERIAL</hi></p>
          <p>A.The admissions criteria shall be designed to admit students who show exceptional promise or aptitude in the arts and a strong desire to pursue a career in the arts. The admissions process shall be conducted in a way that provides equal opportunity for admission to each prospective student regardless of that student's exposure to previous artistic training and without regard to the student's ability to pay residential costs.</p>
          <p>B.The board shall ensure, to the greatest extent possible and without jeopardizing admissions standards, that an equal number of students is admitted to the school from each of the state's congressional districts.</p>
          <p>C.The board shall submit an <term type="NE" subtype="SET"> annual </term> report to the charter schools division and the commission that includes demographic information about both applicants and students admitted to the school, including the counties and the congressional districts represented by the students enrolled and the makeup of the student body in terms of socioeconomic status, gender and ethnicity.</p>
          <p>D.The school shall conduct outreach activities throughout the state to acquaint potential students with the programs offered by the school. The outreach activities shall include programs for middle school students and workshops for teachers. There shall be no admissions criteria established for participation in outreach activities.</p>
        </div2>
        <div2 type="section" n="8">
          <head>Section 7. A new section of the Public School Code is enacted to read:</head>
          <p>"[<hi rend="underlined">NEW MATERIAL</hi>] ROOM AND BOARD CHARGES.--<hi rend="underlined">NEW MATERIAL</hi></p>
          <p>A.The school shall charge residential students a fee to cover the costs of room and board. The board shall establish a sliding-fee scale based on the student's ability to pay. The commission shall approve room and board charges and the sliding-fee scale during the planning <term type="NE" subtype="DURATION"> year </term> of the school and may approve changes to the charges and scale as requested by the board.</p>
          <p>B.The school shall report <term type="NE" subtype="SET"> each year </term> to the charter schools division and the commission on the number of students requiring financial assistance for room and board; the amount of financial assistance provided; and the amount and source of gifts, grants and donations received by the school to provide that financial assistance.</p>
        </div2>
        <div2 type="section" n="9">
          <head>Section 8. APPROPRIATION.-- <term type="NE" subtype="MONEY"> Four hundred fifty thousand dollars </term> (<term type="NE" subtype="MONEY"> $ 450,000 </term>)is appropriated from the general fund to the public education department for expenditure in <term type="NE" subtype="DATE"> fiscal year 2009 </term> for planning and outreach activities of the proposed <term type="NE" subtype="LOCATION"> New Mexico </term> school for the arts. Any unexpended or unencumbered balance remaining at the end of <term type="NE" subtype="DATE"> fiscal year 2009 </term> shall revert to the general fund.</head>
        </div2>
        <div2 type="section" n="10">
          <head>Section 9. EMERGENCY.-- It is necessary for the public peace, health and safety that this act take effect immediately.</head>
          <p>- <term type="NE" subtype="DATE"> 5 </term> -</p>
        </div2>
      </div1>
    </body>
  </text>
</TEI>
