<TEI xmlns="http://www.tei-c.org/ns/1.0">
  <teiHeader xml:lang="en">
    <fileDesc>
      <titleStmt>
        <title xml:id="NM-2011-S290"/>
        <author>Cynthia Nava      </author>
      </titleStmt>
      <editionStmt>
        <edition/>
      </editionStmt>
      <publicationStmt>
        <pubPlace>New Mexico</pubPlace>
        <idno>NM-2011-S290</idno>
        <date>2011</date>
      </publicationStmt>
      <sourceDesc>
        <bibl>https:\\www.nmlegis.gov\Sessions\11%20Regular\bills\senate\SB0290.html</bibl>
      </sourceDesc>
    </fileDesc>
  </teiHeader>
  <text xml:lang="en">
    <front>
      <div1 type="abstract">
        <head>AN ACT RELATING TO TRUANCY; CLARIFYING THE DEFINITION OF HABITUAL TRUANT.</head>
      </div1>
    </front>
    <body>
      <div1>
        <opener>
          <salute/>
        </opener>
        <div2 type="section" n="1">
          <head>SECTION 1. Section 22-12-9 NMSA <term type="NE" subtype="DATE"> 1978 </term> (being Laws <term type="NE" subtype="DATE"> 2004 </term>, Chapter 28, Section 1, as amended)is amended to read:</head>
          <p>" 22-12-9. UNEXCUSED ABSENCES AND TRUANCY -- ATTENDANCE POLICIES.</p>
        </div2>
        <div2 type="section" n="2">
          <head>A.As used in this section and Sections 22-12-7 and 22-12-8 NMSA <term type="NE" subtype="DATE"> 1978 </term>:</head>
          <p>(1)" habitual truant" means a student who has accumulated the equivalent of ten<hi rend="underlined"><term type="NE" subtype="DURATION"> days </term></hi>or more<hi rend="underlined">of</hi>unexcused absences within a school year;<hi rend="underlined"><term type="NE" subtype="DURATION"> days </term></hi><hi rend="underlined">of</hi></p>
          <p>(2)" student in need of early intervention" means a student who has accumulated five unexcused absences within a school <term type="NE" subtype="DURATION"> year </term>; and</p>
          <p>(3)" unexcused absence" means an absence from school or classes for which the student does not have an allowable excuse pursuant to the Compulsory School Attendance Law or rules of the local school board or governing authority of a charter school or private school.</p>
          <p>B.An unexcused absence of two or more classes up to <term type="NE" subtype="PERCENT"> fifty percent </term> of an instructional <term type="NE" subtype="DURATION"> day </term> shall be counted as one-half <term type="NE" subtype="DURATION"> day </term> absence, and the unexcused absence of more than <term type="NE" subtype="PERCENT"> fifty percent </term> of an instructional <term type="NE" subtype="DURATION"> day </term> shall be counted as one full-day absence.</p>
          <p><term type="NE" subtype="MISC"> C.Each </term> school district and charter school shall maintain an attendance policy that:</p>
          <p>(1)provides for early identification of students with unexcused absences, students in need of early intervention and habitual truants and provides intervention strategies that focus on keeping students in need of early intervention in an educational setting and prohibit</p>
          <p>out-of-school suspension and expulsion as the punishment for unexcused absences and habitual truancy;</p>
        </div2>
        <div2 type="section" n="3">
          <head>(2)uses withdrawal as provided in Section</head>
          <p>22-8-2 NMSA <term type="NE" subtype="DATE"> 1978 </term> only after exhausting intervention efforts to keep students in educational settings;</p>
          <p>(3)requires that class attendance be taken for every instructional <term type="NE" subtype="DURATION"> day </term> in every public school or school program in the school district; and</p>
          <p>(4)provides for schools to document the following for each student identified as -LSB-<hi rend="strikethrough">a</hi>]<hi rend="underlined">an</hi>habitual truant:<hi rend="strikethrough">a</hi><hi rend="underlined">an</hi></p>
          <p>(a)attempts of the school to notify the parent that the student had unexcused absences;</p>
          <p>(b)attempts of the school to meet with the parent to discuss intervention strategies; and</p>
          <p>(c)intervention strategies implemented to support keeping the student in school.</p>
          <p>D.The department shall review and approve school district and charter school attendance policies.</p>
          <p>E.School districts and charter schools shall report unexcused absences and habitual truancy rates to the department in a form and at such times as the department determines and shall document intervention efforts made to keep students in need of early intervention and habitual truants in educational settings. Locally chartered charter schools shall provide copies of their reports to the school district. The department shall compile school district and charter school reports on rates of unexcused absences and habitual truancy and require school districts and charter schools to certify that the information is being reported consistently.</p>
          <p>- <term type="NE" subtype="DATE"> 3 </term> -</p>
        </div2>
      </div1>
    </body>
  </text>
</TEI>
