<TEI xmlns="http://www.tei-c.org/ns/1.0">
  <teiHeader xml:lang="en">
    <fileDesc>
      <titleStmt>
        <title xml:id="NM-2013-S301"/>
        <author>Craig Brandt      </author>
      </titleStmt>
      <editionStmt>
        <edition/>
      </editionStmt>
      <publicationStmt>
        <pubPlace>New Mexico</pubPlace>
        <idno>NM-2013-S301</idno>
        <date>2013</date>
      </publicationStmt>
      <sourceDesc>
        <bibl>https:\\www.nmlegis.gov\Sessions\13%20Regular\bills\senate\SB0301.html</bibl>
      </sourceDesc>
    </fileDesc>
  </teiHeader>
  <text xml:lang="en">
    <front>
      <div1 type="abstract">
        <head>AN ACT RELATING TO HIGHER EDUCATION; INCREASING THE FAMILY INCOME FOR ELIGIBILITY FOR THE NEW <term type="NE" subtype="LOCATION"> MEXICO </term> SCHOLARS ACT SCHOLARSHIPS.</head>
      </div1>
    </front>
    <body>
      <div1>
        <opener>
          <salute/>
        </opener>
        <div2 type="section" n="1">
          <head>SECTION 1. Section 21-21H-1 NMSA <term type="NE" subtype="DATE"> 1978 </term> (being Laws <term type="NE" subtype="DATE"> 1989 </term>, Chapter 212, Section 1)is amended to read:</head>
          <p>" 21-21H-1. SHORT TITLE.<hi rend="strikethrough">This act</hi>]<hi rend="underlined">Chapter 21, Article 21H NMSA <term type="NE" subtype="DATE"> 1978 </term></hi>may be cited as the "New Mexico Scholars Act"."<hi rend="strikethrough">This act</hi><hi rend="underlined">Chapter 21, Article 21H NMSA <term type="NE" subtype="DATE"> 1978 </term></hi></p>
        </div2>
        <div2 type="section" n="2">
          <head>SECTION 2. Section 21-21H-3 NMSA <term type="NE" subtype="DATE"> 1978 </term> (being Laws <term type="NE" subtype="DATE"> 1989 </term>, Chapter 212, Section 3)is amended to read:</head>
          <p>" 21-21H-3. DEFINITIONS.</p>
          <p>A." academic <term type="NE" subtype="DURATION"> year </term>" means any consecutive period of two semesters, <term type="NE" subtype="DURATION"> three quarters </term> or other comparable units commencing with the <term type="NE" subtype="DATE"> fall </term> term <term type="NE" subtype="SET"> each year </term>;</p>
          <p>B." award recipient" means a student awarded a New Mexico Scholars Act scholarship;</p>
          <p>C.-LSB-<hi rend="strikethrough">" commission"</hi>]<hi rend="underlined">" department"</hi>means the [<hi rend="strikethrough">commission on</hi>] higher education<hi rend="underlined">department</hi>;<hi rend="strikethrough">" commission"</hi><hi rend="underlined">" department"</hi><hi rend="strikethrough">commission on</hi><hi rend="underlined">department</hi></p>
          <p>D." eligible institution" means any degree-granting educational institution in <term type="NE" subtype="LOCATION"> New Mexico </term> accredited by the north central association of colleges and secondary schools;</p>
          <p>E." satisfactory academic progress" means completion of at least twenty-four credit <term type="NE" subtype="DURATION"> hours </term> per <term type="NE" subtype="DURATION"> year </term> and maintenance of a cumulative grade point average of a minimum of 3. 0 or higher on a scale of 4.</p>
          <p>F." scholarship" means a scholarship awarded pursuant to the New Mexico Scholars Act.</p>
        </div2>
        <div2 type="section" n="3">
          <head>SECTION 3. Section 21-21H-4 NMSA <term type="NE" subtype="DATE"> 1978 </term> (being Laws <term type="NE" subtype="DATE"> 1989 </term>, Chapter 212, Section 4)is amended to read:</head>
          <p>" 21-21H-4. CREATION OF SCHOLARSHIP.<hi rend="strikethrough">commission</hi>]<hi rend="underlined">department</hi>."<hi rend="strikethrough">commission</hi><hi rend="underlined">department</hi></p>
        </div2>
        <div2 type="section" n="4">
          <head>SECTION 4. Section 21-21H-5 NMSA <term type="NE" subtype="DATE"> 1978 </term> (being Laws <term type="NE" subtype="DATE"> 1989 </term>, Chapter 212, Section 5, as amended)is amended to read:</head>
          <p>" 21-21H-5. CONDITIONS FOR <term type="NE" subtype="DATE"> FIRST YEAR </term> ELIGIBILITY.</p>
          <p>scholarship may be awarded to a <term type="NE" subtype="LOCATION"> New Mexico </term> high school graduate who:</p>
          <p>A.is a resident of <term type="NE" subtype="LOCATION"> New Mexico </term> as determined by the definition of residency for tuition purposes as established by the -LSB-<hi rend="strikethrough">commission</hi>]<hi rend="underlined">department</hi>;<hi rend="strikethrough">commission</hi><hi rend="underlined">department</hi></p>
          <p>B.will graduate or has graduated from a <term type="NE" subtype="LOCATION"> New Mexico </term> high school and who enrolls in an eligible institution by the end of -LSB-<hi rend="strikethrough">his</hi>]<hi rend="underlined">the graduate's</hi>twenty-first birthday;<hi rend="strikethrough">his</hi><hi rend="underlined">the graduate's</hi></p>
          <p>C.has met the admission requirements and is accepted for enrollment as a full-time undergraduate student at an eligible institution;</p>
          <p>D.has maintained a level of performance in high school reflected by an overall score of at least twenty-five on the <term type="NE" subtype="MISC"> American </term> college test or <term type="NE" subtype="DATE"> SAT </term> equivalent or a high school class rank in the top <term type="NE" subtype="PERCENT"> five percent </term> of the student's high school graduating class in either the student's junior or senior <term type="NE" subtype="DURATION"> year </term>;</p>
          <p>E.has a total combined family income of no more than -LSB-<hi rend="strikethrough"><term type="NE" subtype="MONEY"> thirty thousand dollars </term> (<term type="NE" subtype="MONEY"> $ 30,000 </term>)</hi>]<hi rend="underlined"><term type="NE" subtype="MONEY"> sixty thousand dollars </term> (<term type="NE" subtype="MONEY"> $ 60,000 </term>)</hi>per year<hi rend="underlined">adjusted <term type="NE" subtype="SET"> annually </term> on <term type="NE" subtype="DATE"> January 1 </term> to reflect any change from <term type="NE" subtype="DATE"> the previous year </term>'s then-current consumer price index for all urban consumers published by the bureau of labor statistics of the <term type="NE" subtype="LOCATION"> United States </term> department of labor</hi>in either of the calendar years ending within the student's junior or senior years in high school or in the case of a student whose immediate family has more than one family member enrolled full time in an eligible institution of post-secondary education, a total combined family income of no more than an amount as determined by the [<hi rend="strikethrough">commission</hi>]<hi rend="underlined">department</hi>to be equivalent to a [<hi rend="strikethrough">thirty-thousand-dollar (<term type="NE" subtype="MONEY"> $ 30,000 </term>)</hi>]<hi rend="underlined"><term type="NE" subtype="MONEY"> sixty-thousand dollar </term> (<term type="NE" subtype="MONEY"> $ 60,000 </term>)</hi>total combined family income;<hi rend="strikethrough"><term type="NE" subtype="MONEY"> thirty thousand dollars </term> (<term type="NE" subtype="MONEY"> $ 30,000 </term>)</hi><hi rend="underlined"><term type="NE" subtype="MONEY"> sixty thousand dollars </term> (<term type="NE" subtype="MONEY"> $ 60,000 </term>)</hi><hi rend="underlined">adjusted <term type="NE" subtype="SET"> annually </term> on <term type="NE" subtype="DATE"> January 1 </term> to reflect any change from <term type="NE" subtype="DATE"> the previous year </term>'s then-current consumer price index for all urban consumers published by the bureau of labor statistics of the <term type="NE" subtype="LOCATION"> United States </term> department of labor</hi><hi rend="strikethrough">commission</hi><hi rend="underlined">department</hi><hi rend="strikethrough">thirty-thousand-dollar (<term type="NE" subtype="MONEY"> $ 30,000 </term>)</hi><hi rend="underlined"><term type="NE" subtype="MONEY"> sixty-thousand dollar </term> (<term type="NE" subtype="MONEY"> $ 60,000 </term>)</hi></p>
          <p>F.has complied with all the rules -LSB-<hi rend="strikethrough">and regulations</hi>] adopted by the [<hi rend="strikethrough">commission</hi>]<hi rend="underlined">department</hi>for award of the scholarship and the provisions regarding the administration of scholarships adopted pursuant to the New Mexico Scholars Act; and<hi rend="strikethrough">and regulations</hi><hi rend="strikethrough">commission</hi><hi rend="underlined">department</hi></p>
          <p>G.is a citizen of the <term type="NE" subtype="LOCATION"> United States </term> or has a permanent resident visa.</p>
        </div2>
        <div2 type="section" n="5">
          <head>SECTION 5. Section 21-21H-8 NMSA <term type="NE" subtype="DATE"> 1978 </term> (being Laws <term type="NE" subtype="DATE"> 1989 </term>, Chapter 212, Section 8, as amended)is amended to read:</head>
          <p>" 21-21H-8. TERMINATION OF SCHOLARSHIPS.<hi rend="strikethrough">regulations or procedures</hi>] promulgated by the [<hi rend="strikethrough">commission</hi>]<hi rend="underlined">department</hi>pursuant to that act."<hi rend="strikethrough">regulations or procedures</hi><hi rend="strikethrough">commission</hi><hi rend="underlined">department</hi></p>
        </div2>
        <div2 type="section" n="6">
          <head>SECTION 6. Section 21-21H-9 NMSA <term type="NE" subtype="DATE"> 1978 </term> (being Laws <term type="NE" subtype="DATE"> 1989 </term>, Chapter 212, Section 9, as amended)is amended to read:</head>
          <p>" 21-21H-9. RULES -LSB-<hi rend="strikethrough">AND REGULATIONS</hi>].--The [<hi rend="strikethrough">commission</hi>]<hi rend="underlined">department</hi>may adopt such rules [<hi rend="strikethrough">regulations and procedures</hi>] as necessary or appropriate to implement the provisions of the New Mexico Scholars Act. A financial aid officer may exercise professional judgment when special circumstances exist to adjust the cost of attendance or the expected family contribution or to modify other factors that make the program responsive to a student's special financial circumstances and for which documentation exists in the student's file within the parameters authorized for this program."<hi rend="strikethrough">AND REGULATIONS</hi><hi rend="strikethrough">commission</hi><hi rend="underlined">department</hi><hi rend="strikethrough">regulations and procedures</hi></p>
        </div2>
        <div2 type="section" n="7">
          <head>SECTION 7. EFFECTIVE DATE.-- The effective date of the provisions of this act is <term type="NE" subtype="DATE"> July 1, 2013 </term>.</head>
          <p>- <term type="NE" subtype="DATE"> 5 </term> -</p>
        </div2>
      </div1>
    </body>
  </text>
</TEI>
