<TEI xmlns="http://www.tei-c.org/ns/1.0">
  <teiHeader xml:lang="en">
    <fileDesc>
      <titleStmt>
        <title xml:id="NM-2010-S085"/>
        <author>Gay G. Kernan    FOR THE LEGISLATIVE EDUCATION STUDY COMMITTEE  </author>
      </titleStmt>
      <editionStmt>
        <edition/>
      </editionStmt>
      <publicationStmt>
        <pubPlace>New Mexico</pubPlace>
        <idno>NM-2010-S085</idno>
        <date>2010</date>
      </publicationStmt>
      <sourceDesc>
        <bibl>https:\\www.nmlegis.gov\Sessions\10%20Regular\bills\senate\SB0085.html</bibl>
      </sourceDesc>
    </fileDesc>
  </teiHeader>
  <text xml:lang="en">
    <front>
      <div1 type="abstract">
        <head>AN ACT RELATING TO HIGHER EDUCATION; CREATING THE SCHOOL LEADERSHIP INSTITUTE; PROVIDING POWERS AND DUTIES.</head>
      </div1>
    </front>
    <body>
      <div1>
        <opener>
          <salute/>
        </opener>
        <div2 type="section" n="1">
          <head>Section 1. A new section of Chapter 21 NMSA <term type="NE" subtype="DATE"> 1978 </term> is enacted to read:</head>
          <p>"[<hi rend="underlined">NEW MATERIAL</hi>] SCHOOL LEADERSHIP INSTITUTE--CREATED--PURPOSE.--<hi rend="underlined">NEW MATERIAL</hi></p>
          <p>A.The " school leadership institute" is created and is administratively attached to the higher education department. The department shall provide administrative services for the institute. The institute shall provide a comprehensive and cohesive framework for preparing, mentoring and providing professional development for principals and other public school leaders.</p>
          <p>B.The institute shall offer at least the following programs:</p>
          <p>(1)licensure preparation for aspiring principals;</p>
          <p>(2)mentoring for new principals and other public school leaders;</p>
          <p>(3)intensive support for principals at schools in need of improvement;</p>
          <p>(4)professional development for aspiring superintendents; and</p>
          <p>(5)mentoring for new superintendents.</p>
          <p>C.The institute shall partner with state agencies, institutions of higher education and professional associations to identify and recruit candidates for the institute.</p>
          <p>- <term type="NE" subtype="DATE"> 2 </term> -</p>
        </div2>
      </div1>
    </body>
  </text>
</TEI>
