<TEI xmlns="http://www.tei-c.org/ns/1.0">
  <teiHeader xml:lang="en">
    <fileDesc>
      <titleStmt>
        <title xml:id="NM-2008-S333"/>
        <author>Carlos R. Cisneros      </author>
      </titleStmt>
      <editionStmt>
        <edition/>
      </editionStmt>
      <publicationStmt>
        <pubPlace>New Mexico</pubPlace>
        <idno>NM-2008-S333</idno>
        <date>2008</date>
      </publicationStmt>
      <sourceDesc>
        <bibl>https:\\www.nmlegis.gov\Sessions\08%20Regular\bills\senate\SB0333.html</bibl>
      </sourceDesc>
    </fileDesc>
  </teiHeader>
  <text xml:lang="en">
    <front>
      <div1 type="abstract">
        <head>AN ACT AUTHORIZING THE ISSUANCE AND SALE OF CAPITAL PROJECTS GENERAL OBLIGATION BONDS TO MAKE CAPITAL EXPENDITURES FOR SENIOR CITIZEN FACILITY IMPROVEMENTS AND ACQUISITIONS; FOR CAPITAL IMPROVEMENTS AND ACQUISITIONS AT INSTITUTIONS OF HIGHER EDUCATION AND STATE SPECIAL SCHOOLS; FOR LIBRARY ACQUISITIONS; FOR PUBLIC SCHOOL PRE-KINDERGARTEN CLASSROOMS, SCHOOL BUSES AND LIBRARY BOOKS; AND FOR HEALTH FACILITIES; PROVIDING FOR A TAX LEVY FOR PAYMENT OF PRINCIPAL OF, INTEREST ON AND CERTAIN COSTS RELATED TO THE BONDS; REQUIRING APPROVAL OF THE REGISTERED VOTERS AT THE <term type="NE" subtype="DATE"> 2008 </term> GENERAL ELECTION OF THE STATE; DECLARING AN EMERGENCY.</head>
      </div1>
    </front>
    <body>
      <div1>
        <opener>
          <salute/>
        </opener>
        <p>AND FOR HEALTH FACILITIES; PROVIDING FOR A TAX LEVY FOR PAYMENT OF PRINCIPAL OF, INTEREST ON AND CERTAIN COSTS RELATED TO THE BONDS; REQUIRING APPROVAL OF THE REGISTERED VOTERS AT THE <term type="NE" subtype="DATE"> 2008 </term> GENERAL ELECTION OF THE STATE; DECLARING AN EMERGENCY.</p>
        <div2 type="section" n="1">
          <head>Section 1. SHORT TITLE.-- This act may be cited as the " <term type="NE" subtype="DATE"> 2008 </term> Capital Projects General Obligation Bond Act".</head>
        </div2>
        <div2 type="section" n="2">
          <head>Section 2. PURPOSE.-- For the purpose of providing funds for capital expenditures as authorized in the <term type="NE" subtype="DATE"> 2008 </term> <term type="NE" subtype="MISC"> Capital Projects General Obligation Bond Act </term>, general obligation indebtedness of the state is authorized for the purposes and in the amounts set forth in Section 10 of that act.</head>
        </div2>
        <div2 type="section" n="3">
          <head>Section 3. BOND TERMS.</head>
          <p>A.The state board of finance, except as limited by the <term type="NE" subtype="DATE"> 2008 </term> Capital Projects General Obligation Bond Act, shall determine the terms, covenants and conditions of bonds issued pursuant to that act, including but not limited to:</p>
          <p>(1)date or dates of issue, denominations and maturities;</p>
          <p>(2)principal amounts;</p>
          <p>(3)rate or rates of interest; and</p>
          <p>(4)provisions for redemption, including premiums, registration and refundability, whether the bonds are issued in one or more series and other covenants relating to the bonds and the issuance thereof.</p>
          <p>B.The bonds shall be in such form as the state board of finance determines with an appropriate series designation and shall bear interest payable as set forth in the resolution of the state board of finance.</p>
          <p>C.Payment of the principal of the bonds shall begin not <term type="NE" subtype="DURATION"> more than two years </term> after the date of their issuance, and the bonds shall mature not later than <term type="NE" subtype="DURATION"> ten years </term> after the date of their issuance. Both principal and interest shall be payable in lawful money of the <term type="NE" subtype="LOCATION"> United States </term> at the office of the paying agent within or without the state as the state board of finance may direct.</p>
          <p>D.The bonds shall be executed with the manual or facsimile signature of the governor or the state treasurer, and the seal or a facsimile of the seal of the state shall be placed on each bond, except for any series of bonds issued in book entry or similar form without the delivery of physical securities.</p>
          <p>E.The bonds shall be issued in accordance with the provisions of the <term type="NE" subtype="DATE"> 2008 </term> Capital Projects General Obligation Bond Act, the Supplemental Public Securities Act and the <term type="NE" subtype="ORGANIZATION"> Uniform Facsimile Signature </term> of Public Officials Act and may be issued in accordance with the Public Securities Short-Term Interest Rate Act.</p>
          <p>F.The full faith and credit of the state is pledged for the prompt payment when due of the principal of and interest on all bonds issued and sold pursuant to the <term type="NE" subtype="DATE"> 2008 </term> Capital Projects General Obligation Bond Act.</p>
        </div2>
        <div2 type="section" n="4">
          <head>Section 4. EXPENDITURES.-- The proceeds from the sale of the bonds shall be expended solely for providing money to be distributed for the purposes and in amounts not to exceed the amounts set forth in Section 10 of the <term type="NE" subtype="DATE"> 2008 </term> Capital Projects General Obligation Bond Act and to pay expenses incurred under Section 6 of that act. Any proceeds from the sale of the bonds that are not required for the purposes set forth in Sections 6 and 10 of that act shall be used for the purpose of paying the principal of and interest on the bonds.</head>
        </div2>
        <div2 type="section" n="5">
          <head>Section 5. SALE.-- The bonds authorized under the <term type="NE" subtype="DATE"> 2008 </term> Capital Projects General Obligation Bond Act shall be sold by the state board of finance at such time and in such manner and amounts as the board may elect. The bonds may be sold at private sale or at public sale, in either case at not less than par plus accrued interest to the date of delivery. If sold at public sale, the state board of finance shall publish a notice of the time and place of sale in a newspaper of general circulation in the state and may also publish the notice in a recognized financial journal outside the state. The required publications shall be made <term type="NE" subtype="DATE"> once </term> <term type="NE" subtype="SET"> each week </term> for two consecutive <term type="NE" subtype="DURATION"> weeks </term> prior to the date fixed for the sale, the last publication thereof to be <term type="NE" subtype="DURATION"> at least five days </term> prior to the date of the sale. The notice shall specify the amount, denomination, maturity and description of the bonds to be offered for sale and the place, date and <term type="NE" subtype="DURATION"> hour </term> at which the sealed bids shall be received. At the <term type="NE" subtype="DATE"> time </term> and place specified in the notice, the state board of finance shall open the bids in public and shall award the bonds to the bidder or bidders offering the best price for the bonds. The state board of finance may reject any or all bids and readvertise and may waive any irregularity in a bid. All bids, except that of the state, shall be accompanied by a deposit of <term type="NE" subtype="PERCENT"> two percent </term> of the principal amount of the bonds in a form acceptable to the state board of finance. The deposit of an unsuccessful bidder shall be returned upon rejection of the bid. The state board of finance may also sell the bonds or any part of the bonds to the state treasurer or state investment officer. The state treasurer or state investment officer is authorized to purchase any of the bonds for investment. The bonds are legal investments for any person or board charged with the investment of any public funds and may be accepted as security for any deposit of public money.</head>
        </div2>
        <div2 type="section" n="6">
          <head>Section 6. EXPENSES.-- The expenses incurred by the state board of finance in or relating to the preparation and sale of the bonds shall be paid out of the proceeds from the sale of the bonds, and all rebate, penalty, interest and other obligations of the state relating to the bonds and bond proceeds under the Internal Revenue Code of <term type="NE" subtype="DATE"> 1986 </term>, as amended, shall be paid from earnings on bond proceeds or other money of the state, legally available for such payments.</head>
        </div2>
        <div2 type="section" n="7">
          <head>Section 7. TAX LEVY.-- To provide for the payment of the principal of and interest on the bonds issued and sold pursuant to the provisions of the <term type="NE" subtype="DATE"> 2008 </term> Capital Projects General Obligation Bond Act, there shall be and there is hereby imposed and levied during <term type="NE" subtype="SET"> each year </term> in which any of the bonds are outstanding an ad valorem tax on all property in the state subject to property taxation for state purposes sufficient to pay the interest as it becomes due on the bonds, together with an amount sufficient to provide a sinking fund to pay the principal of the bonds as it becomes due and, if permitted by law, ad valorem taxes may be collected to pay administrative costs incident to the collection of such taxes. The taxes shall be imposed, levied, assessed and collected at the times and in the manner that other property taxes for state purposes are imposed, levied, assessed and collected. It is the duty of all tax officials and authorities to cause these taxes to be imposed, levied, assessed and collected.</head>
        </div2>
        <div2 type="section" n="8">
          <head>Section 8. TREASURER -- DUTIES.-- The state treasurer shall keep separate accounts of all money collected pursuant to the taxes imposed and levied pursuant to the provisions of the <term type="NE" subtype="DATE"> 2008 </term> Capital Projects General Obligation Bond Act and shall use this money only for the purposes of paying the principal of and interest on the bonds as they become due and any expenses relating thereto.</head>
        </div2>
        <div2 type="section" n="9">
          <head>Section 9. IRREPEALABLE CONTRACT -- AUTHORITY FOR ISSUANCE.-- An owner of bonds issued pursuant to the provisions of the <term type="NE" subtype="DATE"> 2008 </term> Capital Projects General Obligation Bond Act may, either at law or in equity, by suit, action or mandamus, enforce and compel the performance of the duties required by that act of any officer or entity mentioned in that act. The provisions of that act constitute an irrepealable contract with the owners of any of the bonds issued pursuant to that act for the faithful performance of which the full faith and credit of the state is pledged. Without reference to any other act of the legislature, the <term type="NE" subtype="DATE"> 2008 </term> Capital Projects General Obligation Bond Act is full authority for the issuance and sale of the bonds authorized in that act, and such bonds shall have all the qualities of investment securities under the Uniform Commercial Code, shall not be invalid for any irregularity or defect in the proceedings for the issuance and sale of the bonds and shall be incontestable in the hands of bona fide purchasers or holders thereof for value. All bonds issued under the provisions of that act, and the interest thereon, are exempt from taxation by the state and any subdivision or public body thereof.</head>
        </div2>
        <div2 type="section" n="10">
          <head>Section 10. PROJECTS.</head>
          <p>A.for senior citizen facility improvements, equipment and construction, to the aging and long-term services department:</p>
          <p>(1)<term type="NE" subtype="MONEY"> one hundred thirty-seven thousand six hundred dollars </term> (<term type="NE" subtype="MONEY"> $ 137,600 </term>)to purchase and install equipment for senior centers citywide in <term type="NE" subtype="LOCATION"> Albuquerque </term> in <term type="NE" subtype="LOCATION"> Bernalillo county </term>;</p>
          <p>(2)<term type="NE" subtype="MONEY"> forty-three thousand seven hundred dollars </term> (<term type="NE" subtype="MONEY"> $ 43,700 </term>)to purchase and install meals equipment for senior centers citywide in <term type="NE" subtype="LOCATION"> Albuquerque </term> in <term type="NE" subtype="LOCATION"> Bernalillo county </term>;</p>
          <p>(3)<term type="NE" subtype="MONEY"> one million six hundred thousand dollars </term> (<term type="NE" subtype="MONEY"> $ 1,600,000 </term>)to plan, design, construct, equip and furnish the <term type="NE" subtype="ORGANIZATION"> Barelas </term> senior center in <term type="NE" subtype="LOCATION"> Bernalillo county </term>;</p>
          <p>(4)<term type="NE" subtype="MONEY"> fifty-eight thousand dollars </term> (<term type="NE" subtype="MONEY"> $ 58,000 </term>)to purchase and install equipment for senior centers countywide in <term type="NE" subtype="LOCATION"> Bernalillo county </term>;</p>
          <p>(5)<term type="NE" subtype="MONEY"> four hundred seventy-five thousand dollars </term> (<term type="NE" subtype="MONEY"> $ 475,000 </term>)to plan, design, construct, equip and furnish the Highland senior center in <term type="NE" subtype="LOCATION"> Bernalillo county </term>;</p>
          <p>(6)<term type="NE" subtype="MONEY"> fifty-one thousand dollars </term> (<term type="NE" subtype="MONEY"> $ 51,000 </term>)to make improvements, including purchase and installation of equipment, to the To 'hajiilee chapter senior center on the <term type="NE" subtype="LOCATION"> Navajo Nation </term> in <term type="NE" subtype="LOCATION"> Bernalillo county </term>;</p>
          <p>(7)<term type="NE" subtype="MONEY"> twenty thousand dollars </term> (<term type="NE" subtype="MONEY"> $ 20,000 </term>)to make improvements for building-code compliance, including purchase and installation of equipment, to the To 'hajiilee chapter senior center on the <term type="NE" subtype="LOCATION"> Navajo Nation </term> in <term type="NE" subtype="LOCATION"> Bernalillo county </term>;</p>
          <p>(8)<term type="NE" subtype="MONEY"> two thousand one hundred sixty-five dollars </term> (<term type="NE" subtype="MONEY"> $ 2,165 </term>)to purchase and install meals equipment for the <term type="NE" subtype="PERSON"> Catron </term> senior center in <term type="NE" subtype="LOCATION"> Catron county </term>;</p>
          <p>(9)<term type="NE" subtype="MONEY"> twenty thousand five hundred fifteen dollars </term> (<term type="NE" subtype="MONEY"> $ 20,515 </term>)to purchase and install equipment for the Chaves Joy senior centers in <term type="NE" subtype="LOCATION"> Chaves </term> county;</p>
          <p>(10)<term type="NE" subtype="MONEY"> one hundred five thousand dollars </term> (<term type="NE" subtype="MONEY"> $ 105,000 </term>)to purchase and install equipment for the senior olympics program in <term type="NE" subtype="LOCATION"> Chaves </term> county;</p>
          <p>(11)<term type="NE" subtype="MONEY"> four hundred fifty thousand dollars </term> (<term type="NE" subtype="MONEY"> $ 450,000 </term>)to plan, design, construct, equip and furnish the <term type="NE" subtype="PERSON"> Hagerman </term> senior center in <term type="NE" subtype="LOCATION"> Chaves </term> county;</p>
          <p>(12)<term type="NE" subtype="MONEY"> ten thousand six hundred dollars </term> (<term type="NE" subtype="MONEY"> $ 10,600 </term>)to purchase and install equipment for the Pueblo of <term type="NE" subtype="LOCATION"> Acoma </term> senior center in <term type="NE" subtype="LOCATION"> Cibola </term> county;</p>
          <p>(13)<term type="NE" subtype="MONEY"> sixty thousand dollars </term> (<term type="NE" subtype="MONEY"> $ 60,000 </term>)to make improvements, including purchase and installation of equipment, to the Pueblo of <term type="NE" subtype="LOCATION"> Acoma </term> senior center in <term type="NE" subtype="LOCATION"> Cibola </term> county;</p>
          <p>(14)<term type="NE" subtype="MONEY"> six thousand dollars </term> (<term type="NE" subtype="MONEY"> $ 6,000 </term>)to purchase and install equipment for the Grants senior center in <term type="NE" subtype="LOCATION"> Cibola </term> county;</p>
          <p>(15)<term type="NE" subtype="MONEY"> four hundred seventy-five thousand dollars </term> (<term type="NE" subtype="MONEY"> $ 475,000 </term>)to plan, design, construct, equip and furnish the Pueblo of <term type="NE" subtype="LOCATION"> Laguna </term> senior center in <term type="NE" subtype="LOCATION"> Cibola </term> county;</p>
          <p>(16)<term type="NE" subtype="MONEY"> thirty thousand dollars </term> (<term type="NE" subtype="MONEY"> $ 30,000 </term>)to make improvements for building-code compliance, including purchase and installation of equipment, to the Pueblo of <term type="NE" subtype="LOCATION"> Laguna </term> senior and adult daycare center in <term type="NE" subtype="LOCATION"> Cibola </term> county;</p>
          <p>(17)<term type="NE" subtype="MONEY"> thirty-five thousand eight hundred forty dollars </term> (<term type="NE" subtype="MONEY"> $ 35,840 </term>)to make improvements, including purchase and installation of equipment, to the <term type="NE" subtype="MISC"> Cimarron </term> senior center in <term type="NE" subtype="LOCATION"> Colfax county </term>;</p>
          <p>(18)<term type="NE" subtype="MONEY"> thirteen thousand five hundred dollars </term> (<term type="NE" subtype="MONEY"> $ 13,500 </term>)to purchase and install equipment for senior centers countywide in <term type="NE" subtype="LOCATION"> Colfax county </term>;</p>
          <p>(19)<term type="NE" subtype="MONEY"> thirty-nine thousand nine hundred dollars </term> (<term type="NE" subtype="MONEY"> $ 39,900 </term>)to purchase and install meals equipment for senior centers countywide in <term type="NE" subtype="LOCATION"> Colfax county </term>;</p>
          <p>(20)<term type="NE" subtype="MONEY"> forty-two thousand five hundred dollars </term> (<term type="NE" subtype="MONEY"> $ 42,500 </term>)to make improvements, including purchase and installation of equipment, to the Eagle Nest senior center in <term type="NE" subtype="LOCATION"> Colfax county </term>;</p>
          <p>(21)<term type="NE" subtype="MONEY"> forty thousand dollars </term> (<term type="NE" subtype="MONEY"> $ 40,000 </term>)to make improvements, including purchase and installation of equipment, to the Raton senior center in <term type="NE" subtype="LOCATION"> Colfax county </term>;</p>
          <p>(22)<term type="NE" subtype="MONEY"> two thousand five hundred dollars </term> (<term type="NE" subtype="MONEY"> $ 2,500 </term>)to make improvements for building-code compliance, including purchase and installation of equipment, to the Raton senior center in <term type="NE" subtype="LOCATION"> Colfax county </term>;</p>
          <p>(23)<term type="NE" subtype="MONEY"> one hundred thousand dollars </term> (<term type="NE" subtype="MONEY"> $ 100,000 </term>)to make improvements, including purchase and installation of equipment, to the Springer senior center in <term type="NE" subtype="LOCATION"> Colfax county </term>;</p>
          <p>(24)<term type="NE" subtype="MONEY"> fifteen thousand dollars </term> (<term type="NE" subtype="MONEY"> $ 15,000 </term>)to make improvements, including purchase and installation of equipment, to the <term type="NE" subtype="MISC"> Clovis Baxter-Curren </term> senior center in <term type="NE" subtype="LOCATION"> Curry county </term>;</p>
          <p>(25)<term type="NE" subtype="MONEY"> twelve thousand five hundred sixteen dollars </term> (<term type="NE" subtype="MONEY"> $ 12,516 </term>)to purchase and install equipment for the <term type="NE" subtype="MISC"> Clovis </term> senior center in <term type="NE" subtype="LOCATION"> Curry county </term>;</p>
          <p>(26)<term type="NE" subtype="MONEY"> eleven thousand two hundred dollars </term> (<term type="NE" subtype="MONEY"> $ 11,200 </term>)to make improvements, including purchase and installation of equipment, to the Alice Converse senior center in <term type="NE" subtype="LOCATION"> Curry county </term>;</p>
          <p>(27)<term type="NE" subtype="MONEY"> seven thousand dollars </term> (<term type="NE" subtype="MONEY"> $ 7,000 </term>)to purchase and install meals equipment for the <term type="NE" subtype="PERSON"> Grady </term> senior center in <term type="NE" subtype="LOCATION"> Curry county </term>;</p>
          <p>(28)<term type="NE" subtype="MONEY"> eighteen thousand dollars </term> (<term type="NE" subtype="MONEY"> $ 18,000 </term>)to purchase and install equipment for the <term type="NE" subtype="LOCATION"> East Mesa </term> senior center in <term type="NE" subtype="LOCATION"> Dona Ana county </term>;</p>
          <p>(29)<term type="NE" subtype="MONEY"> five thousand dollars </term> (<term type="NE" subtype="MONEY"> $ 5,000 </term>)to purchase and install equipment for the <term type="NE" subtype="LOCATION"> East Side </term> senior center in <term type="NE" subtype="LOCATION"> Dona Ana county </term>;</p>
          <p>(30)<term type="NE" subtype="MONEY"> eighteen thousand dollars </term> (<term type="NE" subtype="MONEY"> $ 18,000 </term>)to make improvements for building-code compliance, including purchase and installation of equipment, to the <term type="NE" subtype="LOCATION"> East Side </term> senior center in <term type="NE" subtype="LOCATION"> Dona Ana county </term>;</p>
          <p>(31)<term type="NE" subtype="MONEY"> six thousand dollars </term> (<term type="NE" subtype="MONEY"> $ 6,000 </term>)to purchase and install equipment for senior centers citywide in <term type="NE" subtype="LOCATION"> Las Cruces </term> in <term type="NE" subtype="LOCATION"> Dona Ana county </term>;</p>
          <p>(32)<term type="NE" subtype="MONEY"> forty thousand seven hundred dollars </term> (<term type="NE" subtype="MONEY"> $ 40,700 </term>)to purchase and install meals equipment for senior centers citywide in <term type="NE" subtype="LOCATION"> Las Cruces </term> in <term type="NE" subtype="LOCATION"> Dona Ana county </term>;</p>
          <p>(33)<term type="NE" subtype="MONEY"> ninety-seven thousand four hundred forty dollars </term> (<term type="NE" subtype="MONEY"> $ 97,440 </term>)to make improvements, including purchase and installation of equipment, to the <term type="NE" subtype="LOCATION"> Artesia </term> senior center in <term type="NE" subtype="LOCATION"> Eddy county </term>;</p>
          <p>(34)<term type="NE" subtype="MONEY"> three thousand nine hundred thirty-seven dollars </term> (<term type="NE" subtype="MONEY"> $ 3,937 </term>)to purchase and install meals equipment for the <term type="NE" subtype="LOCATION"> Carlsbad </term> senior center in <term type="NE" subtype="LOCATION"> Eddy county </term>;</p>
          <p>(35)<term type="NE" subtype="MONEY"> seven thousand five hundred dollars </term> (<term type="NE" subtype="MONEY"> $ 7,500 </term>)to make improvements, including purchase and installation of equipment, to the <term type="NE" subtype="LOCATION"> Mimbres Valley </term> senior center in Grant county;</p>
          <p>(36)<term type="NE" subtype="MONEY"> three thousand five hundred twenty-eight dollars </term> (<term type="NE" subtype="MONEY"> $ 3,528 </term>)to purchase and install equipment for senior centers countywide in Grant county;</p>
          <p>(37)<term type="NE" subtype="MONEY"> thirty-seven thousand four hundred nineteen dollars </term> (<term type="NE" subtype="MONEY"> $ 37,419 </term>)to purchase and install meals equipment for senior centers countywide in Grant county;</p>
          <p>(38)<term type="NE" subtype="MONEY"> eighty-four thousand three hundred seventeen dollars </term> (<term type="NE" subtype="MONEY"> $ 84,317 </term>)to make improvements, including purchase and installation of equipment, to <term type="NE" subtype="LOCATION"> La Loma </term> senior center in <term type="NE" subtype="LOCATION"> Guadalupe </term> county;</p>
          <p>(39)<term type="NE" subtype="MONEY"> eighty-two thousand dollars </term> (<term type="NE" subtype="MONEY"> $ 82,000 </term>)to make improvements for building-code compliance, including purchase and installation of equipment, to the <term type="NE" subtype="LOCATION"> Santa Rosa </term> senior center in <term type="NE" subtype="LOCATION"> Guadalupe </term> county;</p>
          <p>(40)<term type="NE" subtype="MONEY"> seven hundred twenty-five thousand dollars </term> (<term type="NE" subtype="MONEY"> $ 725,000 </term>)to plan, design, construct, equip and furnish the <term type="NE" subtype="LOCATION"> Lordsburg </term> senior center in <term type="NE" subtype="LOCATION"> Hidalgo county </term>;</p>
          <p>(41)<term type="NE" subtype="MONEY"> three thousand nine hundred thirty-six dollars </term> (<term type="NE" subtype="MONEY"> $ 3,936 </term>)to purchase and install meals equipment for the <term type="NE" subtype="LOCATION"> Lordsburg </term> senior center in <term type="NE" subtype="LOCATION"> Hidalgo county </term>;</p>
          <p>(42)<term type="NE" subtype="MONEY"> two hundred thousand dollars </term> (<term type="NE" subtype="MONEY"> $ 200,000 </term>)to plan, design, construct, equip and furnish the <term type="NE" subtype="PERSON"> Hobbs </term> senior center in <term type="NE" subtype="LOCATION"> Lea county </term>;</p>
          <p>(43)<term type="NE" subtype="MONEY"> twenty-two thousand six hundred dollars </term> (<term type="NE" subtype="MONEY"> $ 22,600 </term>)to purchase and install meals equipment for the <term type="NE" subtype="ORGANIZATION"> Jal </term> senior center in <term type="NE" subtype="LOCATION"> Lea county </term>;</p>
          <p>(44)<term type="NE" subtype="MONEY"> one hundred seventy-five thousand dollars </term> (<term type="NE" subtype="MONEY"> $ 175,000 </term>)to plan, design, construct, equip and furnish the <term type="NE" subtype="LOCATION"> Hondo Valley </term> senior center in <term type="NE" subtype="LOCATION"> Lincoln county </term>;</p>
          <p>(45)<term type="NE" subtype="MONEY"> seven thousand five hundred dollars </term> (<term type="NE" subtype="MONEY"> $ 7,500 </term>)to make improvements for building-code compliance, including purchase and installation of equipment, to the <term type="NE" subtype="LOCATION"> Hondo Valley </term> senior center in <term type="NE" subtype="LOCATION"> Lincoln county </term>;</p>
          <p>(46)<term type="NE" subtype="MONEY"> forty thousand dollars </term> (<term type="NE" subtype="MONEY"> $ 40,000 </term>)to make improvements for building-code compliance, including purchase and installation of equipment, to the <term type="NE" subtype="LOCATION"> Ruidoso </term> senior center in <term type="NE" subtype="LOCATION"> Lincoln county </term>;</p>
          <p>(47)<term type="NE" subtype="MONEY"> five thousand dollars </term> (<term type="NE" subtype="MONEY"> $ 5,000 </term>)to make improvements, including purchase and installation of equipment, to the <term type="NE" subtype="MISC"> Baahaali </term> chapter senior center on the <term type="NE" subtype="LOCATION"> Navajo Nation </term> in <term type="NE" subtype="LOCATION"> McKinley county </term>;</p>
          <p>(48)<term type="NE" subtype="MONEY"> eight thousand dollars </term> (<term type="NE" subtype="MONEY"> $ 8,000 </term>)to make improvements for building-code compliance, including purchase and installation of equipment, to the <term type="NE" subtype="MISC"> Baahaali </term> chapter senior center on the <term type="NE" subtype="LOCATION"> Navajo Nation </term> in <term type="NE" subtype="LOCATION"> McKinley county </term>;</p>
          <p>(49)<term type="NE" subtype="MONEY"> fifty-nine thousand dollars </term> (<term type="NE" subtype="MONEY"> $ 59,000 </term>)to make improvements for building-code compliance, including purchase and installation of equipment, to the Baca chapter senior center on the <term type="NE" subtype="LOCATION"> Navajo Nation </term> in <term type="NE" subtype="LOCATION"> McKinley county </term>;</p>
          <p>(50)<term type="NE" subtype="MONEY"> five hundred thousand dollars </term> (<term type="NE" subtype="MONEY"> $ 500,000 </term>)to plan, design, construct, equip and furnish the <term type="NE" subtype="MISC"> Chichiltah </term> chapter senior center on the <term type="NE" subtype="LOCATION"> Navajo Nation </term> in <term type="NE" subtype="LOCATION"> McKinley county </term>;</p>
          <p>(51)<term type="NE" subtype="MONEY"> eleven thousand one hundred thirty dollars </term> (<term type="NE" subtype="MONEY"> $ 11,130 </term>)to make improvements, including purchase and installation of equipment, to the <term type="NE" subtype="MISC"> Chichiltah </term> chapter senior center on the <term type="NE" subtype="LOCATION"> Navajo Nation </term> in <term type="NE" subtype="LOCATION"> McKinley county </term>;</p>
          <p>(52)<term type="NE" subtype="MONEY"> four thousand dollars </term> (<term type="NE" subtype="MONEY"> $ 4,000 </term>)to purchase and install equipment for the <term type="NE" subtype="MISC"> Gallup </term> senior center in <term type="NE" subtype="LOCATION"> McKinley county </term>;</p>
          <p>(53)<term type="NE" subtype="MONEY"> twenty thousand dollars </term> (<term type="NE" subtype="MONEY"> $ 20,000 </term>)to make improvements for building-code compliance, including purchase and installation of equipment, to the <term type="NE" subtype="MISC"> Nahodishgish </term> chapter senior center on the <term type="NE" subtype="LOCATION"> Navajo Nation </term> in <term type="NE" subtype="LOCATION"> McKinley county </term>;</p>
          <p>(54)<term type="NE" subtype="MONEY"> forty-five thousand dollars </term> (<term type="NE" subtype="MONEY"> $ 45,000 </term>)to make improvements, including purchase and installation of equipment, to the <term type="NE" subtype="LOCATION"> Pinedale </term> chapter senior center on the <term type="NE" subtype="LOCATION"> Navajo Nation </term> in <term type="NE" subtype="LOCATION"> McKinley county </term>;</p>
          <p>(55)<term type="NE" subtype="MONEY"> twenty-one thousand dollars </term> (<term type="NE" subtype="MONEY"> $ 21,000 </term>)to make improvements for building-code compliance, including purchase and installation of equipment, to the <term type="NE" subtype="LOCATION"> Pinedale </term> chapter senior center on the <term type="NE" subtype="LOCATION"> Navajo Nation </term> in <term type="NE" subtype="LOCATION"> McKinley county </term>;</p>
          <p>(56)<term type="NE" subtype="MONEY"> one hundred thousand dollars </term> (<term type="NE" subtype="MONEY"> $ 100,000 </term>)to purchase and install equipment for the Pueblo Pintado chapter senior center on the <term type="NE" subtype="LOCATION"> Navajo Nation </term> in <term type="NE" subtype="LOCATION"> McKinley county </term>;</p>
          <p>(57)<term type="NE" subtype="MONEY"> twenty-five thousand dollars </term> (<term type="NE" subtype="MONEY"> $ 25,000 </term>)to make improvements, including purchase and installation of equipment, to the <term type="NE" subtype="LOCATION"> Ramah </term> senior center in <term type="NE" subtype="LOCATION"> McKinley county </term>;</p>
          <p>(58)<term type="NE" subtype="MONEY"> fifteen thousand dollars </term> (<term type="NE" subtype="MONEY"> $ 15,000 </term>)to make improvements for building-code compliance, including purchase and installation of equipment, to the <term type="NE" subtype="LOCATION"> Smith Lake </term> chapter senior center on the <term type="NE" subtype="LOCATION"> Navajo Nation </term> in <term type="NE" subtype="LOCATION"> McKinley county </term>;</p>
          <p>(59)<term type="NE" subtype="MONEY"> seven hundred seventy-five thousand dollars </term> (<term type="NE" subtype="MONEY"> $ 775,000 </term>)to plan, design, construct, equip and furnish the Standing Rock chapter senior center on the <term type="NE" subtype="LOCATION"> Navajo Nation </term> in <term type="NE" subtype="LOCATION"> McKinley county </term>;</p>
          <p>(60)<term type="NE" subtype="MONEY"> seventy-five thousand dollars </term> (<term type="NE" subtype="MONEY"> $ 75,000 </term>)to make improvements for building-code compliance, including purchase and installation of equipment, to the Thoreau senior center in <term type="NE" subtype="LOCATION"> McKinley county </term>;</p>
          <p>(61)<term type="NE" subtype="MONEY"> twenty thousand dollars </term> (<term type="NE" subtype="MONEY"> $ 20,000 </term>)to make improvements, including purchase and installation of equipment, to the Thoreau chapter senior center on the <term type="NE" subtype="LOCATION"> Navajo Nation </term> in <term type="NE" subtype="LOCATION"> McKinley county </term>;</p>
          <p>(62)<term type="NE" subtype="MONEY"> thirty thousand dollars </term> (<term type="NE" subtype="MONEY"> $ 30,000 </term>)to make improvements for building-code compliance, including purchase and installation of equipment, to the Thoreau chapter senior center on the <term type="NE" subtype="LOCATION"> Navajo Nation </term> in <term type="NE" subtype="LOCATION"> McKinley county </term>;</p>
          <p>(63)<term type="NE" subtype="MONEY"> five thousand dollars </term> (<term type="NE" subtype="MONEY"> $ 5,000 </term>)to make improvements for building-code compliance, including purchase and installation of equipment, to the <term type="NE" subtype="MISC"> Tohatchi </term> chapter senior center on the <term type="NE" subtype="LOCATION"> Navajo Nation </term> in <term type="NE" subtype="LOCATION"> McKinley county </term>;</p>
          <p>(64)<term type="NE" subtype="MONEY"> one hundred thousand dollars </term> (<term type="NE" subtype="MONEY"> $ 100,000 </term>)to make improvements for building-code compliance, including purchase and installation of equipment, to the <term type="NE" subtype="MISC"> Twin Lakes </term> chapter senior center on the <term type="NE" subtype="LOCATION"> Navajo Nation </term> in <term type="NE" subtype="LOCATION"> McKinley county </term>;</p>
          <p>(65)<term type="NE" subtype="MONEY"> ninety thousand dollars </term> (<term type="NE" subtype="MONEY"> $ 90,000 </term>)to make improvements, including purchase and installation of equipment, to the Pueblo of Zuni senior center in <term type="NE" subtype="LOCATION"> McKinley county </term>;</p>
          <p>(66)<term type="NE" subtype="MONEY"> fifteen thousand three hundred dollars </term> (<term type="NE" subtype="MONEY"> $ 15,300 </term>)to purchase and install meals equipment for the <term type="NE" subtype="PERSON"> Mora </term> and Wagon Mound senior centers in <term type="NE" subtype="LOCATION"> Mora county </term>;</p>
          <p>(67)<term type="NE" subtype="MONEY"> six hundred thousand dollars </term> (<term type="NE" subtype="MONEY"> $ 600,000 </term>)to plan, design, construct, equip and furnish the <term type="NE" subtype="LOCATION"> Mora-Wagon Mound </term> senior center in <term type="NE" subtype="LOCATION"> Mora county </term>;</p>
          <p>(68)<term type="NE" subtype="MONEY"> ten thousand dollars </term> (<term type="NE" subtype="MONEY"> $ 10,000 </term>)to make improvements for building-code compliance, including purchase and installation of equipment, to the Pueblo of <term type="NE" subtype="LOCATION"> Isleta </term> senior center in <term type="NE" subtype="LOCATION"> Bernalillo county </term>;</p>
          <p>(69)<term type="NE" subtype="MONEY"> forty-five thousand dollars </term> (<term type="NE" subtype="MONEY"> $ 45,000 </term>)to make improvements for building-code compliance, including purchase and installation of equipment, to senior centers nationwide on the <term type="NE" subtype="ORGANIZATION"> Navajo Nation </term> in <term type="NE" subtype="LOCATION"> McKinley </term>, <term type="NE" subtype="LOCATION"> San Juan </term>, <term type="NE" subtype="LOCATION"> Cibola </term>, <term type="NE" subtype="LOCATION"> Bernalillo </term> and <term type="NE" subtype="PERSON"> Sandoval </term> counties;</p>
          <p>(70)<term type="NE" subtype="MONEY"> one hundred twenty thousand dollars </term> (<term type="NE" subtype="MONEY"> $ 120,000 </term>)to purchase and install equipment for senior centers nationwide on the <term type="NE" subtype="ORGANIZATION"> Navajo Nation </term> in <term type="NE" subtype="LOCATION"> McKinley </term>, <term type="NE" subtype="LOCATION"> San Juan </term>, <term type="NE" subtype="LOCATION"> Cibola </term>, <term type="NE" subtype="LOCATION"> Bernalillo </term> and <term type="NE" subtype="PERSON"> Sandoval </term> counties;</p>
          <p>(71)<term type="NE" subtype="MONEY"> two hundred twenty-five thousand dollars </term> (<term type="NE" subtype="MONEY"> $ 225,000 </term>)to purchase and install meals equipment for the <term type="NE" subtype="ORGANIZATION"> Navajo Nation </term> senior centers nationwide in <term type="NE" subtype="PERSON"> McKinley </term>, <term type="NE" subtype="LOCATION"> San Juan </term>, <term type="NE" subtype="LOCATION"> Cibola </term>, <term type="NE" subtype="LOCATION"> Bernalillo </term> and <term type="NE" subtype="PERSON"> Sandoval </term> counties;</p>
          <p>(72)<term type="NE" subtype="MONEY"> twenty-five thousand five hundred forty dollars </term> (<term type="NE" subtype="MONEY"> $ 25,540 </term>)to purchase and install equipment for the <term type="NE" subtype="LOCATION"> Alamogordo </term> senior center in <term type="NE" subtype="LOCATION"> Otero county </term>;</p>
          <p>(73)<term type="NE" subtype="MONEY"> ten thousand six hundred thirty-two dollars </term> (<term type="NE" subtype="MONEY"> $ 10,632 </term>)to purchase and install meals equipment for the <term type="NE" subtype="LOCATION"> Alamogordo </term> senior center in <term type="NE" subtype="LOCATION"> Otero county </term>;</p>
          <p>(74)<term type="NE" subtype="MONEY"> five thousand dollars </term> (<term type="NE" subtype="MONEY"> $ 5,000 </term>)to purchase and install equipment for the Mescalero Apache Tribe senior center in <term type="NE" subtype="LOCATION"> Otero county </term>;</p>
          <p>(75)<term type="NE" subtype="MONEY"> thirteen thousand three hundred ten dollars </term> (<term type="NE" subtype="MONEY"> $ 13,310 </term>)to purchase and install meals equipment for the <term type="NE" subtype="LOCATION"> Sacramento </term> senior center in <term type="NE" subtype="LOCATION"> Otero county </term>;</p>
          <p><term type="NE" subtype="MONEY"> nine hundred fifty-four dollars </term> (<term type="NE" subtype="MONEY"> $ 739,954 </term>)to plan, design, construct, equip and furnish the <term type="NE" subtype="LOCATION"> Tularosa </term> senior center in <term type="NE" subtype="LOCATION"> Otero county </term>;</p>
          <p>(77)<term type="NE" subtype="MONEY"> six thousand dollars </term> (<term type="NE" subtype="MONEY"> $ 6,000 </term>)to purchase and install equipment for the <term type="NE" subtype="LOCATION"> Tularosa </term> senior center in <term type="NE" subtype="LOCATION"> Otero county </term>;</p>
          <p>(78)<term type="NE" subtype="MONEY"> ninety-six thousand dollars </term> (<term type="NE" subtype="MONEY"> $ 96,000 </term>)to make improvements, including purchase and installation of equipment, to the <term type="NE" subtype="LOCATION"> Tularosa </term> senior center in <term type="NE" subtype="LOCATION"> Otero county </term>;</p>
          <p>(79)<term type="NE" subtype="MONEY"> thirty-nine thousand nine hundred dollars </term> (<term type="NE" subtype="MONEY"> $ 39,900 </term>)to purchase and install meals equipment for the <term type="NE" subtype="LOCATION"> Tularosa </term> senior center in <term type="NE" subtype="LOCATION"> Otero county </term>;</p>
          <p>(80)<term type="NE" subtype="MONEY"> five thousand eight hundred twenty-five dollars </term> (<term type="NE" subtype="MONEY"> $ 5,825 </term>)to purchase and install equipment for the <term type="NE" subtype="LOCATION"> Logan </term> senior center in <term type="NE" subtype="LOCATION"> Quay county </term>;</p>
          <p>(81)<term type="NE" subtype="MONEY"> twelve thousand one hundred ninety dollars </term> (<term type="NE" subtype="MONEY"> $ 12,190 </term>)to purchase and install meals equipment for the <term type="NE" subtype="LOCATION"> Logan </term> senior center in <term type="NE" subtype="LOCATION"> Quay county </term>;</p>
          <p>(82)<term type="NE" subtype="MONEY"> twenty-five thousand dollars </term> (<term type="NE" subtype="MONEY"> $ 25,000 </term>)to make improvements, including purchase and installation of equipment, to the <term type="NE" subtype="LOCATION"> San Jose </term> senior center in <term type="NE" subtype="LOCATION"> Quay county </term>;</p>
          <p>(83)<term type="NE" subtype="MONEY"> one hundred ninety thousand dollars </term> (<term type="NE" subtype="MONEY"> $ 190,000 </term>)to make improvements, including purchase and installation of equipment, to the Alcalde community senior meal site center in <term type="NE" subtype="LOCATION"> Rio Arriba county </term>;</p>
          <p>(84)<term type="NE" subtype="MONEY"> two hundred thousand dollars </term> (<term type="NE" subtype="MONEY"> $ 200,000 </term>)to make improvements for building-code compliance, including purchase and installation of equipment, to the Coyote senior center in <term type="NE" subtype="LOCATION"> Rio Arriba county </term>;</p>
          <p>(85)<term type="NE" subtype="MONEY"> fifty thousand dollars </term> (<term type="NE" subtype="MONEY"> $ 50,000 </term>)to make improvements, including purchase and installation of equipment, to the Espanola senior center in <term type="NE" subtype="LOCATION"> Rio Arriba county </term>;</p>
          <p>(86)<term type="NE" subtype="MONEY"> forty-five thousand five hundred dollars </term> (<term type="NE" subtype="MONEY"> $ 45,500 </term>)to make improvements for building-code compliance, including purchase and installation of equipment, to the Espanola senior center in <term type="NE" subtype="LOCATION"> Rio Arriba county </term>;</p>
          <p>(87)<term type="NE" subtype="MONEY"> nine thousand eight hundred dollars </term> (<term type="NE" subtype="MONEY"> $ 9,800 </term>)to purchase and install equipment for senior centers countywide in <term type="NE" subtype="LOCATION"> Rio Arriba county </term>;</p>
          <p>(88)<term type="NE" subtype="MONEY"> seven thousand six hundred eighty dollars </term> (<term type="NE" subtype="MONEY"> $ 7,680 </term>)to purchase and install meals equipment for senior centers countywide in <term type="NE" subtype="LOCATION"> Rio Arriba county </term>;</p>
          <p>(89)<term type="NE" subtype="MONEY"> twenty-five thousand dollars </term> (<term type="NE" subtype="MONEY"> $ 25,000 </term>)to make improvements, including purchase and installation of equipment, to the Pueblo of <term type="NE" subtype="LOCATION"> Santa Clara </term> senior center in <term type="NE" subtype="LOCATION"> Rio Arriba county </term>;</p>
          <p>(90)<term type="NE" subtype="MONEY"> fifty thousand dollars </term> (<term type="NE" subtype="MONEY"> $ 50,000 </term>)to make improvements for building-code compliance, including purchase and installation of equipment, to the Pueblo of <term type="NE" subtype="LOCATION"> Santa Clara </term> senior and adult daycare center in <term type="NE" subtype="LOCATION"> Rio Arriba county </term>;</p>
          <p>(91)<term type="NE" subtype="MONEY"> thirty-six thousand two hundred dollars </term> (<term type="NE" subtype="MONEY"> $ 36,200 </term>)to purchase and install meals equipment for the Pueblo of <term type="NE" subtype="LOCATION"> Santa Clara </term> senior and adult daycare center in <term type="NE" subtype="LOCATION"> Rio Arriba county </term>;</p>
          <p>(92)<term type="NE" subtype="MONEY"> fifteen thousand eight hundred thirty dollars </term> (<term type="NE" subtype="MONEY"> $ 15,830 </term>)to purchase and install equipment for the <term type="NE" subtype="LOCATION"> Portales </term> senior center in <term type="NE" subtype="LOCATION"> Roosevelt county </term>;</p>
          <p>(93)<term type="NE" subtype="MONEY"> twelve thousand four hundred three dollars </term> (<term type="NE" subtype="MONEY"> $ 12,403 </term>)to purchase and install meals equipment for the <term type="NE" subtype="LOCATION"> Portales </term> senior center in <term type="NE" subtype="LOCATION"> Roosevelt county </term>;</p>
          <p>(94)<term type="NE" subtype="MONEY"> four thousand five hundred three dollars </term> (<term type="NE" subtype="MONEY"> $ 4,503 </term>)to make improvements, including purchase and installation of equipment, to the <term type="NE" subtype="PERSON"> Blanco </term> senior center in <term type="NE" subtype="LOCATION"> San Juan </term> county;</p>
          <p>(95)<term type="NE" subtype="MONEY"> six thousand six hundred twenty-two dollars </term> (<term type="NE" subtype="MONEY"> $ 6,622 </term>)to make improvements for building-code compliance, including purchase and installation of equipment, to the <term type="NE" subtype="LOCATION"> Bloomfield </term> senior center in <term type="NE" subtype="LOCATION"> San Juan </term> county;</p>
          <p>(96)<term type="NE" subtype="MONEY"> twenty thousand dollars </term> (<term type="NE" subtype="MONEY"> $ 20,000 </term>)to make improvements for building-code compliance, including purchase and installation of equipment, to the Crystal chapter senior center on the <term type="NE" subtype="LOCATION"> Navajo Nation </term> in <term type="NE" subtype="LOCATION"> San Juan </term> county;</p>
          <p>(97)<term type="NE" subtype="MONEY"> four thousand dollars </term> (<term type="NE" subtype="MONEY"> $ 4,000 </term>)to make improvements for building-code compliance, including purchase and installation of equipment, to the <term type="NE" subtype="LOCATION"> Huerfano </term> chapter senior center on the <term type="NE" subtype="LOCATION"> Navajo Nation </term> in <term type="NE" subtype="LOCATION"> San Juan </term> county;</p>
          <p>(98)<term type="NE" subtype="MONEY"> twelve thousand dollars </term> (<term type="NE" subtype="MONEY"> $ 12,000 </term>)to make improvements, including purchase and installation of equipment, to the <term type="NE" subtype="LOCATION"> Lake Valley </term> chapter senior center on the <term type="NE" subtype="LOCATION"> Navajo Nation </term> in <term type="NE" subtype="LOCATION"> San Juan </term> county;</p>
          <p>(99)<term type="NE" subtype="MONEY"> four thousand five hundred dollars </term> (<term type="NE" subtype="MONEY"> $ 4,500 </term>)to make improvements for building-code compliance, including purchase and installation of equipment, to the <term type="NE" subtype="MISC"> Nageezi </term> chapter senior center on the <term type="NE" subtype="LOCATION"> Navajo Nation </term> in <term type="NE" subtype="LOCATION"> San Juan </term> county;</p>
          <p>(100)<term type="NE" subtype="MONEY"> three hundred thousand dollars </term> (<term type="NE" subtype="MONEY"> $ 300,000 </term>)to plan, design, construct, equip and furnish the <term type="NE" subtype="PERSON"> Newcomb </term> chapter senior center on the <term type="NE" subtype="LOCATION"> Navajo Nation </term> in <term type="NE" subtype="LOCATION"> San Juan </term> county;</p>
          <p>(101)<term type="NE" subtype="MONEY"> one thousand five hundred dollars </term> (<term type="NE" subtype="MONEY"> $ 1,500 </term>)to purchase and install meals equipment for the <term type="NE" subtype="LOCATION"> Lower Valley </term> senior center in <term type="NE" subtype="LOCATION"> San Juan </term> county;</p>
          <p>(102)<term type="NE" subtype="MONEY"> twenty-one thousand dollars </term> (<term type="NE" subtype="MONEY"> $ 21,000 </term>)to purchase and install meals equipment for senior centers countywide in <term type="NE" subtype="LOCATION"> San Juan </term> county;</p>
          <p>(103)<term type="NE" subtype="MONEY"> two thousand two hundred thirty dollars </term> (<term type="NE" subtype="MONEY"> $ 2,230 </term>)to make improvements, including purchase and installation of equipment, to the <term type="NE" subtype="LOCATION"> Shiprock </term> chapter senior center in <term type="NE" subtype="LOCATION"> San Juan </term> county;</p>
          <p>(104)<term type="NE" subtype="MONEY"> seventy-one thousand five hundred dollars </term> (<term type="NE" subtype="MONEY"> $ 71,500 </term>)to make improvements for building-code compliance, including purchase and installation of equipment, to the <term type="NE" subtype="LOCATION"> Las Vegas </term> senior center in <term type="NE" subtype="LOCATION"> San Miguel county </term>;</p>
          <p>(105)<term type="NE" subtype="MONEY"> nine thousand six hundred dollars </term> (<term type="NE" subtype="MONEY"> $ 9,600 </term>)to purchase and install meals equipment for the <term type="NE" subtype="LOCATION"> Las Vegas </term> senior center in <term type="NE" subtype="LOCATION"> San Miguel county </term>;</p>
          <p>(106)<term type="NE" subtype="MONEY"> three hundred thousand dollars </term> (<term type="NE" subtype="MONEY"> $ 300,000 </term>)to plan, design, construct, equip and furnish the Pueblo of Cochiti senior center in <term type="NE" subtype="LOCATION"> Sandoval county </term>;</p>
          <p>(107)<term type="NE" subtype="MONEY"> twenty-four thousand five hundred dollars </term> (<term type="NE" subtype="MONEY"> $ 24,500 </term>)to make improvements, including purchase and installation of equipment, to the Pueblo of <term type="NE" subtype="LOCATION"> Jemez </term> senior center in <term type="NE" subtype="LOCATION"> Sandoval county </term>;</p>
          <p>(108)<term type="NE" subtype="MONEY"> fifteen thousand dollars </term> (<term type="NE" subtype="MONEY"> $ 15,000 </term>)to purchase and install meals equipment for the Pueblo of <term type="NE" subtype="LOCATION"> Jemez </term> senior center in <term type="NE" subtype="LOCATION"> Sandoval county </term>;</p>
          <p>(109)<term type="NE" subtype="MONEY"> fourteen thousand dollars </term> (<term type="NE" subtype="MONEY"> $ 14,000 </term>)to make improvements, including purchase and installation of equipment, to the <term type="NE" subtype="LOCATION"> Pena Blanca </term> senior center in <term type="NE" subtype="LOCATION"> Sandoval county </term>;</p>
          <p>(110)<term type="NE" subtype="MONEY"> three hundred thousand dollars </term> (<term type="NE" subtype="MONEY"> $ 300,000 </term>)to plan, design, construct, equip and furnish the <term type="NE" subtype="LOCATION"> Rio Rancho </term> senior center in <term type="NE" subtype="LOCATION"> Sandoval county </term>;</p>
          <p>(111)<term type="NE" subtype="MONEY"> two thousand five hundred dollars </term> (<term type="NE" subtype="MONEY"> $ 2,500 </term>)to purchase and install equipment for the <term type="NE" subtype="LOCATION"> Rio Rancho </term> senior center in <term type="NE" subtype="LOCATION"> Sandoval county </term>;</p>
          <p>(112)<term type="NE" subtype="MONEY"> nine thousand three hundred dollars </term> (<term type="NE" subtype="MONEY"> $ 9,300 </term>)to purchase and install meals equipment for the <term type="NE" subtype="LOCATION"> Rio Rancho </term> senior center in <term type="NE" subtype="LOCATION"> Sandoval county </term>;</p>
          <p>(113)<term type="NE" subtype="MONEY"> six thousand five hundred dollars </term> (<term type="NE" subtype="MONEY"> $ 6,500 </term>)to purchase and install equipment for the Pueblo of <term type="NE" subtype="LOCATION"> San Felipe </term> senior center in <term type="NE" subtype="LOCATION"> Sandoval county </term>;</p>
          <p>(114)<term type="NE" subtype="MONEY"> fourteen thousand dollars </term> (<term type="NE" subtype="MONEY"> $ 14,000 </term>)to purchase and install meals equipment for the <term type="NE" subtype="LOCATION"> Jemez </term> senior center in <term type="NE" subtype="LOCATION"> Sandoval county </term>;</p>
          <p>(115)<term type="NE" subtype="MONEY"> twelve thousand five hundred dollars </term> (<term type="NE" subtype="MONEY"> $ 12,500 </term>)to purchase and install equipment for senior centers countywide in <term type="NE" subtype="LOCATION"> Sandoval county </term>;</p>
          <p>(116)<term type="NE" subtype="MONEY"> thirty-eight thousand dollars </term> (<term type="NE" subtype="MONEY"> $ 38,000 </term>)to purchase and install equipment for the Pueblo of <term type="NE" subtype="PERSON"> Zia </term> and Pueblo of <term type="NE" subtype="LOCATION"> Santa Ana </term> senior centers in <term type="NE" subtype="LOCATION"> Sandoval county </term>;</p>
          <p>(117)<term type="NE" subtype="MONEY"> thirty thousand dollars </term> (<term type="NE" subtype="MONEY"> $ 30,000 </term>)to purchase and install meals equipment for the Pueblo of <term type="NE" subtype="PERSON"> Zia </term> and Pueblo of <term type="NE" subtype="LOCATION"> Santa Ana </term> senior centers in <term type="NE" subtype="LOCATION"> Sandoval county </term>;</p>
          <p>(118)<term type="NE" subtype="MONEY"> eighteen thousand dollars </term> (<term type="NE" subtype="MONEY"> $ 18,000 </term>)to purchase and install equipment for the Pueblo of <term type="NE" subtype="ORGANIZATION"> Santo Domingo </term> senior center in <term type="NE" subtype="LOCATION"> Sandoval county </term>;</p>
          <p>(119)<term type="NE" subtype="MONEY"> sixteen thousand three hundred dollars </term> (<term type="NE" subtype="MONEY"> $ 16,300 </term>)to make improvements for building-code compliance, including purchase and installation of equipment, to the Pueblo of <term type="NE" subtype="LOCATION"> Santo Domingo </term> senior center in <term type="NE" subtype="LOCATION"> Sandoval county </term>;</p>
          <p>(120)<term type="NE" subtype="MONEY"> five hundred seventy-five thousand dollars </term> (<term type="NE" subtype="MONEY"> $ 575,000 </term>)to plan, design, construct, equip and furnish the <term type="NE" subtype="LOCATION"> Torreon </term> chapter senior center on the <term type="NE" subtype="LOCATION"> Navajo Nation </term> in <term type="NE" subtype="LOCATION"> Sandoval county </term>;</p>
          <p>(121)<term type="NE" subtype="MONEY"> twenty-five thousand dollars </term> (<term type="NE" subtype="MONEY"> $ 25,000 </term>)to make improvements for building-code compliance, including purchase and installation of equipment, to the Chimayo senior center in <term type="NE" subtype="LOCATION"> Santa Fe county </term>;</p>
          <p>(122)<term type="NE" subtype="MONEY"> seventy-five thousand dollars </term> (<term type="NE" subtype="MONEY"> $ 75,000 </term>)to make improvements, including purchase and installation of equipment, to the Pueblo of <term type="NE" subtype="LOCATION"> Pojoaque </term> senior center in <term type="NE" subtype="LOCATION"> Santa Fe county </term>;</p>
          <p>(123)<term type="NE" subtype="MONEY"> twenty-five thousand six hundred dollars </term> (<term type="NE" subtype="MONEY"> $ 25,600 </term>)to make improvements, including purchase and installation of equipment, to the Pueblo of <term type="NE" subtype="LOCATION"> San Ildefonso </term> senior center in <term type="NE" subtype="LOCATION"> Santa Fe county </term>;</p>
          <p>(124)<term type="NE" subtype="MONEY"> twenty-four thousand three hundred dollars </term> (<term type="NE" subtype="MONEY"> $ 24,300 </term>)to purchase and install meals equipment for senior centers citywide in <term type="NE" subtype="LOCATION"> Santa Fe </term> in <term type="NE" subtype="LOCATION"> Santa Fe county </term>;</p>
          <p>(125)<term type="NE" subtype="MONEY"> fourteen thousand two hundred seventy dollars </term> (<term type="NE" subtype="MONEY"> $ 14,270 </term>)to make improvements for building-code compliance, including purchase and installation of equipment, to the <term type="NE" subtype="PERSON"> Mary Esther </term> and <term type="NE" subtype="PERSON"> Luisa </term> senior centers in <term type="NE" subtype="LOCATION"> Santa Fe county </term>;</p>
          <p>(126)<term type="NE" subtype="MONEY"> thirty-two thousand three hundred ten dollars </term> (<term type="NE" subtype="MONEY"> $ 32,310 </term>)to purchase and install meals equipment for the <term type="NE" subtype="PERSON"> Rufina </term> meal site center in <term type="NE" subtype="LOCATION"> Santa Fe county </term>;</p>
          <p>(127)<term type="NE" subtype="MONEY"> fifty-seven thousand dollars </term> (<term type="NE" subtype="MONEY"> $ 57,000 </term>)to purchase and install meals equipment for senior centers countywide in <term type="NE" subtype="LOCATION"> Santa Fe county </term>;</p>
          <p>(128)<term type="NE" subtype="MONEY"> thirty-eight thousand dollars </term> (<term type="NE" subtype="MONEY"> $ 38,000 </term>)to make improvements for building-code compliance, including purchase and installation of equipment, to the Truth or Consequences senior center in <term type="NE" subtype="LOCATION"> Sierra county </term>;</p>
          <p>(129)<term type="NE" subtype="MONEY"> twenty-two thousand nine hundred fifty dollars </term> (<term type="NE" subtype="MONEY"> $ 22,950 </term>)to purchase and install meals equipment for the Truth or Consequences senior center in <term type="NE" subtype="LOCATION"> Sierra county </term>;</p>
          <p>(130)<term type="NE" subtype="MONEY"> thirty-six thousand dollars </term> (<term type="NE" subtype="MONEY"> $ 36,000 </term>)to make improvements, including purchase and installation of equipment, to the <term type="NE" subtype="LOCATION"> Magdalena </term> senior center in <term type="NE" subtype="LOCATION"> Socorro county </term>;</p>
          <p>(131)<term type="NE" subtype="MONEY"> thirty-six thousand dollars </term> (<term type="NE" subtype="MONEY"> $ 36,000 </term>)to make improvements, including purchase and installation of equipment, to the Northern senior center in <term type="NE" subtype="LOCATION"> Socorro county </term>;</p>
          <p>(132)<term type="NE" subtype="MONEY"> one million dollars </term> (<term type="NE" subtype="MONEY"> $ 1,000,000 </term>)to purchase and install equipment for area agencies on aging statewide;</p>
          <p>(133)<term type="NE" subtype="MONEY"> forty thousand dollars </term> (<term type="NE" subtype="MONEY"> $ 40,000 </term>)to make improvements, including purchase and installation of equipment, to the Pueblo of <term type="NE" subtype="LOCATION"> Picuris </term> senior center in <term type="NE" subtype="LOCATION"> Taos </term> county;</p>
          <p>(134)<term type="NE" subtype="MONEY"> two thousand thirty-six dollars </term> (<term type="NE" subtype="MONEY"> $ 2,036 </term>)to make improvements for building-code compliance, including purchase and installation of equipment, to the <term type="NE" subtype="LOCATION"> Taos </term> senior center in <term type="NE" subtype="LOCATION"> Taos </term> county;</p>
          <p>(135)<term type="NE" subtype="MONEY"> eleven thousand six hundred forty-eight dollars </term> (<term type="NE" subtype="MONEY"> $ 11,648 </term>)to purchase and install equipment for senior centers countywide in <term type="NE" subtype="LOCATION"> Taos </term> county;</p>
          <p>(136)<term type="NE" subtype="MONEY"> sixteen thousand six hundred seventy-four dollars </term> (<term type="NE" subtype="MONEY"> $ 16,674 </term>)to purchase and install meals equipment for senior centers countywide in <term type="NE" subtype="LOCATION"> Taos </term> county;</p>
          <p>(137)<term type="NE" subtype="MONEY"> nine hundred thousand dollars </term> (<term type="NE" subtype="MONEY"> $ 900,000 </term>)to plan, design, construct, equip and furnish the Pueblo of <term type="NE" subtype="LOCATION"> Taos </term> senior center in <term type="NE" subtype="LOCATION"> Taos </term> county;</p>
          <p>(138)<term type="NE" subtype="MONEY"> three thousand five hundred dollars </term> (<term type="NE" subtype="MONEY"> $ 3,500 </term>)to purchase and install equipment for the Pueblo of <term type="NE" subtype="LOCATION"> Taos </term> senior center in <term type="NE" subtype="LOCATION"> Taos </term> county;</p>
          <p>(139)<term type="NE" subtype="MONEY"> four thousand five hundred dollars </term> (<term type="NE" subtype="MONEY"> $ 4,500 </term>)to purchase and install meals equipment for the Pueblo of <term type="NE" subtype="LOCATION"> Taos </term> senior center in <term type="NE" subtype="LOCATION"> Taos </term> county;</p>
          <p>(140)<term type="NE" subtype="MONEY"> twenty-five thousand dollars </term> (<term type="NE" subtype="MONEY"> $ 25,000 </term>)to make improvements, including purchase and installation of equipment, to the <term type="NE" subtype="PERSON"> Moriarty </term> senior center in <term type="NE" subtype="LOCATION"> Torrance county </term>;</p>
          <p>(141)<term type="NE" subtype="MONEY"> three thousand five hundred dollars </term> (<term type="NE" subtype="MONEY"> $ 3,500 </term>)to make improvements for building-code compliance, including purchase and installation of equipment, to the <term type="NE" subtype="PERSON"> Moriarty </term> senior center in <term type="NE" subtype="LOCATION"> Torrance county </term>;</p>
          <p>(142)<term type="NE" subtype="MONEY"> thirty-five thousand dollars </term> (<term type="NE" subtype="MONEY"> $ 35,000 </term>)to make improvements, including purchase and installation of equipment, to the <term type="NE" subtype="LOCATION"> Mountainair </term> senior center in <term type="NE" subtype="LOCATION"> Torrance county </term>;</p>
          <p>(143)<term type="NE" subtype="MONEY"> eighteen thousand dollars </term> (<term type="NE" subtype="MONEY"> $ 18,000 </term>)to purchase and install equipment for senior centers in <term type="NE" subtype="LOCATION"> Mountainair </term>, <term type="NE" subtype="LOCATION"> Estancia </term> and <term type="NE" subtype="PERSON"> Moriarty </term> in <term type="NE" subtype="LOCATION"> Torrance county </term>;</p>
          <p>(144)<term type="NE" subtype="MONEY"> eleven thousand three hundred dollars </term> (<term type="NE" subtype="MONEY"> $ 11,300 </term>)to purchase and install equipment for the <term type="NE" subtype="PERSON"> Clayton </term> senior center in Union county;</p>
          <p>(145)<term type="NE" subtype="MONEY"> twelve thousand dollars </term> (<term type="NE" subtype="MONEY"> $ 12,000 </term>)to make improvements, including purchase and installation of equipment, to the <term type="NE" subtype="PERSON"> Clayton </term> senior center in Union county;</p>
          <p>(146)<term type="NE" subtype="MONEY"> five thousand nine hundred fifty dollars </term> (<term type="NE" subtype="MONEY"> $ 5,950 </term>)to purchase and install meals equipment for the <term type="NE" subtype="PERSON"> Clayton </term> senior center in Union county;</p>
          <p>(147)<term type="NE" subtype="MONEY"> four hundred fifty thousand dollars </term> (<term type="NE" subtype="MONEY"> $ 450,000 </term>)to plan, design, construct, equip and furnish the <term type="NE" subtype="MISC"> Del Rio </term> senior center in <term type="NE" subtype="LOCATION"> Valencia </term> county; and</p>
          <p>(148)<term type="NE" subtype="MONEY"> twenty-nine thousand two hundred dollars </term> (<term type="NE" subtype="MONEY"> $ 29,200 </term>)to purchase and install equipment for the <term type="NE" subtype="ORGANIZATION"> Del Rio </term> and <term type="NE" subtype="LOCATION"> Meadow Lake </term> senior centers in <term type="NE" subtype="LOCATION"> Valencia county </term>;</p>
          <p>B.to the higher education department for library acquisitions at state libraries, public school libraries, academic libraries and tribal libraries statewide:</p>
          <p>(1)<term type="NE" subtype="MONEY"> two million nine hundred ninety-five thousand dollars </term> (<term type="NE" subtype="MONEY"> $ 2,995,000 </term>)to acquire library books, equipment and library resources for state libraries statewide;</p>
          <p>(2)<term type="NE" subtype="MONEY"> two million nine hundred ninety-five thousand dollars </term> (<term type="NE" subtype="MONEY"> $ 2,995,000 </term>)to acquire library books, equipment and library resources for public school libraries statewide;</p>
          <p>(3)<term type="NE" subtype="MONEY"> two million nine hundred ninety-five thousand dollars </term> (<term type="NE" subtype="MONEY"> $ 2,995,000 </term>)to acquire library books, equipment and library resources for academic libraries statewide; and</p>
          <p>(4)<term type="NE" subtype="MONEY"> one million four hundred ninety-seven thousand five hundred dollars </term> (<term type="NE" subtype="MONEY"> $ 1,497,500 </term>)to acquire library books, equipment and library resources for tribal libraries statewide;</p>
          <p>C.for public school capital improvements statewide:</p>
          <p>(1)to the public education department:</p>
          <p>(a)<term type="NE" subtype="MONEY"> two million dollars </term> (<term type="NE" subtype="MONEY"> $ 2,000,000 </term>)to purchase library books for public and charter schools statewide; and</p>
          <p>(b)<term type="NE" subtype="MONEY"> three million nine hundred eighty-five thousand dollars </term> (<term type="NE" subtype="MONEY"> $ 3,985,000 </term>)to purchase school buses statewide; and</p>
          <p>(2)to the public school capital outlay council, <term type="NE" subtype="MONEY"> three million dollars </term> (<term type="NE" subtype="MONEY"> $ 3,000,000 </term>)to construct pre-kindergarten classrooms statewide;</p>
          <p>D.for capital improvements at institutions of higher education and constitutional special schools statewide:</p>
          <p>(1)to the higher education department:</p>
          <p>(a)<term type="NE" subtype="MONEY"> twelve million dollars </term> (<term type="NE" subtype="MONEY"> $ 12,000,000 </term>)to design and construct phase 3 of the westside campus of central <term type="NE" subtype="LOCATION"> New Mexico </term> community college in <term type="NE" subtype="LOCATION"> Bernalillo county </term>;</p>
          <p>(b)<term type="NE" subtype="MONEY"> four million dollars </term> (<term type="NE" subtype="MONEY"> $ 4,000,000 </term>)to plan, design, construct, equip and furnish upgrades at the central plant at the <term type="NE" subtype="LOCATION"> New Mexico </term> junior college in <term type="NE" subtype="LOCATION"> Hobbs </term> in <term type="NE" subtype="LOCATION"> Lea county </term>;</p>
          <p>(c)<term type="NE" subtype="MONEY"> six million dollars </term> (<term type="NE" subtype="MONEY"> $ 6,000,000 </term>)to plan, design, construct, equip and furnish the <term type="NE" subtype="MISC"> North American </term> wind research and training center at Mesalands community college in <term type="NE" subtype="LOCATION"> Tucumcari </term> in <term type="NE" subtype="LOCATION"> Quay county </term>;</p>
          <p>(d)<term type="NE" subtype="MONEY"> four million five hundred thousand dollars </term> (<term type="NE" subtype="MONEY"> $ 4,500,000 </term>)to plan, design, construct, equip and furnish the multipurpose education center at <term type="NE" subtype="PERSON"> Luna </term> community college in <term type="NE" subtype="LOCATION"> Las Vegas </term> in <term type="NE" subtype="LOCATION"> San Miguel county </term>;</p>
          <p>(e)<term type="NE" subtype="MONEY"> four million two hundred thousand dollars </term> (<term type="NE" subtype="MONEY"> $ 4,200,000 </term>)to plan, design, construct, equip and furnish the trades and advanced technology center at <term type="NE" subtype="ORGANIZATION"> Santa Fe community college </term> in <term type="NE" subtype="LOCATION"> Santa Fe county </term>; and</p>
          <p>(f)five hundred thousand (<term type="NE" subtype="MONEY"> $ 500,000 </term>)to plan, design and construct the science, technology, art and cultural center at the institute of <term type="NE" subtype="MISC"> American Indian </term> arts in <term type="NE" subtype="LOCATION"> Santa Fe county </term>;</p>
          <p>(2)to the board of regents of eastern <term type="NE" subtype="LOCATION"> New Mexico </term> university:</p>
          <p>(a)<term type="NE" subtype="MONEY"> four million dollars </term> (<term type="NE" subtype="MONEY"> $ 4,000,000 </term>)to plan, design, construct, equip and furnish the educational center at the <term type="NE" subtype="LOCATION"> Roswell </term> branch campus in <term type="NE" subtype="LOCATION"> Chaves county </term>;</p>
          <p>(b)<term type="NE" subtype="MONEY"> two million dollars </term> (<term type="NE" subtype="MONEY"> $ 2,000,000 </term>)to plan, design, construct, equip and furnish an electrical system upgrade in <term type="NE" subtype="LOCATION"> Portales </term> in <term type="NE" subtype="LOCATION"> Roosevelt county </term>;</p>
          <p>(c)<term type="NE" subtype="MONEY"> eight million dollars </term> (<term type="NE" subtype="MONEY"> $ 8,000,000 </term>)to plan, design, construct, equip and furnish the technology building renovation in <term type="NE" subtype="LOCATION"> Portales </term> in <term type="NE" subtype="LOCATION"> Roosevelt </term> county; and</p>
          <p>(d)<term type="NE" subtype="MONEY"> two million dollars </term> (<term type="NE" subtype="MONEY"> $ 2,000,000 </term>)for renovation and expansion of the music building at eastern <term type="NE" subtype="LOCATION"> New Mexico </term> university in <term type="NE" subtype="LOCATION"> Portales </term> in <term type="NE" subtype="LOCATION"> Roosevelt county </term>;</p>
          <p>(3)to the board of regents of <term type="NE" subtype="LOCATION"> New Mexico </term> highlands university:</p>
          <p>(a)<term type="NE" subtype="MONEY"> eight million dollars </term> (<term type="NE" subtype="MONEY"> $ 8,000,000 </term>)to plan, design, construct, equip and furnish infrastructure at <term type="NE" subtype="LOCATION"> New Mexico </term> highlands university in <term type="NE" subtype="LOCATION"> Las Vegas </term> in <term type="NE" subtype="LOCATION"> San Miguel county </term>; and</p>
          <p>(b)<term type="NE" subtype="MONEY"> one million eight hundred thousand dollars </term> (<term type="NE" subtype="MONEY"> $ 1,800,000 </term>)to complete renovations to the <term type="NE" subtype="ORGANIZATION"> Lora Mangum Shields </term> science building and annex at <term type="NE" subtype="LOCATION"> New Mexico </term> highlands university in <term type="NE" subtype="LOCATION"> Las Vegas </term> in <term type="NE" subtype="LOCATION"> San Miguel county </term>;</p>
          <p>(4)to the board of regents of <term type="NE" subtype="LOCATION"> New Mexico </term> military institute, <term type="NE" subtype="MONEY"> five million dollars </term> (<term type="NE" subtype="MONEY"> $ 5,000,000 </term>)for renovations, including improvements related to code compliance, at <term type="NE" subtype="LOCATION"> Pearson </term> auditorium in <term type="NE" subtype="LOCATION"> Roswell </term> in <term type="NE" subtype="LOCATION"> Chaves </term> county;</p>
          <p>(5)to the board of regents of <term type="NE" subtype="LOCATION"> New Mexico </term> institute of mining and technology, <term type="NE" subtype="MONEY"> eight million dollars </term> (<term type="NE" subtype="MONEY"> $ 8,000,000 </term>)to plan, design, construct, equip and furnish central utility infrastructure renovation and expansion in <term type="NE" subtype="LOCATION"> Socorro </term> in <term type="NE" subtype="LOCATION"> Socorro county </term>;</p>
          <p>(6)to the board of regents of <term type="NE" subtype="LOCATION"> New Mexico </term> school for the deaf, <term type="NE" subtype="MONEY"> three million dollars </term> (<term type="NE" subtype="MONEY"> $ 3,000,000 </term>)to plan, design, construct, equip and furnish <term type="NE" subtype="PERSON"> Dillon </term> hall in <term type="NE" subtype="LOCATION"> Santa Fe </term> in <term type="NE" subtype="LOCATION"> Santa Fe county </term>;</p>
          <p>(7)to the board of regents of <term type="NE" subtype="LOCATION"> New Mexico </term> state university:</p>
          <p>(a)<term type="NE" subtype="MONEY"> nineteen million seven hundred seventy-three thousand nine hundred dollars </term> (<term type="NE" subtype="MONEY"> $ 19,773,900 </term>)to plan, design, construct, equip and furnish the arts complex and to demolish the <term type="NE" subtype="PERSON"> Hershel Zohn </term> theater in <term type="NE" subtype="LOCATION"> Las Cruces </term> in <term type="NE" subtype="LOCATION"> Dona Ana county </term>;</p>
          <p>(b)<term type="NE" subtype="MONEY"> six million dollars </term> (<term type="NE" subtype="MONEY"> $ 6,000,000 </term>)to design, plan, construct, equip and furnish the <term type="NE" subtype="LOCATION"> Dona Ana east mesa </term> center to be used primarily for classroom and laboratory space at the <term type="NE" subtype="LOCATION"> Dona Ana </term> branch in <term type="NE" subtype="LOCATION"> Las Cruces </term> in <term type="NE" subtype="LOCATION"> Dona Ana county </term>;</p>
          <p>(c)<term type="NE" subtype="MONEY"> five hundred thousand dollars </term> (<term type="NE" subtype="MONEY"> $ 500,000 </term>)to renovate and expand the trades building at the <term type="NE" subtype="LOCATION"> Dona Ana </term> branch campus of <term type="NE" subtype="LOCATION"> New Mexico </term> state university in <term type="NE" subtype="LOCATION"> Las Cruces </term> in <term type="NE" subtype="LOCATION"> Dona Ana county </term>;</p>
          <p>(d)<term type="NE" subtype="MONEY"> two million dollars </term> (<term type="NE" subtype="MONEY"> $ 2,000,000 </term>)to plan, design, construct, equip and furnish the southwest center for rangeland sustainability in <term type="NE" subtype="LOCATION"> Corona </term> in <term type="NE" subtype="LOCATION"> Lincoln </term> county; and</p>
          <p>(e)<term type="NE" subtype="MONEY"> one million dollars </term> (<term type="NE" subtype="MONEY"> $ 1,000,000 </term>)to plan, design, construct, equip and furnish renovations of the general classroom buildings at the <term type="NE" subtype="LOCATION"> Alamogordo </term> branch campus in <term type="NE" subtype="LOCATION"> Otero county </term>;</p>
          <p>(8)to the board of regents of northern <term type="NE" subtype="LOCATION"> New Mexico </term> state school, <term type="NE" subtype="MONEY"> five million two hundred thousand dollars </term> (<term type="NE" subtype="MONEY"> $ 5,200,000 </term>)to plan, design, construct, equip and furnish the <term type="NE" subtype="PERSON"> Ben Lujan </term> learning resource center addition at the <term type="NE" subtype="LOCATION"> Espanola </term> campus in <term type="NE" subtype="LOCATION"> Rio Arriba county </term>;</p>
          <p>(9)to the board of regents of the university of <term type="NE" subtype="LOCATION"> New Mexico </term>:</p>
          <p>(a)<term type="NE" subtype="MONEY"> five million dollars </term> (<term type="NE" subtype="MONEY"> $ 5,000,000 </term>)to plan, design, construct, equip and furnish the renovation and expansion of the existing biology building in <term type="NE" subtype="LOCATION"> Albuquerque </term> in <term type="NE" subtype="LOCATION"> Bernalillo county </term>;</p>
          <p>(b)<term type="NE" subtype="MONEY"> six million dollars </term> (<term type="NE" subtype="MONEY"> $ 6,000,000 </term>)to plan, design, construct, equip and furnish the college of education renewal in <term type="NE" subtype="LOCATION"> Albuquerque </term> in <term type="NE" subtype="LOCATION"> Bernalillo county </term>;</p>
          <p>(c)<term type="NE" subtype="MONEY"> four million dollars </term> (<term type="NE" subtype="MONEY"> $ 4,000,000 </term>)to plan, design, construct, equip and furnish the film and digital media building at <term type="NE" subtype="ORGANIZATION"> Mesa del Sol </term> in <term type="NE" subtype="LOCATION"> Albuquerque </term> in <term type="NE" subtype="LOCATION"> Bernalillo county </term>;</p>
          <p>(d)<term type="NE" subtype="MONEY"> two million dollars </term> (<term type="NE" subtype="MONEY"> $ 2,000,000 </term>)to plan, design, construct, equip and furnish the learning center in <term type="NE" subtype="LOCATION"> Albuquerque </term> in <term type="NE" subtype="LOCATION"> Bernalillo </term> county; and</p>
          <p>(e)<term type="NE" subtype="MONEY"> three million three hundred thousand dollars </term> (<term type="NE" subtype="MONEY"> $ 3,300,000 </term>)to plan, design, construct, equip and furnish the classroom completion project at the <term type="NE" subtype="LOCATION"> Taos </term> branch in <term type="NE" subtype="LOCATION"> Taos </term> county; and</p>
          <p>(10)to the board of regents of western <term type="NE" subtype="LOCATION"> New Mexico </term> university:</p>
          <p>(a)<term type="NE" subtype="MONEY"> two million dollars </term> (<term type="NE" subtype="MONEY"> $ 2,000,000 </term>)to plan, design, construct, equip and furnish the Chino computing center renovation in <term type="NE" subtype="LOCATION"> Silver City </term> in Grant county; and</p>
          <p>(b)<term type="NE" subtype="MONEY"> six million dollars </term> (<term type="NE" subtype="MONEY"> $ 6,000,000 </term>)to plan, design, construct, equip and furnish infrastructure in <term type="NE" subtype="LOCATION"> Silver City </term> in Grant county; and</p>
          <p>E.for capital improvements at health facilities statewide:</p>
          <p>(1)to the higher education department:</p>
          <p>(a)<term type="NE" subtype="MONEY"> four million dollars </term> (<term type="NE" subtype="MONEY"> $ 4,000,000 </term>)to plan, design, construct, equip and furnish the allied health building at <term type="NE" subtype="LOCATION"> Clovis </term> community college in <term type="NE" subtype="LOCATION"> Clovis </term> in <term type="NE" subtype="LOCATION"> Curry </term> county; and</p>
          <p>(b)<term type="NE" subtype="MONEY"> five million dollars </term> (<term type="NE" subtype="MONEY"> $ 5,000,000 </term>)to plan, design, construct, equip and furnish the health sciences center at <term type="NE" subtype="LOCATION"> San Juan </term> college in <term type="NE" subtype="LOCATION"> Farmington </term> in <term type="NE" subtype="LOCATION"> San Juan </term> county;</p>
          <p>(2)to the <term type="NE" subtype="MISC"> Indian </term> affairs department, <term type="NE" subtype="MONEY"> three million dollars </term> (<term type="NE" subtype="MONEY"> $ 3,000,000 </term>)to plan, design and construct a regional wellness center at the <term type="NE" subtype="ORGANIZATION"> Santa Fe Indian school </term> in <term type="NE" subtype="LOCATION"> Santa Fe </term> in <term type="NE" subtype="LOCATION"> Santa Fe county </term>;</p>
          <p>(3)to the board of regents of <term type="NE" subtype="LOCATION"> New Mexico </term> state university, <term type="NE" subtype="MONEY"> two million nine hundred eleven thousand two hundred dollars </term> (<term type="NE" subtype="MONEY"> $ 2,911,200 </term>)to plan, design and construct an allied health and university transfer center at the <term type="NE" subtype="LOCATION"> Carlsbad </term> branch campus of <term type="NE" subtype="LOCATION"> New Mexico </term> state university in <term type="NE" subtype="LOCATION"> Eddy county </term>;</p>
          <p>(4)to the board of regents of the university of <term type="NE" subtype="LOCATION"> New Mexico </term>:</p>
          <p>(a)<term type="NE" subtype="MONEY"> seventeen million dollars </term> (<term type="NE" subtype="MONEY"> $ 17,000,000 </term>)to plan, design, construct, equip and furnish the cancer research and treatment center at the health sciences center at the university of <term type="NE" subtype="LOCATION"> New Mexico </term> in <term type="NE" subtype="LOCATION"> Albuquerque </term> in <term type="NE" subtype="LOCATION"> Bernalillo county </term>;</p>
          <p>(b)<term type="NE" subtype="MONEY"> four million five hundred thousand dollars </term> (<term type="NE" subtype="MONEY"> $ 4,500,000 </term>)to plan, design, construct, equip and furnish the health sciences center neurosciences research building at the university of <term type="NE" subtype="LOCATION"> New Mexico </term> in <term type="NE" subtype="LOCATION"> Albuquerque </term> in <term type="NE" subtype="LOCATION"> Bernalillo </term> county; and</p>
          <p>(c)<term type="NE" subtype="MONEY"> seven million dollars </term> (<term type="NE" subtype="MONEY"> $ 7,000,000 </term>)to plan, design, construct and renovate dental clinics and dental satellite facilities statewide; and</p>
          <p>(5)to the capital program fund, <term type="NE" subtype="MONEY"> ten million dollars </term> (<term type="NE" subtype="MONEY"> $ 10,000,000 </term>)to plan, design and construct phase 1 of the Meadows hospital facility at the <term type="NE" subtype="LOCATION"> New Mexico </term> behavioral health institute in <term type="NE" subtype="LOCATION"> Las Vegas </term> in <term type="NE" subtype="LOCATION"> San Miguel county </term>.</p>
        </div2>
        <div2 type="section" n="11">
          <head>Section 11. ELECTION.</head>
          <p>A.Bonds issued pursuant to the <term type="NE" subtype="DATE"> 2008 </term> Capital Projects General Obligation Bond Act shall be submitted to the registered voters of the state at the general election to be held in <term type="NE" subtype="DATE"> November 2008 </term>, and, if they receive a majority of all the votes cast thereon at such election, shall take effect upon certification of the state canvassing board announcing the results of such election. No bonds shall be issued or sold under that act until the registered voters of this state have voted upon and approved the bonds and property tax as provided in this section. Any bonds issued under that act shall be issued within <term type="NE" subtype="DURATION"> thirty months </term> from the date of such election.</p>
          <p>B.The ballots used at the <term type="NE" subtype="DATE"> 2008 </term> general election shall contain substantially the following language:</p>
          <p>(1)" The <term type="NE" subtype="DATE"> 2008 </term> Capital Projects General Obligation Bond Act authorizes the issuance and sale of senior citizen facility improvement, construction and equipment acquisition bonds. Shall the state be authorized to issue general obligation bonds in an amount not to exceed <term type="NE" subtype="MONEY"> fourteen million eight hundred thousand dollars </term> (<term type="NE" subtype="MONEY"> $ 14,800,000 </term>)to make capital expenditures for certain senior citizen facility improvements, construction and equipment acquisition projects and provide for a general property tax imposition and levy for the payment of principal of, interest on and expenses incurred in connection with the issuance of the bonds and the collection of the tax as permitted by law ?</p>
          <p>For ________________ Against ___________________";</p>
          <p>to make capital expenditures for academic, public and tribal library acquisitions and provide for a general property tax imposition and levy for the payment of principal of, interest on and expenses incurred in connection with the issuance of the bonds and the collection of the tax as permitted by law ?</p>
          <p>For ________________ Against ___________________";</p>
          <p>for public schools statewide and provide for a general property tax imposition and levy for the payment of principal of, interest on and expenses incurred in connection with the issuance of the bonds and the collection of the tax as permitted by law ?</p>
          <p>For ________________ Against ___________________";</p>
          <p>to make capital expenditures for certain higher educational and special schools capital improvements and acquisitions and provide for a general property tax imposition and levy for the payment of principal of, interest on and expenses incurred in connection with the issuance of the bonds and the collection of the tax as permitted by law ?</p>
          <p>For ________________ Against ___________________"; and</p>
          <p>(5)" The <term type="NE" subtype="DATE"> 2008 </term> Capital Projects General Obligation Bond Act authorizes the issuance and sale of health facility improvement bonds. Shall the state be authorized to issue general obligation bonds in an amount not to exceed <term type="NE" subtype="MONEY"> fifty-three million five hundred thousand dollars </term> (<term type="NE" subtype="MONEY"> $ 53,500,000 </term>)to make capital expenditures for health treatment and health sciences facilities at the university of <term type="NE" subtype="LOCATION"> New Mexico </term> and branch and community colleges statewide and a regional wellness center at <term type="NE" subtype="LOCATION"> Santa Fe </term> <term type="NE" subtype="MISC"> Indian </term> school and provide for a general property tax imposition and levy for the payment of principal of, interest on and expenses incurred in connection with the issuance of the bonds and the collection of the tax as permitted by law ?</p>
          <p>Against ___________________".</p>
          <p>C.Each question set forth in this section includes a specific work or object to be financed by the bonds. If any such question is not approved by a majority vote of the electorate at the state's <term type="NE" subtype="DATE"> 2008 </term> general election, the issuance of bonds for the work or object specified by the question shall be excluded from and shall not be part of the <term type="NE" subtype="DATE"> 2008 </term> Capital Projects General Obligation Bond Act. The failure of a question to be approved by the electorate at the <term type="NE" subtype="DATE"> 2008 </term> general election shall not affect those questions that are approved at the election.</p>
          <p>D.The secretary of state shall include the submission of the capital projects general obligation bonds to the people at the <term type="NE" subtype="DATE"> 2008 </term> general election, and it shall be included in the general election proclamation of each of the county clerks. The secretary of state shall cause the <term type="NE" subtype="DATE"> 2008 </term> Capital Projects General Obligation Bond Act to be published in full in at least one newspaper in each county of the state if one be published therein, <term type="NE" subtype="DATE"> once </term> <term type="NE" subtype="SET"> each week </term>, for four successive <term type="NE" subtype="DURATION"> weeks </term> next preceding the general election as required by the constitution of <term type="NE" subtype="LOCATION"> New Mexico </term>.</p>
        </div2>
        <div2 type="section" n="12">
          <head>Section 12. ART IN PUBLIC PLACES.</head>
          <p>13-4A-4 NMSA <term type="NE" subtype="DATE"> 1978 </term> and where applicable, the appropriations authorized in the <term type="NE" subtype="DATE"> 2008 </term> Capital Projects General Obligation Bond Act include money for the art in public places fund.</p>
        </div2>
        <div2 type="section" n="13">
          <head>Section 13. PROJECT SCOPE -- EXPENDITURES -- REVERSION.</head>
          <p>A.If an appropriation for a project authorized in the <term type="NE" subtype="DATE"> 2008 </term> Capital Projects General Obligation Bond Act is not sufficient to complete all the purposes specified, the appropriation may be expended for any portion of the purposes specified in the appropriation. Expenditures shall not be made for purposes other than those specified in the appropriation.</p>
          <p>B.The state agencies and state institutions to which money has been appropriated in the <term type="NE" subtype="DATE"> 2008 </term> Capital Projects General Obligation Bond Act shall be responsible for monitoring the projects funded in that act to ensure compliance with the constitution and laws of <term type="NE" subtype="LOCATION"> New Mexico </term> and shall cause to be reverted any unexpended or unencumbered balance remaining at the earlier of the <term type="NE" subtype="ORDINAL"> third </term> full fiscal <term type="NE" subtype="DURATION"> year </term> after issuance of the bonds or the termination or completion of the specific project. Reverted funds shall be deposited in the debt service fund established by the state treasurer for the purpose of paying the principal of and interest on the state's general obligation bonds.</p>
        </div2>
        <div2 type="section" n="14">
          <head>Section 14. SEVERABILITY.-- If any part or application of the <term type="NE" subtype="DATE"> 2008 </term> Capital Projects General Obligation Bond Act is held invalid, the remainder or its application to other situations or persons shall not be affected.</head>
        </div2>
        <div2 type="section" n="15">
          <head>Section 15. EMERGENCY.-- It is necessary for the public peace, health and safety that this act take effect immediately.</head>
          <p>- <term type="NE" subtype="DATE"> 40 </term> -</p>
        </div2>
      </div1>
    </body>
  </text>
</TEI>
