<TEI xmlns="http://www.tei-c.org/ns/1.0">
  <teiHeader xml:lang="en">
    <fileDesc>
      <titleStmt>
        <title xml:id="NM-2010-S152"/>
        <author>Michael S. Sanchez      </author>
      </titleStmt>
      <editionStmt>
        <edition/>
      </editionStmt>
      <publicationStmt>
        <pubPlace>New Mexico</pubPlace>
        <idno>NM-2010-S152</idno>
        <date>2010</date>
      </publicationStmt>
      <sourceDesc>
        <bibl>https:\\www.nmlegis.gov\Sessions\10%20Regular\bills\senate\SB0152.html</bibl>
      </sourceDesc>
    </fileDesc>
  </teiHeader>
  <text xml:lang="en">
    <front>
      <div1 type="abstract">
        <head>AN ACT RELATING TO HIGHER EDUCATION; PROHIBITING POST-SECONDARY EDUCATIONAL INSTITUTIONS IN NEW <term type="NE" subtype="LOCATION"> MEXICO </term> FROM SELLING STUDENT LISTS TO CREDIT CARD ISSUERS AND FROM CONTRACTING OR COOPERATING WITH CREDIT CARD ISSUERS TO MARKET CREDIT CARDS; PROVIDING FOR CIVIL LIABILITY.</head>
      </div1>
    </front>
    <body>
      <div1>
        <opener>
          <salute/>
        </opener>
        <div2 type="section" n="1">
          <head>Section 1. SALE OF STUDENT INFORMATION -- MARKETING CREDIT CARDS TO STUDENTS -- PROHIBITED PRACTICES.</head>
          <p>A.No public or private post-secondary educational institution, including its agents, its employees, its student or alumni organizations or its affiliates, shall:</p>
          <p>(1)sell, give or otherwise transfer to any card issuer the name, address, social security number, date of birth, telephone number or other contact or personal identifying information of an undergraduate student at the post-secondary educational institution;</p>
          <p>(2)enter into any agreement or cooperate with a card issuer to market credit cards to undergraduate students at the post-secondary educational institution; or</p>
          <p>(3)allow the marketing of credit cards from the property or campus of the post-secondary educational institution.</p>
          <p>B.A person whose contact information was sold, given or transferred in violation of this section, or the attorney general, may bring a civil action and seek a civil penalty in an amount not to exceed <term type="NE" subtype="MONEY"> ten thousand dollars </term> (<term type="NE" subtype="MONEY"> $ 10,000 </term>)for each violation plus costs of the action and reasonable attorney fees.</p>
          <p>C.For purposes of this section, " credit card" and " card issuer" have the meanings given them in the federal Truth in Lending Act.</p>
          <p>- <term type="NE" subtype="DATE"> 2 </term> -</p>
        </div2>
      </div1>
    </body>
  </text>
</TEI>
