<TEI xmlns="http://www.tei-c.org/ns/1.0">
  <teiHeader xml:lang="en">
    <fileDesc>
      <titleStmt>
        <title xml:id="NM-2014-H182"/>
        <author>Rick Miera      </author>
      </titleStmt>
      <editionStmt>
        <edition/>
      </editionStmt>
      <publicationStmt>
        <pubPlace>New Mexico</pubPlace>
        <idno>NM-2014-H182</idno>
        <date>2014</date>
      </publicationStmt>
      <sourceDesc>
        <bibl>https:\\www.nmlegis.gov\Sessions\14%20Regular\bills\house\HB0182.html</bibl>
      </sourceDesc>
    </fileDesc>
  </teiHeader>
  <text xml:lang="en">
    <front>
      <div1 type="abstract">
        <head>AN ACT RELATING TO APPRENTICESHIPS; AMENDING THE APPRENTICESHIP ASSISTANCE ACT; MOVING THE FUNCTIONS, APPROPRIATIONS, MONEY, CONTRACTUAL OBLIGATIONS AND OTHER PROPERTY, POWERS AND DUTIES RELATED TO THE ADMINISTRATION AND OVERSIGHT OF THE APPRENTICESHIP ASSISTANCE ACT FROM THE INSTRUCTIONAL SUPPORT AND VOCATIONAL EDUCATION DIVISION OF THE PUBLIC EDUCATION DEPARTMENT TO THE WORKFORCE SOLUTIONS DEPARTMENT; CHANGING THE MEMBERSHIP OF THE APPRENTICESHIP AND TRAINING ADVISORY COMMITTEE.</head>
      </div1>
    </front>
    <body>
      <div1>
        <opener>
          <salute/>
        </opener>
        <div2 type="section" n="1">
          <head>SECTION 1. Section 21-19A-1 NMSA <term type="NE" subtype="DATE"> 1978 </term> (being Laws <term type="NE" subtype="DATE"> 1992 </term>, <term type="NE" subtype="MISC"> Chapter </term> 93, Section 1)is amended to read:</head>
          <p>" 21-19A-1. SHORT TITLE.<hi rend="strikethrough">This act</hi>]<hi rend="underlined">Chapter 21, Article 19A NMSA <term type="NE" subtype="DATE"> 1978 </term></hi>may be cited as the "Apprenticeship Assistance Act"."<hi rend="strikethrough">This act</hi><hi rend="underlined">Chapter 21, Article 19A NMSA <term type="NE" subtype="DATE"> 1978 </term></hi></p>
        </div2>
        <div2 type="section" n="2">
          <head>SECTION 2. Section 21-19A-2 NMSA <term type="NE" subtype="DATE"> 1978 </term> (being Laws <term type="NE" subtype="DATE"> 1992 </term>, <term type="NE" subtype="MISC"> Chapter </term> 93, Section 2)is amended to read:</head>
          <p>" 21-19A-2. PURPOSE.<hi rend="strikethrough">bureau</hi>]<hi rend="underlined">office of apprenticeship</hi>and the [<hi rend="strikethrough">council</hi>]<hi rend="underlined">state apprenticeship agency</hi>to accommodate the social and economic needs of the adult citizens of New Mexico and to enhance the economic development of the state."<hi rend="strikethrough">bureau</hi><hi rend="underlined">office of apprenticeship</hi><hi rend="strikethrough">council</hi><hi rend="underlined">state apprenticeship agency</hi></p>
        </div2>
        <div2 type="section" n="3">
          <head>SECTION 3. Section 21-19A-3 NMSA <term type="NE" subtype="DATE"> 1978 </term> (being Laws <term type="NE" subtype="DATE"> 1992 </term>, Chapter 93, Section 3)is amended to read:</head>
          <p>" 21-19A-3. DEFINITIONS.</p>
          <p>A." advisory committee" means the apprenticeship and training advisory committee to the division;</p>
          <p>B." apprentice" means a person <term type="NE" subtype="DURATION"> at least sixteen years </term> -LSB-<hi rend="strikethrough">old</hi>]<hi rend="underlined">of age</hi>who is approved by the council and is covered by a written agreement with an employer or with an association of employers or employees acting as agent for an employer, which [<hi rend="strikethrough">apprentice</hi>]<hi rend="underlined">written</hi>agreement provides for reasonably continuous employment<hi rend="underlined">of the person for</hi>not less than two thousand hours [<hi rend="strikethrough">required for any</hi>]<hi rend="underlined">in the</hi>given trade [<hi rend="strikethrough">for</hi>]<hi rend="underlined">in which</hi>that person [<hi rend="strikethrough">for his participation</hi>]<hi rend="underlined">is apprenticed</hi>in an approved schedule of work experience [<hi rend="strikethrough">through employment</hi>] and for at least one hundred forty-four hours per year of related<hi rend="underlined">and</hi>supplemental instruction;<hi rend="strikethrough">old</hi><hi rend="underlined">of age</hi><hi rend="strikethrough">apprentice</hi><hi rend="underlined">written</hi><hi rend="underlined">of the person for</hi><hi rend="strikethrough">required for any</hi><hi rend="underlined">in the</hi><hi rend="strikethrough">for</hi><hi rend="underlined">in which</hi><hi rend="strikethrough">for his participation</hi><hi rend="underlined">is apprenticed</hi><hi rend="strikethrough">through employment</hi><hi rend="underlined">and</hi></p>
          <p>C." apprenticeship committee" means the sponsoring committee of each apprenticeable craft that is responsible for that particular apprenticeship program;</p>
          <p>D." apprenticeship-related instruction" means skills taught off the job that are required by the particular apprenticeable craft and that the apprentice needs to complete -LSB-<hi rend="strikethrough">his</hi>]<hi rend="underlined">the</hi>apprenticeship as required by the [<hi rend="strikethrough">council</hi>]<hi rend="underlined">state apprenticeship agency</hi>and the [<hi rend="strikethrough">bureau</hi>]<hi rend="underlined">office of apprenticeship</hi>;<hi rend="strikethrough">his</hi><hi rend="underlined">the</hi><hi rend="strikethrough">council</hi><hi rend="underlined">state apprenticeship agency</hi><hi rend="strikethrough">bureau</hi><hi rend="underlined">office of apprenticeship</hi></p>
          <p>[<hi rend="strikethrough">E." bureau" means the bureau of apprenticeship and training of the <term type="NE" subtype="LOCATION"> United States </term> department of labor;</hi>E. "bureau" means the bureau of apprenticeship and training of the United States department of labor;<hi rend="strikethrough">E." bureau" means the bureau of apprenticeship and training of the <term type="NE" subtype="LOCATION"> United States </term> department of labor;</hi></p>
          <p><hi rend="strikethrough">F." council" means the state apprenticeship council;</hi>]<hi rend="strikethrough">F." council" means the state apprenticeship council;</hi></p>
          <p><hi rend="underlined">E." department" means the workforce solutions department;</hi>E. "department" means the workforce solutions department;<hi rend="underlined">E." department" means the workforce solutions department;</hi></p>
          <p>[<hi rend="strikethrough">G.</hi>]<hi rend="underlined">F.</hi>"division" means the [<hi rend="strikethrough">vocational education</hi>]<hi rend="underlined">labor relations</hi>division of the [<hi rend="strikethrough">state</hi>] department [<hi rend="strikethrough">of public education</hi>];<hi rend="strikethrough">G.</hi><hi rend="underlined">F.</hi><hi rend="strikethrough">vocational education</hi><hi rend="underlined">labor relations</hi><hi rend="strikethrough">state</hi><hi rend="strikethrough">of public education</hi></p>
          <p><hi rend="underlined">G." office of apprenticeship" means the office of apprenticeship of the employment and training administration of the <term type="NE" subtype="LOCATION"> United States </term> department of labor;</hi>G. "office of apprenticeship" means the office of apprenticeship of the employment and training administration of the United States department of labor;<hi rend="underlined">G." office of apprenticeship" means the office of apprenticeship of the employment and training administration of the <term type="NE" subtype="LOCATION"> United States </term> department of labor;</hi></p>
          <p>H." related instruction" means organized, off-the-job instruction in theoretical or technical subjects required for the completion of an apprenticeship for a particular apprenticeable trade; -LSB-<hi rend="strikethrough">and</hi>]<hi rend="strikethrough">and</hi></p>
          <p><hi rend="underlined">I." state apprenticeship agency" means the state apprenticeship agency within the department; and</hi><hi rend="underlined">I." state apprenticeship agency" means the state apprenticeship agency within the department; and</hi></p>
          <p>[<hi rend="strikethrough">I.</hi>]<hi rend="underlined">J.</hi>"supplementary<hi rend="underlined">instruction</hi>" means new or upgrading skill training for those already employed as journeymen craftsmen."<hi rend="strikethrough">I.</hi><hi rend="underlined">J.</hi><hi rend="underlined">instruction</hi></p>
        </div2>
        <div2 type="section" n="4">
          <head>SECTION 4. Section 21-19A-4 NMSA <term type="NE" subtype="DATE"> 1978 </term> (being Laws <term type="NE" subtype="DATE"> 1992 </term>, Chapter 93, Section 4)is amended to read:</head>
          <p>" 21-19A-4. APPRENTICESHIP COMMITTEE -- DUTIES.</p>
          <p>A.establish standards and goals for related instruction for apprentices in the program and supplementary instruction for journeymen;</p>
          <p>B.establish rules governing on-the-job training and other instruction for apprentices in the program;</p>
          <p>C.plan and organize instructional materials designed to provide technical and theoretical knowledge and basic skills required by apprentices in the program;</p>
          <p>D.select qualified instructors for the program;</p>
          <p>E.monitor and evaluate the performance and progress of each apprentice in the program and the program as a whole;</p>
          <p>F.interview applicants and select those who meet the criteria developed by the apprenticeship committee;</p>
          <p>G.provide for the keeping and reporting of -LSB-<hi rend="strikethrough">student</hi>]<hi rend="underlined">apprentice</hi>, program and fiscal data as required by the United States department of education; and<hi rend="strikethrough">student</hi><hi rend="underlined">apprentice</hi></p>
          <p>H.perform any other duties that promote the goals of individual apprentices and of the program as a whole.</p>
        </div2>
        <div2 type="section" n="5">
          <head>SECTION 5. Section 21-19A-5 NMSA <term type="NE" subtype="DATE"> 1978 </term> (being Laws <term type="NE" subtype="DATE"> 1992 </term>, Chapter 93, Section 5)is amended to read:</head>
          <p>" 21-19A-5. CRITERIA FOR APPRENTICESHIP PROGRAMS.</p>
          <p>A.An apprenticeship program shall be registered by the -LSB-<hi rend="strikethrough">council</hi>]<hi rend="underlined">state apprenticeship agency</hi>or the [<hi rend="strikethrough">bureau</hi>]<hi rend="underlined">office of apprenticeship</hi>.<hi rend="strikethrough">council</hi><hi rend="underlined">state apprenticeship agency</hi><hi rend="strikethrough">bureau</hi><hi rend="underlined">office of apprenticeship</hi></p>
          <p>B.An apprenticeship program shall be under the direction of an apprenticeship committee and structured according to -LSB-<hi rend="strikethrough">CFR 29.29</hi>]<hi rend="underlined">Title 29, Part 29 of the Code of Federal Regulations</hi>. Committee members are appointed by one or more employers of apprentices, one or more employee representatives of an apprenticeable trade or a combination of the above. If an apprenticeship committee is composed of representatives of one or more employers and one or more employee representatives, the number of committee members designated by the employers shall be equal to the number of committee members designated by the employee representatives.<hi rend="strikethrough">CFR 29.29</hi><hi rend="underlined">Title 29, Part 29 of the Code of Federal Regulations</hi></p>
          <p><term type="NE" subtype="MISC"> C.Each </term> apprentice participating in a program shall have signed a written apprenticeship agreement with the apprenticeship committee stating the standards and conditions of -LSB-<hi rend="strikethrough">his</hi>] employment and training, which standards shall conform substantially with the standards of apprenticeship as registered by the [<hi rend="strikethrough">council</hi>]<hi rend="underlined">state apprenticeship agency</hi>or [<hi rend="strikethrough">bureau</hi>]<hi rend="underlined">the office of apprenticeship</hi>."<hi rend="strikethrough">his</hi><hi rend="strikethrough">council</hi><hi rend="underlined">state apprenticeship agency</hi><hi rend="strikethrough">bureau</hi><hi rend="underlined">the office of apprenticeship</hi></p>
        </div2>
        <div2 type="section" n="6">
          <head>SECTION 6. Section 21-19A-7 NMSA <term type="NE" subtype="DATE"> 1978 </term> (being Laws <term type="NE" subtype="DATE"> 1992 </term>, Chapter 93, Section 7)is amended to read:</head>
          <p>" 21-19A-7. APPRENTICESHIP AND TRAINING ADVISORY COMMITTEE.</p>
          <p>A.The division shall appoint an apprenticeship and training advisory committee composed of -LSB-<hi rend="strikethrough">ten</hi>]<hi rend="underlined">nine</hi>voting members who shall be New Mexico residents. The members shall be as follows:<hi rend="strikethrough">ten</hi><hi rend="underlined">nine</hi></p>
          <p>(1)two persons representing employers of members of apprenticeable trades;</p>
          <p>(2)two persons representing organized labor for members of apprenticeable trades;</p>
          <p>(3)two persons employed as full-time training directors or program administrators of apprenticeship committees;</p>
          <p>(4)two persons employed by <term type="NE" subtype="LOCATION"> New Mexico </term> educational entities who teach or immediately supervise preparatory instruction, supplementary instruction or related instruction courses;<hi rend="underlined">and</hi>and<hi rend="underlined">and</hi></p>
          <p>(5)the<hi rend="underlined">state apprenticeship</hi>director of the [<hi rend="strikethrough">council</hi>]<hi rend="underlined">department</hi>, who shall serve as [<hi rend="strikethrough">chairman; and</hi>chairman; and<hi rend="underlined">state apprenticeship</hi><hi rend="strikethrough">council</hi><hi rend="underlined">department</hi><hi rend="strikethrough">chairman; and</hi></p>
          <p><hi rend="strikethrough">(6)the supervisor of trades and industry with the division</hi>]<hi rend="underlined">chair</hi>.<hi rend="strikethrough">(6)the supervisor of trades and industry with the division</hi><hi rend="underlined">chair</hi></p>
          <p>B.Members of the advisory committee shall serve terms of <term type="NE" subtype="DURATION"> four years </term>, except that the division shall designate one member from each of the groups referred to in Paragraphs (1)through (4)of Subsection A of this section to serve an initial term of <term type="NE" subtype="DURATION"> two years </term>. Thereafter, all members shall serve <term type="NE" subtype="DURATION"> four-year </term> terms.</p>
          <p>C.Vacancies shall be filled for the unexpired portion of a term vacated.</p>
          <p>D.Nonvoting members of the advisory committee shall include the following:</p>
          <p>[<hi rend="strikethrough">(1)one person designated by and representing the advisory council for vocational education;</hi>(1) one person designated by and representing the advisory council for vocational education;<hi rend="strikethrough">(1)one person designated by and representing the advisory council for vocational education;</hi></p>
          <p><hi rend="strikethrough">(2)one person</hi>]<hi rend="underlined">(1)two persons</hi>designated by and representing the New Mexico college and university system of vocational education;<hi rend="strikethrough">(2)one person</hi><hi rend="underlined">(1)two persons</hi></p>
          <p>[<hi rend="strikethrough">(3)</hi>]<hi rend="underlined">(2)</hi>one person designated by and representing the [<hi rend="strikethrough">bureau</hi>]<hi rend="underlined">office of apprenticeship</hi>; and<hi rend="strikethrough">(3)</hi><hi rend="underlined">(2)</hi><hi rend="strikethrough">bureau</hi><hi rend="underlined">office of apprenticeship</hi></p>
          <p>[<hi rend="strikethrough">(4)</hi>]<hi rend="underlined">(3)</hi>one person representing the general public who is familiar with the goals and needs of technical-vocational education in New Mexico and who is not otherwise eligible for service on the advisory committee.<hi rend="strikethrough">(4)</hi><hi rend="underlined">(3)</hi></p>
          <p>E.The member of the advisory committee representing the general public shall be appointed by the division for a term of <term type="NE" subtype="DURATION"> four years </term>. All other nonvoting members of the advisory committee shall serve at the pleasure of the agency or institution each respective member represents.</p>
          <p>F.The advisory committee shall meet on an <term type="NE" subtype="SET"> annual </term> basis or at the call of the -LSB-<hi rend="strikethrough">chairman</hi>]<hi rend="underlined">chair</hi>.<hi rend="strikethrough">chairman</hi><hi rend="underlined">chair</hi></p>
          <p>G.The members of the advisory committee shall be subject to such laws and practices as are applicable to the service and compensation of employees of the state. Members of the advisory committee not otherwise compensated by public funds shall be reimbursed for their official duties in accordance with the Per Diem and Mileage Act for attendance at not in excess of twelve meetings per <term type="NE" subtype="DURATION"> year </term>.</p>
        </div2>
        <div2 type="section" n="7">
          <head>SECTION 7. Section 21-19A-8 NMSA <term type="NE" subtype="DATE"> 1978 </term> (being Laws <term type="NE" subtype="DATE"> 1992 </term>, Chapter 93, Section 8)is amended to read:</head>
          <p>" 21-19A-8. DUTIES OF ADVISORY COMMITTEE.</p>
          <p>A.formulas and administrative procedures to be used in requesting appropriations of state funds for apprenticeship training;<hi rend="strikethrough">10 of the Apprenticeship Assistance Act</hi><hi rend="underlined">21-19A-10 NMSA <term type="NE" subtype="DATE"> 1978 </term></hi></p>
        </div2>
        <div2 type="section" n="8">
          <head>B.forms, formulas and administrative procedures to be used in distributing available funds to apprenticeship training programs, with the formulas based on data contained in the update to the apprenticeship-related instruction cost study required by Section -LSB- 10 of the Apprenticeship Assistance Act]21-19A-10 NMSA <term type="NE" subtype="DATE"> 1978 </term>, and the formulas shall be uniform in application to all program sponsors; and</head>
          <p>C.the content and method of the public notice required by the Apprenticeship Assistance Act.</p>
        </div2>
        <div2 type="section" n="9">
          <head>SECTION 8. Section 21-19A-12 NMSA <term type="NE" subtype="DATE"> 1978 </term> (being Laws <term type="NE" subtype="DATE"> 1992 </term>, Chapter 93, Section 12)is amended to read:</head>
          <p>" 21-19A-12. BUDGET -- DISBURSEMENT AND APPROPRIATION.<hi rend="strikethrough">10 of the Apprenticeship Assistance Act</hi><hi rend="underlined">21-19A-10 NMSA <term type="NE" subtype="DATE"> 1978 </term></hi></p>
        </div2>
        <div2 type="section" n="10">
          <head>A.For <term type="NE" subtype="DATE"> the first two years </term> after the effective date of the <term type="NE" subtype="MISC"> Apprenticeship Assistance Act </term>, the division shall disburse funds for each apprenticeship committee, taking into account the number of total <term type="NE" subtype="SET"> monthly </term> contact <term type="NE" subtype="DURATION"> hours </term> and based on <term type="NE" subtype="MONEY"> one dollar fifty cents </term> (<term type="NE" subtype="MONEY"> $ 1 </term>. 50)per participant contact <term type="NE" subtype="DURATION"> hour </term> of related instruction, not to exceed <term type="NE" subtype="DURATION"> two hundred twenty hours </term> per participant per <term type="NE" subtype="DURATION"> year </term>. Thereafter, funds shall be distributed in accordance with Section -LSB- 10 of the Apprenticeship Assistance Act]21-19A-10 NMSA <term type="NE" subtype="DATE"> 1978 </term>.</head>
          <p>B.The division shall require from the apprenticeship committees such reports as it deems necessary for the purpose of determining the number of total <term type="NE" subtype="SET"> monthly </term> contact <term type="NE" subtype="DURATION"> hours </term>.</p>
          <p>C.Funds appropriated under the <term type="NE" subtype="MISC"> Apprenticeship Assistance Act </term> shall be disbursed by the division, and the division shall have sole control over the disbursement of those funds; provided, however,<hi rend="underlined">that</hi>the division shall not fund any apprenticeship committee not certified by the [<hi rend="strikethrough">council</hi>]<hi rend="underlined">state apprenticeship agency</hi>or the [<hi rend="strikethrough">bureau</hi>]<hi rend="underlined">office of apprenticeship</hi>."<hi rend="underlined">that</hi><hi rend="strikethrough">council</hi><hi rend="underlined">state apprenticeship agency</hi><hi rend="strikethrough">bureau</hi><hi rend="underlined">office of apprenticeship</hi></p>
        </div2>
        <div2 type="section" n="11">
          <head>SECTION 9. Section 21-19A-13 NMSA <term type="NE" subtype="DATE"> 1978 </term> (being Laws <term type="NE" subtype="DATE"> 1992 </term>, Chapter 93, Section 13)is amended to read:</head>
          <p>" 21-19A-13. STATUS OF RECOMMENDATIONS.</p>
          <p>A.Recommendations of the advisory committee submitted to the division shall be acted on and either accepted or rejected.</p>
          <p>B.A recommendation that is rejected shall be returned immediately to the advisory committee accompanied by written notice of the reasons for rejecting the recommendation.<hi rend="strikethrough">superintendent of public instruction</hi>]<hi rend="underlined">secretary of workforce solutions</hi>shall decide the matter. [<hi rend="strikethrough">His</hi>]<hi rend="underlined">The secretary's</hi>decision shall be final."<hi rend="strikethrough">superintendent of public instruction</hi><hi rend="underlined">secretary of workforce solutions</hi><hi rend="strikethrough">His</hi><hi rend="underlined">The secretary's</hi></p>
        </div2>
        <div2 type="section" n="12">
          <head>SECTION 10. TEMPORARY PROVISION -- TRANSFER OF FUNCTIONS, MONEY, PROPERTY AND CONTRACTS.</head>
          <p>A.all functions, appropriations, money, files, records and other property for or used in the administration or oversight of provisions of the Apprenticeship Assistance Act are transferred from the instructional support and vocational education division of the public education department to the workforce solutions department; and</p>
          <p>B.all contractual obligations directly related to the administration or oversight of the provisions of the Apprenticeship Assistance Act and entered into by the instructional support and vocational education division of the public education department for that purpose are transferred to the workforce solutions department.</p>
        </div2>
        <div2 type="section" n="13">
          <head>SECTION 11. EFFECTIVE DATE.-- The effective date of the provisions of this act is <term type="NE" subtype="DATE"> July 1, 2014 </term>.</head>
          <p>- <term type="NE" subtype="DATE"> 11 </term> -</p>
        </div2>
      </div1>
    </body>
  </text>
</TEI>
