<TEI xmlns="http://www.tei-c.org/ns/1.0">
  <teiHeader xmlns:ns0="https://www.w3.org/TR/xml/" ns0:lang="en" type="1">
    <fileDesc>
      <titleStmt>
        <title xmlns:ns2="https://www.w3.org/TR/xml-id/" ns2:id="ALEC-2010-03">Higher Education Scholarships For High School Pupils Act</title>
        <author>ALEC</author>
      </titleStmt>
      <editionStmt>
        <edition>draft</edition>
      </editionStmt>
      <publicationStmt>
        <pubPlace></pubPlace>
        <idno>ALEC-2010-03</idno>
        <date>2010</date>
      </publicationStmt>
      <sourceDesc>
        <bibl>https://www.alec.org/model-policy/higher-education-scholarships-for-high-school-pupils-act/</bibl>
      </sourceDesc>
    </fileDesc>
  </teiHeader>
  <text xmlns:ns1="https://www.w3.org/TR/xml/" ns1:lang="en">
    <front>
      <div1 type="abstract">
        <head></head>
      </div1>
    </front>
    <body>
      <div1>
        <opener>
          <salute>Model Policy</salute>
        </opener>
        <div2 type="section" n="0">
          <head>&lt;title</head>
        </div2>
        <div2 type="section" n="1">
          <head>Section 1. {Title} Higher Education Scholarships for High School Pupils</head>
        </div2>
        <div2 type="section" n="2">
          <head>Section 2. {Basic elements of the Act} Upon adoption of this subdivision in a school district, a pupil who graduates from high school prior to his or her scheduled graduation date, and who achieves a score in the "proficient" range or above in all subjects tested in the statewide assessments, shall receive from the school district in which he or she resides, a scholarship equal to 1/2 of the total per pupil expenditure for high school pupils in such school district for the purpose of defraying tuition costs at any public or private institution of higher education within or outside of [state].</head>
        </div2>
        <div2 type="section" n="3">
          <head>Section 3. {Procedure for adoption} (A) Any school district may adopt the provisions of this chapter in the following manner: (1) In a school district, other than a school district that has adopted a charter, the question shall be placed on the warrant of a special or annual school district meeting, by the governing body or by petition. (2) In a school district that has adopted a charter, the legislative body may consider and act upon the question in accordance with its normal procedures for passage of resolutions, ordinances, and other legislation. In the alternative, the legislative body of such school district may vote to place the question on the official ballot for any regular municipal election. (B) The vote shall include the provisions of this chapter. If a majority of those voting on the question vote "yes," the provisions of this chapter shall take effect within the school district, on the date set by the governing body, or July 1 following its adoption, whichever shall occur first. (C) A school district may modify, if applicable, or rescind the provisions of this chapter in the manner described in this section. (D) An amendment to this chapter related to the amount of the scholarship or eligibility for the scholarship, shall apply in a school district which previously adopted the provision only after the school district complies with the procedure in this section, unless otherwise expressly required by law.</head>
        </div2>
        <div2 type="section" n="4">
          <head>Section 4. {Severability clause}</head>
        </div2>
        <div2 type="section" n="5">
          <head>Section 5. {Repealer clause}</head>
        </div2>
        <div2 type="section" n="6">
          <head>Section 6. {Effective date} This act shall take effect 60 days after its passage.</head>
        </div2>
      </div1>
    </body>
  </text>
</TEI>
