<TEI xmlns="http://www.tei-c.org/ns/1.0">
  <teiHeader xmlns:ns0="https://www.w3.org/TR/xml/" ns0:lang="en" type="1">
    <fileDesc>
      <titleStmt>
        <title xmlns:ns2="https://www.w3.org/TR/xml-id/" ns2:id="ALEC-2010-04">Inclusive College Savings Plan Act</title>
        <author>ALEC</author>
      </titleStmt>
      <editionStmt>
        <edition>draft</edition>
      </editionStmt>
      <publicationStmt>
        <pubPlace></pubPlace>
        <idno>ALEC-2010-04</idno>
        <date>2010</date>
      </publicationStmt>
      <sourceDesc>
        <bibl>https://www.alec.org/model-policy/inclusive-college-savings-plan-act/</bibl>
      </sourceDesc>
    </fileDesc>
  </teiHeader>
  <text xmlns:ns1="https://www.w3.org/TR/xml/" ns1:lang="en">
    <front>
      <div1 type="abstract">
        <head></head>
      </div1>
    </front>
    <body>
      <div1>
        <opener>
          <salute>Model Policy</salute>
        </opener>
        <div2 type="section" n="0">
          <head>Inclusive College Savings Plan Act</head>
        </div2>
        <div2 type="section" n="1">
          <head>Section 1. {Title} This Act may be cited as the Inclusive College Savings Act.</head>
        </div2>
        <div2 type="section" n="2">
          <head>Section 2. {Definitions} For the purposes of this Act: (A) "Account" means an individual trust account or savings account established pursuant to [state code] as authorized by 26 U.S.C. sec 529.[1] (B) "Internal Revenue Code" means the Internal Revenue Code of 1986, as amended. (C) "Account owner" means the person designated at the time an account is opened as having the right to withdraw funds from the account before the account is disbursed to or for the benefit of the designated beneficiary. (D) "Designated beneficiary" or "beneficiary" means, with respect to an account, the person designated at the time the account is opened, or the person who replaces a designated beneficiary, as the person whose education expenses are expected to be paid from the account. (E) "Default investment" means a principal preservation fund or an age- or enrollment-based portfolio chosen by the 529 plan administrator if an applicant does not select one of the investments offered. (F) "Age- or enrollment-based portfolio" means a mix of stocks, bonds and money-market funds allocated according to when the designated beneficiary is expected to enter college. As the beneficiary approaches college enrollment, the investment mix adjusts and becomes increasingly conservative. (G) "Direct-sold 529 plans" are purchased directly through the state and have lower total annual expenses than broker-sold plans. (H) "Public assistance programs" means federal programs such as Temporary Assistance for Needy Families (TANF), Medicaid, the State Children's Health Insurance Program (SCHIP) and the Low Income Home Energy Assistance Program (LIHEAP) that require households to "spend down" or maintain assets below minimum levels to qualify for aid. (I) "Nonqualified withdrawal" means a withdrawal from an account other than a qualified withdrawal, a withdrawal made as the result of the death or disability of the designated beneficiary of an account, a withdrawal made as a result of the beneficiary's receipt of a scholarship, or a rollover or change of designated beneficiary. (J) "Principal preservation fund" means an investment fund that does not place principal at risk.</head>
        </div2>
        <div2 type="section" n="3">
          <head>Section 3. {Direct deposit of tax refunds to 529 accounts} The [state tax agency] shall include on individual income tax forms a designation as follows: "If you are entitled to a refund, check if you wish to designate [ ] $25, [ ] $50, [ ] $100, [ ] (write in amount) or [ ] all of your refund to a [state] 529 account. Your refund will be reduced by this amount."</head>
        </div2>
        <div2 type="section" n="4">
          <head>Section 4. {Identify a default investment} The [529 plan administrator][2] shall identify an age- or enrollment-based portfolio as a default investment in the direct-sold 529 plan.[3]</head>
        </div2>
        <div2 type="section" n="5">
          <head>Section 5. {Eliminate 529 assets from public assistance eligibility determinations} A [state 529 plan] account shall be exempt for purposes of determining eligibility for public assistance, provided that the federal rules for these programs permit such exemptions.[4]</head>
        </div2>
        <div2 type="section" n="6">
          <head>Section 6. {Remove 529 plan balances from state student financial aid calculations} Notwithstanding any other provision of [the state tax code], no money invested in [a state 529 plan account] shall be considered to be an asset for purposes of determining an individual's eligibility for a need-based grant, need-based scholarship or need-based work opportunity offered by the state under [state financial aid provisions].[5]</head>
        </div2>
        <div2 type="section" n="7">
          <head>Section 7. {Extend tax benefits to 529 contributors beyond account owners} A taxpayer may deduct on a dollar-for-dollar basis, to the extent not deducted elsewhere in determining adjusted gross income, contributions made by the taxpayer during the tax year to a [state 529 plan account], pursuant to the [state 529 plan enacting legislation], not to exceed a total yearly deduction of [$x amount] for a single return or [$2x] for a joint return.</head>
        </div2>
        <div2 type="section" n="8">
          <head>Section 8. {Provide tax incentives to employers for 529 plan contributions} Each taxpayer who, during the tax year, makes a contribution (i) to a [state 529 plan account] under [state code provision(s)] in an amount matching a contribution made in the same tax year by an employee of the taxpayer to that 529 plan account is entitled to a [deduction or credit] against the tax imposed under [the state business tax provision] in an amount equal to [percentage] of that matching contribution, but not to exceed [$x] per contributing employee per tax year.</head>
        </div2>
        <div2 type="section" n="9">
          <head>Section 9. {Match 529 account deposits by low- to moderate-income account owners} The provisions of this section shall be subject to the limitations of appropriations. The amount of contributions made to an account by an account owner who establishes a [state 529 plan] pursuant to [state code section(s)] and has an income of not more than 250% of the federal poverty level shall be matched by the state on a dollar-for-dollar basis up to [$x] if the account owner contributes at least [$x] in each calendar year in which the account is open.</head>
        </div2>
        <div2 type="section" n="10">
          <head>Section 10. {Severability clause}</head>
        </div2>
        <div2 type="section" n="11">
          <head>Section 11. {Repealer clause}</head>
        </div2>
        <div2 type="section" n="12">
          <head>Section 12. {Effective date} This Act is effective upon passage. Endnotes: [1] 26 U.S.C. &#167; 529 defines qualified tuition programs, both prepaid or savings plans, for postsecondary education. Under a prepaid program, an individual purchases tuition credits for higher education expenses. This model legislation focuses exclusively on state college savings plans in which an individual or individuals contribute(s) to an account for a beneficiary's future higher education expenses. 529 plans are designed so that individuals can make after-tax deposits for tuition, fees, books, supplies and equipment at community colleges, universities, vocational and technical schools or other postsecondary institutions.</head>
        </div2>
      </div1>
    </body>
  </text>
</TEI>
