<TEI xmlns="http://www.tei-c.org/ns/1.0">
  <teiHeader xmlns:ns0="https://www.w3.org/TR/xml/" ns0:lang="en" type="1">
    <fileDesc>
      <titleStmt>
        <title xmlns:ns2="https://www.w3.org/TR/xml-id/" ns2:id="ALEC-2004-01">Neutrality And Integrity In Software Procurement Act</title>
        <author>ALEC</author>
      </titleStmt>
      <editionStmt>
        <edition>draft</edition>
      </editionStmt>
      <publicationStmt>
        <pubPlace></pubPlace>
        <idno>ALEC-2004-01</idno>
        <date>2004</date>
      </publicationStmt>
      <sourceDesc>
        <bibl>https://www.alec.org/model-policy/neutrality-and-integrity-in-software-procurement-act/</bibl>
      </sourceDesc>
    </fileDesc>
  </teiHeader>
  <text xmlns:ns1="https://www.w3.org/TR/xml/" ns1:lang="en">
    <front>
      <div1 type="abstract">
        <head></head>
      </div1>
    </front>
    <body>
      <div1>
        <opener>
          <salute>Model Policy</salute>
        </opener>
        <div2 type="section" n="0">
          <head>&lt;title='Neutrality And Integrity In Software Procurement Act'&gt;
&lt;source='ALEC'&gt;
&lt;body&gt;Neutrality and Integrity in Software Procurement Act
Summary
This Act amends the state's procurement rules to preserve choice, competition, and integrity in the state's selection and installation of software products. It requires that software procurement decisions made by the state consider: (1) the total cost of ownership during the full life of the software, including service and maintenance; and (2) performance criteria and value of the software based on its ability to meet the specific needs of the state. The Act also prevents the state from limiting software choice through express or implied preferences for any specific model of software licensing. Finally, the Act prevents state employees from circumventing procurement rules and information</head>
        </div2>
        <div2 type="section" n="1">
          <head>Section 1. {Title} This Act may be cited as the "Neutrality and Integrity in Software Procurement" Act.</head>
        </div2>
        <div2 type="section" n="2">
          <head>Section 2. {Legislative Findings} The legislature finds that: A. there is a broad variety of software products designed to serve Public Agencies; B. Public Agencies are capable of evaluating software choices in terms of performance, value, cost, and licensing terms conveying varying rights and restrictions. The legislature proposes: A. to require that software procurement decisions made by Public Agencies take into account the Total Cost of Ownership; and B. to require that software procurement decisions made by Public Agencies take into account the overall value and performance of the software, with respect to the specific needs of the Public Agency and general criteria such as reliability, ease of learning, ease of use, security, privacy, and interoperability; and C. to prevent Public Agencies from limiting software choice through express or implied preferences for specific models of software licensing; and D. to prevent Public Agencies or public employees from circumventing procurement rules when acquiring or installing software.</head>
        </div2>
        <div2 type="section" n="3">
          <head>Section 3. {Definitions} A. "Public Agencies" means a state government agency, department, commission, council, board, bureau, committee, institution, college, university, technical school, government corporation, or other establishment of the executive, legislative or judicial branches. Public Agencies also include interstate or regional entities participating in multi-state or multi-jurisdictional procurements. Public Agencies also include local political subdivisions such as counties, municipalities, school districts, or public service districts. B. "Procurement" means buying, purchasing, renting, leasing, licensing, or otherwise acquiring any goods or services. It also includes all functions that pertain to the obtaining of any goods or services, including description of requirements, selection and solicitation of sources, preparation and award of contracts, installation, maintenance, and all phases of contract administration. C. "Computer Software" means a set of Computer Programs, procedures and associated documentation concerned with computer data or with the operation of a computer, Computer Program, or Computer Network. D. "Computer Program" means an ordered set of data representing coded instructions or statements that, when executed by a computer, causes the computer to perform one or more computer operations. E. "Software Source Code" means pre-compiled, human-readable versions of a Computer Program. F. "Computer Network" means a set of related, remotely connected devices and any communications facilities, including multiple computers with the capability to exchange data via communications facilities. G. "Total Cost of Ownership" means the sum of all costs borne by the Public Agency during the useful life of the software, including costs for software acquisition, installation, worker training, conversion or loading of existing data, interface and integration with related information systems, and long-term costs for software maintenance, upgrades, and technical support.</head>
        </div2>
        <div2 type="section" n="4">
          <head>Section 4. {Main Provisions} A. Decisions by Public Agencies regarding the requisition, procurement, and installation of Computer Software shall be based upon performance and value criteria, including quality, functionality, security, reliability, interoperability, and Total Cost of Ownership. B. Decisions by Public Agencies regarding the requisition, procurement, and installation of Computer Software must be neutral with respect to: 1. whether such Computer Software is provided by a for-profit entity or a non-profit entity; and 2. the licensing model under which such Computer Software is provided. C. However, nothing in this Act shall preclude Public Agencies from considering the effect of specific licensing terms in software procurement decisions, including licensing terms that govern the availability of Software Source Code, rights and restrictions regarding software modification, redistribution, warranties, and intellectual property indemnification. D. Public Agencies and public employees must conform with the state's software procurement and acquisition rules regardless of the licensing model under which software is provided.</head>
        </div2>
        <div2 type="section" n="5">
          <head>Section 5. {Severability clause.}</head>
        </div2>
        <div2 type="section" n="6">
          <head>Section 6. {Repealer clause.}</head>
        </div2>
        <div2 type="section" n="7">
          <head>Section 7. {Effective date.} Approved by the ALEC Board of Directors August 2004. Reapproved by the ALEC Board of Directors December 2012. Reapproved by the ALEC Board of Directors September 2017.</head>
        </div2>
      </div1>
    </body>
  </text>
</TEI>
