<TEI xmlns="http://www.tei-c.org/ns/1.0">
  <teiHeader xmlns:ns0="https://www.w3.org/TR/xml/" ns0:lang="en" type="1">
    <fileDesc>
      <titleStmt>
        <title xmlns:ns2="https://www.w3.org/TR/xml-id/" ns2:id="ALEC-2001-01">Quality Education And Teacher And Principal Protection Act</title>
        <author>ALEC</author>
      </titleStmt>
      <editionStmt>
        <edition>draft</edition>
      </editionStmt>
      <publicationStmt>
        <pubPlace></pubPlace>
        <idno>ALEC-2001-01</idno>
        <date>2001</date>
      </publicationStmt>
      <sourceDesc>
        <bibl>https://www.alec.org/model-policy/quality-education-and-teacher-and-principal-protection-act/</bibl>
      </sourceDesc>
    </fileDesc>
  </teiHeader>
  <text xmlns:ns1="https://www.w3.org/TR/xml/" ns1:lang="en">
    <front>
      <div1 type="abstract">
        <head></head>
      </div1>
    </front>
    <body>
      <div1>
        <opener>
          <salute>Model Policy</salute>
        </opener>
        <div2 type="section" n="0">
          <head>&lt;title</head>
        </div2>
        <div2 type="section" n="1">
          <head>Section 1. {Title} This act may be known as the "Quality Education and Teacher and Principal Protection Act."</head>
        </div2>
        <div2 type="section" n="2">
          <head>Section 2. {Legislative findings} The Legislature finds that ensuring the quality of primary and secondary public education is a compelling State interest. The educational environment of students is often not conducive to learning. Violence is sometimes a threat, while other times educators may lack the authority to maintain safety and discipline in the public schools. The filing of meritless lawsuits against school districts, teachers and administrators, and other school employees interferes with attempts to ensure the quality of public education, particularly where such lawsuits arise out of the good-faith efforts of educators to maintain classroom discipline or address threats to student safety. Meritless litigation also diverts financial and personnel resources to litigation defense activities, and reduces the availability of such resources for educational opportunities for students. The Legislature finds that legislation to deter meritless lawsuits and sanction deliberately false reports against educators is a rational and appropriate method to address this compelling public interest.</head>
        </div2>
        <div2 type="section" n="3">
          <head>Section 3. {Definitions} (A) As used in this Act, the term "educational entity" means the State Board of Education or any other body, board or agency that governs one or more public primary or secondary schools. (B) As used in this Act, the term "employee" means any individual elected or appointed to an educational entity and any individual who is an employee of an educational entity or who provides student-related services to that educational entity on a contractual basis. [The term "employee" also means an authorized volunteer who provides student-related services to the educational entity.]</head>
        </div2>
        <div2 type="section" n="4">
          <head>Section 4. {Liability} (A) An educational entity or its employees shall not be subject to liability taking any action regarding the supervision, grading, suspension, expulsion, or discipline of students while such students are on the property of the educational entity or are under the supervision of the educational entity or its employees. However, this immunity shall not apply if such action violated an express statute, rule, regulation, or clearly articulated policy of the state or educational entity. The burden of proof of such a violation shall rest with the plaintiff and must be established by clear and convincing evidence to the court as part of a summary proceeding. (B) An educational entity and its employees shall not be subject to liability for making a report consistent with federal law to the appropriate law enforcement authorities or officials of an educational entity if the individual making the report has reasonable grounds to suspect that a student is: (1) Under the influence of alcoholic beverages or a controlled substance not lawfully prescribed to that individual; (2) In possession of a firearm, alcoholic beverages, or a controlled substance not lawfully prescribed to that individual; (3) Involved in the illegal solicitation, sale or distribution of firearms, alcoholic beverages, or a controlled substance not lawfully prescribed to that individual.</head>
        </div2>
        <div2 type="section" n="5">
          <head>Section 5. {Punitive and exemplary damages} (A) An educational entity shall not be liable for punitive or exemplary damages. An employee shall not be liable for punitive or exemplary damages for acts or omissions within the course and scope of employment. (B) For the purposes of this Section, an employee who acts with specific intent to cause harm shall not be considered as acting within the course and scope of employment.</head>
        </div2>
        <div2 type="section" n="6">
          <head>Section 6. {False Reports} (A) Except as otherwise provided in this Section, any person 18 years of age or older who acts with specific intent in making a false accusation of criminal activity against an employee of an educational entity to law enforcement authorities, school district officials or personnel, or both, shall be fined up to $2,000. (B) Except as otherwise provided in this Section, any public school student between the ages of 7 and 17 who acts with specific intent in making a false accusation of criminal activity against an employee of an educational entity to law enforcement authorities, school district officials or personnel, or both, may, at the discretion of the court, and in accordance with the provisions of the federal Individuals with Disabilities Education Act, 20 U.S.C.A. s 1400 et seq., be subject to any of the following: (1) Expulsion; (2) Suspension for a period of time to be determined by the court; (3) Community service of a type and for a period of time to be determined by the court; (4) Any other sanction as the court in its discretion may deem appropriate. (C) The provisions of this Section do not apply to statements regarding individuals elected or appointed to a school board. (D) This Section is in addition to and does not limit the civil or criminal liability of those persons who make false statements alleging criminal activity by others.</head>
        </div2>
        <div2 type="section" n="7">
          <head>Section 7. {Frivolous actions; attorney's fees; costs} (A) In any civil action or proceeding against an educational entity or its employee in which the educational entity or its employee prevails, the court shall award costs and reasonable attorney's fees to the prevailing defendant or defendants. The court in its discretion may determine whether such fees and costs are to be borne by the plaintiff's attorney, the plaintiff, or both. (B) Expert witness fees may be included as part of the costs awarded under this section. (C) The provisions of this Section shall be deemed to be substantive State law.</head>
        </div2>
        <div2 type="section" n="8">
          <head>Section 8. {Contingency fees; penalty} (A) No attorney shall charge, demand, receive or collect for services rendered, fees in excess of 25 percent of any civil judgment rendered against an educational entity or its employee, or of any settlement made pursuant to section ___ of the [state] General Laws. (B) Any interested person may file a civil action or petition the appropriate court to rescind any provision of the attorney fee contract inconsistent with this Section and to compel the disgorgement of any fees paid in excess of the amounts allowed under this Section. In addition, a court with jurisdiction over the matter shall impose a fine against the attorney that is equal to or less than the amount of money sought by the attorney in excess of the amount permitted by this Section, but in any event not less than $2,000.</head>
        </div2>
        <div2 type="section" n="9">
          <head>Section 9. {Insurance} Unless otherwise provided by statute, the existence of any policy of insurance indemnifying an educational entity against liability for damages is not a waiver of any defense otherwise available to the educational entity or its employees in the defense of the claim.</head>
        </div2>
        <div2 type="section" n="10">
          <head>Section 10. {Applicability} This Act shall be supplemental to the [state] Tort Claims Act.</head>
        </div2>
        <div2 type="section" n="11">
          <head>Section 11. {Special Rule} This Act shall not infringe on any right provided under the federal Individuals with Disabilities Education Act, 20 U.S.C. s 1400 et seq. Approved by ALEC Board of Directors on September 2001. Reapproved by ALEC Board of Directors on January 28, 2013.</head>
        </div2>
      </div1>
    </body>
  </text>
</TEI>
