<TEI xmlns="http://www.tei-c.org/ns/1.0">
  <teiHeader xmlns:ns0="https://www.w3.org/TR/xml/" ns0:lang="en" type="1">
    <fileDesc>
      <titleStmt>
        <title xmlns:ns2="https://www.w3.org/TR/xml-id/" ns2:id="ALEC-2011-06">Taxpayers Savings Grants Act</title>
        <author>ALEC</author>
      </titleStmt>
      <editionStmt>
        <edition>draft</edition>
      </editionStmt>
      <publicationStmt>
        <pubPlace></pubPlace>
        <idno>ALEC-2011-06</idno>
        <date>2011</date>
      </publicationStmt>
      <sourceDesc>
        <bibl>https://www.alec.org/model-policy/taxpayers-savings-grants-act/</bibl>
      </sourceDesc>
    </fileDesc>
  </teiHeader>
  <text xmlns:ns1="https://www.w3.org/TR/xml/" ns1:lang="en">
    <front>
      <div1 type="abstract">
        <head>The Taxpayers' Savings Grants Act establishes a program by which willing residents can opt to receive less public funding for their child's education, in order to take that funding to a private school. The difference in the amount slated for that child and the amount of the Savings Grant will be considered taxpayer savings and not allotted to any other program.</head>
      </div1>
    </front>
    <body>
      <div1>
        <opener>
          <salute>Model Policy</salute>
        </opener>
        <div2 type="section" n="0">
          <head></head>
        </div2>
        <div2 type="section" n="1">
          <head>Section 1. {Title.} Taxpayers' Savings Grants Act</head>
        </div2>
        <div2 type="section" n="2">
          <head>Section 2. {Definitions.} (A) "Accredited private school" means a school that: (1) is accredited by an accrediting association recognized by the commissioner to accredit nongovernmental schools in this state; or (2) has filed an application for accreditation by an accrediting association described by Paragraph (A). (B) "Eligible student" means a school-age child who resides in the state and who: (1) is entering kindergarten; or (2) attended a public school for all of the academic year immediately preceding initial participation in the program.</head>
        </div2>
        <div2 type="section" n="3">
          <head>Section 3. {Basic Elements of Taxpayers' Savings Grants.} (A) A parent or legal guardian of an eligible student who agrees to accept reimbursement in an amount that is less than the state average maintenance and operations expenditures per student may receive reimbursement from the state for the tuition paid for the enrollment of the eligible student at an accredited private school in an amount that is the lesser of: (1) the tuition paid; or (2) [all or a portion] of the state average maintenance and operations expenditures per student. (B) Money from federal funds may not be used for reimbursement under this section. (C) Net savings from the program established under this section shall not be used for any other public program. The Comptroller shall adjust payments in order to reconcile amounts due to all schools within the same fiscal year, or one month after, so that savings accruing within the program are recovered and reallocated to the public schools in the same fiscal year.</head>
        </div2>
        <div2 type="section" n="4">
          <head>Section 4. {Implementation.} (A) As soon as practicable, but not later than the 45th day after the effective date of this Act, the comptroller, in coordination with the commissioner of education, shall adopt rules to implement the Taxpayer Savings Grant Program, as added by this Act, including rules to prevent fraud in financial transactions under the program and to determine the net savings resulting from implementation of the program. Such regulations shall reconcile payments to all schools within the same fiscal year, or one month after, so that savings accruing within the program are recovered and reallocated in the same fiscal year.</head>
        </div2>
        <div2 type="section" n="5">
          <head>Section 5. {Severability clause.}</head>
        </div2>
        <div2 type="section" n="6">
          <head>Section 6. {Repealer clause.}</head>
        </div2>
        <div2 type="section" n="7">
          <head>Section 7. {Effective date.} Approved by ALEC Board of Directors on September 16, 2011.</head>
        </div2>
      </div1>
    </body>
  </text>
</TEI>
