<TEI xmlns="http://www.tei-c.org/ns/1.0">
  <teiHeader xmlns:ns0="https://www.w3.org/TR/xml/" ns0:lang="en" type="1">
    <fileDesc>
      <titleStmt>
        <title xmlns:ns2="https://www.w3.org/TR/xml-id/" ns2:id="ALEC-XXXX-05">Teacher Quality Assurance Act</title>
        <author>ALEC</author>
      </titleStmt>
      <editionStmt>
        <edition>draft</edition>
      </editionStmt>
      <publicationStmt>
        <pubPlace></pubPlace>
        <idno>ALEC-XXXX-05</idno>
        <date>XXXX</date>
      </publicationStmt>
      <sourceDesc>
        <bibl>https://www.alec.org/model-policy/teacher-quality-assurance-act/</bibl>
      </sourceDesc>
    </fileDesc>
  </teiHeader>
  <text xmlns:ns1="https://www.w3.org/TR/xml/" ns1:lang="en">
    <front>
      <div1 type="abstract">
        <head>This model policy prohibits a school district from utilizing a last-hired, first-fired layoff policy when reducing staff. Additionally, the model policy requires the Education Interim Committee, in consultation with the State Board of Education, to study how the performance of teachers may be evaluated for the purpose of awarding or eliminating teacher career employee status.</head>
      </div1>
    </front>
    <body>
      <div1>
        <opener>
          <salute>Model Policy</salute>
        </opener>
        <div2 type="section" n="0">
          <head></head>
        </div2>
        <div2 type="section" n="1">
          <head>Section 1. Title. This model policy shall be known as the "Teacher Quality Employment Act"</head>
        </div2>
        <div2 type="section" n="2">
          <head>Section 2. Definitions. (A) As used in this chapter: (1) "Career employee" means an employee of a school district who has obtained a reasonable expectation of continued employment based upon {insert appropriate state law} and an agreement with the employee or the employee's association, district practice, or policy. (2) "Contract term" or "term of employment" means the period of time during which an employee is engaged by the school district under a contract of employment, whether oral or written. (3) "Dismissal" or "termination" means: (a) termination of the status of employment of an employee; (b) failure to renew or continue the employment contract of a career employee beyond the then-current school year; (c) reduction in salary of an employee not generally applied to all employees of the same category employed by the school district during the employee's contract term; or (d) change of assignment of an employee with an accompanying reduction in pay, unless the assignment change and salary reduction are agreed to in writing. (4) "Employee" means a career or provisional employee of a school district, but does not include: (a) the district superintendent, or the equivalent at the Schools for the Deaf and the Blind; (b) the district business administrator or the equivalent at the Schools for the Deaf and the Blind; or (c) a temporary employee. (5) "Last-hired, first-fired layoff policy" means a staff reduction policy that mandates the termination of an employee who started to work for the district most recently before terminating a more senior employee. (6) "Provisional employee" means an individual, other than a career employee or a temporary employee, who is employed by a school district. (7) "School board" or "board" means a district school board or its equivalent at the Schools for the Deaf and the Blind. (8) "School district" or "district" means: (a) a public school district; or (b) the Schools for the Deaf and the Blind. (9) "Temporary employee" means an individual who is employed on a temporary basis as defined by policies adopted by the local board of education. If the class of employees in question is represented by an employee organization recognized by the local board, the board shall adopt its policies based upon an agreement with that organization. Temporary employees serve at will and have no expectation of continued employment.</head>
        </div2>
        <div2 type="section" n="3">
          <head>Section 3. Necessary staff reduction not precluded &#8212; Last-hired, first-fired layoffs prohibited. (A) Nothing in this chapter prevents staff reduction if necessary to reduce the number of employees because of the following: (1) declining student enrollments in the district; (2) the discontinuance or substantial reduction of a particular service or program; (3) the shortage of anticipated revenue after the budget has been adopted; or (4) school consolidation. (B) A school district may not utilize a last-hired, first-fired layoff policy when terminating school district employees. (C) A school district may consider the following factors when terminating a school district employee: (1) the results of an employee's performance evaluation; and (2) a school's personnel needs.</head>
        </div2>
        <div2 type="section" n="4">
          <head>Section 4. Education Interim Committee Study on Performance Based Evaluations. During the {insert year} interim, the Education Interim Committee, in consultation with the State Board of Education, shall study how the performance of teachers may be evaluated for the purpose of awarding or eliminating teacher career employee status.</head>
        </div2>
        <div2 type="section" n="5">
          <head>Section 5. Severability clause.</head>
        </div2>
        <div2 type="section" n="6">
          <head>Section 6. Repealer clause.</head>
        </div2>
        <div2 type="section" n="7">
          <head>Section 7. Effective date.</head>
        </div2>
      </div1>
    </body>
  </text>
</TEI>
