<TEI xmlns="http://www.tei-c.org/ns/1.0">
  <teiHeader xmlns:ns0="https://www.w3.org/TR/xml/" ns0:lang="en" type="1">
    <fileDesc>
      <titleStmt>
        <title xmlns:ns2="https://www.w3.org/TR/xml-id/" ns2:id="ALEC-2009-05">The Military Family Scholarship Program Act</title>
        <author>ALEC</author>
      </titleStmt>
      <editionStmt>
        <edition>draft</edition>
      </editionStmt>
      <publicationStmt>
        <pubPlace></pubPlace>
        <idno>ALEC-2009-05</idno>
        <date>2009</date>
      </publicationStmt>
      <sourceDesc>
        <bibl>https://www.alec.org/model-policy/the-military-family-scholarship-program-act/</bibl>
      </sourceDesc>
    </fileDesc>
  </teiHeader>
  <text xmlns:ns1="https://www.w3.org/TR/xml/" ns1:lang="en">
    <front>
      <div1 type="abstract">
        <head>The Military Family Scholarship Program Act creates a scholarship program to provide all children of veterans and active military personnel the option to attend the public or private elementary or secondary school of their parents' choice.</head>
      </div1>
    </front>
    <body>
      <div1>
        <opener>
          <salute>Model Policy</salute>
        </opener>
        <div2 type="section" n="0">
          <head></head>
        </div2>
        <div2 type="section" n="1">
          <head>Section 1. {Title} The Military Family Scholarship Program</head>
        </div2>
        <div2 type="section" n="2">
          <head>Section 2. {Definitions} (A) "Program" means the Military Family Scholarship Program created in this subchapter. (B) "Eligible student" means any elementary or secondary student who was eligible to attend a public school in [state] in the preceding semester or is starting school in [state] for the first time and is the dependent of a veteran or active military personnel.1 (C) "Parent" includes a guardian, custodian, or other person with the authority to act on behalf of the child and is a veteran or active military personnel and is either in good standing with his or her unit or has received an honorable discharge (DD214). (D) "Veteran" means a person who served in the active military, naval or air service, and who was discharged or released from there under conditions other than dishonorable. (E) "Department" means the state Department of Public Instruction or an organization chosen by the state.2 (F) "Resident school district" means the public school district in which the student resides. (G) "Participating school" means either a public school outside of the resident school district, a school run by another public entity, or any private school that provides education to elementary and/or secondary students and has notified the Department of its intention to participate in the program and comply with the program's requirements.3 (H) "G.I. Junior scholarship" means the scholarship awarded to eligible students under the Military Family Scholarship Program Act.</head>
        </div2>
        <div2 type="section" n="3">
          <head>Section 3. {Basic Elements of the Military Family Scholarship Program} (A) Any parent of an eligible student shall qualify for a scholarship from the state for their child to enroll in and attend a participating school if: (1) the student is the dependent of a veteran or active military personnel that is in good standing with his or her unit or has received an honorable discharge (DD214); (2) the student has been accepted for admission at a participating school; and (3) the parent has requested a scholarship from the state before the deadline established by the Department. (B) Any eligible students may attend a participating school until his or her graduation from high school or his or her 21st birthday, whichever comes first. (C) Any eligible student will qualify for an annual G.I. Junior scholarship in an amount equal to the lesser of: (1) the participating school's annual cost per pupil, including both operational and capital facility costs; 4 or (2) the dollar amount the resident school district would have received to serve and educate the eligible student from state and local sources had the student enrolled there.5 (D) The G.I. Junior scholarship is the entitlement of the eligible student under the supervision of the student's parent and not that of any school. (E) A participating school may not refund, rebate, or share a student's G.I. Junior scholarship with a parent or the student in any manner. A student's G.I. Junior scholarship may only be used for educational purposes. (F) Participating schools that have more eligible students applying than spaces available shall fill the available spaces by a random selection process, except that participating schools may give preference to siblings of enrolled students and previously enrolled G.I. Junior scholarship students under this subchapter.6 (G) If a student is denied admission to a participating school because it has too few available spaces, the eligible student may transfer his or her G.I. Junior scholarship to a participating school that has spaces available. (H) A participating students shall be counted in the enrollment figures for his or her resident school district for the purposes of calculating state aid to the resident school district. The funds needed for a G.I. Junior scholarship shall be subtracted from the state school aid payable to the student's resident school district. Any aid the school district would have received for the student in excess of the funds needed for a G.I. Junior scholarship will be kept by the state.7 (I) The Department shall adopt rules consistent with this act regarding: (1) the eligibility and participation of private schools, including timelines that will maximize student and public and private school participation; (2) the calculation and distribution of G.I. Junior scholarships to eligible students; and8 (3) the application and approval procedures for G.I. Junior scholarships for eligible students and participating schools.</head>
        </div2>
        <div2 type="section" n="4">
          <head>Section 4. {Accountability Standards for Participating Schools} (A) Administrative Accountability Standards. To ensure that students are treated fairly and kept safe, all participating, private schools shall: (1) comply with all health and safety laws or codes that apply to private schools; (2) hold a valid occupancy permit if required by their municipality; (3) certify that they comply with the nondiscrimination policies set forth in 42 USC 1981;9 and (4) conduct criminal background checks on employees. The participating school then shall: (a) exclude from employment any people not permitted by state law to work in a private school; and (b) exclude from employment any people that might reasonably pose a threat to the safety of students.10 (B) Financial Accountability Standards. To ensure that public funds are spent appropriately, all participating, private schools shall: (1) demonstrate their financial accountability by: (a) annually submitting to the Department a financial information report for the school that complies with uniform financial accounting standards established by the Department and conducted by a certified public accountant;11 and (b) having an auditor certify that the report is free of material misstatements and fairly represents the costs per pupil, including the costs of the testing required in subsection 4(C)(1)(a). The auditor's report shall be limited in scope to those records that are necessary for the Department to make payments to participating schools on behalf of parents for scholarships. (2) demonstrate their financial viability by showing they can repay any funds that might be owed the state, if they are to receive $50,000 or more during the school year, by: (a) filing with the Department prior to the start of the school year a surety bond payable to the state in an amount equal to the aggregate amount of the G.I. Junior scholarships expected to be paid during the school year to students admitted to the participating school; or (b) filing with the Department prior to the start of the school year financial information that demonstrates the school has the ability to pay an aggregate amount equal to the amount of the G.I. Junior scholarships expected to be paid during the school year to students admitted at the participating school.12 (C) Academic Accountability Standards. There must be sufficient information about the academic impact parental choice scholarships have on participating students in order to allow parents and taxpayers to measure the achievements of the program, and therefore: (1) participating schools shall:13 (a) annually administer either the state achievement tests or nationally recognized norm-referenced tests that measure learning gains in math and language arts to all participating students in grades that require testing under the state's accountability testing laws for public schools; (b) provide the parents of each student with a copy of the results of the tests on an annual basis, beginning with the first year of testing; (c) provide the test results to the state or an organization chosen by the state14 on an annual basis, beginning with the first year of testing; (d) report student information that would allow state to aggregate data by grade level, gender, family income level, and race; and (e) provide graduation rates of participating students to the Department or an organization chosen by the state in a manner consistent with nationally recognized standards. (2) the state or an organization chosen by the state shall: (a) ensure compliance with all student privacy laws; (b) collect all test results; and (c) provide the test results and associated learning gains to the public via a state Web site after the third year of test and test-related data collection.15 The findings shall be aggregated by the students' grade level, gender, family income level, number of years of participation in the scholarship program, and race.16 (D) Participating School Autonomy. A participating, private school is autonomous and not an agent of the state or federal government and therefore: (1) the Department or any other state agency may not in any way regulate the educational program of a participating, private school that accepts a G.I. Junior scholarship; (2) the creation of the Military Family Scholarship Program does not expand the regulatory authority of the state, its officers or any school district to impose any additional regulation of private schools beyond those necessary to enforce the requirements of the program; and (3) participating, private schools shall be given the maximum freedom to provide for the educational needs of their students without governmental control.</head>
        </div2>
        <div2 type="section" n="5">
          <head>Section 5. {Responsibilities of the Department of Public Instruction} (A) The Department shall ensure that eligible students and their parents are informed annually of which schools will be participating in the Military Family Scholarship Program. Special attention shall be paid to ensuring that lower-income families are made aware of the program and their options. (B) The Department shall create a standard application that students interested in the Military Family Scholarship Program can use to submit to participating schools to establish their eligibility and apply for admissions. Participating schools may require supplemental information from applicants. The Department shall ensure that the application is readily available to interested families through various sources, including the Internet. (C) The Department may bar a school from participation in the Military Family Scholarship Program if the Department establishes that the participating school has: (1) intentionally and substantially misrepresented information required under Section 4; or (2) routinely failed to comply with the accountability standards established in Section 4 (A) or (B);17 or (3) failed to comply with Section 3(E); or (4) failed to comply with Section 4 (C); or (5) failed to refund to the state any scholarship overpayments in a timely manner. (D) If the Department decides to bar a participating school from the program, it shall notify eligible students and their parents of this decision as quickly as possible. (E) The Department shall adopt rules and procedures as necessary for the administration of the Military Family Scholarship Program.</head>
        </div2>
        <div2 type="section" n="6">
          <head>Section 6. {Responsibilities of Resident School Districts} (A) The resident school district shall provide a participating school that has admitted an eligible student under this program with a complete copy of the student's school records, while complying with the Family Educational Rights and Privacy Act of 1974 (20 USC Section 1232 g). (B) The resident school district shall provide transportation for an eligible student to and from the participating school under the same conditions as the resident school district is required to provide transportation for other resident students to private schools as per current law. The resident school district will qualify for state transportation aid for each student so transported.</head>
        </div2>
        <div2 type="section" n="7">
          <head>Section 7. {Effective Date} The Military Family Scholarship Program will be in effect beginning with the fall semester of the next school year. Endnotes These notes are intended to provide guidance to legislators on some of the key policy questions they will encounter in drafting and debating school choice legislation. In particular, we would draw your attention to the program evaluation language contained in Section X. 1. The definition for an eligible student in this model legislation includes all children of school age whose parents are veterans or active military personnel. The purpose of this bill is to provide a new benefit to veterans and active military personnel by giving them the option to choose their children's school. The willingness of military personnel to work and live wherever they are assigned weakens the opportunity for military families to weigh school options heavily in relocation decisions. In recognition of the sacrifices made by military families on behalf of the security of the American people, this legislation aims to strengthen the decision-making power of families to provide the best education possible for their children wherever their military service takes them and their families. Please note that the inclusive definition in this bill may increase the number of students in your state receiving public support for their education and thereby either increase the costs to taxpayers or reduce the level of assistance available to support each student. Legislators may wish to consider limiting eligibility to more specific groups within the military community such as more recent veterans or members in an active component of the armed forces only. To do this, legislators could limit eligibility to any military personnel, reservist or National Guard member called up to support Operation Enduring Freedom or Operation Iraqi Freedom only. To broaden this eligibility beyond Iraq, Afghanistan or Cuba while still limiting the pool of eligibility, legislators may consider limiting eligibility to any reservist or National Guard member serving under Title 10, the federal code governing assignment to active military status. Alternatively or in addition, eligibility could be limited by time of service excluding some shorter tours of duty. Benchmark suggestions for cutoff include 180 days, 270 days or 365 days on active duty. If, on the other hand, legislators are looking for a more inclusive bill than this model language indicates, they may include anyone in the Individual Ready Reserve. This may include personnel with little time serving in the reserves who may not have any active duty experience and who are not in a current drilling status. The authors of this model bill support the use of an inclusive eligibility definition but also recognize that when a more limited definition is necessary, legislators may want to focus on providing opportunities to those most affected by military service. 2. This bill designates the Department of Public Instruction as the agency regulating the Military Family Scholarship Program, though if your state has an existing school choice program, it could be administered in a different department. The intent was to name the existing agency in the state that is responsible for public school finances and private school regulation. Alternatively, legislators may choose to consider other capable departments, create a new small agency, or contract with a private non-profit organization to oversee the program if they are concerned about the hostility the program would face from the existing state education department. 3. This model legislation allows students to use a scholarship to attend a public school outside their district as well as a private school, including any virtual public or private school available in their state. The authors support giving parents the widest possible array of choices so that they can choose the school that best meets their child's needs. Making sure parents can choose either a public or private school is not only the right policy but also the best legal strategy. The U.S. Supreme Court and various state courts have all cited this broad array of choices as an important part of the reason they have found school choice programs constitutional. The courts have reasoned that these scholarship programs are not an inappropriate subsidy of religious institutions because the purpose was secular (the education of children) and the parents were given many options including public schools, charter schools, private secular schools and private religious schools. If a state already has open enrollment or some other form of public school choice, then this legislation should be made consistent with the existing program. In fact, if a state already has a broad array of school choice options available to parents, then a state may be able to add an option for just private schools without encountering constitutional questions. 4. This model legislation allows schools to charge all students tuition and fees in excess of the scholarship amount. This will encourage greater participation by a handful of schools with average costs above the scholarship amount, and some believe direct payments from parents will encourage stronger ownership and involvement in their children's education. However, legislators may wish to place a cap on the tuition and fees that a poor student might be charged to ensure that all families can afford to participate in the program. Regardless, legislators will need to make sure that the amount of the scholarship plus the tuition and fees charged to the student do not exceed the school's costs for educating a student. Any payments above cost to a religious private school would be considered an impermissible subsidy of religion. 5. This model legislation bases the scholarship amount on the level of state and local support a student would have received for attending a public school in their resident district. Optimally, a voucher should equal the federal, state and local dollars that would have been available for the child at his resident public school. Unfortunately, tapping federal dollars may bring some unwanted federal regulations to choice schools. Similarly, legislators should be aware that using local dollars may violate the state constitution in some places (such as Colorado) and may be politically unviable in other states. In these cases, legislators could choose to fund scholarships by drawing an amount equal to the state and local support solely from the state's coffers. This option will significantly change the fiscal effect of the legislation and will likely result in added expenditures for the state. In some states, legislators have chosen to base the scholarship amount on the level of state support normally provided to a student. This will significantly lower the amount of the scholarship and thereby limit the number of schools that are willing to accept them. 6. The legislation requires participating schools that are oversubscribed to use a random selection process for determining which students gain admission. This random selection process will assure that students are admitted on an equal basis regardless of their educational attainment, athletic talents or life challenges. Critics of school choice often falsely allege that schools will "cream" the best students from the list and not take the more difficult challenges. In reality, existing school choice programs require this random selection process and experience shows the students they admit face greater challenges than the average public school student in their district. The model legislation makes two exceptions from this random selection process in order to facilitate educational objectives. Children already attending the school on a scholarship are not required to join the lottery for admittance so as not to interrupt their educational experience. Similarly, the siblings of students already attending the school are exempted so families can send all of their children to the same school. A requirement that siblings join a random selection process could produce a logistical nightmare for parents when their children are all admitted to different schools. This would force many such families to unite their children by either choosing a much less desirable school without a waiting list or by exiting the program. Legislators may wish to consider other preferences for admission including children who have been the victims of school violence or attend a failing school as defined in the No Child Left Behind Act. 7. The bill has been drafted so that any savings in the cost of educating a student shall accrue to the state. School choice legislation drafted in this manner has the political advantage of either reducing state expenditures or making more funds available for other public schools. Legislators should know that some local school districts will claim that because the state is capturing the savings the program is "draining resources" away from public schools. This would not be the case if the savings were used to increase state aids to public school districts. 8. It is important that the Department calculate the voucher in strict accordance with the definitions in the legislation. If the Department cannot be trusted to do this objectively, a more detailed description for determining the size of the voucher should be written into the law. 9. Private schools are already required to comply with nondiscrimination policies under federal law with respect to race, color, and national origin (42 USC 1981). In addition, if private schools are recipients of federal funds they are subject to nondiscrimination requirements under 42 USC 2000d (race, color, national origin) and 29 USC 794 (disability). If you choose to include language banning discrimination in hiring on the basis of race, color, national origin or disability, take care not to interfere with the ability of religious institutions to hire individuals who share their religious beliefs. 10. The model legislation provides schools with the tools they need to ensure that students will be safe. The schools are required to conduct criminal background checks on existing and potential employees, and then they are given the flexibility to determine from this information whether the employee might pose a risk to students. This language is valuable in two cases: 1) a small number of states prohibit discriminating against felons in hiring even for sensitive positions in schools, and this proposed language would give these schools clear authority to dismiss or not hire individuals who pose a risk to student safety; and 2) some religious schools see rehabilitation as part of their mission. In this case, the schools could hire someone with a criminal background who they believe is no longer a threat to students, such as someone who committed nonviolent crimes or has decades-old violations followed by a clean record. This alternative language would give schools the responsibility to do background checks and the power to exclude potential risks from the school. 11. The purpose of the financial information report is to make sure that the department can ascertain the costs of educating a student at the school and to ensure public funds are used appropriately. The legislation does not call for an independent audit because this would be unnecessarily expensive and invasive for many private schools. 12. The model legislation provides for two methods for schools to demonstrate financial viability to ensure that public funds are secure. The first method employs a market-based means of demonstrating viability. Private companies that issue surety bonds have a financial interest in making sure that the schools can repay any funds that might be owed the state. They will therefore conduct the checks necessary to protect their financial interest as well as the taxpayers' financial interests. Surety bonds can be expensive (one to three percent of the amount covered) or invasive for some institutions, so the legislation allows schools to demonstrate by some other means that they have the financial wherewithal to pay back any amount they might owe the state. This might include things like personal guarantees, reserve accounts or escrow accounts. 13. The authors believe that empowered parents are the best way to achieve academic accountability. Clear and consistent information about the academic performance of participating students will help empower parents and will also provide the public and policymakers with the information they need to evaluate the effectiveness of the program and participating schools. Therefore, all participating schools should be required to annually administer either the state achievement tests or nationally recognized norm-referenced tests that demonstrate learning gains in math and language arts. Most private schools already administer such norm-referenced tests so this provision should not be seen as burdensome. It is important, however, to give schools the ability to choose between a state test and the nationally recognized test. Many private schools would simply refuse to participate in the program if they were forced to administer the state tests, because it implies that they are no longer independent of the state. The reason many opponents to school choice promote state testing of private schools' students is, in fact, because they want to discourage school participation and quietly destroy the program. Participating schools should provide the parents of each student with a copy of the results and should provide the results to the state or an organization chosen by the state, as described in Endnote 14, in a manner that protects the identity and privacy of individual students. The purpose of this testing requirement should be to provide each parent with a measure of their student's achievement and to allow the taxpayers to measure the achievements of the program. The number and scope of the tests should be carefully limited to ensure that there is sufficient information to demonstrate the achievements of the program without being so exhaustive or prescriptive as to end up dictating the curriculum at participating schools. The costs of the testing requirements for a private school must be included in the costs used to determine the size of the scholarships at that school. If legislators would like an extensive longitudinal study, refer to Endnote 16 and its suggested language to create such a review. 14. Like in Endnote 2, if legislators are concerned about the hostility the program would face from the existing state Department of Public Instruction, they may choose to create a new small agency or contract with a private non-profit organization to oversee the academic accountability responsibilities of the state. Allowing an organization chosen by the state to oversee this program allows for the flexibility to implement market-based models of academic accountability. In these cases, test results could be reported to a consumer organization, such as GreatSchools.net, where parents can assess participating schools' test results and compare schools to which they may send their children. 15. The purpose of administering tests is to create transparency in participating students' academic progress and to demonstrate learning gains. These learning gains can only be demonstrated when the public has access to more than one school year. When this information is made public in the first year, the media and opponents often attack school choice programs, noting that participating students are not performing as well as their public school counterparts. This effect is natural because often the students who participate in choice programs are not doing well in public schools and are academically far behind their participating school counterparts, and it will take them a few years to catch up to grade level. It is important to note that there are multiple ways to achieve the goal of academic accountability in school choice programs. Policymakers must consider the goal of releasing the academic data in order to choose the most effective reporting process. For instance, if the goal is to see how the program is affecting participating students' learning gains, scores of participants statewide should be evaluated and released. If the goal is to evaluate participating school outputs as a tool to help parents choose the best school, scores should be released by participating school. You might also consider a sliding scale approach, where the more participating students a school enrolls, the greater its obligations for transparency and accountability. 16. Legislators sincerely wishing to demonstrate the program's academic success to taxpayers could require a scientific evaluation of the program using the testing data established in Section 4(C). It is crucial that the legislature give the oversight responsibility for this study to a trusted objective nonpartisan source like a legislative service agency or a trusted research university department. We have provided model language for such an independent evaluation of the program in Section X below. The outlined research would evaluate not only whether students who participate in the program are better off but also, more importantly, whether the competition from private schools improves the performance of public schools. The outlined longitudinal study includes a comparison of students in the choice program with a similar cohort in the public schools for at least five years of their education. Unfortunately, a longitudinal study is likely to be quite expensive. Accordingly, the legislation allows the legislature (or a legislative service agency) to accept private grants to completely fund such a study. In some states, the legislature is not allowed to accept such grants, and another trusted agency would have to be selected. It will be tempting for legislators to further define the details of the study, but they should take care not to dictate the methodology or the results in order to maintain the credibility of the research. 17. The legislation allows schools to occasionally fail to meet an accountability standard so that an antagonistic regulator cannot shut down the program by banning schools with a modest occasional violation such as turning in a report late.</head>
        </div2>
        <div2 type="section" n="8">
          <head>Section 1232 g). Additional Note: It is fairly common for legislators to consider including severability clauses in new legislation. Legislators should make sure that if such clauses are included and exercised, the remaining legislation produces a program that is workable and achieves the original intent of the bill. Approved by the ALEC Legislative Board of Directors August, 2009.</head>
        </div2>
      </div1>
    </body>
  </text>
</TEI>
