<TEI xmlns="http://www.tei-c.org/ns/1.0">
  <teiHeader xmlns:ns0="https://www.w3.org/TR/xml/" ns0:lang="en" type="1">
    <fileDesc>
      <titleStmt>
        <title xmlns:ns2="https://www.w3.org/TR/xml-id/" ns2:id="ALEC-2005-02">The Virtual Public Schools Act</title>
        <author>ALEC</author>
      </titleStmt>
      <editionStmt>
        <edition>draft</edition>
      </editionStmt>
      <publicationStmt>
        <pubPlace></pubPlace>
        <idno>ALEC-2005-02</idno>
        <date>2005</date>
      </publicationStmt>
      <sourceDesc>
        <bibl>https://www.alec.org/model-policy/the-virtual-public-schools-act/</bibl>
      </sourceDesc>
    </fileDesc>
  </teiHeader>
  <text xmlns:ns1="https://www.w3.org/TR/xml/" ns1:lang="en">
    <front>
      <div1 type="abstract">
        <head></head>
      </div1>
    </front>
    <body>
      <div1>
        <opener>
          <salute>Model Policy</salute>
        </opener>
        <div2 type="section" n="0">
          <head>&lt;title='The Virtual Public Schools Act'&gt;
&lt;source='ALEC'&gt;
&lt;body&gt;The Virtual Public Schools Act
Declaration.
(A) The General Assembly hereby finds and declares that:
(1) Meeting the educational needs of children in our state's schools is of the greatest importance to the future welfare of [state];
(2) Closing the achievement gap between high-performing students, including the gap between minority and non-minority students, and between economically disadvantaged students and their more advantaged peers, is a significant and present challenge; and
(3) Providing a broader range of educational options to parents and utilizing existing resources, along with technology, may help students in our state improve their academic achievement;
(4) Many of our school districts currently lack the capacity to provide other public school choices for students whose schools are low-performing.
(B) The General Assembly further finds and declares that virtual schools established in this article:
(1) Provide [state] families with an alternative choice to access additional educational resources in an effort to improve academic achievement;
(2) Must be recognized as public schools and provided equitable treatment and resources as any other public school in the state.
Simple Version:
"Nothing in this bill shall preclude the use of computer- and Internet-based </head>
        </div2>
        <div2 type="section" n="1">
          <head>Section 1. {Definitions.} (A) "Virtual school" shall mean an independent public school in which the school uses technology in order to deliver a significant portion of instruction to its students via the Internet in a virtual or remote setting. (B) "Sponsor" shall mean the public school district, charter school board, or state department having a fiduciary responsibility for the operation of the virtual school.</head>
        </div2>
        <div2 type="section" n="2">
          <head>Section 2. {Accountability Requirements.} (A) Sponsor. A virtual school shall be evaluated annually by its sponsor based on the following criteria: (1) The extent to which the school demonstrates increases in student achievement according to the goals of its authorizing contract and state academic standards. (2) The accountability and viability of the virtual school, as demonstrated by its academic, fiscal, and operational performance. (B) Student and Family: (1) Each student will have access to a sequential curriculum that meets or exceeds the state's academic standards and that has an interactive program with significant online components. (2) Each student will be required to have __ (900) hours of learning opportunities per academic year, or a student has demonstrated mastery or completion of appropriate subject areas. (3) Each student will be assessed regularly in Language Arts, Math, Science, and Social Studies. (4) For each family with a student enrolled, the virtual school shall: (a) provide instructional materials; (b) ensure access to necessary technology such as a computer and printer; and (c) ensure access to an Internet connection used for schoolwork. (5) Virtual schools are prohibited from providing allotments to students or families to purchase instructional programs or materials. Nothing in this clause shall prohibit virtual schools from reimbursing families for costs associated with their Internet connection for use in the virtual school program. (C) Teacher. Each teacher shall be qualified to teach in the State of [state] under existing law. (D) Offices and Facilities. A virtual school shall maintain an administrative office within the state in which its sponsor is located, which shall be considered its principal place of business. (E) Open Enrollment. Any student who meets state residency requirements may enroll in a virtual school. Endnotes 1. "Virtual public schools" is a term used in many states to refer to these kinds of schools. Other terms include distance-learning schools, cyber-schools, online-learning schools, etc. The authors recommend that legislators choose the term that best serves the purposes of the legislation in their state. Approved by the ALEC Legislative Board of Directors January, 2005.</head>
        </div2>
      </div1>
    </body>
  </text>
</TEI>
