<TEI xmlns="http://www.tei-c.org/ns/1.0">
  <teiHeader xmlns:ns0="https://www.w3.org/TR/xml/" ns0:lang="en" type="1">
    <fileDesc>
      <titleStmt>
        <title xmlns:ns2="https://www.w3.org/TR/xml-id/" ns2:id="ALEC-2009-08">The Special Needs Scholarship Program Act</title>
        <author>ALEC</author>
      </titleStmt>
      <editionStmt>
        <edition>draft</edition>
      </editionStmt>
      <publicationStmt>
        <pubPlace></pubPlace>
        <idno>ALEC-2009-08</idno>
        <date>2009</date>
      </publicationStmt>
      <sourceDesc>
        <bibl>https://www.alec.org/model-policy/the-special-needs-scholarship-program-act/</bibl>
      </sourceDesc>
    </fileDesc>
  </teiHeader>
  <text xmlns:ns1="https://www.w3.org/TR/xml/" ns1:lang="en">
    <front>
      <div1 type="abstract">
        <head></head>
      </div1>
    </front>
    <body>
      <div1>
        <opener>
          <salute>Model Policy</salute>
        </opener>
        <div2 type="section" n="0">
          <head>&lt;title='The Special Needs Scholarship Program Act'&gt;
&lt;source='ALEC'&gt;
&lt;body&gt;The Special Needs Scholarship Program Act
Summary
The Special Needs Scholarship Program creates a scholarship program that provides students with special needs the option to attend the public or private elemen</head>
        </div2>
        <div2 type="section" n="1">
          <head>Section 1. {Title.} The Special Needs Scholarship Program</head>
        </div2>
        <div2 type="section" n="2">
          <head>Section 2. {Definitions.} (A) "Program" means the Special Needs Scholarship Program created in this subchapter. (B) "Eligible Student" means any elementary or secondary student who was eligible to attend a public school in [state] in the preceding semester or is starting school in [state] for the first time with an Individualized Education Plan, including but not limited to students who are mentally handicapped, speech and language impaired, deaf or hard of hearing, visually impaired, dual sensory impaired, physically impaired, emotionally handicapped, specific learning disabled, autistic, or hospitalized or homebound because of illness or disability.1 (C) "Parent" includes a guardian, custodian, or other person with authority to act on behalf of the child. (D) "Resident school district" means the public school district in which the student resides. (E) "Department" means the state Department of Public Instruction or an organization chosen by the state.2 (F) "Participating school" means either a public school outside of the resident school district, a school run by another public entity, or any private school that provides education to elementary and/or secondary students that has notified the Department of its intention to participate in the program and comply with the program's requirements.3</head>
        </div2>
        <div2 type="section" n="3">
          <head>Section 3. {Basic Elements of the Special Needs Scholarship Program.} (A) Any parent of an eligible student shall qualify for a scholarship from the state for their child to enroll in and attend a participating, private school if: (1) the student with special needs has had an Individualized Education Plan written in accordance with the rules of the Department; (2) the student has been accepted for admission at a participating school; and (3) the parent has requested a scholarship from the state before the deadline established by the Department.4 (B) The Department shall inform the resident school district that a student with special needs has requested a special needs scholarship. The resident school district shall, within three business days, provide the Department with a copy of the student's most current Individualized Education Plan. (C) Upon receipt of the eligible student's request for a scholarship, the Department shall review the Individualized Education Plan drafted by the student's public school to determine the amount of the scholarship. The Department shall provide the student's parent with a timely written explanation of its determination for the amount of the scholarship. (D) The maximum scholarship granted to an eligible student shall be an amount equivalent to the cost of the educational program that would have been provided for the student in the resident school district. Although the scholarship amount is a function of a student's Individualized Education Plan, the participating school is not required to abide by the Individualized Education Plan. The parent and the participating school will mutually determine the best services and educational plan for the student.5 (E) The amount of the Special Needs Scholarship shall be the lesser of the amount calculated in Section 3(C) and (D) or the amount of the participating school's estimated costs for serving the student. The costs of any assessment by the participating school of the student's special needs may be included in the scholarship amount. (F) A participating students shall be counted in the enrollment of his or her resident school district. The funds needed to provide a scholarship shall be subtracted from the state school aid payable to the student's resident school district. 6 (G) The Special Needs Scholarship shall remain in force until the student returns to a public school or graduates from high school or reaches his or her 21st birthday, whichever comes first. (H) At any time, the student's parent may remove the student from the participating school and place the student in another participating school or in a public school. (I) A participating school may not refund, rebate, or share a student's scholarship with a parent or the student in any manner. A student's scholarship may only be used for educational purposes.7</head>
        </div2>
        <div2 type="section" n="4">
          <head>Section 4. {Responsibilities of Resident School Districts.} (A) A resident school district shall annually notify the parents of a student with special needs of the Special Needs Scholarship Program and offer that student's parent an opportunity to enroll the student in a participating school of their choice. (B) The resident school district shall provide a participating school that has admitted an eligible student under this program with a complete copy of the student's school records, while complying with the Family Educational Rights and Privacy Act of 1974 (20 USC 1232g). (C) The resident school district shall provide transportation for an eligible student to and from the participating school under the same conditions as the resident school district is required to provide transportation for other resident students to private schools as per current law. The resident school district will qualify for state transportation aid for each student so transported. (D) The public school district in which the eligible student participating in this program resides shall count the pupil in its enrollment for state aid purposes. (E) If the parent of an eligible student participating in this program requests that the student take the statewide assessments, the resident school district shall provide locations and times for the student to take all statewide assessments if they are not offered at the student's participating school.8</head>
        </div2>
        <div2 type="section" n="5">
          <head>Section 5. {Responsibilities of the Department of Public Instruction.} (A) The Department shall adopt rules and procedures regarding: (1) the eligibility and participation of private schools, including timelines that will maximize student and public and private school participation; (2) the calculation and distribution of scholarships to eligible students and participating schools;9 and (3) the application and approval procedures for eligible students and participating schools. (B) No liability shall arise on the part of the Department or the state based on the award or use of a Special Needs Scholarship. (C) The Department may bar a school from participation in the program if the Department establishes that the participating school has:10 (1) intentionally and substantially misrepresented information required under Section 6; (2) routinely failed to comply with the accountability standards established in Section 6; (3) failed to comply with Section 3(I); or (4) failed to refund to the state any scholarship overpayments in a timely manner. (D) If the Department decides to bar a participating school from the program, it shall notify eligible students and their parents of this decision as quickly as possible. Participating students attending a school barred by the Department shall retain scholarship program eligibility to attend another participating school.</head>
        </div2>
        <div2 type="section" n="6">
          <head>Section 6. {Accountability Standards for Participating Schools.} (A) Administrative Accountability Standards. To ensure that students are treated fairly and kept safe, all participating, private schools shall: (1) comply with all health and safety laws or codes that apply to private schools; (2) hold a valid occupancy permit if required by their municipality; (3) certify that they comply with the nondiscrimination policies set forth in 42 USC 1981;11 and (4) conduct criminal background checks on employees. The participating school then shall: (a) exclude from employment any people not permitted by state law to work in a private school; and (b) exclude from employment any people that might reasonably pose a threat to the safety of students.12 (B) Financial Accountability Standards. To ensure that public funds are spent appropriately, all participating, private schools shall: (1) demonstrate their financial accountability by: (a) annually submitting to the Department a financial information report for the school that complies with uniform financial accounting standards established by the Department and conducted by a certified public accountant;13 and (b) having an auditor certify the report is free of material misstatements and fairly represents the costs per pupil. The auditor's report shall be limited in scope to those records that are necessary for the Department to make payments to participating schools on behalf of parents for Special Needs Scholarships. (2) demonstrate their financial viability by showing they can repay any funds thatmight be owed the state, if they are to receive $50,000 or more during the school year, by:14 (a) filing with the Department prior to the start of the school year a surety bond payable to the state in an amount equal to the aggregate amount of the Special Needs Scholarships expected to be paid during the school year to students admitted to the participating school; or (b) filing with the Department prior to the start of the school year financial information that demonstrates the school has the ability to pay an aggregate amount equal to the amount of the Special Needs Scholarships expected to be paid during the school year to students admitted to the participating school. (C) Academic Accountability Standards. To ensure that schools provide academic accountability to parents of the students in the program, all participating schools shall regularly report to the parent on the student's progress and ensure that the person providing special education or related services holds the appropriate license issued by the Department.15 (D) Participating School Autonomy. A participating, private school is autonomous and not an agent of the state or federal government and therefore: (1) the Department or any other state agency may not in any way regulate the educational program of a participating, private school that accepts a Special Needs Scholarship; (2) the creation of the Special Needs Scholarship Program does not expand the regulatory authority of the state, its officers, or any school district to impose any additional regulation of private schools beyond those reasonably necessary to enforce the requirements of the program; and (3) participating, private schools shall be given the maximum freedom to provide for the educational needs of their students without governmental control.</head>
        </div2>
        <div2 type="section" n="7">
          <head>Section 7. {Responsibilities of Scholarship Students and Parents.} (A) It shall be the responsibility of a parent to select their child's school, apply for admission, and apply for a Special Needs Scholarship. (B) Any student participating in the program must comply fully with a participating school's written code of conduct and shall remain in attendance throughout the school year, unless excused by the school for illness or other good cause. However, a parent may transfer an eligible student to a public school or another participating school at any time. The scholarship amount shall be prorated between participating schools according to the period of attendance at each school. (C) A parent's decision for their student to participate in the program constitutes a private placement for purposes of the Individuals with Disabilities Education Act.</head>
        </div2>
        <div2 type="section" n="8">
          <head>Section 8. {Evaluation of the Special Needs Scholarship Program.}16 (A) The legislative service agency may contract with one or more qualified researchers who have previous experience evaluating school choice programs to conduct a study of the program with funds other than state funds. (B) The study shall assess: (1) the level of participating students' satisfaction with the program; (2) the level of parental satisfaction with the program; (3) the percentage of participating students who were victimized17 because of their special needs status at their resident school district compared with the percentage so victimized at their participating school; (4) the percentage of participating students who exhibited behavioral problems at their resident school district compared with the percentage exhibiting behavioral problems at their participating school; (5) the class size experienced by participating students at their resident school district and at their participating school; and (6) the fiscal impact to the state and resident school districts of the program. (C) The researchers who conduct the study shall: (1) apply appropriate analytical and behavioral science methodologies to ensure public confidence in the study; (2) protect the identity of participating schools and students by, among other things, keeping anonymous all disaggregated data other than that for the categories of grade level, gender, and race and ethnicity; and (3) provide the legislature with a final copy of the evaluation of the program. (D) The relevant public and private participating schools from which students transfer to participate in the program shall cooperate with the research effort by providing student assessment results and any other data necessary to complete this study. (E) The legislative service agency may accept grants to assist in funding this study. (F) The legislature may require periodic reports from the researchers. The researchers must make their data and methodology available for public review while complying with the requirements of the Family Educational Rights and Privacy Act (20 USC Section 1232g).</head>
        </div2>
        <div2 type="section" n="9">
          <head>Section 9. {Effective Date.} The Special Needs Scholarship Program will be in effect beginning with the fall semester of the next school year. Endnotes These notes are intended to provide guidance to legislators on some of the key policy questions they will encounter in drafting and debating school choice legislation. Please note: Most states that have passed a special needs scholarship program have chosen to name the program after a child with special needs or an advocate for such children. 1. The definition for an eligible student in this model legislation includes all special needs students living in the state and initially enrolled in a public school regardless of their household income. Because the scholarship amount is based upon the cost of the Individualized Education Plan developed at the resident public school, the authors chose not to make students presently attending private schools eligible for the program. As a result, there may be a savings for the taxpayers when eligibility is so limited because a scholarship covering private school costs will often be less than the costs of state and local support provided to special needs students attending a public school. Given the likely savings, legislators could extend scholarships to some special needs students already attending private schools without increasing state spending. States may also want to consider whether or not to include gifted students in the program. 2. This bill designates the Department of Public Instruction as the agency regulating the Special Needs Scholarship Program. The intent was to name the existing agency in the state that is responsible for public school finances and private school regulation. Alternatively, legislators may choose to create a new small agency to oversee the program if they are concerned about the hostility the program would face from the existing state education department. 3. This model legislation allows students with special needs to use a scholarship to attend a public school outside their district as well as a private school. The authors support giving parents the widest possible array of choices so that they can choose the school that best meets their child's special needs. Making sure parents can choose either a public or private school is not only the right policy but also the best legal strategy. The U.S. Supreme Court and various state courts have all cited this broad array of choices as an important part of the reason they have found school choice programs constitutional. The courts have reasoned that these scholarship programs are not an inappropriate subsidy of religious institutions because the purpose was secular (the education of children) and the parents were given many options including public schools, charter schools, private secular schools, and private religious schools. If a state already has some form of public school choice for students with special needs, then this legislation should be made compatible with the existing program. In fact, if a state already has a broad array of school choice options available to parents of special needs children, then a state may be able to add an option for just private schools without encountering constitutional questions. 4. This model legislation empowers parents solely to determine whether their child's needs are being met by his or her existing public school and whether their child should be transferred to another public or private school. The authors believe deeply that this determination should reside with the parents and not the Department, the school district, or some panel of educators. These government agencies have a financial stake in the decision and will be reluctant to approve the transfer of a student with special needs to another public or private school. By placing the determination in the hands of the parent, this approach ensures that the person making the decision is the one with the greatest interest in the child's progress, avoids expensive and unproductive legal battles, and forces the resident public schools to meet the needs of these children or lose them to another public or private school. 5. This model legislation bases the scholarship amount on the amount that would have been spent on the student under their Individualized Education Plan at the resident school district. It is important that the new public or private school selected by the parents not be required to follow the Individualized Education Plan crafted at the resident public school since that school disappointed the parent. The new school should be free to craft a better plan to meet the student's special needs, even though the scholarship amount will be based upon the old plan. 6. Optimally, a scholarship should equal the federal, state, and local dollars that would have been available for the child at his or her resident public school. Unfortunately, tapping federal dollars will bring some unwanted federal regulations to choice schools. As a result, few private schools would be willing to participate in the program. Similarly, legislators should be aware that using local dollars may violate the state constitution in some places (such as Colorado) and may be politically unviable in other states. Therefore, this legislation draws the funds for scholarships solely from state funds and then subtracts the costs from the state aid paid to the resident school district that has not met the student's needs. This will have the helpful side effect of reducing the financial incentive for resident school districts to over-identify or overspend on special students with special needs. 7. This model legislation is silent about whether schools can charge students with special needs tuition and fees in excess of the scholarship amount. Allowing this would encourage greater participation by schools where costs exceed the scholarship amount. Some also believe direct payments from parents would encourage stronger ownership and involvement in their children's education. However, legislators may wish to place a cap on the tuition and fees that a poor student might be charged to ensure that all families can afford to participate in the program. Regardless, legislators should make sure that the amount of the scholarship plus the tuition and fees charged to the student do not exceed the school's costs for educating a student. Any payments above cost to a religious private school would be considered an impermissible subsidy of religion. 8. The model legislation allows parents to request that their child be given the statewide assessments so that they can mark their child's progress. The legislation does not require testing of students with special needs. 9. It is important that the Department calculate the scholarship in strict accordance with the definitions in the legislation. If the Department cannot be trusted to do this objectively, a more detailed description for determining the size of the scholarship should be written into the law. 10. The legislature may wish to develop an appeals process for schools that have been barred from the program for violations of Section 5(C). 11. Under 42 USC 1981, private schools are already prohibited from discriminating with respect to race, color, and national origin. In addition, if private schools are recipients of federal funds, they are subject to nondiscrimination requirements under 42 USC 2000d (race, color, national origin) and 29 USC 794 (disability). If you choose to include language banning discrimination in hiring on the basis of race, color, national origin, or disability, take care not to interfere with the ability of religious institutions to hire individuals who share their religious beliefs. 12. The model legislation provides schools with the tools they need to ensure that students will be safe. The schools are required to conduct criminal background checks on existing and potential employees, and then they are given the flexibility to determine from this information whether the employee might pose a risk to students. This language is valuable in two cases: 1) a small number of states prohibit discriminating against felons in hiring even for sensitive positions in schools, and this language would give schools clear authority to dismiss or not hire individuals who pose a risk to student safety; and 2) some religious schools see rehabilitation as part of their mission. In this case, the schools could hire someone with a criminal background who they believe is no longer a threat to students, such as someone who committed nonviolent crimes or has decades-old violations followed by a clean record. This language would give schools the responsibility to do background checks and the power to exclude potential risks from the school. 13. The purpose of the financial information report is to make sure that the Department can ascertain the costs of educating a student at the school and to ensure public funds are used appropriately. The legislation does not call for an independent audit because this would be unnecessarily expensive and invasive for many private schools. 14. The model legislation provides for two methods for schools to demonstrate financial viability to ensure that public funds are secure. The first method employs a market-based means of demonstrating viability. Private companies that issue surety bonds have a financial interest in making sure that the schools can repay any funds that might be owed the state. They will therefore conduct the checks necessary to protect their financial interest as well as the taxpayers' financial interests. Surety bonds can be expensive (one to three percent of the amount covered) or invasive for some institutions so the legislation allows schools to demonstrate by some other means that they have the financial wherewithal to pay back any amount they might owe the state. This might include things like personal guarantees, reserve accounts, or escrow accounts. 15. The model legislation does not require that students with special needs take standardized assessments because of the special educational challenges these students face. Instead, the legislation requires the school to regularly report to the parents on the student's progress and it gives the parents the option of having their children take the statewide assessments given to other students. 16. It is crucial that the legislature give this study oversight responsibility to a trusted objective nonpartisan source like a legislative service agency. Unfortunately, a 13-year longitudinal study is likely to be quite expensive. Accordingly, the legislation allows the legislature (or a legislative service agency) to accept private grants to completely fund such a study. In some states, the legislature is not allowed to accept such grants and another trusted agency will have to be selected. It will be tempting for legislators to further define the details of the study but they should take care not to dictate the methodology or the results in order to maintain the credibility of the research. 17. Victimization includes but is not limited to being bullied, teased, or threatened with violence. Additional Note: It is fairly common for legislators to consider including severability clauses in new legislation. Legislators should make sure that if such clauses are included and exorcised, the remaining legislation produces a program that is workable and achieves the original intent of the bill. Approved by the ALEC Legislative Board of Directors August, 2009.</head>
        </div2>
      </div1>
    </body>
  </text>
</TEI>
