<TEI xmlns="http://www.tei-c.org/ns/1.0">
  <teiHeader xmlns:ns0="https://www.w3.org/TR/xml/" ns0:lang="en" type="1">
    <fileDesc>
      <titleStmt>
        <title xmlns:ns2="https://www.w3.org/TR/xml-id/" ns2:id="ALEC-1999-01">The College Funding Accountability Act</title>
        <author>ALEC</author>
      </titleStmt>
      <editionStmt>
        <edition>draft</edition>
      </editionStmt>
      <publicationStmt>
        <pubPlace></pubPlace>
        <idno>ALEC-1999-01</idno>
        <date>1999</date>
      </publicationStmt>
      <sourceDesc>
        <bibl>https://www.alec.org/model-policy/the-college-funding-accountability-act/</bibl>
      </sourceDesc>
    </fileDesc>
  </teiHeader>
  <text xmlns:ns1="https://www.w3.org/TR/xml/" ns1:lang="en">
    <front>
      <div1 type="abstract">
        <head>The College Funding Accountability Act would require any college or university that accepts state funding to undergo an outside financial audit if a budget increase or tuition increase request is higher than the formula listed below.</head>
      </div1>
    </front>
    <body>
      <div1>
        <opener>
          <salute>Model Policy</salute>
        </opener>
        <div2 type="section" n="0">
          <head>&lt;title='The College Funding Ac</head>
        </div2>
        <div2 type="section" n="1">
          <head>Section 1. {Title} This Act may be cited as the College Funding Accountability Act.</head>
        </div2>
        <div2 type="section" n="2">
          <head>Section 2. {Definitions} (A) "College or University" means any school of secondary education that receives financial support from the state. (B) "Cost of Living" means the Consumer Price Index (all items) for the United States of America, or any comparable index, as computed by the Bureau of Labor Statistics of the Department of Commerce of the United States for a 12 month period of time. (C) "Population" means the number of people residing in the state, excluding armed forces stationed overseas, as determined by the United States Bureau of the Census.</head>
        </div2>
        <div2 type="section" n="3">
          <head>Section 3. {The Scope of the Act} (A) Each college or university that requests an appropriation from the state that exceeds monies received in the prior fiscal year, except for allowances for cost-of-living and population, must submit to an outside financial audit to determine if the additional increase in funding is both necessary and prudent to meet the financial needs of the college or university. (B) Each college or university that requests authorization for a tuition increase more than monies received in the prior fiscal year, except for allowances for cost-of-living and population, must submit to an outside financial audit to determine if the additional increase in funding is both necessary and prudent to meet the financial needs of the college or university. (C) Responsibility for the cost of the outside audit will fall to the legislature.</head>
        </div2>
        <div2 type="section" n="4">
          <head>Section 4. {Emergency clause} The limitations imposed by Section 3 may be exceeded upon the declaration of an emergency by the governor and upon a two-thirds vote of all members elected to each House of the legislature concurring therein. The limitation may be exceeded only for the year(s) in which the emergency is declared.</head>
        </div2>
        <div2 type="section" n="5">
          <head>Section 5. {Severability clause}</head>
        </div2>
        <div2 type="section" n="6">
          <head>Section 6. {Repealer clause}</head>
        </div2>
        <div2 type="section" n="7">
          <head>Section 7. {Effective date} Approved by the ALEC Board of Directors on November 13, 1999</head>
        </div2>
      </div1>
    </body>
  </text>
</TEI>
