<TEI xmlns="http://www.tei-c.org/ns/1.0">
  <teiHeader xmlns:ns0="https://www.w3.org/TR/xml/" ns0:lang="en" type="1">
    <fileDesc>
      <titleStmt>
        <title xmlns:ns2="https://www.w3.org/TR/xml-id/" ns2:id="ALEC-XXXX-06">The Civic Literacy Act</title>
        <author>ALEC</author>
      </titleStmt>
      <editionStmt>
        <edition>draft</edition>
      </editionStmt>
      <publicationStmt>
        <pubPlace></pubPlace>
        <idno>ALEC-XXXX-06</idno>
        <date>XXXX</date>
      </publicationStmt>
      <sourceDesc>
        <bibl>https://www.alec.org/model-policy/the-civic-literacy-act/</bibl>
      </sourceDesc>
    </fileDesc>
  </teiHeader>
  <text xmlns:ns1="https://www.w3.org/TR/xml/" ns1:lang="en">
    <front>
      <div1 type="abstract">
        <head></head>
      </div1>
    </front>
    <body>
      <div1>
        <opener>
          <salute>Model Policy</salute>
        </opener>
        <div2 type="section" n="0">
          <head>&lt;title='The Civic Literacy Act'&gt;
&lt;source='ALEC'&gt;
&lt;body&gt;The Civic Literacy Act
Summary
Americans take personal pride in the diversity of their ethnic and cultural backgrounds. However, as a nation, we possess a singular political heritage based on the principles of life, liberty, justice, and equality of opportunity as defined and expressed in the Declaration of Independence, codified in the Constitution, and defended in the Federalist Papers. Thomas Jefferson, recognizing the future need to protect America's political heritage, prescribed a general education for all citizens, "to instruct the mass of our citizens in these their rights, interests, and duties, as men and citizens." However, today, and for too many years, our students have been denied the basic education required to develop a command of and commitment to the ideals essential to a democratic form of government. The extent of civic illiteracy in America is large and growing. The results of various surveys have confirmed the lack, especially among young Americans, of even a basic knowledge about our Constitution and the structure and function of our government.
In this regard, many states have enacted legislation to require the teaching of the Declaration of Independence, the Constitution, and the Federalist Papers during the high school years. It is important that all citizens, regardless of origin, are made aware of our nation's political heritage. Indeed, the future of our democratic institutions may be jeopardized if civic illiteracy is permitted to continue unabated. Nevertheless, a reversal of this trend may take place only if legislators enact new laws, which provide clear and detailed instructions about (1) curriculum and other related matters, and (2) sanctions and appr</head>
        </div2>
        <div2 type="section" n="1">
          <head>Section 1. {Title.} The Civic Literacy Act.</head>
        </div2>
        <div2 type="section" n="2">
          <head>Section 2. {Findings.} The legislature finds and declares that: (A) The adoption of the Declaration of Independence in 1776 and the signing of the United States Constitution were principal events in the history of the United States, the Declaration of Independence providing the philosophical foundation on which this nation rests and the Constitution of the United States providing its structure of government. (B) The Federalist Papers embody the most eloquent and forceful argument made in support of the adoption of our republican form of government. (C) These documents stand as the foundation of our form of democracy providing at the same time the basis of our national identity and the vehicle for orderly growth and change. (D) Many Americans lack even the most basic knowledge and understanding of the history of our nation and the principles set forth in the Declaration of Independence, codified in the Constitution and defended in the Federalist Papers. (E) The survival of the Republic requires that our nation's children, the future guardians of its heritage and participants in its governance, have a firm knowledge and understanding of its principles and history.</head>
        </div2>
        <div2 type="section" n="3">
          <head>Section 3. {Purpose.} The purpose and intent of this Act are: (A) To require during the high school years the teaching of the nation's founding and related documents, which shall include the Declaration of Independence, the United States Constitution and the Federalist Papers. (B) To require that before receiving a certificate or diploma of graduation from high school students must have been tested on their knowledge of the Declaration of Independence, the United States Constitution, and the Federalist Papers.</head>
        </div2>
        <div2 type="section" n="4">
          <head>Section 4. {Administration.} The state department of education [insert appropriate state/local agency] shall adopt and promulgate rules and regulations for the administration of this Act; said rules and regulations to: (A) include among the requirements for secondary school graduation a passing grade on a test of the Declaration of Independence, the United States Constitution, and the Federalist Papers; (B) include in any standard state testing of high school students questions on the contents of the Declaration of Independence, the United States Constitution, and the Federalist Papers; (C) specifically provide for curriculum content and teacher training to ensure that the intent of this legislation is satisfied.</head>
        </div2>
        <div2 type="section" n="5">
          <head>Section 5. {Reporting and accountability.} The state department of education [insert appropriate state/local agency] shall submit an annual report to the governor and the legislature describing the specific rules and regulations issued pursuant to this Act and reporting the effectiveness of these rules and regulations as measured by the passage of these courses involved pursuant to Section 3 of this Act.</head>
        </div2>
        <div2 type="section" n="6">
          <head>Section 6. {Severability clause.}</head>
        </div2>
        <div2 type="section" n="7">
          <head>Section 7. {Repealer clause.}</head>
        </div2>
        <div2 type="section" n="8">
          <head>Section 8. {Effective date.}</head>
        </div2>
      </div1>
    </body>
  </text>
</TEI>
