<TEI xmlns="http://www.tei-c.org/ns/1.0">
  <teiHeader xmlns:ns0="https://www.w3.org/TR/xml/" ns0:lang="en" type="1">
    <fileDesc>
      <titleStmt>
        <title xmlns:ns2="https://www.w3.org/TR/xml-id/" ns2:id="ALEC-2009-03">The Great Schools Tax Credit Program Act Scholarship Tax Credits</title>
        <author>ALEC</author>
      </titleStmt>
      <editionStmt>
        <edition>draft</edition>
      </editionStmt>
      <publicationStmt>
        <pubPlace></pubPlace>
        <idno>ALEC-2009-03</idno>
        <date>2009</date>
      </publicationStmt>
      <sourceDesc>
        <bibl>https://www.alec.org/model-policy/the-great-schools-tax-credit-program-act-scholarship-tax-credits/</bibl>
      </sourceDesc>
    </fileDesc>
  </teiHeader>
  <text xmlns:ns1="https://www.w3.org/TR/xml/" ns1:lang="en">
    <front>
      <div1 type="abstract">
        <head></head>
      </div1>
    </front>
    <body>
      <div1>
        <opener>
          <salute>Model Policy</salute>
        </opener>
        <div2 type="section" n="0">
          <head>&lt;title</head>
        </div2>
        <div2 type="section" n="1">
          <head>Section 1. {Title} The Scholarship Tax Credit Program Act</head>
        </div2>
        <div2 type="section" n="2">
          <head>Section 2. {Definitions} (A) "Program" means the Scholarships Tax Credit Program. (B) "Eligible student" means a student who: (1)(i) is a member of a household whose total annual income the year before he or she receives an educational scholarship under this program does not exceed an amount equal to 2 times the income standard used to qualify for a free or reduced-price lunch under the national free or reduced- price lunch program established under 42 USC Section 1751 et seq. Once a student receives a scholarship under this program, the student will remain eligible regardless of household income until the student graduates high school or reaches 21 years of age [i]; (ii) was eligible to attend a public school in the preceding semester or is starting school in [state] for the first time [ii]; (iii) resides in [state] while receiving an educational scholarship or, (2)(i) is a sibling of a student already enrolled in the program (ii) resides in [state] while receiving an educational scholarship. (C) "Low-income eligible student" means a student who qualifies for a free or reduced-price lunch under the national free or reduced-price lunch program established under 42 USC Section 1751 et seq. [iii] (D) "Parent" includes a guardian, custodian, or other person with authority to act on behalf of the child. (E) "Department" means the state Department of Revenue. (F) "Qualifying school" means either a public school outside of the resident school district, or any private school that provides education to elementary and/or secondary students and has notified the Department of its intention to participate in the program and comply with the program's requirements. (G) "Educational scholarships" means grants to students to cover all or part of the tuition and fees at either a qualifying private school or a qualifying public school, including transportation. (H) "Scholarship Granting Organization" means an organization that complies with the requirements of the state's school scholarship tax credit program and provides or is approved to provide educational scholarships to students attending qualifying schools of their parents' choice. (I) "Test" means either the state achievement test or nationally norm-referenced test chosen by the qualifying school.</head>
        </div2>
        <div2 type="section" n="3">
          <head>Section 3. {Basic Elements of the Scholarship Tax Credit Program} (A) A taxpayer who files a state income tax return and is not a dependent of another taxpayer may claim a credit for a contribution made to a scholarship granting organization. The taxpayer may not also claim a tax deduction against the taxpayer's state tax liability for the same contribution for which the taxpayer claimed a credit. [iv] (B) The tax credit may be claimed by an individual or a married couple filing jointly or corporate taxpayer in an amount equal to the total contributions made to a scholarship granting organization for educational scholarships during the taxable year for which the credit is claimed up to 100 percent of the taxpayer's tax liability. [v] (DC) A corporate taxpayer, an individual taxpayer, or a married couple filing jointly may carry forward a tax credit under this program for three years. [vi]</head>
        </div2>
        <div2 type="section" n="4">
          <head>Section 4. {Responsibilities of Scholarship Granting Organizations} [vii] (A) Administrative Accountability Standards. All scholarship granting organizations shall: (1) notify the Department of their intent to provide educational scholarships to students attending qualifying schools; (2) demonstrate to the Department that they have been granted exemption from the federal income tax as an organization described in Section 501(c)(3) of the Internal Revenue Code; (3) allocate periodic scholarship payments to a student's parent or guardian or on the parent or guardian's behalf to the qualifying school where the student is enrolled.; (4) provide a Department-approved receipt to taxpayers for contributions made to the organization; (5) ensure that at least 90 percent of their revenue from donations is spent on educational scholarships, and that all revenue from interest or investments is spent on educational scholarships; (6) shall prioritize the awarding of scholarships to first-time recipients in the following order: (1) siblings of students who are currently receiving a scholarship; and (2) low-income students; [viii] (7) not grant multiyear scholarships to participating students in one approval process; (8) carry forward no more than 40 percent of their revenue from donations from the state fiscal year in which they were received to the following state fiscal year; (9) cooperate with the Department to conduct criminal background checks on all of their employees and board members and exclude from employment or governance any individual(s) that might reasonably pose a risk to the appropriate use of contributed funds; [ix] (10) ensure that scholarships are portable during the school year and can be used at any qualifying school that accepts the eligible student according to a parent's wishes. If the student received a scholarship from a scholarship granting organization with a network of schools, the scholarship may only be used at a qualifying school within the scholarship granting organization's network of schools. If a student moves to a new qualifying school during a school year, the scholarship amount may be prorated. (11) publicly report to the Department by June 1 of each year the following information prepared by a certified public accountant regarding their grants in the previous calendar year: (a) the name and address of the scholarship granting organization; (b) the total number and total dollar amount of contributions received during the previous calendar year; and (c) the total number and total dollar amount of educational scholarships awarded during the previous calendar year, the total number and total dollar amount of educational scholarships awarded during the previous year to students qualifying for the federal free and reduced-price lunch program,[x] and the percentage of first-time recipients of educational scholarships who were enrolled in a public school during the previous year or who were entering school for the first time. (12) ensure scholarships are not provided for students to attend a school with paid staff or board members, or relatives thereof, in common with the scholarship granting organization. (B) Financial Accountability Standards.[xi] (1) All scholarship granting organizations shall demonstrate their financial accountability by: (a) annually submitting to the Department a financial information report for the organization that complies with uniform financial accounting standards established by the Department and conducted by a certified public accountant; and (b) If a scholarship granting organization provides equal to or more than $500,000 in scholarships to eligible students through this program, it shall [xii]: (2) provide to the Department of Revenue a report on the results of an annual financial audit of the organization or its relevant accounts and records pertaining to tax-credit eligible donations conducted by an independent certified public accountant in accordance with auditing standards generally accepted in the United States, government auditing standards, and rules promulgated by the Department of Revenue. The audit report must include a report on financial statements presented in accordance with generally accepted accounting principles. Audit reports must be provided to the Department of Revenue within 180 days after completion of the scholarship granting organization's fiscal year. The Department of Revenue shall review all audit reports submitted pursuant to this paragraph. The Department of Revenue shall request any significant items that were omitted in violation of a rule adopted by the Department of Revenue. The items must be provided within 45 days after the date of the request. (3) All participating private schools shall demonstrate financial viability, if they are to receive donations of $50,000 or more during the school year, by: (a) filing with the scholarship granting organization prior to the start of the school year a surety bond payable to the scholarship granting organization in an amount equal to the aggregate amount of contributions expected to be received during the school year; or (b) filing with the scholarship granting organization prior to the start of the school year financial information that demonstrates the financial viability of the qualifying school.</head>
        </div2>
        <div2 type="section" n="5">
          <head>Section 5. {Program Oversight of Qualifying Schools} (A) Each scholarship granting organization shall collect written verification from participating, private schools that accept its scholarship students that those schools: (1) comply with all health and safety laws or codes that apply to private schools; (2) hold a valid occupancy permit if required by their municipality; (3) certify that they comply with the nondiscrimination policies set forth in 42 USC 1981;[xiii] and (4) conduct criminal background checks on employees and then: (a) exclude from employment any people not permitted by state law to work in a private school; and (b) exclude from employment any people that might reasonably pose a threat to the safety of students.[xiv] (B) Academic Accountability Standards. There must be sufficient information about the academic impact scholarship tax credits have on participating students in order to allow parents and taxpayers to measure the achievements of the program, and therefore: (1) each scholarship granting organization shall ensure that qualifying schools that accept its scholarship shall: [xv] (a) annually administer either the state achievement tests or nationally norm-referenced tests that measure learning gains in math and language arts, and may provide for value-added assessment, to all participating students in grades that require testing under the state's accountability testing laws for public schools; (b) allow costs of the testing requirements to be covered by the scholarships distributed by the scholarship granting organizations; (c) provide the parents of each student who was tested with a copy of the results of the tests on an annual basis, beginning with the first year of testing; (d) provide the test results to the Department or an organization chosen by the state[xvi] on an annual basis, beginning with the first year of testing; (e) report student information that would allow state to aggregate data by grade level, gender, family income level, and race; (f) for secondary schools, provide rates of high school graduation for participating students to the Department or an organization chosen by the state in a manner consistent with nationally recognized standards; and (g) provide to the Department or an organization chosen by the state the results from an annual parental satisfaction survey, including information about the number of years that the parent's child has participated in the scholarship program. The annual satisfaction survey shall ask parents of scholarship students to express: (i) Their satisfaction with their child's academic achievement, including academic achievement at the school their child attended through the scholarship program versus academic achievement at the school previously attended, if applicable; (ii) Their satisfaction with school safety at the school their child attends, including school safety at the school their child attended through the scholarship program versus safety at the school previously attended, if applicable; (iii) Whether their child would have been able to attend their school of choice without the scholarship; and (iv) Their opinions on other topics, items, or issues that the department finds would elicit information about the effectiveness of the scholarship program.[xvii] (2) the Department or an organization chosen by the state shall: (a) ensure compliance with all student privacy laws; (b) collect all test results; and (c) provide the test results and associated learning gains to the public via a state Web site after the third year of test and test-related data collection.[xviii] The findings shall be aggregated by the students' grade level, gender, family income level, number of years of participation in the scholarship program, and race.[xix] (D) For students with special needs who are awarded a scholarship [under this program] participation in the program is a parental placement of their child under 20 USC 1412 (a) (10) of the Individuals with Disabilities Education Act (IDEA).</head>
        </div2>
        <div2 type="section" n="6">
          <head>Section 6. {Responsibilities of the Department of Revenue} (A) The Department shall adopt rules and procedures consistent with this act as necessary to implement the program. (B) The Department shall provide a standardized format for a receipt to be issued by a scholarship granting organization to a taxpayer to indicate the value of a contribution received. The Department shall require a taxpayer to provide a copy of this receipt when claiming the Scholarship Tax Credit. (C) The Department shall provide a standardized format for a scholarship granting organizations to report the information in Section 4(A)(10) above. (D) The Department shall have the authority to conduct either a financial review or audit of a scholarship granting organization if possessing evidence of fraud. (E) The Department may bar a scholarship granting organization from participating in the program if the Department establishes that the scholarship granting organization has intentionally and substantially failed to comply with the requirements in Section 4 or Section 5. (F) If the Department decides to bar a scholarship granting organization from the program, it shall notify affected scholarship students and their parents of this decision as quickly as possible. (G) The Department shall allow a taxpayer to divert a prorated amount of state income tax withholdings to a scholarship granting organization of the taxpayer's choice up to the maximum credit allowed by law, including carry-over credits. The Department shall have the authority to develop a procedure to facilitate this process.[xx]</head>
        </div2>
        <div2 type="section" n="7">
          <head>Section 7. {Responsibilities of Qualifying Schools} (A) All qualified schools shall be required to operate in [state]. (B) All qualifying schools shall comply with all state laws that apply to private schools regarding criminal background checks for employees and exclude from employment any people not permitted by state law to work in a private school.</head>
        </div2>
        <div2 type="section" n="8">
          <head>Section 8. {Effective Date} The Scholarship Tax Credit may be first claimed in the next calendar year. Endnotes These notes are intended to provide guidance to legislators on some of the key policy questions they will encounter in drafting and debating school choice tax credit legislation. In general, legislators and the public seek greater state regulation of programs directly funded by the government than of tax credit programs under the belief that tax credits are private funds kept by taxpayers rather than public funds expended by governments. However, insufficient accountability regulation can produce situations that undermine public and legislative support for the program. In recognition of this potential, we have chosen to recommend the establishment and state regulation of scholarship granting organizations rather than heavy government regulation of private contributions and private schools. [i] The definition for an eligible student is limited to those children in a household whose annual income does not exceed an amount equal to 2 times the income standard used to qualify for the federal free and reduced-price lunch program (FRL). The authors chose this standard for several reasons: 1) the FRL program is familiar to both schools and many parents; 2) the verification procedures are simple and familiar to school administrators; 3) the income guidelines are used for a number of existing state and federal programs; 4) the federal government annually adjusts the income guidelines; and 5) the income guidelines are adjusted for family size. The authors chose to use a multiple of this familiar income standard to recognize that many low- and middle-income families cannot afford the choice of a private school. Experience suggests that most parents' ability to choose a private school is quite limited until the household income approaches 2 times the FRL standard. Legislators may wish to use different multiples of this standard but should keep in mind the financial burden many middle-class families face in paying for private schools. [ii] The definition for an eligible student in this model legislation includes students presently enrolled in a private school. Drafted this way, the tax credit will necessarily reward many families who are already financing their child's education at a non-resident public school or a private school. For this reason some states with a scholarship tax credit program have chosen to place a cap on the total dollar amount eligible for the tax credit. If legislators decide to include a statewide tax credit cap in the legislation, the authors strongly recommend that language should be added to automatically allow the cap to increase by twenty-five (25) percent in any year after ninety (90) percent of the cap was reached in the previous year. Alternatively, legislators wishing to draft a bill with a more modest fiscal impact may want to limit eligibility to students who attended a public school in the last year; who are starting school in their state for the first time; or who were not enrolled in a public school in the previous year and are beginning entry point grade levels (for example, kindergarten and grades 1, 6 and 9). In this case, there may actually be a savings for state taxpayers since a scholarship covering private school costs in many cases will be less than the cost of state support provided to students attending a public school. [iii] This model legislation creates an additional class of eligible students who are from low-income families. Scholarship granting organizations are required to make sure that an appropriate proportion of their scholarship assistance reaches the poorest families in the state (see Section 4 (A)(6)). This ensures that assistance reaches the families who are least able to afford the school of their choice.[iv] This provision is intended to prevent taxpayers from "double-dipping" by claiming both a state tax credit and a state tax deduction. Some will point to the availability of federal tax incentives that donors could also receive for the same donation as a potential double benefit. However, this is true of all donation tax incentives at the state level. How the federal tax code treats these donations is a matter for federal policymakers. If legislators feel the need to act at the state level to address this federal problem, they could require that taxpayers may only claim a state tax credit for that portion of their contribution for which they do not intend to claim a federal tax deduction. However, policymakers should be aware that doing so might disadvantage the scholarship tax credit and make it non-uniform relative to other tax credits in the state. The authors encourage legislators to consult with a CPA certified in their state. [v] The bill allows an individual, married couple, or corporation to claim a tax credit up to 100 percent of their tax liability, as is the practice in most states with tax-credit scholarship laws. A few states limit the amount of credits taxpayers can claim up to a certain percentage of their tax liability, but such restrictions make it harder for scholarship organizations to raise funds. This conflicts with the goal of the law which is to maximize the amount of scholarships available for students to attend the schools of their family's choice. Depending on the state, additional corporate revenue streams from which a credit may be claimed for a contribution made to a scholarship granting organization may be listed in legislation. For example, states may have the following tax revenue streams from which to draw: insurance premium tax, alcohol beverage excise tax, direct pay sales and use tax, and oil and gas severance tax liability. [vi] The bill allows a taxpayer to carry forward any unused tax credits for up to three years. Individual incomes and corporate profits are often quite volatile. As a result, taxpayers may not have a liability against which to claim a credit in certain years. Yet the need for scholarship assistance by a student is likely to be relatively constant. Therefore, it is important to allow taxpayers to carry forward unused tax credits into other tax years to ensure that taxpayers have an incentive to continue to contribute to scholarship granting organizations even in years in which the taxpayer has no tax liability. The number does not have to be three years, but should match the existing state standard for tax deduction and carry forwards. [vii] The model legislation requires the establishment of scholarship granting organizations to protect scholarship recipients, frustrate attempts at fraud, and measure the impact of the program without heavy government regulation of private contributions and private schools. We prefer rigorous self-regulation by taxpayers and independent regulation of private school participation by SGO's in lieu of intrusive government regulation. [viii] The goal of this legislation is to provide every parent with the opportunity to send their child to the school that best meets their child's needs regardless of their family's income. The need for scholarship assistance is obviously greatest among low-income families. [ix] The purpose of the criminal background checks is to protect both the contributors and recipients of scholarship assistance from potential fraud or mismanagement of the funds. The legislation gives the scholarship granting organizations the responsibility to do background checks, which gives them the power to exclude potential risks from the organization and alleviates liability issues for their employment decisions. [x] Collecting information regarding how many scholarship students qualify for free and reduced-price lunch will give policymakers a sense of the students that are being served by scholarship tax credit programs. These income guidelines are broadly known and already used in private schools. [xi] The purpose of the financial information report and the demonstration of financial viability is to protect both the contributors and recipients of scholarship assistance from potential fraud or mismanagement of the funds. The model legislation provides for two methods for qualifying schools to demonstrate financial viability to ensure that scholarship funds are secure. The first method employs a market-based means of demonstrating viability. Companies that issue surety bonds have a financial interest in making sure that the schools can repay any funds that might be owed to the scholarship granting organization. They will therefore conduct the checks necessary to protect their financial interest as well as the financial interests of the contributors and recipients. Surety bonds can be expensive or invasive for some institutions so the legislation allows these schools to demonstrate by some other means that they have the financial wherewithal to fulfill their scholarship obligations. This might include things like personal guarantees, reserve accounts, or escrow accounts. The legislation does not call for an independent audit because this would be unnecessarily expensive and invasive for these private organizations. [xii] Alternatively, policy makers may want to follow the federal regulations for the national school lunch program and use a $750,000 threshold. Under the rules of the Office of Management and Budget (OMB) Circular A-133, certain organizations which receive $750,000 or more in federal financial assistance from a single program must complete a program-specific audit (unless the particular federal program's laws or regulations require a financial statement audit). [xiii] Under 42 USC 1981, private schools are already prohibited from discriminating with respect to race, color, and national origin. [xiv] This language is valuable in two cases: 1) a small number of states prohibit discriminating against felons in hiring even for sensitive positions in schools, and this language would give schools clear authority to dismiss or not hire individuals who pose a risk to student safety; and 2) some religious schools see rehabilitation as part of their mission. In this case, the schools could hire someone with a criminal background who they believe is no longer a threat to students, such as someone who committed nonviolent crimes or has decades-old violations followed by a clean record. This language would give schools the responsibility to do background checks, the power to exclude potential risks from the school, and the liability for their employment decisions. [xv] The authors believe that empowered parents are the best way to achieve academic accountability. Clear and consistent information about the academic performance of participating students will help empower parents and will also provide the public and policymakers with the information they need to evaluate the effectiveness of the program and qualifying schools. Therefore, all qualifying schools should be required to annually administer either the state achievement tests or nationally norm-referenced tests that demonstrate learning gains in math and language arts. Most private schools already administer such norm-referenced tests so this provision should not be seen as burdensome. It is important, however, to give schools the ability to choose between a state test and the nationally norm-referenced test. Many private schools would simply refuse to participate in the program if they were forced to administer the state tests, because it implies that they are no longer independent of the state. The reason many opponents to school choice promote state testing of private schools is, in fact, because they want to discourage school participation and quietly destroy the program. Qualifying schools should provide the parents of each student with a copy of the results and should provide the results to the state or an organization chosen by the state, as described in Endnote 17, in a manner that protects the identity and privacy of individual students. The purpose of this testing requirement should be to provide each parent with a measure of their student's progress and to allow the taxpayers to measure the achievements of the program. The number and scope of the tests should be carefully limited to ensure that there is sufficient information to demonstrate the achievements of the program without being so exhaustive or prescriptive as to end up dictating the curriculum at qualifyingschools. If legislators would like an extensive longitudinal study, refer to Endnote 20 and its suggested language to create such a review [xvi]. If legislators are concerned about the hostility the program would face from the existing state revenue department, they may choose to create a new small agency or contract with a private nonprofit organization to oversee the academic accountability responsibilities of the state. Allowing an organization chosen by the state to oversee this program allows for the flexibility to implement market-based models of academic accountability. In these cases, test results could be reported to a consumer organization, such as GreatSchools.net, where parents can assess qualifying schools' test results and compare schools to which they may send their children. [xvii] If legislators are concerned that parents of participating students may not feel comfortable honestly answering a survey administered by a SGO through which their child receives a scholarship, they can require that the Department or an organization chosen by the state administer the parental satisfaction survey instead. [xviii] The purpose of administering tests is to create transparency in participating students' academic progress and to demonstrate learning gains. These learning gains can only be demonstrated when the public has access to more than one school year. When this information is made public in the first year, the media and opponents often attack school choice programs, noting that participating students are not performing as well as their public school counterparts. This effect is natural because often the students who participate in choice programs are not doing well in public schools and are academically far behind their qualifying school counterparts, and it will take them a few years to catch up to grade level. It is important to note that there are multiple ways to achieve the goal of academic accountability in school choice programs. Policymakers must consider the goal of releasing the academic data in order to choose the most effective reporting process. For instance, if the goal is to see how the program is affecting participating students' learning gains, scores of participants statewide should be evaluated and released. If the goal is to evaluate qualifying school outputs as a tool to help parents choose the best school, scores should be released by qualifying school. You might also consider a sliding scale approach, where the more participating students a school enrolls, the greater its obligations for transparency and accountability. [xix] Legislators sincerely wishing to demonstrate the program's academic success to taxpayers could require a scientific evaluation of the program using the testing data established in Section 5(B). It is crucial that the legislature give the oversight responsibility for this study to a trusted objective nonpartisan source like a legislative service agency or a trusted research university department. We have provided model language for such an independent evaluation of the program in Section X below. The outlined research would evaluate not only whether students who participate in the program are better off but also, more importantly, whether the competition from private schools improves the performance of public schools. The outlined longitudinal study includes a comparison of students in the choice program with a similar cohort in the public schools for at least five years of their education. Unfortunately, a longitudinal study is likely to be quite expensive. Accordingly, the legislation allows the legislature (or a legislative service agency) to accept private grants to completely fund such a study. In some states, the legislature is not allowed to accept such grants, and another trusted agency would have to be selected. It will be tempting for legislators to further define the details of the study, but they should take care not to dictate the methodology or the results in order to maintain the credibility of the research.[xx] The legislation allows the Department to establish a mechanism that facilitates regular contributions from a taxpayer's income tax withholdings to a scholarship granting organization in anticipation of the taxpayer claiming a tax credit. This would likely encourage greater contributions to scholarship support organizations.</head>
        </div2>
        <div2 type="section" n="9">
          <head>Section 1232 g). Additional Note: It is fairly common for legislators to consider including severability clauses in new legislation. Legislators should make sure that if such clauses are included and exorcised, the remaining legislation produces a program that is workable and achieves the original intent of the bill.</head>
        </div2>
      </div1>
    </body>
  </text>
</TEI>
