<TEI xmlns="http://www.tei-c.org/ns/1.0">
  <teiHeader xmlns:ns0="https://www.w3.org/TR/xml/" ns0:lang="en" type="1">
    <fileDesc>
      <titleStmt>
        <title xmlns:ns2="https://www.w3.org/TR/xml-id/" ns2:id="ALEC-1999-02">The School Board Freedom To Contract Act</title>
        <author>ALEC</author>
      </titleStmt>
      <editionStmt>
        <edition>draft</edition>
      </editionStmt>
      <publicationStmt>
        <pubPlace></pubPlace>
        <idno>ALEC-1999-02</idno>
        <date>1999</date>
      </publicationStmt>
      <sourceDesc>
        <bibl>https://www.alec.org/model-policy/the-school-board-freedom-to-contract-act/</bibl>
      </sourceDesc>
    </fileDesc>
  </teiHeader>
  <text xmlns:ns1="https://www.w3.org/TR/xml/" ns1:lang="en">
    <front>
      <div1 type="abstract">
        <head></head>
      </div1>
    </front>
    <body>
      <div1>
        <opener>
          <salute>Model Policy</salute>
        </opener>
        <div2 type="section" n="0">
          <head>&lt;title='The School Board Freedom To Contract Act'&gt;
&lt;source='ALEC'&gt;
&lt;body&gt;The School Board Freedom to Contract Act
Summary
The School Board Freedom to Contract Act encourages the establishment of public/private partnerships between school boards and the private sector for outsourcing and delivery of ancillary services under the direction of school boards, when said services/programs can be executed more efficiently</head>
        </div2>
        <div2 type="section" n="1">
          <head>Section 1. {Short Title.} This Act shall be known as the School Board Freedom to Contract Act.</head>
        </div2>
        <div2 type="section" n="2">
          <head>Section 2. {Legislative Declarations.} This legislation finds and declares that: (A) Educators are spending an enormous amount of time and money on operating ancillary services in school districts. This distraction is taking valuable time and funds from the core competency of school districts which is &#8216;educating students.' Educators focusing more on the core competency of school districts and less on ancillary services would improve and enhance the academic performance of students. (B) Many of the functions currently under the direction of school districts should be considered for public/private partnerships to improve their operational efficiencies. (C) School boards shall have the freedom and be encouraged to contract for ancillary services. (D) Through partnering with the private sector and competitively bidding to perform ancillary functions, services may be performed more efficiently and cost effectively. (E) Cost savings derived from these public/private partnerships shall be used to improve the instructional and technological services for the benefit of the students' academic achievements. (F) School Boards, baring any extenuating circumstances, shall ensure that affected school district employees be given first-option-of-employment when entering into partnerships with the private sector.</head>
        </div2>
        <div2 type="section" n="3">
          <head>Section 3. {Definitions.} (A) "Ancillary Service" means those support services, not directly related to educating students, (i.e. cafeteria, custodial, facilities maintenance and management, transportation, and technology) necessary for the operation of the school with the private sector. (B) "Public/Private Partnerships" means an agreement between the school district and the private sector to perform ancillary services.</head>
        </div2>
        <div2 type="section" n="4">
          <head>Section 4. {Board Authorized to Contract for Certain Services.} (A) Notwithstanding other provisions of law, a school district may enter into a contract with a private person, firm, corporation, organization or association to provide ancillary services, in whole or in part. Direct instructional and administration is excluded.</head>
        </div2>
        <div2 type="section" n="5">
          <head>Section 5. {Severability Clause.}</head>
        </div2>
        <div2 type="section" n="6">
          <head>Section 6. {Repealer Clause.}</head>
        </div2>
        <div2 type="section" n="7">
          <head>Section 7. {Effective Date.} Approved by the ALEC Legislative Board of Directors December, 1999.</head>
        </div2>
      </div1>
    </body>
  </text>
</TEI>
